"last_name, first_name","player_id","team_name_alt","pitch_type","pitch_name","run_value_per_100","run_value","pitches","pitch_usage","pa","ba","slg","woba","whiff_percent","k_percent","put_away","est_ba","est_slg","est_woba","hard_hit_percent"
"Trout, Mike",545361,"LAA","FF","4-Seam Fastball",2.5,8,"315",45.5,"70","0.264","0.491","0.438",15,15.7,9.6,"0.318","0.716","0.498",52.4
"Pasquantino, Vinnie",686469,"KC","FF","4-Seam Fastball",-1.7,-3,"207",35.3,"65","0.218","0.382","0.305",8.6,21.5,22.6,"0.233","0.418","0.313",45.5
"Edwards, Xavier",669364,"MIA","FF","4-Seam Fastball",3.9,9,"218",37.8,"63","0.396","0.679","0.51",8.2,4.8,5.8,"0.342","0.566","0.436",40
"Hoerner, Nico",663538,"CHC","FF","4-Seam Fastball",-1,-2,"175",31,"62","0.176","0.353","0.296",4.8,3.2,5.7,"0.306","0.451","0.379",36
"Collins, Isaac",686555,"KC","FF","4-Seam Fastball",-0.8,-2,"207",47.9,"61","0.22","0.28","0.309",17.9,16.4,21.3,"0.264","0.378","0.342",36.6
"Murakami, Munetaka",808959,"CWS","FF","4-Seam Fastball",2.9,6,"196",29.7,"59","0.255","0.66","0.451",33.3,20.3,19,"0.276","0.658","0.454",57.1
"Marsee, Jakob",805300,"MIA","FF","4-Seam Fastball",-1.9,-4,"223",34.6,"58","0.16","0.26","0.252",15.6,20.7,17.6,"0.18","0.267","0.262",31.6
"Okamoto, Kazuma",672960,"TOR","FF","4-Seam Fastball",3.8,6,"154",24.9,"57","0.314","0.588","0.416",30.8,31.6,26.1,"0.276","0.614","0.409",66.7
"Simpson, Chandler",802415,"TB","FF","4-Seam Fastball",-3.1,-6,"186",39.2,"57","0.26","0.26","0.256",4.3,7,12.1,"0.262","0.305","0.271",16
"Reynolds, Bryan",668804,"PIT","FF","4-Seam Fastball",3.1,6,"202",31,"56","0.311","0.578","0.44",25.8,23.2,19.1,"0.283","0.568","0.427",50
"Busch, Michael",683737,"CHC","FF","4-Seam Fastball",-0.7,-1,"171",30.8,"56","0.192","0.308","0.265",15.9,19.6,26.8,"0.181","0.327","0.251",36.6
"De La Cruz, Elly",682829,"CIN","FF","4-Seam Fastball",2.1,4,"182",29.8,"55","0.245","0.633","0.413",17.9,21.8,24,"0.266","0.626","0.41",48.6
"Kwan, Steven",680757,"CLE","FF","4-Seam Fastball",0.1,0,"223",39.3,"54","0.227","0.318","0.323",4.1,7.4,8.2,"0.216","0.298","0.31",10
"Wetherholt, JJ",802139,"STL","FF","4-Seam Fastball",2.3,4,"193",30,"54","0.261","0.783","0.466",28,24.1,23.6,"0.284","0.755","0.471",54.5
"Grisham, Trent",663757,"NYY","FF","4-Seam Fastball",-1.3,-2,"199",37,"54","0.136","0.295","0.277",11,11.1,11.8,"0.257","0.515","0.394",55.3
"Garcia, Maikel",672580,"KC","FF","4-Seam Fastball",-0.9,-2,"184",33.2,"54","0.265","0.388","0.321",15.5,14.8,16.7,"0.304","0.459","0.362",48.8
"Aranda, Jonathan",666018,"TB","FF","4-Seam Fastball",-1.8,-4,"246",41.1,"54","0.156","0.289","0.261",29.8,27.8,21.1,"0.196","0.385","0.308",38.7
"Wood, James",695578,"WSH","FF","4-Seam Fastball",1.9,4,"205",29.4,"53","0.356","0.756","0.501",21.5,22.6,24.5,"0.362","0.725","0.496",60.6
"Friedl, TJ",670770,"CIN","FF","4-Seam Fastball",-1.4,-3,"196",39.2,"52","0.213","0.319","0.28",18.3,21.2,22.4,"0.185","0.267","0.244",30.6
"Raleigh, Cal",663728,"SEA","FF","4-Seam Fastball",-1.5,-3,"227",35,"51","0.116","0.279","0.248",37.6,39.2,22.2,"0.125","0.28","0.253",26.1
"Cruz, Oneil",665833,"PIT","FF","4-Seam Fastball",-2.1,-4,"195",31.3,"51","0.196","0.348","0.283",39.8,37.3,30.6,"0.236","0.413","0.32",66.7
"Olson, Matt",621566,"ATL","FF","4-Seam Fastball",3.7,7,"192",27,"51","0.325","0.825","0.509",25.3,21.6,17.7,"0.311","0.802","0.503",60
"Tucker, Kyle",663656,"LAD","FF","4-Seam Fastball",2.9,4,"153",27.2,"51","0.273","0.545","0.411",18.8,15.7,16.3,"0.299","0.572","0.412",50
"Riley, Austin",663586,"ATL","FF","4-Seam Fastball",1.1,2,"188",30.4,"50","0.279","0.535","0.394",35.6,22,16.4,"0.262","0.5","0.375",65.6
"Vargas, Miguel",678246,"CWS","FF","4-Seam Fastball",2.7,5,"194",31.8,"49","0.235","0.647","0.48",24.1,14.3,11.5,"0.223","0.501","0.44",37
"Schanuel, Nolan",694384,"LAA","FF","4-Seam Fastball",-0.1,0,"181",33.1,"49","0.267","0.489","0.351",11.4,18.4,19.1,"0.286","0.471","0.354",44.4
"Arraez, Luis",650333,"SF","FF","4-Seam Fastball",-0.5,-1,"189",35.5,"48","0.295","0.386","0.3",9.2,4.2,4.1,"0.305","0.38","0.302",13.3
"Montgomery, Colson",695657,"CWS","FF","4-Seam Fastball",-1.5,-3,"193",35.5,"48","0.167","0.238","0.242",34.1,31.3,28.8,"0.162","0.262","0.246",29.6
"Carter, Evan",694497,"TEX","FF","4-Seam Fastball",-1.2,-2,"163",32.9,"48","0.175","0.425","0.308",11.5,12.5,12.5,"0.268","0.526","0.382",44.4
"Turang, Brice",668930,"MIL","FF","4-Seam Fastball",0.5,1,"230",38.2,"48","0.212","0.455","0.396",15.2,22.9,18,"0.224","0.61","0.446",69.6
"O'Hearn, Ryan",656811,"PIT","FF","4-Seam Fastball",2.4,4,"180",31,"48","0.333","0.571","0.426",14.5,16.7,14.8,"0.29","0.526","0.39",52.9
"Bellinger, Cody",641355,"NYY","FF","4-Seam Fastball",1.1,2,"159",29.2,"48","0.3","0.45","0.385",14.3,12.5,15.4,"0.306","0.434","0.383",35.3
"Turner, Trea",607208,"PHI","FF","4-Seam Fastball",1.8,3,"154",26.4,"47","0.333","0.487","0.434",15.2,14.9,18.4,"0.263","0.419","0.361",59.4
"DeLauter, Chase",800050,"CLE","FF","4-Seam Fastball",1.9,3,"177",35,"47","0.333","0.641","0.445",21.2,14.9,21.2,"0.241","0.469","0.359",48.5
"Nimmo, Brandon",607043,"TEX","FF","4-Seam Fastball",2.2,4,"179",32.7,"46","0.385","0.615","0.455",26,15.2,15.9,"0.311","0.476","0.388",45.5
"Young, Cole",702284,"SEA","FF","4-Seam Fastball",0.2,0,"199",34.5,"46","0.25","0.4","0.334",24.5,19.6,17,"0.22","0.372","0.31",41.9
"Rumfield, TJ",681198,"COL","FF","4-Seam Fastball",1.2,2,"171",32.4,"46","0.357","0.619","0.45",8.8,15.2,14.6,"0.342","0.63","0.437",60
"Smith, Cam",701358,"HOU","FF","4-Seam Fastball",2.7,4,"146",24.7,"46","0.282","0.59","0.401",26.3,26.1,22.6,"0.258","0.572","0.387",57.1
"Ohtani, Shohei",660271,"LAD","FF","4-Seam Fastball",-1.3,-2,"196",32.7,"46","0.189","0.297","0.295",20.5,26.1,25,"0.225","0.438","0.373",51.9
"Herrera, Iván",671056,"STL","FF","4-Seam Fastball",1.8,3,"180",27.8,"46","0.333","0.5","0.434",15.3,6.5,6.7,"0.317","0.471","0.417",45.5
"Mullins, Cedric",656775,"TB","FF","4-Seam Fastball",-3.4,-6,"188",42.6,"46","0.119","0.19","0.183",22,17.4,15.4,"0.142","0.278","0.222",41.2
"Mitchell, Garrett",669003,"MIL","FF","4-Seam Fastball",-2.3,-4,"177",33.6,"46","0.139","0.222","0.263",40.2,43.5,29.4,"0.165","0.292","0.295",58.8
"Merrill, Jackson",701538,"SD","FF","4-Seam Fastball",-1,-2,"200",35.3,"46","0.256","0.395","0.309",30.4,30.4,20.6,"0.238","0.467","0.324",62.1
"Greene, Riley",682985,"DET","FF","4-Seam Fastball",0.1,0,"214",33.4,"45","0.222","0.361","0.34",28.4,31.1,18.4,"0.244","0.482","0.386",40.9
"Rocchio, Brayan",677587,"CLE","FF","4-Seam Fastball",3.3,5,"162",31.8,"45","0.368","0.658","0.473",12.4,6.7,6.5,"0.288","0.499","0.384",38.9
"Wilson, Jacob",805779,"ATH","SI","Sinker",0,0,"139",29.2,"45","0.349","0.465","0.359",6.6,2.2,5.9,"0.314","0.381","0.321",42.9
"Lee, Jung Hoo",808982,"SF","FF","4-Seam Fastball",3,5,"149",29.3,"45","0.375","0.575","0.441",10.3,15.6,20.6,"0.308","0.436","0.362",36.4
"Tovar, Ezequiel",678662,"COL","FF","4-Seam Fastball",-3.3,-7,"207",40.4,"45","0.116","0.163","0.147",34.7,44.4,26,"0.191","0.302","0.233",39.1
"Devers, Rafael",646240,"SF","FF","4-Seam Fastball",-1.2,-3,"219",37.8,"45","0.182","0.341","0.232",49.5,57.8,30.2,"0.163","0.353","0.229",61.1
"Stewart, Sal",701398,"CIN","SI","Sinker",-0.8,-1,"133",23.1,"45","0.237","0.5","0.37",24.7,8.9,17.4,"0.372","0.802","0.525",47.1
"Bregman, Alex",608324,"CHC","SI","Sinker",-0.1,0,"133",20.8,"44","0.282","0.333","0.328",5,4.5,7.4,"0.299","0.424","0.357",37.8
"Bauers, Jake",641343,"MIL","FF","4-Seam Fastball",3,4,"135",27.2,"44","0.425","0.675","0.493",6.3,15.9,16.3,"0.346","0.581","0.423",54.5
"Frelick, Sal",686217,"MIL","FF","4-Seam Fastball",-1.9,-4,"203",41.4,"44","0.167","0.194","0.242",12.3,15.9,14.3,"0.165","0.19","0.239",33.3
"Naylor, Josh",647304,"SEA","FF","4-Seam Fastball",0.5,1,"112",24.5,"44","0.282","0.513","0.364",6.3,11.4,17.2,"0.29","0.508","0.365",31.4
"Arraez, Luis",650333,"SF","SI","Sinker",0.3,0,"143",26.9,"44","0.333","0.381","0.367",3.8,4.5,6.3,"0.267","0.319","0.265",24.4
"Muncy, Max",571970,"LAD","FF","4-Seam Fastball",2.2,3,"157",29.1,"44","0.324","0.568","0.431",20.3,22.7,19.2,"0.282","0.531","0.401",66.7
"Arozarena, Randy",668227,"SEA","FF","4-Seam Fastball",0,0,"169",27.4,"44","0.265","0.529","0.401",27.7,20.5,17.3,"0.318","0.565","0.443",53.8
"Ramírez, José",608070,"CLE","FF","4-Seam Fastball",2.5,4,"178",27.8,"44","0.289","0.684","0.444",11,6.8,5.5,"0.342","0.714","0.479",51.4
"Buxton, Byron",621439,"MIN","FF","4-Seam Fastball",1.1,1,"123",23.4,"44","0.216","0.541","0.374",28.8,29.5,30.2,"0.189","0.494","0.349",62.5
"Ramírez, Agustín",682663,"MIA","SI","Sinker",-1.3,-2,"128",25.9,"44","0.231","0.308","0.308",17.2,13.6,27.3,"0.235","0.294","0.284",36.4
"Perdomo, Geraldo",672695,"AZ","FF","4-Seam Fastball",2,4,"195",36.6,"44","0.444","0.778","0.549",7.6,9.1,7.4,"0.348","0.522","0.425",36.4
"Swanson, Dansby",621020,"CHC","FF","4-Seam Fastball",1.2,2,"155",26.7,"43","0.265","0.5","0.39",26.5,25.6,22.9,"0.247","0.468","0.388",60.9
"Neto, Zach",687263,"LAA","FF","4-Seam Fastball",1.4,2,"165",24,"43","0.237","0.605","0.388",22,23.3,16.1,"0.197","0.582","0.366",42.9
"Acuña Jr., Ronald",660670,"ATL","FF","4-Seam Fastball",-2,-4,"172",28.7,"43","0.139","0.167","0.227",32.6,30.2,22.4,"0.175","0.333","0.293",34.8
"Walker, Christian",572233,"HOU","FF","4-Seam Fastball",1.7,3,"164",29.4,"43","0.273","0.515","0.423",23.1,16.3,15.2,"0.219","0.354","0.334",51.9
"Rodríguez, Julio",677594,"SEA","SI","Sinker",-0.2,0,"120",19.2,"43","0.3","0.375","0.366",9,7,12.5,"0.265","0.362","0.302",43.2
"Bogaerts, Xander",593428,"SD","SI","Sinker",-0.7,-1,"144",27.9,"43","0.22","0.366","0.335",14.1,4.7,9.1,"0.272","0.442","0.325",43.6
"Torres, Gleyber",650402,"DET","FF","4-Seam Fastball",0.8,1,"169",27.4,"43","0.212","0.333","0.348",22.1,20.9,15,"0.269","0.508","0.402",48
"Tatis Jr., Fernando",665487,"SD","SI","Sinker",1.5,2,"132",25.1,"43","0.361","0.472","0.407",17.8,7,16.7,"0.4","0.563","0.474",65.7
"Kurtz, Nick",701762,"ATH","FF","4-Seam Fastball",1.3,3,"212",30.4,"43","0.265","0.618","0.436",35.3,32.6,21.5,"0.302","0.72","0.485",70
"Horwitz, Spencer",687462,"PIT","FF","4-Seam Fastball",-0.7,-1,"158",35.7,"43","0.2","0.229","0.306",7.1,4.7,7.1,"0.205","0.25","0.291",18.2
"Chisholm Jr., Jazz",665862,"NYY","FF","4-Seam Fastball",-2.2,-4,"172",30.8,"43","0.194","0.306","0.294",22.7,23.3,20.8,"0.215","0.348","0.316",46.2
"Marsh, Brandon",669016,"PHI","FF","4-Seam Fastball",0.7,1,"142",34.4,"43","0.35","0.55","0.414",12,18.6,24.2,"0.312","0.57","0.38",57.6
"Perez, Salvador",521692,"KC","FF","4-Seam Fastball",-0.7,-1,"154",28.9,"42","0.244","0.415","0.292",22.5,28.6,19.7,"0.256","0.506","0.33",55.2
"Caballero, José",676609,"NYY","FF","4-Seam Fastball",-0.1,0,"164",33.1,"42","0.211","0.395","0.299",33,35.7,25,"0.166","0.278","0.237",43.5
"Meidroth, Chase",805367,"CWS","FF","4-Seam Fastball",-0.2,0,"199",31.9,"42","0.303","0.455","0.378",20.3,28.6,21.4,"0.284","0.45","0.397",54.5
"Ward, Taylor",621493,"BAL","FF","4-Seam Fastball",2.2,4,"190",27.8,"42","0.375","0.563","0.475",18.5,19,13.6,"0.375","0.647","0.497",54.2
"Lindor, Francisco",596019,"NYM","FF","4-Seam Fastball",-1.1,-2,"168",36.6,"42","0.2","0.371","0.319",18.2,11.9,10,"0.269","0.519","0.395",46.7
"Baldwin, Drake",686948,"ATL","FF","4-Seam Fastball",4.4,7,"154",24.3,"42","0.368","0.711","0.48",16,19,13.8,"0.376","0.784","0.508",66.7
"Happ, Ian",664023,"CHC","FF","4-Seam Fastball",1.8,4,"204",33.7,"42","0.314","0.629","0.446",27.3,35.7,24.2,"0.211","0.543","0.379",65
"Laureano, Ramón",657656,"SD","FF","4-Seam Fastball",0.2,0,"176",32.1,"42","0.206","0.412","0.343",26.9,33.3,24.6,"0.279","0.627","0.441",75
"Contreras, Willson",575929,"BOS","SI","Sinker",6.7,9,"127",21.9,"41","0.438","0.75","0.533",16.1,9.8,14.8,"0.381","0.689","0.519",41.4
"Rivas, Leo",660844,"SEA","FF","4-Seam Fastball",-2.2,-4,"165",35.6,"41","0.125","0.125","0.224",13.6,29.3,24,"0.15","0.274","0.277",23.8
"Benge, Carson",701807,"NYM","FF","4-Seam Fastball",-1.2,-2,"181",40.9,"41","0.222","0.25","0.291",20.2,19.5,14.3,"0.267","0.352","0.32",42.9
"Pages, Andy",681624,"LAD","FF","4-Seam Fastball",-1.1,-2,"197",33.3,"41","0.237","0.342","0.284",24.7,34.1,20.3,"0.203","0.346","0.268",58.3
"Alonso, Pete",624413,"BAL","FF","4-Seam Fastball",0.5,1,"150",24.5,"41","0.243","0.432","0.328",22.1,22,18.4,"0.275","0.612","0.403",57.1
"Schwarber, Kyle",656941,"PHI","FF","4-Seam Fastball",-0.7,-1,"145",22,"41","0.176","0.382","0.312",21.4,29.3,26.1,"0.151","0.24","0.258",50
"Machado, Manny",592518,"SD","FF","4-Seam Fastball",0.4,1,"191",34.5,"41","0.242","0.455","0.374",31.4,29.3,19.4,"0.235","0.422","0.36",61.9
"Adell, Jo",666176,"LAA","FF","4-Seam Fastball",1.7,3,"153",26.1,"41","0.316","0.553","0.378",22.1,22,13.6,"0.304","0.595","0.386",53.3
"Chapman, Matt",656305,"SF","SI","Sinker",0.2,0,"140",24.4,"41","0.314","0.429","0.389",25.9,17.1,30.4,"0.221","0.281","0.291",35.7
"Correa, Carlos",621043,"HOU","SI","Sinker",0.7,1,"137",23.5,"41","0.306","0.417","0.361",5.1,7.3,9.1,"0.367","0.544","0.429",45.5
"Baty, Brett",683146,"NYM","FF","4-Seam Fastball",0.2,0,"165",36.5,"41","0.289","0.447","0.372",21.7,26.8,21.2,"0.25","0.412","0.299",50
"McLain, Matt",680574,"CIN","FF","4-Seam Fastball",-1.6,-3,"182",32.3,"41","0.147","0.235","0.256",31.8,31.7,22.8,"0.209","0.373","0.325",28.6
"García, Adolis",666969,"PHI","FF","4-Seam Fastball",-0.7,-1,"184",32.1,"41","0.27","0.297","0.318",23.5,22,14.1,"0.29","0.426","0.345",53.6
"Bohm, Alec",664761,"PHI","FF","4-Seam Fastball",-3.1,-4,"137",28.1,"40","0.125","0.125","0.235",23.7,22.5,25,"0.138","0.201","0.245",37.5
"Jung, Josh",673962,"TEX","FF","4-Seam Fastball",2.5,3,"130",28.4,"40","0.294","0.529","0.425",16.4,20,18.2,"0.258","0.43","0.354",50
"Crow-Armstrong, Pete",691718,"CHC","FF","4-Seam Fastball",-2.9,-5,"154",29.1,"40","0.139","0.25","0.219",17,22.5,16.1,"0.195","0.435","0.308",51.9
"McGonigle, Kevin",805808,"DET","SI","Sinker",1.5,2,"106",17,"40","0.364","0.485","0.429",7.7,5,10,"0.325","0.533","0.424",35.5
"Cronenworth, Jake",630105,"SD","FF","4-Seam Fastball",-0.5,-1,"188",38.7,"40","0.242","0.364","0.339",9.8,7.5,4.6,"0.301","0.483","0.4",36.7
"Yastrzemski, Mike",573262,"ATL","FF","4-Seam Fastball",-0.9,-2,"170",38.8,"40","0.216","0.297","0.304",26.7,25,24.4,"0.244","0.332","0.283",40.7
"Durbin, Caleb",702332,"BOS","FF","4-Seam Fastball",-1.9,-2,"117",26.2,"40","0.156","0.25","0.279",9.8,17.5,22.6,"0.158","0.25","0.281",32
"Ozuna, Marcell",542303,"PIT","FF","4-Seam Fastball",-2.4,-4,"148",29,"40","0.189","0.324","0.255",19.1,20,17,"0.289","0.546","0.378",37.9
"Burger, Jake",669394,"TEX","FF","4-Seam Fastball",-3.2,-4,"135",26.9,"40","0.135","0.189","0.183",31.7,32.5,33.3,"0.194","0.294","0.246",62.5
"Witt Jr., Bobby",677951,"KC","FF","4-Seam Fastball",0.2,0,"193",32,"40","0.258","0.387","0.355",23.4,27.5,16.4,"0.292","0.513","0.418",71.4
"Burleson, Alec",676475,"STL","FF","4-Seam Fastball",1.4,2,"148",27.2,"40","0.306","0.556","0.399",22.9,27.5,25,"0.294","0.669","0.432",76
"Goodman, Hunter",696100,"COL","FF","4-Seam Fastball",-2.4,-4,"156",31.9,"40","0.111","0.278","0.221",27.7,37.5,26.3,"0.147","0.358","0.262",57.1
"Altuve, Jose",514888,"HOU","SI","Sinker",-1.5,-2,"131",25.7,"40","0.219","0.281","0.338",14.3,7.5,17.6,"0.301","0.378","0.375",51.7
"Walker, Jordan",691023,"STL","FF","4-Seam Fastball",1.2,1,"120",22.4,"40","0.289","0.526","0.348",18.2,27.5,22.9,"0.317","0.671","0.431",67.9
"Crawford, J.P.",641487,"SEA","FF","4-Seam Fastball",-0.3,-1,"180",35.9,"40","0.148","0.148","0.318",16.1,10,8.7,"0.231","0.353","0.396",17.4
"Nuñez, Nasim",683083,"WSH","FF","4-Seam Fastball",0.4,1,"197",40.7,"40","0.29","0.323","0.383",22.7,15,10.5,"0.254","0.305","0.339",19.2
"Bell, Josh",605137,"MIN","FF","4-Seam Fastball",0,0,"155",29.8,"40","0.258","0.419","0.383",21.1,10,12.1,"0.207","0.366","0.346",51.9
"Rodríguez, Julio",677594,"SEA","FF","4-Seam Fastball",1.5,3,"166",26.6,"40","0.273","0.424","0.37",30.7,32.5,19.4,"0.235","0.408","0.348",60
"Winn, Masyn",691026,"STL","FF","4-Seam Fastball",-0.6,-1,"187",35.4,"39","0.265","0.294","0.329",24.7,23.1,16.7,"0.261","0.313","0.308",32
"Acuña Jr., Ronald",660670,"ATL","SI","Sinker",-0.5,-1,"120",20,"39","0.286","0.343","0.326",10.6,2.6,5.6,"0.316","0.591","0.411",40
"Gorman, Nolan",669357,"STL","FF","4-Seam Fastball",2.5,5,"179",33.6,"39","0.364","0.758","0.488",20.9,17.9,13.7,"0.295","0.684","0.436",51.9
"Bichette, Bo",666182,"NYM","FF","4-Seam Fastball",-0.9,-2,"167",30.1,"39","0.184","0.342","0.236",15.3,25.6,19.6,"0.319","0.484","0.355",67.9
"McGonigle, Kevin",805808,"DET","FF","4-Seam Fastball",1.6,2,"155",24.9,"39","0.333","0.576","0.458",6.8,7.7,7.9,"0.355","0.711","0.488",43.3
"Marte, Ketel",606466,"AZ","FF","4-Seam Fastball",-0.7,-1,"168",33,"39","0.171","0.371","0.299",18.4,12.8,13.2,"0.256","0.511","0.36",50
"Martin, Austin",668885,"MIN","FF","4-Seam Fastball",4,5,"132",31.7,"39","0.433","0.6","0.531",3.9,10.3,12.1,"0.399","0.556","0.477",53.8
"Altuve, Jose",514888,"HOU","FF","4-Seam Fastball",2.1,2,"103",20.2,"39","0.294","0.471","0.376",22,25.6,29.4,"0.272","0.445","0.357",45.8
"Contreras, Willson",575929,"BOS","FF","4-Seam Fastball",-0.4,-1,"159",27.4,"39","0.2","0.333","0.355",31.5,20.5,16.7,"0.219","0.409","0.371",40.9
"Karros, Kyle",691720,"COL","FF","4-Seam Fastball",2.5,4,"168",32,"39","0.433","0.567","0.499",2.6,15.4,10.3,"0.382","0.568","0.474",62.5
"Clement, Ernie",676391,"TOR","FF","4-Seam Fastball",0.8,1,"119",26.9,"39","0.316","0.5","0.368",7.7,2.6,4.8,"0.25","0.332","0.262",32.4
"Abreu, Wilyer",677800,"BOS","FF","4-Seam Fastball",-0.1,0,"208",36.1,"39","0.235","0.441","0.34",23.9,30.8,21.4,"0.207","0.36","0.301",54.5
"Lile, Daylen",695734,"WSH","FF","4-Seam Fastball",0.4,1,"156",30.5,"39","0.265","0.441","0.353",29.3,28.2,25,"0.229","0.355","0.306",30.4
"Johnston, Troy",687859,"COL","FF","4-Seam Fastball",1.1,2,"160",38.1,"39","0.394","0.485","0.435",25.7,20.5,20,"0.325","0.468","0.396",48
"Hayes, Ke'Bryan",663647,"CIN","FF","4-Seam Fastball",-2.7,-3,"100",31.4,"38","0.125","0.156","0.245",9.1,5.3,6.9,"0.256","0.433","0.357",40
"Contreras, William",661388,"MIL","FF","4-Seam Fastball",-0.2,0,"140",27.2,"38","0.242","0.485","0.382",11.8,7.9,8.6,"0.286","0.536","0.395",63.3
"Young, Jacob",696285,"WSH","FF","4-Seam Fastball",-0.4,-1,"127",29.3,"38","0.2","0.286","0.274",19,23.7,26.5,"0.257","0.363","0.302",38.5
"Soderstrom, Tyler",691016,"ATH","FF","4-Seam Fastball",1.4,2,"129",26.1,"38","0.233","0.467","0.379",25.8,26.3,23.8,"0.214","0.347","0.336",55
"Bogaerts, Xander",593428,"SD","FF","4-Seam Fastball",3.1,4,"117",22.6,"38","0.303","0.606","0.425",16.1,15.8,16.2,"0.278","0.555","0.398",44.4
"Steer, Spencer",668715,"CIN","SI","Sinker",-3.2,-4,"137",29.5,"38","0.182","0.242","0.247",28.1,21.1,34.8,"0.231","0.401","0.321",34.6
"Varsho, Daulton",662139,"TOR","FF","4-Seam Fastball",-0.6,-1,"143",31.8,"38","0.257","0.486","0.345",21.5,26.3,27.8,"0.263","0.44","0.331",56
"Walker, Jordan",691023,"STL","SI","Sinker",1.7,2,"123",22.9,"38","0.281","0.406","0.386",22.6,18.4,38.9,"0.315","0.538","0.417",52
"Alonso, Pete",624413,"BAL","SI","Sinker",0.2,0,"143",23.4,"38","0.233","0.567","0.409",20.3,15.8,22.2,"0.29","0.582","0.438",70.8
"Story, Trevor",596115,"BOS","FF","4-Seam Fastball",-1.2,-2,"157",30.2,"37","0.25","0.333","0.266",32.2,43.2,28.6,"0.246","0.286","0.245",55
"Hamilton, David",666152,"MIL","FF","4-Seam Fastball",-2.1,-3,"137",33.4,"37","0.167","0.2","0.264",7.5,10.8,10,"0.223","0.398","0.347",46.2
"Adames, Willy",642715,"SF","SI","Sinker",-2.1,-3,"144",24.7,"37","0.265","0.382","0.314",17.1,13.5,20,"0.255","0.439","0.328",31
"Paredes, Isaac",670623,"HOU","FF","4-Seam Fastball",-0.1,0,"152",26.1,"37","0.226","0.387","0.332",12.5,18.9,13,"0.255","0.394","0.346",33.3
"Henderson, Gunnar",683002,"BAL","SI","Sinker",0,0,"120",18.5,"37","0.25","0.469","0.358",18.2,18.9,29.2,"0.303","0.465","0.38",48
"Caglianone, Jac",695506,"KC","FF","4-Seam Fastball",4.1,5,"114",26.8,"37","0.353","0.676","0.457",23.7,35.1,41.9,"0.307","0.604","0.41",61.9
"Wallner, Matt",670242,"MIN","FF","4-Seam Fastball",-2.6,-4,"168",34.6,"37","0.125","0.219","0.222",40,37.8,22.6,"0.158","0.237","0.241",27.8
"Semien, Marcus",543760,"NYM","FF","4-Seam Fastball",-1.2,-1,"124",24.8,"37","0.229","0.343","0.272",15.4,16.2,18.2,"0.202","0.345","0.257",37.9
"House, Brady",691781,"WSH","FF","4-Seam Fastball",-1.3,-2,"139",28.4,"37","0.171","0.371","0.277",50.6,54.1,42.6,"0.2","0.515","0.32",53.3
"Carroll, Corbin",682998,"AZ","FF","4-Seam Fastball",1.7,3,"181",33.9,"37","0.261","0.609","0.47",41.7,29.7,22,"0.23","0.496","0.437",46.2
"Hernández, Teoscar",606192,"LAD","FF","4-Seam Fastball",-0.7,-1,"147",29.2,"37","0.258","0.419","0.338",23.3,21.6,18.6,"0.316","0.535","0.4",50
"Keith, Colt",690993,"DET","FF","4-Seam Fastball",-0.2,0,"130",33.6,"37","0.353","0.412","0.392",8.5,16.2,31.6,"0.352","0.467","0.381",57.1
"Lee, Jung Hoo",808982,"SF","SI","Sinker",-2.7,-3,"122",24,"37","0.188","0.219","0.255",13.8,8.1,11.1,"0.295","0.36","0.332",33.3
"Smith, Will",669257,"LAD","FF","4-Seam Fastball",1.1,2,"154",31.2,"37","0.29","0.516","0.401",12.7,13.5,9.1,"0.311","0.7","0.468",61.5
"Jensen, Carter",695600,"KC","FF","4-Seam Fastball",0.8,2,"183",36.5,"36","0.179","0.536","0.363",38.8,27.8,17.9,"0.229","0.474","0.373",63.2
"Riley, Austin",663586,"ATL","SI","Sinker",1,1,"104",16.8,"36","0.313","0.5","0.413",12.1,13.9,20,"0.266","0.443","0.345",48.1
"Vargas, Ildemaro",545121,"AZ","FF","4-Seam Fastball",2.2,2,"105",29.7,"36","0.424","0.606","0.468",12,5.6,12.5,"0.403","0.58","0.446",32.3
"Rafaela, Ceddanne",678882,"BOS","FF","4-Seam Fastball",-1.3,-2,"129",28.5,"36","0.281","0.344","0.306",22.1,25,22.5,"0.257","0.386","0.324",52.2
"Neto, Zach",687263,"LAA","SL","Slider",1,1,"148",21.5,"36","0.273","0.424","0.333",43.2,41.7,32.6,"0.228","0.291","0.265",33.3
"Ramos, Heliot",671218,"SF","SI","Sinker",-1.1,-1,"128",23,"36","0.286","0.343","0.323",21.2,22.2,30.8,"0.268","0.341","0.275",51.9
"Moniak, Mickey",666160,"COL","FF","4-Seam Fastball",6.4,7,"111",27.8,"36","0.382","0.765","0.494",18.3,19.4,24.1,"0.266","0.553","0.364",40.7
"Lopez, Otto",672640,"MIA","SI","Sinker",2.7,3,"121",22.7,"36","0.424","0.576","0.47",3.8,8.3,18.8,"0.352","0.612","0.435",56.7
"Dubón, Mauricio",643289,"ATL","FF","4-Seam Fastball",-1.4,-2,"153",30.4,"36","0.242","0.364","0.297",14.5,16.7,15,"0.26","0.412","0.322",48.1
"Meidroth, Chase",805367,"CWS","SI","Sinker",-0.2,0,"152",24.4,"35","0.3","0.333","0.357",6,8.6,9.4,"0.285","0.326","0.318",32.1
"Herrera, Iván",671056,"STL","SI","Sinker",2.9,4,"143",22.1,"35","0.308","0.654","0.504",18.5,8.6,12,"0.264","0.471","0.411",52.2
"Laureano, Ramón",657656,"SD","SI","Sinker",0.1,0,"107",19.5,"35","0.355","0.516","0.374",14.3,8.6,16.7,"0.265","0.446","0.316",46.7
"Sheets, Gavin",657757,"SD","FF","4-Seam Fastball",-1.1,-2,"133",32.6,"35","0.182","0.424","0.277",13.3,14.3,10,"0.257","0.6","0.377",50
"Torkelson, Spencer",679529,"DET","FF","4-Seam Fastball",1.8,3,"156",25.9,"35","0.25","0.542","0.447",18,25.7,17.6,"0.293","0.797","0.53",73.3
"Durbin, Caleb",702332,"BOS","SI","Sinker",-4.1,-5,"119",26.7,"35","0.121","0.121","0.169",2.1,2.9,7.1,"0.265","0.312","0.277",34.4
"Giménez, Andrés",665926,"TOR","FF","4-Seam Fastball",0.3,0,"137",31.9,"35","0.242","0.515","0.339",23.8,20,17.9,"0.197","0.34","0.257",38.5
"Walker, Christian",572233,"HOU","SI","Sinker",3.6,4,"101",18.1,"35","0.333","0.467","0.449",13.5,8.6,13.6,"0.343","0.573","0.435",59.3
"Guerrero Jr., Vladimir",665489,"TOR","SI","Sinker",0.2,0,"119",22.1,"35","0.424","0.455","0.41",7.5,0,0,"0.328","0.389","0.336",42.4
"Moncada, Yoán",660162,"LAA","FF","4-Seam Fastball",-1,-2,"158",34.3,"35","0.148","0.222","0.283",24.6,34.3,23.1,"0.123","0.171","0.257",26.7
"Albies, Ozzie",645277,"ATL","FF","4-Seam Fastball",3,4,"131",24.3,"35","0.379","0.793","0.509",23.2,14.3,13.9,"0.344","0.709","0.471",48
"Garcia, Maikel",672580,"KC","SI","Sinker",-2.1,-3,"135",24.4,"35","0.226","0.387","0.291",8.2,14.3,16.1,"0.286","0.391","0.356",51.9
"Smith, Cam",701358,"HOU","SI","Sinker",-2,-2,"120",20.3,"35","0.25","0.286","0.33",13.2,8.6,9.7,"0.311","0.386","0.382",44
"Alvarez, Yordan",670541,"HOU","FF","4-Seam Fastball",4,6,"159",26.4,"35","0.393","0.857","0.557",20,14.3,12.5,"0.354","0.937","0.569",56.5
"Correa, Carlos",621043,"HOU","FF","4-Seam Fastball",-0.1,0,"152",26.1,"35","0.241","0.379","0.341",16.9,22.9,15.1,"0.204","0.345","0.315",38.1
"Langeliers, Shea",669127,"ATH","FF","4-Seam Fastball",2.6,4,"152",28,"35","0.29","0.71","0.473",19.5,31.4,23.4,"0.296","0.696","0.445",45
"Sánchez, Jesús",660821,"TOR","FF","4-Seam Fastball",0.1,0,"156",35.9,"35","0.281","0.438","0.303",26.4,25.7,18.4,"0.297","0.465","0.326",44
"Nimmo, Brandon",607043,"TEX","SI","Sinker",0.2,0,"117",21.4,"34","0.31","0.379","0.388",13.1,17.6,20.7,"0.302","0.462","0.381",52.2
"Freeman, Freddie",518692,"LAD","FF","4-Seam Fastball",0.8,1,"142",26.2,"34","0.3","0.533","0.396",23.8,20.6,20.6,"0.269","0.513","0.376",47.8
"Castro, Willi",650489,"COL","FF","4-Seam Fastball",-0.4,-1,"163",40,"34","0.313","0.375","0.326",29.2,29.4,20.4,"0.248","0.35","0.285",50
"Wells, Austin",669224,"NYY","FF","4-Seam Fastball",2.7,4,"132",31.9,"34","0.269","0.654","0.437",15.6,11.8,10,"0.22","0.494","0.375",52.2
"Williamson, Ben",810938,"TB","FF","4-Seam Fastball",-2.2,-3,"135",33.7,"34","0.172","0.241","0.256",7,17.6,15.8,"0.23","0.332","0.308",39.1
"Harper, Bryce",547180,"PHI","FF","4-Seam Fastball",2.2,3,"119",21.7,"34","0.276","0.69","0.444",15.2,26.5,17.3,"0.283","0.708","0.455",45
"Turner, Trea",607208,"PHI","SI","Sinker",-1.7,-2,"116",19.9,"34","0.219","0.438","0.301",11.1,5.9,9.5,"0.256","0.42","0.312",46.7
"Hicks, Liam",689414,"MIA","FF","4-Seam Fastball",-4.4,-5,"103",23.6,"34","0.172","0.31","0.244",7,5.9,9.5,"0.316","0.503","0.394",44.8
"Bichette, Bo",666182,"NYM","SI","Sinker",-1.4,-2,"124",22.4,"34","0.324","0.353","0.301",3.5,8.8,9.7,"0.284","0.346","0.276",54.8
"McNeil, Jeff",643446,"ATH","FF","4-Seam Fastball",1.6,2,"141",32.2,"34","0.37","0.481","0.44",18.6,11.8,10.5,"0.377","0.46","0.433",43.5
"Baldwin, Drake",686948,"ATL","SI","Sinker",1.6,2,"142",22.4,"34","0.321","0.571","0.463",16.4,0,0,"0.379","0.684","0.496",57.1
"Seager, Corey",608369,"TEX","FF","4-Seam Fastball",-0.1,0,"133",24.3,"34","0.148","0.37","0.294",37.3,32.4,25,"0.142","0.415","0.312",41.2
"Quero, Edgar",700337,"CWS","FF","4-Seam Fastball",-4.1,-6,"134",40.1,"34","0.107","0.143","0.183",39.5,35.3,36.4,"0.142","0.205","0.218",27.8
"Isbel, Kyle",664728,"KC","FF","4-Seam Fastball",0.2,0,"151",43.3,"34","0.357","0.607","0.448",14.7,23.5,22.9,"0.242","0.405","0.328",22.7
"Lee, Brooks",686797,"MIN","FF","4-Seam Fastball",1.9,2,"108",22.8,"34","0.344","0.625","0.429",14.5,20.6,21.2,"0.261","0.404","0.311",36
"Smith, Josh",669701,"TEX","FF","4-Seam Fastball",-2.5,-3,"126",30.1,"34","0.207","0.207","0.241",14.1,8.8,7.7,"0.238","0.351","0.308",40.7
"Caratini, Victor",605170,"MIN","FF","4-Seam Fastball",-2.4,-3,"106",29,"34","0.194","0.194","0.274",19.3,20.6,28,"0.242","0.294","0.274",33.3
"Duran, Jarren",680776,"BOS","FF","4-Seam Fastball",-0.8,-1,"148",32.2,"34","0.226","0.452","0.322",30.9,20.6,18.9,"0.248","0.497","0.348",41.7
"Caminero, Junior",691406,"TB","SI","Sinker",0.3,0,"106",18.4,"34","0.286","0.5","0.4",15.8,17.6,28.6,"0.228","0.364","0.332",40.9
"Marsee, Jakob",805300,"MIA","SI","Sinker",-3.5,-4,"118",18.3,"33","0.179","0.179","0.242",15,27.3,34.6,"0.204","0.307","0.291",36.8
"Alvarez, Yordan",670541,"HOU","SI","Sinker",0.8,1,"117",19.4,"33","0.296","0.444","0.389",14,12.1,15.4,"0.324","0.549","0.431",60.9
"McCarthy, Jake",664983,"COL","FF","4-Seam Fastball",-1.8,-2,"97",38,"33","0.174","0.304","0.305",22.6,12.1,21.1,"0.231","0.265","0.31",17.4
"Ozuna, Marcell",542303,"PIT","SI","Sinker",-1.8,-2,"103",20.2,"33","0.267","0.4","0.347",11.8,12.1,23.5,"0.274","0.404","0.331",30.8
"Stott, Bryson",681082,"PHI","FF","4-Seam Fastball",-3.2,-5,"157",36,"33","0.143","0.143","0.2",20,27.3,25.7,"0.193","0.284","0.267",50
"Adames, Willy",642715,"SF","FF","4-Seam Fastball",-3.9,-5,"142",24.4,"33","0.1","0.133","0.156",24.2,24.2,16.3,"0.176","0.247","0.229",36.4
"Stewart, Sal",701398,"CIN","FF","4-Seam Fastball",6.8,8,"122",21.2,"33","0.346","0.846","0.592",29.4,27.3,15.8,"0.271","0.55","0.421",64.7
"Bregman, Alex",608324,"CHC","FF","4-Seam Fastball",0.9,1,"147",23,"33","0.31","0.448","0.374",9.1,6.1,6.1,"0.308","0.489","0.384",59.3
"Pages, Andy",681624,"LAD","SI","Sinker",0.2,0,"116",19.6,"33","0.333","0.467","0.359",12.7,9.1,14.3,"0.379","0.508","0.399",64.3
"Torres, Gleyber",650402,"DET","SI","Sinker",0.4,0,"131",21.3,"33","0.269","0.423","0.383",9.3,6.1,6.9,"0.21","0.25","0.307",20.8
"Happ, Ian",664023,"CHC","CH","Changeup",-2.3,-3,"122",20.1,"33","0.1","0.167","0.221",39.6,24.2,22.9,"0.186","0.264","0.241",22.7
"Keaschall, Luke",807712,"MIN","FF","4-Seam Fastball",1.8,2,"124",22.1,"33","0.276","0.552","0.395",7.8,24.2,23.5,"0.204","0.337","0.271",27.3
"Larnach, Trevor",663616,"MIN","FF","4-Seam Fastball",2,2,"103",26.6,"33","0.357","0.571","0.444",6.8,6.1,8.7,"0.306","0.513","0.403",46.2
"Basallo, Samuel",694212,"BAL","FF","4-Seam Fastball",-0.6,-1,"102",27.7,"32","0.29","0.484","0.344",22.8,12.5,16,"0.304","0.571","0.378",55.6
"Lopez, Otto",672640,"MIA","FF","4-Seam Fastball",0.3,0,"134",25.1,"32","0.269","0.462","0.363",10.7,9.4,10.3,"0.343","0.577","0.43",54.2
"House, Brady",691781,"WSH","SI","Sinker",-1.6,-2,"121",24.7,"32","0.222","0.259","0.317",19,15.6,18.5,"0.308","0.361","0.356",50
"Raley, Luke",670042,"SEA","FF","4-Seam Fastball",1.7,2,"111",29.2,"32","0.296","0.667","0.447",47.5,31.3,29.4,"0.304","0.735","0.476",64.7
"Young, Cole",702284,"SEA","SI","Sinker",0.3,0,"106",18.4,"32","0.4","0.467","0.403",18.2,6.3,11.8,"0.401","0.508","0.416",46.4
"Anthony, Roman",701350,"BOS","FF","4-Seam Fastball",0.5,1,"166",30.4,"32","0.321","0.429","0.373",14.1,12.5,9.8,"0.33","0.628","0.442",58.3
"Díaz, Yandy",650490,"TB","FF","4-Seam Fastball",1.2,1,"123",24.8,"32","0.3","0.6","0.4",14.3,18.8,12.2,"0.322","0.603","0.411",62.5
"García Jr., Luis",671277,"WSH","FF","4-Seam Fastball",0.2,0,"107",27.3,"32","0.233","0.4","0.335",22.2,18.8,19.4,"0.267","0.483","0.343",50
"Young, Jacob",696285,"WSH","SI","Sinker",-0.1,0,"111",25.6,"32","0.29","0.355","0.325",8.2,9.4,12,"0.317","0.392","0.319",28.6
"Abrams, CJ",682928,"WSH","FF","4-Seam Fastball",4.1,6,"152",28.5,"32","0.435","0.739","0.536",22.7,12.5,9.5,"0.394","0.734","0.519",30
"Adell, Jo",666176,"LAA","SI","Sinker",-2.5,-3,"110",18.8,"32","0.207","0.207","0.234",13.2,9.4,16.7,"0.297","0.344","0.321",42.3
"Contreras, William",661388,"MIL","SI","Sinker",-0.1,0,"107",20.8,"32","0.321","0.393","0.363",8.3,0,0,"0.351","0.442","0.39",39.3
"Arenado, Nolan",571448,"AZ","FF","4-Seam Fastball",2.8,4,"127",27.4,"32","0.355","0.677","0.445",14.8,12.5,12.5,"0.349","0.632","0.425",44.4
"Bohm, Alec",664761,"PHI","SI","Sinker",-4.8,-5,"108",22.1,"32","0.069","0.103","0.139",9.1,12.5,21.1,"0.207","0.277","0.255",53.8
"Burleson, Alec",676475,"STL","CH","Changeup",-0.3,0,"86",15.8,"31","0.276","0.345","0.306",15.1,6.5,7.7,"0.227","0.284","0.237",17.9
"Merrill, Jackson",701538,"SD","CH","Changeup",0.2,0,"95",16.8,"31","0.179","0.357","0.287",31,19.4,28.6,"0.232","0.44","0.312",34.8
"Beavers, Dylan",687637,"BAL","FF","4-Seam Fastball",-0.2,0,"125",31.1,"31","0.214","0.429","0.319",16.9,22.6,20,"0.275","0.588","0.373",50
"Martínez, Angel",682657,"CLE","FF","4-Seam Fastball",0.2,0,"126",28,"31","0.2","0.52","0.352",14.5,19.4,12,"0.237","0.5","0.366",60
"Hernández, Teoscar",606192,"LAD","SI","Sinker",0.2,0,"111",22.1,"31","0.333","0.333","0.363",18.4,16.1,25,"0.319","0.452","0.38",45.5
"Ramírez, José",608070,"CLE","CH","Changeup",2.6,3,"111",17.3,"31","0.179","0.429","0.324",22.9,22.6,20,"0.263","0.481","0.352",57.1
"Matthews, Brice",694728,"HOU","FF","4-Seam Fastball",1.4,2,"127",35.6,"31","0.28","0.6","0.423",35,35.5,23.9,"0.262","0.492","0.382",40
"Norby, Connor",681393,"MIA","SI","Sinker",1.1,1,"99",20.8,"31","0.346","0.538","0.41",12.5,3.2,4.3,"0.349","0.503","0.398",30.8
"Rengifo, Luis",650859,"MIL","FF","4-Seam Fastball",0.5,1,"123",29.5,"31","0.346","0.423","0.397",9.8,6.5,6.3,"0.265","0.351","0.337",45.8
"Church, Nathan",701675,"STL","FF","4-Seam Fastball",-3,-4,"142",38,"31","0.179","0.214","0.224",24.4,35.5,26.2,"0.201","0.36","0.282",41.2
"Kelly, Carson",608348,"CHC","FF","4-Seam Fastball",0.7,1,"119",31.2,"31","0.333","0.333","0.352",10.9,16.1,14.7,"0.279","0.45","0.36",45.5
"Schmitt, Casey",669477,"SF","FF","4-Seam Fastball",0.6,1,"108",25.7,"31","0.355","0.581","0.402",11.7,9.7,10,"0.311","0.612","0.391",53.6
"Suzuki, Seiya",673548,"CHC","FF","4-Seam Fastball",3,3,"107",27.9,"31","0.385","0.692","0.474",18,22.6,17.5,"0.245","0.431","0.332",55
"Soderstrom, Tyler",691016,"ATH","SI","Sinker",-4.2,-4,"90",18.2,"31","0.172","0.207","0.202",6.1,12.9,36.4,"0.26","0.449","0.327",48
"Crawford, Justin",702222,"PHI","FF","4-Seam Fastball",-0.4,-1,"176",44.6,"31","0.321","0.429","0.363",19.3,22.6,14.6,"0.231","0.328","0.285",42.9
"Chapman, Matt",656305,"SF","FF","4-Seam Fastball",-1.2,-2,"138",24.1,"31","0.269","0.269","0.316",22.6,29,20,"0.231","0.275","0.299",35.3
"Butler, Lawrence",671732,"ATH","FF","4-Seam Fastball",-0.9,-1,"145",31.9,"31","0.222","0.37","0.34",30.7,32.3,18.5,"0.242","0.346","0.312",58.8
"Keaschall, Luke",807712,"MIN","SI","Sinker",-2.9,-3,"115",20.5,"30","0.2","0.2","0.243",10.9,10,10.7,"0.245","0.327","0.306",30.4
"Ward, Taylor",621493,"BAL","SI","Sinker",0.8,1,"137",20.1,"30","0.375","0.5","0.445",7.7,13.3,14.8,"0.29","0.367","0.366",35
"Soler, Jorge",624585,"LAA","FF","4-Seam Fastball",1.6,2,"128",22.1,"30","0.208","0.583","0.4",29.3,30,20.5,"0.181","0.435","0.346",66.7
"Díaz, Yandy",650490,"TB","SI","Sinker",2.5,3,"117",23.6,"30","0.455","0.5","0.498",12.2,6.7,10.5,"0.327","0.374","0.413",50
"Stephenson, Tyler",663886,"CIN","FF","4-Seam Fastball",-1.9,-2,"122",31.2,"30","0.2","0.28","0.276",30,30,25.7,"0.258","0.567","0.399",58.8
"Taveras, Leody",665750,"BAL","FF","4-Seam Fastball",-1.7,-2,"126",35.9,"30","0.087","0.087","0.223",25,16.7,13.5,"0.15","0.214","0.284",38.9
"Rutschman, Adley",668939,"BAL","FF","4-Seam Fastball",-1,-1,"83",26.2,"30","0.222","0.481","0.335",5,16.7,18.5,"0.203","0.375","0.29",45.5
"Henderson, Gunnar",683002,"BAL","FF","4-Seam Fastball",-0.2,0,"142",21.9,"30","0.185","0.407","0.292",10.9,23.3,20.6,"0.236","0.421","0.321",65
"Vargas, Miguel",678246,"CWS","SI","Sinker",-1,-1,"120",19.7,"30","0.172","0.414","0.258",6.9,13.3,15.4,"0.291","0.551","0.367",60
"Jung, Josh",673962,"TEX","SI","Sinker",-3.8,-4,"101",22.1,"30","0.192","0.231","0.232",4.3,6.7,10.5,"0.293","0.349","0.324",32
"Tatis Jr., Fernando",665487,"SD","FF","4-Seam Fastball",-2.6,-3,"122",23.2,"30","0.185","0.185","0.22",30.9,40,30,"0.225","0.36","0.295",73.3
"Doyle, Brenton",686668,"COL","FF","4-Seam Fastball",-2.1,-3,"132",37.3,"30","0.13","0.13","0.239",18.3,26.7,19,"0.213","0.273","0.333",46.7
"Lowe, Brandon",664040,"PIT","FF","4-Seam Fastball",4.9,8,"158",27.9,"30","0.292","0.875","0.52",41,33.3,18.2,"0.25","0.813","0.488",64.3
"Wilson, Jacob",805779,"ATH","FF","4-Seam Fastball",-2,-3,"127",26.7,"30","0.222","0.259","0.238",20,23.3,18.4,"0.202","0.262","0.229",23.8
"Devers, Rafael",646240,"SF","SI","Sinker",0.1,0,"125",21.6,"29","0.37","0.481","0.395",14.7,13.8,16,"0.293","0.408","0.33",47.8
"Olson, Matt",621566,"ATL","SI","Sinker",1.6,2,"128",18,"29","0.346","0.654","0.428",22.4,17.2,13.9,"0.258","0.5","0.361",45.5
"Rice, Ben",700250,"NYY","FF","4-Seam Fastball",8.8,9,"106",19.3,"29","0.4","1.24","0.678",22.9,20.7,23.1,"0.371","1.102","0.598",75
"Kurtz, Nick",701762,"ATH","SL","Slider",0.9,1,"111",15.9,"29","0.182","0.364","0.343",45.9,37.9,28.2,"0.206","0.42","0.367",63.6
"Julien, Edouard",666397,"COL","FF","4-Seam Fastball",0.2,0,"137",32,"29","0.32","0.32","0.345",13,17.2,17.2,"0.324","0.466","0.391",50
"Gonzales, Nick",693304,"PIT","SI","Sinker",-1.2,-1,"103",21.9,"29","0.346","0.385","0.364",13.6,17.2,27.8,"0.259","0.303","0.293",52.4
"Gonzales, Nick",693304,"PIT","FF","4-Seam Fastball",-0.8,-1,"119",25.3,"29","0.296","0.296","0.297",18.8,20.7,16.2,"0.362","0.466","0.383",52.4
"Manzardo, Kyle",700932,"CLE","FF","4-Seam Fastball",-0.7,-1,"155",34.8,"29","0.25","0.25","0.307",28.8,27.6,19,"0.228","0.3","0.311",31.3
"Semien, Marcus",543760,"NYM","SL","Slider",-5.3,-5,"103",20.6,"29","0.036","0.036","0.089",28.3,24.1,25.9,"0.198","0.266","0.218",23.8
"Hoskins, Rhys",656555,"CLE","FF","4-Seam Fastball",-1.3,-2,"121",28.1,"29","0.13","0.13","0.238",29.8,37.9,22.9,"0.174","0.205","0.277",50
"Kurtz, Nick",701762,"ATH","SI","Sinker",-0.5,-1,"107",15.4,"29","0.304","0.304","0.362",30,31,32.1,"0.217","0.247","0.305",35.7
"Suárez, Eugenio",553993,"CIN","FF","4-Seam Fastball",0.5,1,"118",29.8,"29","0.269","0.423","0.34",31.4,34.5,21.3,"0.182","0.419","0.297",18.8
"Peters, Tristan",671976,"CWS","FF","4-Seam Fastball",-1.8,-2,"113",35.6,"29","0.25","0.292","0.291",36.7,24.1,25,"0.206","0.362","0.292",31.6
"Busch, Michael",683737,"CHC","SI","Sinker",1.3,1,"103",18.6,"29","0.273","0.5","0.448",22.9,10.3,17.6,"0.296","0.508","0.429",36.8
"Seager, Corey",608369,"TEX","SI","Sinker",-2.3,-3,"114",20.8,"29","0.208","0.25","0.264",22.6,13.8,13.8,"0.324","0.432","0.367",66.7
"Sánchez, Gary",596142,"MIL","FF","4-Seam Fastball",5.9,6,"106",26.8,"29","0.391","0.87","0.562",14.6,10.3,10,"0.341","0.812","0.529",45
"Lowe, Josh",666139,"LAA","FF","4-Seam Fastball",0.2,0,"142",34.1,"29","0.231","0.462","0.334",26.9,41.4,21.1,"0.187","0.409","0.298",50
"Soler, Jorge",624585,"LAA","SL","Slider",2.3,3,"109",18.8,"29","0.296","0.593","0.428",38.2,34.5,23.8,"0.247","0.442","0.322",29.4
"Ramírez, Agustín",682663,"MIA","FF","4-Seam Fastball",-3.4,-4,"117",23.7,"29","0.08","0.12","0.171",24.6,37.9,22,"0.144","0.211","0.228",42.9
"Yoshida, Masataka",807799,"BOS","FF","4-Seam Fastball",2.1,2,"87",35.8,"29","0.391","0.435","0.436",0,3.4,6.3,"0.221","0.272","0.315",50
"Gorman, Nolan",669357,"STL","CH","Changeup",-4,-5,"112",21,"29","0.111","0.111","0.117",45.9,27.6,18.6,"0.156","0.198","0.176",25
"Marte, Ketel",606466,"AZ","CH","Changeup",-1.3,-1,"86",16.9,"29","0.25","0.286","0.253",32.7,24.1,25.9,"0.307","0.387","0.317",42.9
"Walls, Taylor",670764,"TB","FF","4-Seam Fastball",-0.2,0,"127",38.1,"29","0.261","0.348","0.343",9.3,13.8,12.5,"0.189","0.268","0.287",25
"Barrosa, Jorge",678489,"AZ","FF","4-Seam Fastball",-2.7,-3,"110",34.2,"29","0.143","0.321","0.209",17.6,17.2,16.7,"0.181","0.211","0.19",8.7
"Jansen, Danny",643376,"TEX","FF","4-Seam Fastball",0,0,"115",33.9,"29","0.217","0.435","0.362",28.8,27.6,17.4,"0.185","0.347","0.322",33.3
"Caissie, Owen",683357,"MIA","FF","4-Seam Fastball",-1.2,-2,"130",30.1,"28","0.2","0.36","0.263",25,39.3,26.2,"0.207","0.416","0.286",46.7
"Muncy, Max",691777,"ATH","FF","4-Seam Fastball",1.5,1,"98",24.3,"28","0.333","0.583","0.434",28.3,35.7,28.6,"0.3","0.555","0.41",78.6
"Naylor, Bo",666310,"CLE","FF","4-Seam Fastball",-8.2,-7,"84",24,"28","0.037","0.037","0.057",10.9,21.4,20.7,"0.254","0.538","0.347",47.6
"McLain, Matt",680574,"CIN","SL","Slider",-1.9,-2,"99",17.6,"28","0.16","0.24","0.237",32.4,32.1,32.1,"0.196","0.28","0.259",25
"Bichette, Bo",666182,"NYM","SL","Slider",-1.3,-1,"87",15.7,"28","0.269","0.423","0.3",21.6,17.9,19.2,"0.294","0.459","0.339",45.5
"Jeffers, Ryan",680777,"MIN","FF","4-Seam Fastball",-1.8,-2,"122",26.9,"28","0.208","0.417","0.3",12.5,17.9,14.3,"0.209","0.398","0.34",40
"O'Hearn, Ryan",656811,"PIT","SI","Sinker",3.5,4,"106",18.3,"28","0.48","0.72","0.57",12.5,7.1,13.3,"0.391","0.674","0.479",56.5
"Vientos, Mark",668901,"NYM","FF","4-Seam Fastball",-2,-2,"92",25.4,"28","0.208","0.208","0.236",27.8,21.4,17.1,"0.272","0.477","0.347",42.1
"Simpson, Chandler",802415,"TB","SI","Sinker",2,1,"73",15.4,"28","0.444","0.481","0.423",8.3,7.1,14.3,"0.279","0.31","0.276",20
"Fraley, Jake",641584,"TB","FF","4-Seam Fastball",-3.1,-3,"97",31.5,"28","0.154","0.346","0.243",22.6,35.7,34.5,"0.161","0.309","0.235",25
"Judge, Aaron",592450,"NYY","FF","4-Seam Fastball",2.3,4,"170",24.5,"28","0.316","0.842","0.548",25,21.4,10.2,"0.344","0.83","0.558",69.2
"Peraza, Oswald",672724,"LAA","FF","4-Seam Fastball",0.4,0,"110",28.2,"28","0.261","0.391","0.344",33.3,25,16.7,"0.229","0.323","0.307",41.2
"Freeland, Alex",690976,"LAD","FF","4-Seam Fastball",1.3,1,"119",30.6,"28","0.36","0.64","0.43",20.4,21.4,23.1,"0.31","0.577","0.387",55
"Okamoto, Kazuma",672960,"TOR","SI","Sinker",-3,-3,"116",18.7,"28","0.154","0.269","0.218",22.4,17.9,19.2,"0.27","0.453","0.336",57.1
"Rafaela, Ceddanne",678882,"BOS","SI","Sinker",1.4,1,"90",19.9,"28","0.304","0.435","0.404",23.8,17.9,31.3,"0.29","0.42","0.379",33.3
"Benintendi, Andrew",643217,"CWS","FF","4-Seam Fastball",-1.4,-2,"123",28.8,"28","0.208","0.375","0.288",30,28.6,21.6,"0.214","0.481","0.325",70.6
"Schneemann, Daniel",682177,"CLE","FF","4-Seam Fastball",3.7,4,"119",29.6,"28","0.348","0.87","0.538",22.6,25,17.1,"0.277","0.727","0.469",56.3
"Robert Jr., Luis",673357,"NYM","FF","4-Seam Fastball",-0.9,-1,"101",26.7,"28","0.25","0.25","0.325",22.6,17.9,17.2,"0.212","0.284","0.284",42.1
"Turang, Brice",668930,"MIL","SI","Sinker",4.5,4,"86",14.3,"28","0.348","0.696","0.484",2.9,10.7,20,"0.372","0.704","0.498",60
"Schwarber, Kyle",656941,"PHI","SL","Slider",-0.3,-1,"146",22.1,"28","0.16","0.4","0.282",36.8,46.4,26,"0.237","0.612","0.389",50
"Smith, Will",669257,"LAD","SI","Sinker",-2.8,-3,"94",19.1,"28","0.24","0.28","0.255",8.9,17.9,20,"0.244","0.409","0.333",42.9
"Mayer, Marcelo",691785,"BOS","FF","4-Seam Fastball",1.9,2,"108",29.2,"27","0.455","0.591","0.476",14.8,11.1,13,"0.356","0.551","0.451",40
"Pasquantino, Vinnie",686469,"KC","SI","Sinker",3.6,3,"87",14.8,"27","0.19","0.476","0.378",2.5,11.1,18.8,"0.23","0.455","0.355",31.6
"Ramos, Heliot",671218,"SF","FF","4-Seam Fastball",0.9,1,"161",28.9,"27","0.308","0.538","0.406",26.2,40.7,16.7,"0.282","0.52","0.355",53.3
"Hoerner, Nico",663538,"CHC","SI","Sinker",3.7,4,"114",20.2,"27","0.5","0.731","0.525",2.4,7.4,10.5,"0.356","0.447","0.361",37.5
"Alvarez, Francisco",682626,"NYM","FF","4-Seam Fastball",0,0,"87",19.7,"27","0.304","0.478","0.391",31.8,33.3,27.3,"0.269","0.562","0.402",64.3
"Suárez, Eugenio",553993,"CIN","SI","Sinker",-5.6,-5,"91",23,"27","0.115","0.115","0.172",19.6,14.8,30.8,"0.256","0.311","0.267",18.2
"McLain, Matt",680574,"CIN","SI","Sinker",0,0,"105",18.7,"27","0.333","0.5","0.398",6,11.1,18.8,"0.296","0.441","0.359",33.3
"Rice, Ben",700250,"NYY","SL","Slider",4,4,"96",17.5,"27","0.35","0.7","0.509",32.4,14.8,18.2,"0.254","0.432","0.398",43.8
"Norby, Connor",681393,"MIA","FF","4-Seam Fastball",-0.1,0,"126",26.5,"27","0.227","0.409","0.348",28.6,33.3,19.6,"0.168","0.437","0.335",61.5
"Marchán, Rafael",665561,"PHI","FF","4-Seam Fastball",-2.6,-2,"97",47.5,"27","0.12","0.24","0.193",8.5,0,0,"0.151","0.218","0.198",24
"Albies, Ozzie",645277,"ATL","CH","Changeup",6.7,5,"76",14.1,"27","0.333","0.704","0.469",19.6,3.7,5.6,"0.253","0.405","0.282",26.9
"Steer, Spencer",668715,"CIN","FF","4-Seam Fastball",2.4,3,"116",24.9,"27","0.19","0.476","0.37",22.2,33.3,22,"0.231","0.561","0.412",58.3
"Alexander, Blaze",677942,"BAL","FF","4-Seam Fastball",-1.7,-2,"135",40.2,"27","0.143","0.143","0.238",42.1,40.7,18.3,"0.122","0.209","0.249",54.5
"Stanton, Giancarlo",519317,"NYY","FF","4-Seam Fastball",-2.2,-3,"126",32.8,"27","0.16","0.16","0.185",30.2,33.3,24.3,"0.147","0.262","0.213",31.3
"McMahon, Ryan",641857,"NYY","FF","4-Seam Fastball",-0.7,-1,"161",42.6,"27","0.25","0.333","0.304",21.2,29.6,18.2,"0.254","0.473","0.352",43.8
"Carpenter, Kerry",681481,"DET","FF","4-Seam Fastball",2.5,3,"100",22.4,"27","0.261","0.609","0.385",28.9,29.6,30.8,"0.211","0.471","0.321",56.3
"Torkelson, Spencer",679529,"DET","SI","Sinker",2,2,"107",17.7,"27","0.346","0.731","0.461",10.9,11.1,13,"0.348","0.679","0.443",56.5
"Dingler, Dillon",693307,"DET","SI","Sinker",-3.5,-3,"97",20.9,"27","0.048","0.048","0.196",14.6,11.1,14.3,"0.246","0.368","0.365",38.9
"Carroll, Corbin",682998,"AZ","SL","Slider",4,4,"94",17.6,"27","0.36","0.76","0.483",24.4,29.6,26.7,"0.248","0.493","0.342",41.2
"García, Adolis",666969,"PHI","SL","Slider",2.1,2,"88",15.3,"27","0.269","0.615","0.38",29.8,29.6,23.5,"0.244","0.39","0.286",44.4
"Schmitt, Casey",669477,"SF","SI","Sinker",-2.2,-2,"85",20.2,"27","0.182","0.227","0.287",17.1,18.5,29.4,"0.338","0.448","0.41",47.1
"Griffin, Konnor",804606,"PIT","SI","Sinker",3,3,"103",24.1,"27","0.435","0.565","0.544",19.1,7.4,15.4,"0.341","0.533","0.423",19
"Semien, Marcus",543760,"NYM","SI","Sinker",-0.8,-1,"87",17.4,"27","0.273","0.364","0.328",17.8,22.2,37.5,"0.243","0.389","0.324",44.4
"Pederson, Joc",592626,"TEX","FF","4-Seam Fastball",-0.7,-1,"123",32.7,"27","0.227","0.364","0.337",29.3,18.5,17.2,"0.238","0.384","0.347",64.7
"Pauley, Graham",688363,"MIA","FF","4-Seam Fastball",-1.9,-2,"106",33.1,"27","0.16","0.28","0.257",18.2,25.9,23.3,"0.142","0.222","0.196",16.7
"Soler, Jorge",624585,"LAA","SI","Sinker",1.3,1,"97",16.7,"26","0.222","0.389","0.342",15.9,15.4,19,"0.237","0.455","0.383",43.8
"Tucker, Kyle",663656,"LAD","CH","Changeup",-3.3,-3,"96",17.1,"26","0.12","0.16","0.144",33.3,23.1,18.8,"0.141","0.194","0.165",21.1
"Clarke, Denzel",672016,"ATH","FF","4-Seam Fastball",-2.2,-2,"93",38.4,"26","0.217","0.261","0.223",19.1,30.8,25,"0.197","0.224","0.228",43.8
"Smith, Dominic",642086,"ATL","FF","4-Seam Fastball",7.2,5,"70",27.5,"26","0.545","0.864","0.618",7.1,7.7,8.3,"0.517","0.862","0.599",47.6
"Seager, Corey",608369,"TEX","SL","Slider",-3,-3,"105",19.2,"26","0.087","0.087","0.15",50.9,42.3,30.6,"0.104","0.133","0.172",16.7
"Thomas, Alek",677950,"AZ","FF","4-Seam Fastball",-2.3,-2,"91",27.7,"26","0.167","0.25","0.264",28.3,19.2,20,"0.302","0.546","0.387",52.6
"Palacios, Richie",680700,"TB","FF","4-Seam Fastball",0.4,0,"94",38.8,"26","0.25","0.313","0.394",9.1,3.8,5.3,"0.294","0.382","0.43",43.8
"Fortes, Nick",663743,"TB","FF","4-Seam Fastball",2.4,2,"75",24.4,"26","0.458","0.583","0.475",12.2,11.5,13.6,"0.268","0.346","0.299",61.9
"Mayo, Coby",691723,"BAL","FF","4-Seam Fastball",2.4,2,"87",23.5,"26","0.35","0.65","0.487",17.9,23.1,20.7,"0.335","0.578","0.46",50
"Bregman, Alex",608324,"CHC","SL","Slider",-1.5,-2,"117",18.3,"26","0.091","0.091","0.246",25,23.1,15.8,"0.171","0.244","0.26",25
"Shaw, Matt",807713,"CHC","FF","4-Seam Fastball",1.4,1,"92",26.5,"26","0.292","0.583","0.394",22.8,26.9,17.1,"0.259","0.482","0.343",52.9
"Machado, Manny",592518,"SD","SI","Sinker",-3,-3,"117",21.2,"26","0.136","0.136","0.219",10.9,3.8,5.3,"0.193","0.231","0.264",36.4
"Rocchio, Brayan",677587,"CLE","CH","Changeup",-4.1,-3,"83",16.3,"26","0.12","0.12","0.131",40.8,11.5,9.4,"0.21","0.237","0.215",22.7
"Ramírez, José",608070,"CLE","SL","Slider",-1.4,-1,"84",13.1,"26","0.227","0.273","0.294",14.9,11.5,9.1,"0.261","0.439","0.36",31.6
"Davis, Henry",680779,"PIT","SI","Sinker",0.7,1,"80",26.6,"26","0.286","0.429","0.372",7,3.8,12.5,"0.292","0.474","0.388",42.9
"Harper, Bryce",547180,"PHI","SL","Slider",2.6,3,"115",21,"26","0.222","0.556","0.41",47.5,11.5,9.1,"0.369","0.991","0.611",56.3
"Pérez, Wenceel",672761,"DET","FF","4-Seam Fastball",-6.3,-5,"76",33.8,"26","0.087","0.087","0.15",8.8,7.7,11.8,"0.202","0.41","0.308",42.9
"Rooker, Brent",667670,"ATH","FF","4-Seam Fastball",1.1,1,"74",28.9,"26","0.182","0.591","0.346",33.3,34.6,32.1,"0.257","0.693","0.429",64.3
"Lee, Brooks",686797,"MIN","CH","Changeup",-1.9,-2,"108",22.8,"26","0.12","0.12","0.2",36.4,19.2,12.5,"0.172","0.196","0.181",15
"Buxton, Byron",621439,"MIN","SI","Sinker",0.1,0,"105",20,"26","0.32","0.52","0.373",25.9,15.4,18.2,"0.317","0.521","0.371",42.9
"Witt Jr., Bobby",677951,"KC","SI","Sinker",0.3,0,"84",13.9,"26","0.333","0.458","0.406",15.9,11.5,13,"0.359","0.629","0.442",61.9
"India, Jonathan",663697,"KC","FF","4-Seam Fastball",1.1,1,"84",35.4,"26","0.286","0.476","0.398",8.3,11.5,17.6,"0.203","0.365","0.33",27.8
"Massey, Michael",686681,"KC","FF","4-Seam Fastball",-5.6,-6,"101",37.7,"26","0.038","0.077","0.048",37.5,38.5,32.3,"0.089","0.184","0.116",37.5
"Wood, James",695578,"WSH","SI","Sinker",3.7,4,"100",14.3,"25","0.368","0.842","0.55",8.8,12,14.3,"0.366","0.892","0.567",75
"Paredes, Isaac",670623,"HOU","SI","Sinker",2,2,"124",21.3,"25","0.391","0.522","0.46",10.9,4,4.5,"0.264","0.373","0.307",31.8
"Rodríguez, Julio",677594,"SEA","SL","Slider",2.1,2,"100",16,"25","0.304","0.565","0.396",26.4,12,7.7,"0.298","0.652","0.425",35
"Griffin, Konnor",804606,"PIT","FF","4-Seam Fastball",-0.1,0,"102",23.8,"25","0.19","0.429","0.328",28.8,40,30.3,"0.153","0.309","0.275",36.4
"Trout, Mike",545361,"LAA","SI","Sinker",1.2,1,"83",12,"25","0.316","0.474","0.428",13.5,16,18.2,"0.358","0.656","0.496",60
"Abreu, Wilyer",677800,"BOS","SI","Sinker",-1.8,-2,"91",15.8,"25","0.261","0.304","0.286",10,8,8.7,"0.293","0.514","0.373",47.6
"Freeman, Tyler",671289,"COL","FF","4-Seam Fastball",0.7,1,"90",35.2,"25","0.364","0.5","0.416",15.6,12,11.1,"0.307","0.391","0.351",31.6
"Langford, Wyatt",694671,"TEX","FF","4-Seam Fastball",-5.4,-5,"90",27.2,"25","0.12","0.12","0.108",23.9,28,24.1,"0.14","0.167","0.134",11.1
"Burger, Jake",669394,"TEX","SI","Sinker",3.3,3,"99",19.7,"25","0.333","0.833","0.5",26,20,33.3,"0.322","0.728","0.422",55
"O'Hoppe, Logan",681351,"LAA","FF","4-Seam Fastball",-0.3,0,"108",28.8,"25","0.227","0.364","0.308",26.7,28,18.9,"0.26","0.57","0.39",53.3
"Grisham, Trent",663757,"NYY","SI","Sinker",0.2,0,"83",15.4,"25","0.25","0.5","0.364",3.7,16,23.5,"0.29","0.563","0.404",58.8
"Caballero, José",676609,"NYY","SI","Sinker",-0.4,0,"99",20,"25","0.381","0.429","0.414",10.5,8,14.3,"0.274","0.342","0.338",26.3
"Dingler, Dillon",693307,"DET","FF","4-Seam Fastball",0.7,1,"119",25.6,"25","0.217","0.565","0.352",13.3,12,8.8,"0.396","0.921","0.565",60
"Naylor, Josh",647304,"SEA","SL","Slider",-2.5,-2,"86",18.8,"25","0.174","0.217","0.214",41.2,28,23.3,"0.17","0.283","0.234",37.5
"Schanuel, Nolan",694384,"LAA","SI","Sinker",-1.9,-2,"79",14.4,"25","0.273","0.318","0.314",7.5,4,10,"0.306","0.371","0.343",38.1
"Fernandez, Jose",699912,"AZ","SL","Slider",-0.9,-1,"76",19.8,"25","0.16","0.28","0.224",17.9,24,27.3,"0.225","0.34","0.244",47.4
"Robert Jr., Luis",673357,"NYM","SI","Sinker",-1.1,-1,"88",23.3,"25","0.19","0.286","0.284",9.7,12,25,"0.237","0.309","0.311",44.4
"Story, Trevor",596115,"BOS","SL","Slider",0.2,0,"73",14,"25","0.261","0.348","0.3",33.3,24,20.7,"0.14","0.195","0.188",35.3
"Burger, Jake",669394,"TEX","SL","Slider",-3.7,-4,"103",20.5,"25","0.125","0.125","0.164",44.4,28,22.6,"0.148","0.185","0.195",29.4
"Soto, Juan",665742,"NYM","SI","Sinker",4,3,"74",21.8,"25","0.4","0.6","0.454",8.6,4,9.1,"0.392","0.834","0.552",57.9
"Mullins, Cedric",656775,"TB","SI","Sinker",-2.9,-2,"67",15.2,"25","0.143","0.238","0.267",9.4,16,20,"0.184","0.254","0.252",22.2
"Caminero, Junior",691406,"TB","FF","4-Seam Fastball",4.5,5,"116",20.1,"25","0.429","1.095","0.64",25.4,20,14.3,"0.42","1.062","0.625",81.3
"Loperfido, Joey",694388,"HOU","FF","4-Seam Fastball",2.8,2,"69",25.6,"25","0.381","0.524","0.442",26.5,24,21.4,"0.317","0.419","0.38",66.7
"Canzone, Dominic",686527,"SEA","FF","4-Seam Fastball",0.3,0,"72",22.6,"25","0.292","0.5","0.352",25.6,24,27.3,"0.353","0.676","0.444",72.2
"Alvarez, Francisco",682626,"NYM","SL","Slider",-2.2,-2,"94",21.3,"25","0.2","0.36","0.238",32.7,16,13.3,"0.241","0.468","0.301",28.6
"Vargas, Miguel",678246,"CWS","SL","Slider",-0.7,-1,"101",16.6,"25","0.143","0.143","0.228",27,24,20,"0.182","0.274","0.248",43.8
"Judge, Aaron",592450,"NYY","CH","Changeup",1.5,2,"101",14.6,"25","0.15","0.35","0.342",40.9,28,15.6,"0.223","0.521","0.388",38.5
"Jansen, Danny",643376,"TEX","SI","Sinker",-2.7,-2,"72",21.2,"25","0.217","0.304","0.264",15,12,20,"0.195","0.306","0.253",50
"Mead, Curtis",678554,"WSH","FF","4-Seam Fastball",1.1,1,"102",30.5,"25","0.227","0.455","0.372",13.7,24,17.1,"0.257","0.519","0.373",43.8
"Anthony, Roman",701350,"BOS","SI","Sinker",-2.2,-2,"101",18.5,"25","0.2","0.25","0.298",17.6,24,33.3,"0.254","0.334","0.344",50
"Clement, Ernie",676391,"TOR","SI","Sinker",-1.2,-1,"75",17,"25","0.273","0.318","0.314",2.5,4,8.3,"0.272","0.351","0.32",28.6
"Ballesteros, Moisés",694208,"CHC","FF","4-Seam Fastball",2,2,"103",28.9,"24","0.222","0.611","0.402",37,29.2,21.9,"0.287","0.604","0.426",58.3
"Diaz, Yainer",673237,"HOU","SI","Sinker",-1,-1,"71",20.9,"24","0.333","0.375","0.315",21.1,25,75,"0.26","0.338","0.26",22.2
"Greene, Riley",682985,"DET","CH","Changeup",-0.3,0,"104",16.3,"24","0.13","0.304","0.202",46.7,41.7,32.3,"0.162","0.306","0.219",15.4
"Schneider, Davis",676914,"TOR","FF","4-Seam Fastball",0.8,1,"110",37.5,"24","0.188","0.375","0.39",38.5,29.2,23.3,"0.145","0.349","0.371",55.6
"Church, Nathan",701675,"STL","CH","Changeup",0,0,"63",16.8,"24","0.25","0.417","0.285",20,16.7,18.2,"0.263","0.507","0.327",40
"Guerrero Jr., Vladimir",665489,"TOR","FF","4-Seam Fastball",1.8,2,"126",23.4,"24","0.429","0.524","0.454",14.3,12.5,6.3,"0.388","0.567","0.447",38.9
"Greene, Riley",682985,"DET","SI","Sinker",2.1,2,"94",14.7,"24","0.474","0.632","0.527",3.2,12.5,18.8,"0.426","0.616","0.5",81.3
"Walker, Jordan",691023,"STL","ST","Sweeper",1.9,2,"96",17.9,"24","0.2","0.55","0.41",50,33.3,28.6,"0.187","0.404","0.324",50
"Freeman, Freddie",518692,"LAD","SL","Slider",2.9,2,"71",13.1,"24","0.318","0.5","0.379",23.7,12.5,11.5,"0.411","0.824","0.537",63.2
"Perkins, Blake",663368,"MIL","FF","4-Seam Fastball",-1.8,-2,"87",40.8,"24","0.136","0.273","0.272",24.5,16.7,15.4,"0.155","0.251","0.196",42.1
"Nuñez, Nasim",683083,"WSH","CH","Changeup",-4.2,-3,"70",14.5,"24","0.167","0.167","0.15",22.5,20.8,17.2,"0.213","0.257","0.203",10.5
"Vivas, Jorbit",678391,"WSH","FF","4-Seam Fastball",1.8,2,"95",33.6,"24","0.3","0.35","0.356",4.5,4.2,4.2,"0.272","0.321","0.334",21.1
"Langeliers, Shea",669127,"ATH","SL","Slider",2.5,2,"95",17.5,"24","0.409","0.545","0.44",35.6,29.2,20.6,"0.275","0.425","0.332",46.7
"De La Cruz, Elly",682829,"CIN","SI","Sinker",1.2,1,"71",11.6,"24","0.273","0.545","0.375",13.6,41.7,66.7,"0.251","0.465","0.337",58.3
"Keaschall, Luke",807712,"MIN","SL","Slider",0.2,0,"90",16.1,"24","0.286","0.333","0.327",11.1,12.5,13.6,"0.267","0.364","0.327",16.7
"Thomas, Lane",657041,"KC","FF","4-Seam Fastball",0.8,1,"115",33.7,"24","0.278","0.333","0.377",18.4,12.5,8.8,"0.223","0.328","0.352",53.3
"Baldwin, Drake",686948,"ATL","CH","Changeup",3.1,2,"76",12,"24","0.35","0.4","0.394",33.3,29.2,35,"0.287","0.376","0.356",61.5
"García, Adolis",666969,"PHI","SI","Sinker",0.2,0,"103",17.9,"24","0.238","0.381","0.321",15.8,8.3,20,"0.271","0.362","0.328",47.4
"Clemens, Kody",665019,"MIN","FF","4-Seam Fastball",0.8,1,"116",30.1,"24","0.294","0.471","0.426",24.5,29.2,23.3,"0.238","0.454","0.4",45.5
"Chisholm Jr., Jazz",665862,"NYY","SL","Slider",-0.1,0,"90",16.1,"24","0.227","0.409","0.32",30.8,16.7,14.3,"0.179","0.346","0.264",27.8
"Ruiz, Keibert",660688,"WSH","FF","4-Seam Fastball",-4,-3,"71",30.9,"24","0.174","0.261","0.208",4.9,4.2,6.3,"0.22","0.373","0.271",40.9
"Karros, Kyle",691720,"COL","SL","Slider",-3.2,-3,"104",19.8,"24","0.053","0.053","0.13",42.9,25,17.1,"0.156","0.195","0.257",26.7
"Buxton, Byron",621439,"MIN","CH","Changeup",-1.5,-1,"94",17.9,"24","0.217","0.261","0.231",36.5,33.3,22.9,"0.222","0.344","0.262",40
"Wetherholt, JJ",802139,"STL","SI","Sinker",2,2,"90",14,"24","0.313","0.313","0.421",20,4.2,6.3,"0.327","0.446","0.455",40
"Cortes, Carlos",666126,"ATH","FF","4-Seam Fastball",3.3,3,"98",28,"24","0.5","0.7","0.552",16.7,8.3,6.3,"0.425","0.643","0.498",38.9
"Scott II, Victor",687363,"STL","FF","4-Seam Fastball",-2.7,-3,"106",29.5,"24","0.056","0.111","0.184",31.1,29.2,28,"0.088","0.171","0.217",30.8
"Arenado, Nolan",571448,"AZ","SL","Slider",-0.2,0,"93",20.1,"24","0.261","0.261","0.292",40.4,25,20,"0.258","0.291","0.259",0
"Lile, Daylen",695734,"WSH","SL","Slider",-2.5,-2,"63",12.3,"24","0.217","0.348","0.263",27,25,37.5,"0.21","0.348","0.257",35.3
"Abrams, CJ",682928,"WSH","SL","Slider",1.8,2,"96",18,"24","0.25","0.4","0.388",35.8,20.8,13.9,"0.23","0.302","0.31",66.7
"Moreno, Gabriel",672515,"AZ","FF","4-Seam Fastball",0.9,1,"73",31.2,"24","0.273","0.5","0.358",21.6,16.7,15.4,"0.285","0.56","0.387",55.6
"Tovar, Ezequiel",678662,"COL","SL","Slider",-1.4,-1,"104",20.3,"24","0.261","0.435","0.285",34.4,16.7,12.5,"0.266","0.443","0.29",20
"Albies, Ozzie",645277,"ATL","SI","Sinker",-1.9,-1,"67",12.4,"24","0.261","0.348","0.292",14.9,0,0,"0.285","0.41","0.287",29.2
"Winn, Masyn",691026,"STL","ST","Sweeper",-0.5,0,"85",16.1,"24","0.2","0.25","0.281",26.3,20.8,12.8,"0.282","0.307","0.331",20
"Jackson, Jeremiah",669236,"BAL","FF","4-Seam Fastball",0.5,1,"105",27.5,"24","0.261","0.652","0.392",22.2,25,19.4,"0.267","0.528","0.351",47.1
"Langford, Wyatt",694671,"TEX","SI","Sinker",-0.7,-1,"80",24.2,"24","0.348","0.522","0.388",17.1,16.7,26.7,"0.324","0.522","0.376",63.2
"Caminero, Junior",691406,"TB","SL","Slider",-0.3,0,"91",15.8,"24","0.273","0.455","0.344",20.5,12.5,12,"0.311","0.486","0.372",47.4
"Benson, Will",666181,"CIN","FF","4-Seam Fastball",1.1,1,"77",31.2,"24","0.273","0.682","0.437",18.6,25,22.2,"0.227","0.592","0.371",43.8
"Tena, José",677588,"WSH","FF","4-Seam Fastball",0.8,1,"93",35.6,"24","0.261","0.478","0.329",24.5,20.8,15.6,"0.218","0.415","0.288",38.9
"Bellinger, Cody",641355,"NYY","SI","Sinker",-0.7,-1,"85",15.6,"24","0.222","0.333","0.325",7.1,12.5,15.8,"0.242","0.33","0.351",43.8
"Ohtani, Shohei",660271,"LAD","SI","Sinker",3.7,3,"70",11.7,"23","0.375","0.75","0.543",18.8,4.3,10,"0.378","0.796","0.559",46.7
"Judge, Aaron",592450,"NYY","SL","Slider",-0.8,-1,"112",16.1,"23","0.182","0.364","0.328",38,34.8,22.9,"0.197","0.337","0.249",57.1
"Yorke, Nick",694377,"PIT","SI","Sinker",-0.1,0,"72",23.7,"23","0.286","0.476","0.398",8.3,8.7,22.2,"0.297","0.488","0.368",52.6
"Andujar, Miguel",609280,"SD","FF","4-Seam Fastball",-3.7,-3,"67",21.1,"23","0.19","0.333","0.263",16.7,26.1,28.6,"0.202","0.373","0.283",40
"Diaz, Yainer",673237,"HOU","FF","4-Seam Fastball",0.3,0,"85",25.1,"23","0.19","0.524","0.328",27.5,21.7,23.8,"0.184","0.385","0.28",37.5
"De La Cruz, Elly",682829,"CIN","CH","Changeup",1.7,2,"105",17.2,"23","0.381","0.429","0.366",44.4,21.7,20,"0.295","0.359","0.323",43.8
"Judge, Aaron",592450,"NYY","SI","Sinker",5.5,6,"112",16.1,"23","0.467","0.867","0.613",14.7,8.7,8.3,"0.446","1.017","0.643",53.8
"Raleigh, Cal",663728,"SEA","CH","Changeup",2.2,2,"77",11.9,"23","0.364","0.545","0.407",25.6,8.7,8,"0.317","0.658","0.424",30
"Turner, Trea",607208,"PHI","SL","Slider",-1.9,-2,"93",15.9,"23","0.143","0.238","0.209",41.3,21.7,15.2,"0.181","0.211","0.218",25
"Devers, Rafael",646240,"SF","SL","Slider",-3.7,-2,"66",11.4,"23","0.19","0.238","0.211",29.8,17.4,20,"0.191","0.287","0.219",38.9
"Ortiz, Joey",687401,"MIL","FF","4-Seam Fastball",-0.2,0,"97",30.2,"23","0.278","0.278","0.348",21.4,30.4,23.3,"0.189","0.209","0.289",45.5
"Alvarez, Francisco",682626,"NYM","SI","Sinker",-2.4,-3,"123",27.8,"23","0.111","0.111","0.27",17.6,13,13,"0.232","0.265","0.321",40
"Dubón, Mauricio",643289,"ATL","SI","Sinker",-1.2,-1,"89",17.7,"23","0.3","0.35","0.341",14.6,21.7,26.3,"0.266","0.338","0.319",33.3
"Keaschall, Luke",807712,"MIN","CH","Changeup",-1,-1,"85",15.2,"23","0.182","0.182","0.195",24.4,26.1,19.4,"0.187","0.218","0.201",12.5
"Lopez, Otto",672640,"MIA","SL","Slider",6.4,6,"91",17.1,"23","0.522","0.826","0.617",37,21.7,17.9,"0.408","0.624","0.444",44.4
"Alexander, Blaze",677942,"BAL","SI","Sinker",-4.1,-2,"61",18.2,"23","0.227","0.273","0.241",11.1,8.7,18.2,"0.378","0.474","0.384",60
"Donovan, Brendan",680977,"SEA","FF","4-Seam Fastball",5.6,4,"79",30.3,"23","0.389","1","0.57",22.6,21.7,31.3,"0.216","0.393","0.323",35.7
"Vázquez, Christian",543877,"HOU","FF","4-Seam Fastball",1.7,1,"85",32.2,"23","0.4","0.7","0.489",19.1,17.4,15.4,"0.271","0.326","0.301",23.5
"Young, Cole",702284,"SEA","CH","Changeup",-4.4,-3,"70",12.1,"23","0.136","0.136","0.148",33.3,30.4,30.4,"0.178","0.242","0.204",20
"Adell, Jo",666176,"LAA","SL","Slider",-2.2,-2,"91",15.5,"23","0.227","0.227","0.236",35.3,30.4,25,"0.249","0.306","0.262",40
"Frelick, Sal",686217,"MIL","SI","Sinker",1.2,1,"66",13.5,"23","0.238","0.381","0.383",2.9,4.3,5.6,"0.276","0.433","0.34",20
"Alonso, Pete",624413,"BAL","CU","Curveball",-0.2,0,"77",12.6,"23","0.174","0.391","0.235",37.1,43.5,28.6,"0.184","0.294","0.204",38.5
"Wilson, Jacob",805779,"ATH","CH","Changeup",3.3,1,"38",8,"23","0.304","0.391","0.383",13.3,4.3,8.3,"0.263","0.341","0.262",18.2
"Crawford, J.P.",641487,"SEA","SI","Sinker",-0.4,0,"77",15.4,"23","0.278","0.333","0.363",7.1,8.7,11.1,"0.314","0.416","0.398",56.3
"Neto, Zach",687263,"LAA","SI","Sinker",-0.9,-1,"116",16.9,"23","0.222","0.333","0.339",20,26.1,25,"0.276","0.419","0.386",25
"Hicks, Liam",689414,"MIA","SI","Sinker",-1.4,-1,"92",21.1,"23","0.286","0.286","0.265",0,4.3,6.3,"0.278","0.318","0.276",33.3
"Bellinger, Cody",641355,"NYY","CH","Changeup",-2.4,-2,"81",14.9,"23","0.143","0.238","0.186",17.1,13,11.5,"0.284","0.406","0.302",42.1
"Mangum, Jake",663968,"PIT","FF","4-Seam Fastball",0.2,0,"115",40.2,"23","0.353","0.471","0.457",29.7,34.8,21.6,"0.274","0.352","0.374",30
"Swanson, Dansby",621020,"CHC","SI","Sinker",1.7,2,"95",16.4,"23","0.3","0.7","0.491",21.6,13,14.3,"0.395","0.777","0.519",82.4
"Witt Jr., Bobby",677951,"KC","FC","Cutter",0.5,0,"76",12.6,"23","0.273","0.636","0.361",25,13,20,"0.382","0.686","0.462",45
"Soto, Juan",665742,"NYM","FF","4-Seam Fastball",4.5,4,"80",23.6,"23","0.333","0.714","0.461",21.6,30.4,28,"0.281","0.763","0.459",57.1
"Harper, Bryce",547180,"PHI","SI","Sinker",1.3,1,"83",15.1,"23","0.381","0.476","0.404",7.5,8.7,15.4,"0.253","0.356","0.301",31.6
"Burleson, Alec",676475,"STL","SI","Sinker",0.2,0,"84",15.4,"23","0.35","0.4","0.38",15,0,0,"0.33","0.512","0.405",50
"Lockridge, Brandon",663604,"MIL","FF","4-Seam Fastball",1,1,"111",27.4,"23","0.235","0.353","0.37",31,47.8,25.6,"0.143","0.215","0.296",50
"Wood, James",695578,"WSH","ST","Sweeper",-3.3,-2,"75",10.7,"22","0.105","0.158","0.193",37.9,54.5,38.7,"0.186","0.426","0.317",57.1
"Edwards, Xavier",669364,"MIA","SI","Sinker",1.6,1,"80",13.9,"22","0.389","0.389","0.414",3.4,4.5,5.3,"0.301","0.377","0.368",35.3
"Narváez, Carlos",665966,"BOS","FF","4-Seam Fastball",-3.1,-3,"96",31.5,"22","0.053","0.053","0.136",28.6,50,29.7,"0.085","0.171","0.188",62.5
"Doyle, Brenton",686668,"COL","SL","Slider",-4,-3,"67",18.9,"22","0.143","0.19","0.17",41,50,45.8,"0.148","0.243","0.191",40
"Perez, Salvador",521692,"KC","SL","Slider",-1.4,-1,"88",16.5,"22","0.15","0.2","0.243",37.2,13.6,8.8,"0.212","0.369","0.287",23.5
"Alvarez, Yordan",670541,"HOU","SL","Slider",1.5,1,"67",11.1,"22","0.286","0.619","0.434",27.8,13.6,16.7,"0.347","0.799","0.49",27.8
"Hernández, Heriberto",681715,"MIA","FF","4-Seam Fastball",-1.3,-1,"69",26.1,"22","0.167","0.278","0.282",20,13.6,16.7,"0.285","0.422","0.375",73.3
"Friedl, TJ",670770,"CIN","SI","Sinker",-2.4,-2,"78",15.6,"22","0.263","0.368","0.365",5.9,9.1,25,"0.271","0.394","0.347",35.3
"Davis, Henry",680779,"PIT","FF","4-Seam Fastball",-3.9,-3,"81",26.9,"22","0.056","0.111","0.184",28.6,27.3,24,"0.074","0.146","0.203",41.7
"Pages, Andy",681624,"LAD","SL","Slider",0.3,0,"91",15.4,"22","0.238","0.476","0.318",29.8,31.8,19.4,"0.248","0.466","0.321",35.7
"Benintendi, Andrew",643217,"CWS","SL","Slider",-0.9,-1,"65",15.2,"22","0.19","0.381","0.259",57.1,50,55,"0.183","0.371","0.256",50
"Langeliers, Shea",669127,"ATH","SI","Sinker",2.4,2,"79",14.5,"22","0.286","0.619","0.393",10.9,9.1,12.5,"0.34","0.651","0.431",52.6
"Ward, Taylor",621493,"BAL","SL","Slider",-0.9,-1,"95",13.9,"22","0.2","0.35","0.275",20.7,22.7,16.7,"0.195","0.254","0.241",20
"Arozarena, Randy",668227,"SEA","SI","Sinker",2,2,"115",18.6,"22","0.5","0.667","0.526",17.6,13.6,15.8,"0.343","0.402","0.397",26.7
"Witt Jr., Bobby",677951,"KC","SL","Slider",0.7,1,"98",16.2,"22","0.278","0.389","0.338",48.6,27.3,25,"0.235","0.345","0.334",50
"Rocchio, Brayan",677587,"CLE","SI","Sinker",-3.5,-3,"77",15.1,"22","0.167","0.167","0.229",6.5,4.5,5.9,"0.219","0.274","0.282",27.8
"Kelly, Carson",608348,"CHC","SL","Slider",0.1,0,"77",20.2,"22","0.278","0.333","0.389",31,13.6,13,"0.245","0.336","0.333",46.7
"Duran, Ezequiel",677649,"TEX","SI","Sinker",2.3,2,"70",24.4,"22","0.444","0.556","0.5",12.1,4.5,10,"0.35","0.398","0.386",50
"Varsho, Daulton",662139,"TOR","SL","Slider",-1.7,-1,"68",15.1,"22","0.143","0.286","0.245",15.4,18.2,25,"0.146","0.192","0.172",11.8
"Lewis, Royce",668904,"MIN","SI","Sinker",-2.4,-2,"66",19.8,"22","0.19","0.333","0.286",18.9,4.5,9.1,"0.276","0.445","0.326",45
"Andujar, Miguel",609280,"SD","SI","Sinker",4.1,3,"70",22,"22","0.524","0.714","0.548",0,0,0,"0.343","0.476","0.37",52.4
"Jeffers, Ryan",680777,"MIN","SI","Sinker",5.2,5,"90",19.8,"22","0.471","0.824","0.586",10.5,13.6,13.6,"0.38","0.676","0.508",35.7
"Jackson, Jeremiah",669236,"BAL","SL","Slider",-1.3,-1,"61",16,"22","0.238","0.524","0.305",46.5,40.9,36,"0.236","0.448","0.298",38.5
"Cronenworth, Jake",630105,"SD","SI","Sinker",-1.2,-1,"89",18.3,"22","0.167","0.167","0.291",18.2,9.1,12.5,"0.309","0.37","0.368",43.8
"Meidroth, Chase",805367,"CWS","SL","Slider",0.6,1,"95",15.2,"22","0.3","0.35","0.325",17.1,27.3,20.7,"0.266","0.447","0.341",35.7
"Abrams, CJ",682928,"WSH","CU","Curveball",3.4,3,"83",15.5,"22","0.278","0.556","0.414",30.3,22.7,19.2,"0.199","0.303","0.306",38.5
"Reynolds, Bryan",668804,"PIT","SI","Sinker",2,2,"85",13.1,"22","0.273","0.273","0.473",13,9.1,13.3,"0.173","0.266","0.446",77.8
"Goodman, Hunter",696100,"COL","SL","Slider",3.7,3,"83",17,"22","0.238","0.714","0.402",47.1,50,37.9,"0.195","0.473","0.299",70
"Kim, Hyeseong",808975,"LAD","FF","4-Seam Fastball",2.3,2,"81",28,"22","0.5","0.6","0.486",22.2,9.1,11.1,"0.462","0.64","0.496",33.3
"Murakami, Munetaka",808959,"CWS","SL","Slider",-2.3,-2,"83",12.6,"22","0.158","0.316","0.268",62.9,54.5,40,"0.141","0.374","0.281",71.4
"Carter, Evan",694497,"TEX","SI","Sinker",-1.1,-1,"86",17.4,"22","0.176","0.294","0.295",10.3,18.2,14.8,"0.271","0.389","0.363",35.7
"Sheets, Gavin",657757,"SD","SI","Sinker",-2.6,-2,"85",20.8,"22","0.15","0.25","0.218",18.8,27.3,40,"0.244","0.308","0.281",57.1
"Abreu, Wilyer",677800,"BOS","CH","Changeup",-0.1,0,"59",10.2,"22","0.286","0.333","0.293",27.8,22.7,27.8,"0.331","0.464","0.358",50
"Bailey, Patrick",672275,"SF","FF","4-Seam Fastball",-4.3,-4,"102",29.4,"22","0.15","0.15","0.186",26.5,31.8,29.2,"0.195","0.311","0.259",69.2
"Lowe, Nathaniel",663993,"CIN","FF","4-Seam Fastball",-1.1,-1,"131",42.4,"22","0.211","0.316","0.305",23.3,27.3,14.6,"0.24","0.351","0.318",38.5
"Montgomery, Colson",695657,"CWS","SI","Sinker",1.5,1,"81",14.9,"22","0.294","0.529","0.43",40.5,31.8,29.2,"0.243","0.328","0.351",70
"Kwan, Steven",680757,"CLE","SI","Sinker",-0.8,-1,"87",15.3,"21","0.333","0.333","0.385",5.9,4.8,6.3,"0.276","0.32","0.303",0
"Fry, David",681807,"CLE","FF","4-Seam Fastball",2.1,2,"71",30.3,"21","0.313","0.563","0.45",24.1,28.6,27.3,"0.206","0.307","0.333",70
"Cruz, Oneil",665833,"PIT","SL","Slider",-3,-3,"90",14.4,"21","0.048","0.048","0.086",48.9,52.4,31.4,"0.097","0.197","0.124",50
"Reynolds, Bryan",668804,"PIT","CU","Curveball",1.2,1,"92",14.1,"21","0.278","0.5","0.35",35.9,42.9,26.5,"0.238","0.543","0.349",40
"Duran, Ezequiel",677649,"TEX","FF","4-Seam Fastball",-3.4,-3,"86",30,"21","0.1","0.15","0.136",36.4,23.8,17.9,"0.182","0.285","0.222",40
"Hoskins, Rhys",656555,"CLE","SI","Sinker",0.5,0,"90",20.9,"21","0.267","0.333","0.388",34.3,14.3,18.8,"0.219","0.358","0.376",41.7
"Bell, Josh",605137,"MIN","SI","Sinker",-2.6,-2,"75",14.4,"21","0.158","0.211","0.179",26.7,42.9,45,"0.231","0.403","0.279",63.6
"Hayes, Ke'Bryan",663647,"CIN","SI","Sinker",1.9,2,"83",26.1,"21","0.2","0.6","0.4",16.7,4.8,10,"0.308","0.596","0.4",57.9
"Cruz, Oneil",665833,"PIT","SI","Sinker",-0.4,0,"86",13.8,"21","0.381","0.429","0.36",20,33.3,30.4,"0.317","0.506","0.353",85.7
"Lile, Daylen",695734,"WSH","SI","Sinker",3.2,2,"73",14.3,"21","0.4","0.65","0.505",11.1,4.8,10,"0.457","0.692","0.503",52.6
"Norby, Connor",681393,"MIA","CH","Changeup",-4.2,-2,"56",11.8,"21","0.118","0.118","0.219",59.3,42.9,36,"0.128","0.215","0.25",25
"Schmitt, Casey",669477,"SF","ST","Sweeper",1.3,1,"61",14.5,"21","0.25","0.5","0.333",30.3,33.3,28,"0.207","0.409","0.282",30.8
"Harris II, Michael",671739,"ATL","SL","Slider",-0.5,0,"51",12,"21","0.238","0.429","0.283",28.1,23.8,26.3,"0.327","0.618","0.402",62.5
"Walker, Christian",572233,"HOU","SL","Slider",4.2,3,"72",12.9,"21","0.3","0.9","0.5",35.3,19,20,"0.273","0.686","0.417",37.5
"Stewart, Sal",701398,"CIN","SL","Slider",-1,-1,"103",17.9,"21","0.158","0.316","0.26",25,14.3,11.1,"0.154","0.217","0.213",25
"Ohtani, Shohei",660271,"LAD","SL","Slider",2.3,2,"67",11.2,"21","0.235","0.529","0.39",29.6,23.8,20.8,"0.241","0.534","0.396",58.3
"Straw, Myles",664702,"TOR","FF","4-Seam Fastball",2.2,2,"85",36.2,"21","0.353","0.588","0.426",3.3,4.8,5.3,"0.392","0.63","0.456",41.2
"DeLuca, Jonny",676356,"TB","FF","4-Seam Fastball",-3.6,-3,"78",28.8,"21","0.15","0.2","0.179",26.3,28.6,28.6,"0.185","0.24","0.208",28.6
"Abrams, CJ",682928,"WSH","SI","Sinker",-4.6,-3,"56",10.5,"21","0.158","0.211","0.212",10,9.5,28.6,"0.331","0.561","0.411",52.9
"Lowe, Josh",666139,"LAA","SI","Sinker",-8,-4,"56",13.4,"21","0.105","0.105","0.125",5.7,9.5,11.8,"0.161","0.231","0.194",16.7
"Garver, Mitch",641598,"SEA","FF","4-Seam Fastball",-0.5,0,"63",27.4,"21","0.235","0.235","0.305",14.3,19,14.8,"0.233","0.5","0.383",69.2
"Stanton, Giancarlo",519317,"NYY","CH","Changeup",2.5,1,"59",15.4,"21","0.3","0.4","0.367",36.7,19,19,"0.26","0.448","0.319",37.5
"Wallner, Matt",670242,"MIN","SI","Sinker",-0.8,-1,"73",15.1,"21","0.235","0.294","0.321",12.1,19,36.4,"0.297","0.456","0.396",61.5
"Schwarber, Kyle",656941,"PHI","SI","Sinker",4.7,4,"95",14.4,"21","0.385","0.923","0.602",13.2,0,0,"0.341","0.719","0.544",38.5
"Naylor, Josh",647304,"SEA","SI","Sinker",-3.3,-2,"63",13.8,"21","0.222","0.278","0.288",16.7,0,0,"0.287","0.35","0.337",50
"Clement, Ernie",676391,"TOR","SL","Slider",2.7,1,"53",12,"21","0.4","0.5","0.41",32.3,19,28.6,"0.296","0.373","0.308",31.3
"Lowe, Brandon",664040,"PIT","SL","Slider",-1.4,-1,"82",14.5,"21","0.158","0.158","0.195",35.7,38.1,25.8,"0.24","0.306","0.281",36.4
"Story, Trevor",596115,"BOS","SI","Sinker",0,0,"93",17.9,"21","0.235","0.412","0.367",11.9,19,22.2,"0.326","0.435","0.385",42.9
"Realmuto, J.T.",592663,"PHI","FF","4-Seam Fastball",-0.2,0,"78",29,"21","0.263","0.316","0.34",14.3,19,14.8,"0.263","0.339","0.302",46.7
"Springer, George",543807,"TOR","FF","4-Seam Fastball",-0.7,-1,"74",26.3,"21","0.176","0.353","0.314",22.7,19,14.8,"0.198","0.397","0.336",46.2
"Vierling, Matt",663837,"DET","FF","4-Seam Fastball",-1.7,-1,"86",26.1,"21","0.167","0.278","0.305",25,28.6,20.7,"0.201","0.271","0.274",33.3
"Carpenter, Kerry",681481,"DET","CH","Changeup",10.6,6,"59",13.2,"21","0.389","1","0.59",25.8,23.8,20.8,"0.271","0.601","0.414",69.2
"Burger, Jake",669394,"TEX","ST","Sweeper",-0.5,0,"62",12.4,"21","0.286","0.381","0.29",26.5,23.8,23.8,"0.232","0.417","0.275",31.3
"Fernandez, Jose",699912,"AZ","FF","4-Seam Fastball",1.5,1,"81",21.1,"21","0.35","0.45","0.367",25,23.8,20.8,"0.337","0.504","0.379",80
"Wood, James",695578,"WSH","SL","Slider",1.3,1,"112",16,"21","0.167","0.5","0.333",65.7,57.1,30.8,"0.164","0.5","0.333",50
"Friedl, TJ",670770,"CIN","CH","Changeup",-4,-3,"76",15.2,"21","0.053","0.053","0.11",51.4,42.9,29,"0.116","0.148","0.172",10
"García Jr., Luis",671277,"WSH","SL","Slider",-1.3,-1,"65",16.6,"21","0.238","0.286","0.274",15.6,9.5,7.7,"0.261","0.412","0.287",21.1
"Muncy, Max",691777,"ATH","SI","Sinker",2.2,2,"83",20.5,"21","0.421","0.684","0.493",14.7,14.3,20,"0.282","0.492","0.364",50
"Gilbert, Drew",687551,"SF","FF","4-Seam Fastball",4.5,3,"73",34.8,"21","0.5","0.889","0.634",23.5,14.3,15.8,"0.307","0.49","0.378",37.5
"Rivas, Leo",660844,"SEA","SI","Sinker",-3.3,-2,"67",14.5,"21","0.222","0.278","0.268",13.8,28.6,30,"0.218","0.267","0.26",15.4
"Pereira, Everson",677592,"CWS","SI","Sinker",-2.5,-2,"66",27.8,"21","0.176","0.294","0.262",30.6,23.8,62.5,"0.172","0.216","0.237",30.8
"Griffin, Konnor",804606,"PIT","SL","Slider",-1.1,-1,"66",15.4,"21","0.238","0.333","0.248",35.1,23.8,22.7,"0.239","0.361","0.256",37.5
"Henderson, Gunnar",683002,"BAL","CH","Changeup",-1.4,-1,"104",16.1,"21","0.1","0.15","0.179",28,28.6,15.4,"0.209","0.274","0.232",28.6
"Lile, Daylen",695734,"WSH","CH","Changeup",-2.2,-1,"55",10.7,"21","0.2","0.3","0.238",23.5,9.5,11.1,"0.277","0.448","0.329",44.4
"Witt Jr., Bobby",677951,"KC","ST","Sweeper",-2.7,-2,"60",9.9,"20","0.2","0.2","0.18",31.4,25,25,"0.227","0.31","0.233",26.7
"Crow-Armstrong, Pete",691718,"CHC","SI","Sinker",0.3,0,"71",13.4,"20","0.412","0.529","0.455",17.6,10,22.2,"0.331","0.422","0.381",40
"Crow-Armstrong, Pete",691718,"CHC","CH","Changeup",-0.8,-1,"65",12.3,"20","0.158","0.368","0.243",33.3,30,30,"0.195","0.36","0.26",38.5
"Suzuki, Seiya",673548,"CHC","SI","Sinker",-0.4,0,"78",20.4,"20","0.368","0.526","0.405",16.2,30,42.9,"0.424","0.632","0.465",53.8
"Acuña, Luisangel",682668,"CWS","FF","4-Seam Fastball",-1.6,-1,"77",24.3,"20","0.2","0.2","0.31",17.9,5,4.5,"0.267","0.314","0.364",42.9
"Bell, Josh",605137,"MIN","CH","Changeup",1.7,2,"93",17.9,"20","0.316","0.368","0.323",28.3,15,12.5,"0.314","0.456","0.349",25
"Polanco, Jorge",593871,"NYM","FF","4-Seam Fastball",-4,-3,"75",33.5,"20","0.111","0.111","0.16",16.2,10,15.4,"0.163","0.303","0.247",37.5
"Varsho, Daulton",662139,"TOR","SI","Sinker",2.7,2,"63",14,"20","0.389","0.611","0.503",20.5,20,25,"0.301","0.453","0.362",42.9
"Clemens, Kody",665019,"MIN","SI","Sinker",-2,-1,"46",11.9,"20","0.211","0.316","0.25",20.8,15,20,"0.333","0.52","0.381",43.8
"Bell, Josh",605137,"MIN","SL","Slider",0.5,0,"63",12.1,"20","0.176","0.529","0.35",22.2,15,13.6,"0.275","0.706","0.452",50
"Frazier, Adam",624428,"LAA","FF","4-Seam Fastball",3,3,"95",37.5,"20","0.357","0.857","0.544",12.8,15,11.5,"0.242","0.43","0.378",23.1
"Díaz, Yandy",650490,"TB","SL","Slider",4.3,3,"75",15.1,"20","0.333","0.667","0.448",10.3,5,6.3,"0.36","0.57","0.432",29.4
"Soderstrom, Tyler",691016,"ATH","SL","Slider",3.3,3,"78",15.8,"20","0.294","0.765","0.473",47.1,35,25,"0.293","0.681","0.451",54.5
"Cowser, Colton",681297,"BAL","CH","Changeup",-1,-1,"72",22.7,"20","0.222","0.222","0.215",43.3,30,23.1,"0.197","0.226","0.204",7.7
"Kwan, Steven",680757,"CLE","SL","Slider",-0.5,0,"64",11.3,"20","0.222","0.278","0.268",11.5,15,15,"0.299","0.365","0.329",13.3
"Freeman, Freddie",518692,"LAD","SI","Sinker",-1.5,-1,"75",13.8,"20","0.222","0.444","0.323",17.5,10,11.1,"0.236","0.464","0.333",37.5
"Antonacci, Sam",803011,"CWS","FF","4-Seam Fastball",2.1,2,"101",38.5,"20","0.417","0.583","0.532",18.8,5,5,"0.414","0.64","0.517",41.7
"Harris II, Michael",671739,"ATL","SI","Sinker",-1.4,-1,"69",16.2,"20","0.316","0.316","0.321",23.7,10,16.7,"0.369","0.409","0.36",64.7
"Vargas, Ildemaro",545121,"AZ","CH","Changeup",2.5,1,"56",15.8,"20","0.263","0.579","0.413",22.6,10,11.8,"0.312","0.464","0.351",35.3
"Cowser, Colton",681297,"BAL","FF","4-Seam Fastball",-1.2,-1,"81",25.6,"20","0.25","0.375","0.355",20.6,10,9.1,"0.298","0.646","0.458",85.7
"Basallo, Samuel",694212,"BAL","CH","Changeup",-1,-1,"58",15.8,"20","0.211","0.263","0.245",44.4,40,42.1,"0.206","0.277","0.234",45.5
"Jackson, Jeremiah",669236,"BAL","SI","Sinker",-1.5,-1,"60",15.7,"20","0.3","0.35","0.303",0,0,0,"0.227","0.353","0.249",20
"Merrill, Jackson",701538,"SD","SI","Sinker",2.9,2,"85",15,"20","0.444","0.611","0.508",11.1,20,19,"0.363","0.577","0.431",57.1
"Carroll, Corbin",682998,"AZ","SI","Sinker",1.9,2,"93",17.4,"20","0.444","0.722","0.518",28.9,20,23.5,"0.296","0.59","0.408",50
"Arenado, Nolan",571448,"AZ","SI","Sinker",0.2,0,"82",17.7,"20","0.353","0.588","0.413",12.5,10,14.3,"0.251","0.468","0.334",31.3
"O'Hoppe, Logan",681351,"LAA","SL","Slider",-3.4,-3,"80",21.3,"20","0.158","0.158","0.17",44,35,29.2,"0.105","0.126","0.13",33.3
"Contreras, Willson",575929,"BOS","CH","Changeup",0.2,0,"74",12.7,"20","0.2","0.35","0.235",56.4,60,44.4,"0.191","0.387","0.245",50
"Sanoja, Javier",691594,"MIA","FF","4-Seam Fastball",0.8,1,"73",27,"20","0.333","0.333","0.4",17.9,10,10.5,"0.188","0.209","0.305",38.5
"Fernandez, Jose",699912,"AZ","SI","Sinker",-1.1,-1,"81",21.1,"20","0.333","0.389","0.403",7.1,10,16.7,"0.295","0.381","0.335",50
"Benintendi, Andrew",643217,"CWS","SI","Sinker",3.8,2,"55",12.9,"20","0.412","0.706","0.475",16.1,20,26.7,"0.316","0.503","0.369",64.3
"Caballero, José",676609,"NYY","SL","Slider",2.1,2,"77",15.6,"20","0.25","0.55","0.333",35.7,20,28.6,"0.264","0.355","0.269",37.5
"Henderson, Gunnar",683002,"BAL","SL","Slider",1.7,1,"76",11.7,"20","0.263","0.526","0.35",35.9,40,40,"0.181","0.241","0.206",27.3
"Abreu, Wilyer",677800,"BOS","SL","Slider",2.2,1,"61",10.6,"20","0.333","0.556","0.413",35.5,20,22.2,"0.264","0.483","0.355",57.1
"Duran, Jarren",680776,"BOS","CU","Curveball",0.3,0,"60",13.1,"20","0.316","0.526","0.35",38.7,25,29.4,"0.335","0.568","0.402",57.1
"Goodman, Hunter",696100,"COL","ST","Sweeper",0.6,0,"63",12.9,"20","0.263","0.526","0.35",50,45,32.1,"0.267","0.441","0.321",30
"Bichette, Bo",666182,"NYM","CH","Changeup",-0.5,0,"39",7,"20","0.294","0.294","0.295",13,10,11.8,"0.317","0.384","0.33",12.5
"Anthony, Roman",701350,"BOS","CU","Curveball",-0.8,-1,"68",12.5,"20","0.067","0.067","0.22",47.8,45,34.6,"0.135","0.205","0.285",33.3
"Young, Cole",702284,"SEA","SL","Slider",1.8,1,"73",12.7,"20","0.222","0.611","0.343",20.7,30,25,"0.306","0.742","0.432",38.5
"Rice, Ben",700250,"NYY","SI","Sinker",-0.3,0,"75",13.7,"20","0.333","0.389","0.358",8.3,25,31.3,"0.366","0.484","0.399",69.2
"Martin, Austin",668885,"MIN","SI","Sinker",1.7,1,"80",19.2,"20","0.417","0.417","0.47",10.3,5,6.3,"0.229","0.253","0.385",8.3
"Winn, Masyn",691026,"STL","SI","Sinker",0.6,1,"82",15.5,"20","0.353","0.588","0.413",3,10,13.3,"0.308","0.513","0.368",43.8
"Adell, Jo",666176,"LAA","CH","Changeup",-5.2,-4,"75",12.8,"20","0.1","0.1","0.09",43.1,35,23.3,"0.151","0.177","0.142",30.8
"McNeil, Jeff",643446,"ATH","SI","Sinker",0.4,0,"64",14.6,"20","0.333","0.444","0.375",5.4,5,6.7,"0.312","0.372","0.339",41.2
"Albies, Ozzie",645277,"ATL","CU","Curveball",-0.7,-1,"79",14.7,"20","0.235","0.294","0.268",15,10,10.5,"0.256","0.32","0.284",6.3
"McCutchen, Andrew",457705,"TEX","FF","4-Seam Fastball",-1.1,-1,"71",31.7,"20","0.222","0.389","0.27",28.2,40,28.6,"0.197","0.331","0.239",18.2
"Adames, Willy",642715,"SF","SL","Slider",-2.3,-2,"79",13.6,"20","0.15","0.25","0.17",42.5,55,35.5,"0.11","0.189","0.126",44.4
"Jensen, Carter",695600,"KC","SL","Slider",-5.3,-3,"63",12.6,"20","0.059","0.059","0.15",48.4,45,47.4,"0.091","0.151","0.194",25
"Perez, Salvador",521692,"KC","SI","Sinker",0.4,0,"77",14.5,"20","0.333","0.556","0.378",7.1,0,0,"0.284","0.565","0.399",47.4
"Chisholm Jr., Jazz",665862,"NYY","CH","Changeup",-0.5,0,"74",13.3,"20","0.2","0.4","0.253",33.3,40,29.6,"0.223","0.403","0.266",50
"Sullivan, Brett",664954,"COL","FF","4-Seam Fastball",-2.5,-1,"59",31.4,"20","0.263","0.316","0.278",18.2,20,28.6,"0.239","0.302","0.259",46.7
"Rojas, Miguel",500743,"LAD","FF","4-Seam Fastball",4.4,2,"53",27.5,"19","0.389","0.722","0.482",19.2,15.8,27.3,"0.326","0.528","0.381",46.7
"Murakami, Munetaka",808959,"CWS","CH","Changeup",4.8,4,"85",12.9,"19","0.353","0.706","0.474",55.6,31.6,23.1,"0.229","0.602","0.384",72.7
"Reynolds, Bryan",668804,"PIT","CH","Changeup",0.3,0,"107",16.4,"19","0.235","0.235","0.311",34.3,15.8,10.3,"0.279","0.334","0.312",28.6
"Crawford, J.P.",641487,"SEA","SL","Slider",-1.3,-1,"74",14.8,"19","0.111","0.278","0.2",28.6,42.1,29.6,"0.141","0.287","0.211",30
"Tovar, Ezequiel",678662,"COL","ST","Sweeper",-3.6,-2,"58",11.3,"19","0.167","0.167","0.179",35.7,36.8,25,"0.185","0.252","0.217",36.4
"Lukes, Nathan",664770,"TOR","FF","4-Seam Fastball",-0.9,-1,"91",40.6,"19","0.316","0.316","0.332",15.7,15.8,9.4,"0.19","0.248","0.19",31.3
"Contreras, Willson",575929,"BOS","SL","Slider",4,3,"81",13.9,"19","0.375","0.688","0.489",44.7,36.8,26.9,"0.337","0.897","0.543",44.4
"Walker, Jordan",691023,"STL","CH","Changeup",1.6,1,"66",12.3,"19","0.235","0.471","0.387",56.8,57.9,36.7,"0.183","0.39","0.289",66.7
"Bogaerts, Xander",593428,"SD","ST","Sweeper",0.1,0,"66",12.8,"19","0.235","0.294","0.282",20,15.8,13,"0.271","0.342","0.311",21.4
"Young, Jacob",696285,"WSH","SL","Slider",-3.2,-2,"56",12.9,"19","0.167","0.167","0.179",33.3,26.3,33.3,"0.244","0.41","0.302",38.5
"Vierling, Matt",663837,"DET","SI","Sinker",-0.2,0,"72",21.9,"19","0.176","0.412","0.292",8,5.3,14.3,"0.341","0.506","0.399",56.3
"Muncy, Max",691777,"ATH","SL","Slider",0.3,0,"77",19.1,"19","0.188","0.375","0.274",54.5,42.1,28.6,"0.178","0.433","0.303",55.6
"Pagés, Pedro",686780,"STL","FF","4-Seam Fastball",-2.1,-2,"101",30.1,"19","0.133","0.333","0.239",22,21.1,12.5,"0.243","0.484","0.333",38.5
"Yorke, Nick",694377,"PIT","FF","4-Seam Fastball",-0.5,0,"78",25.7,"19","0.286","0.357","0.355",14.3,15.8,8.8,"0.331","0.431","0.402",50
"Herrera, Iván",671056,"STL","SL","Slider",1.6,1,"68",10.5,"19","0.167","0.25","0.371",37.9,26.3,22.7,"0.261","0.475","0.455",57.1
"Rosario, Amed",642708,"NYY","FF","4-Seam Fastball",-2.5,-2,"72",30.1,"19","0.133","0.133","0.242",24.2,21.1,18.2,"0.142","0.242","0.279",27.3
"Giménez, Andrés",665926,"TOR","SI","Sinker",-3.2,-2,"65",15.1,"19","0.235","0.235","0.239",15.4,5.3,11.1,"0.33","0.38","0.333",41.2
"Langeliers, Shea",669127,"ATH","ST","Sweeper",0.1,0,"56",10.3,"19","0.167","0.556","0.313",20,21.1,20,"0.213","0.663","0.38",50
"Perdomo, Geraldo",672695,"AZ","SI","Sinker",-2,-2,"79",14.8,"19","0.133","0.133","0.256",7.4,15.8,18.8,"0.194","0.23","0.3",41.7
"Acuña, Luisangel",682668,"CWS","SL","Slider",-4,-3,"70",22.1,"19","0.105","0.105","0.095",37.5,36.8,41.2,"0.158","0.186","0.15",33.3
"Schwarber, Kyle",656941,"PHI","CH","Changeup",1.9,1,"74",11.2,"19","0.176","0.529","0.332",46.7,52.6,34.5,"0.209","0.549","0.356",57.1
"Neto, Zach",687263,"LAA","ST","Sweeper",-4.1,-3,"69",10,"19","0.056","0.056","0.084",55.2,52.6,34.5,"0.071","0.081","0.099",25
"Robert Jr., Luis",673357,"NYM","SL","Slider",0.9,1,"65",17.2,"19","0.294","0.471","0.368",37.9,15.8,12,"0.342","0.573","0.423",50
"Butler, Lawrence",671732,"ATH","SI","Sinker",-3.1,-2,"64",14.1,"19","0.263","0.263","0.237",18.8,31.6,31.6,"0.318","0.461","0.335",61.5
"Guerrero Jr., Vladimir",665489,"TOR","ST","Sweeper",3.4,2,"54",10,"19","0.353","0.471","0.395",20,10.5,11.8,"0.354","0.593","0.437",46.7
"Acuña, Luisangel",682668,"CWS","SI","Sinker",-4.4,-3,"61",19.2,"19","0.133","0.133","0.178",3.6,0,0,"0.324","0.371","0.331",35.3
"Del Castillo, Adrian",680728,"AZ","FF","4-Seam Fastball",2.9,3,"92",32.6,"19","0.333","0.722","0.503",33.3,36.8,17.5,"0.233","0.59","0.363",54.5
"Bellinger, Cody",641355,"NYY","SL","Slider",6.2,5,"88",16.2,"19","0.333","1.133","0.626",18.9,5.3,5.3,"0.333","0.888","0.514",33.3
"Lee, Brooks",686797,"MIN","SI","Sinker",-3.9,-2,"63",13.3,"19","0.167","0.167","0.179",18.2,15.8,17.6,"0.206","0.312","0.247",40
"Baldwin, Drake",686948,"ATL","SL","Slider",2.6,2,"80",12.6,"19","0.294","0.706","0.445",37.2,26.3,19.2,"0.265","0.603","0.399",41.7
"Harris II, Michael",671739,"ATL","FF","4-Seam Fastball",3.1,3,"110",25.8,"19","0.357","0.714","0.516",21.8,5.3,3.8,"0.36","0.856","0.558",61.5
"Correa, Carlos",621043,"HOU","SL","Slider",0.1,0,"86",14.8,"19","0.25","0.375","0.3",36.7,26.3,20,"0.258","0.353","0.297",41.7
"Arozarena, Randy",668227,"SEA","ST","Sweeper",-2.6,-1,"53",8.6,"19","0.067","0.067","0.158",18.5,21.1,17.4,"0.157","0.183","0.242",33.3
"Aranda, Jonathan",666018,"TB","SL","Slider",5.1,4,"70",11.7,"19","0.333","0.722","0.455",23.1,26.3,17.2,"0.223","0.377","0.28",46.2
"Muncy, Max",571970,"LAD","CH","Changeup",1.4,1,"75",13.9,"19","0.313","0.375","0.366",32.4,10.5,7.7,"0.361","0.473","0.414",42.9
"Reynolds, Bryan",668804,"PIT","SL","Slider",-2.3,-2,"92",14.1,"19","0.111","0.222","0.168",45.8,63.2,33.3,"0.08","0.106","0.112",33.3
"Harper, Bryce",547180,"PHI","CH","Changeup",1.1,1,"52",9.5,"19","0.294","0.412","0.347",28.1,15.8,15,"0.331","0.564","0.415",57.1
"Vientos, Mark",668901,"NYM","SI","Sinker",1.8,1,"64",17.7,"19","0.278","0.667","0.408",14.3,5.3,12.5,"0.307","0.679","0.428",52.9
"Horwitz, Spencer",687462,"PIT","SI","Sinker",0.2,0,"66",14.9,"19","0.214","0.214","0.374",7.7,10.5,11.1,"0.231","0.275","0.347",33.3
"Wilson, Jacob",805779,"ATH","SL","Slider",-3.1,-2,"78",16.4,"19","0.211","0.211","0.189",18,15.8,11.5,"0.274","0.336","0.263",31.3
"Wetherholt, JJ",802139,"STL","SL","Slider",-3.4,-2,"73",11.3,"19","0.158","0.158","0.189",24.2,15.8,17.6,"0.193","0.345","0.225",56.3
"Díaz, Yandy",650490,"TB","ST","Sweeper",3,2,"54",10.9,"19","0.368","0.421","0.35",11.5,10.5,11.1,"0.324","0.507","0.354",29.4
"Herrera, Iván",671056,"STL","ST","Sweeper",-2.2,-2,"77",11.9,"19","0.222","0.222","0.189",25,31.6,20.7,"0.207","0.263","0.201",30.8
"Wetherholt, JJ",802139,"STL","ST","Sweeper",-0.8,-1,"74",11.5,"19","0.188","0.188","0.216",18.8,15.8,11.1,"0.135","0.224","0.256",57.1
"Lowe, Brandon",664040,"PIT","CU","Curveball",3.7,2,"58",10.2,"19","0.375","0.75","0.508",33.3,15.8,17.6,"0.284","0.492","0.389",38.5
"Hernández, Heriberto",681715,"MIA","SI","Sinker",-0.5,0,"58",22,"19","0.2","0.2","0.337",16.7,5.3,33.3,"0.207","0.299","0.32",42.9
"Neto, Zach",687263,"LAA","CH","Changeup",-0.4,0,"81",11.8,"19","0.125","0.125","0.253",32.4,26.3,16.1,"0.162","0.217","0.246",18.2
"Fortes, Nick",663743,"TB","SI","Sinker",-1.4,-1,"63",20.5,"19","0.222","0.389","0.284",0,0,0,"0.308","0.462","0.351",38.9
"Naylor, Josh",647304,"SEA","FC","Cutter",0,0,"51",11.1,"19","0.278","0.5","0.35",16.7,15.8,30,"0.248","0.439","0.315",26.7
"Nimmo, Brandon",607043,"TEX","SL","Slider",-0.2,0,"82",15,"19","0.235","0.412","0.321",40,36.8,24.1,"0.232","0.434","0.327",50
"Fermin, Freddy",666023,"SD","FF","4-Seam Fastball",-0.8,-1,"91",33.3,"18","0.125","0.188","0.247",26.7,27.8,16.7,"0.137","0.235","0.218",45.5
"Lindor, Francisco",596019,"NYM","CH","Changeup",-1.8,-1,"75",16.3,"18","0.167","0.333","0.258",27.7,22.2,12.9,"0.23","0.412","0.273",28.6
"Taylor, Tyrone",621438,"NYM","FF","4-Seam Fastball",-2.1,-2,"86",35.4,"18","0.188","0.375","0.238",17.6,16.7,10.7,"0.168","0.269","0.185",26.7
"Altuve, Jose",514888,"HOU","ST","Sweeper",2.5,2,"63",12.4,"18","0.278","0.5","0.35",31.3,16.7,16.7,"0.155","0.308","0.196",13.3
"Stowers, Kyle",669065,"MIA","FF","4-Seam Fastball",-1.8,-1,"67",32.4,"18","0.25","0.25","0.278",25,22.2,16.7,"0.235","0.285","0.278",50
"Crawford, Justin",702222,"PHI","CH","Changeup",-3.6,-1,"38",9.6,"18","0.111","0.111","0.15",26.9,22.2,21.1,"0.234","0.264","0.218",28.6
"Harris, Dustin",687957,"HOU","FF","4-Seam Fastball",-1.8,-1,"64",33.9,"18","0.188","0.188","0.228",8.7,16.7,20,"0.301","0.374","0.337",15.4
"Mayo, Coby",691723,"BAL","ST","Sweeper",-7.3,-4,"55",14.9,"18","0.059","0.059","0.05",40.7,38.9,41.2,"0.079","0.121","0.1",18.2
"Benintendi, Andrew",643217,"CWS","CH","Changeup",-4.1,-2,"60",14.1,"18","0.167","0.167","0.159",35.1,33.3,28.6,"0.319","0.455","0.333",25
"Williamson, Ben",810938,"TB","SL","Slider",-0.2,0,"64",16,"18","0.333","0.389","0.319",16,11.1,15.4,"0.344","0.41","0.328",43.8
"Mayer, Marcelo",691785,"BOS","SI","Sinker",4.1,2,"49",13.2,"18","0.389","0.667","0.476",14.3,5.6,8.3,"0.263","0.374","0.274",41.2
"Anthony, Roman",701350,"BOS","SL","Slider",2.3,1,"60",11,"18","0.333","0.6","0.447",26.9,16.7,18.8,"0.309","0.549","0.419",41.7
"Pagés, Pedro",686780,"STL","SL","Slider",-0.6,0,"54",16.1,"18","0.222","0.444","0.281",31,33.3,30,"0.227","0.372","0.256",33.3
"Mayer, Marcelo",691785,"BOS","SL","Slider",-1.3,-1,"48",13,"18","0.2","0.2","0.267",28.6,22.2,40,"0.173","0.242","0.266",54.5
"Gelof, Zack",680869,"ATH","FF","4-Seam Fastball",-2.3,-2,"66",40.2,"18","0.125","0.188","0.197",36.4,27.8,18.5,"0.195","0.245","0.246",45.5
"Torkelson, Spencer",679529,"DET","FC","Cutter",-2.7,-2,"69",11.4,"18","0.143","0.143","0.256",33.3,22.2,44.4,"0.221","0.267","0.32",30
"Schanuel, Nolan",694384,"LAA","CH","Changeup",-2.4,-2,"80",14.6,"18","0.118","0.118","0.139",27.3,22.2,14.8,"0.169","0.199","0.188",0
"O'Neill, Tyler",641933,"BAL","FF","4-Seam Fastball",-5.2,-3,"55",25.9,"18","0.118","0.118","0.139",22.6,16.7,18.8,"0.226","0.27","0.244",42.9
"Lee, Hao-Yu ",701678,"DET","FF","4-Seam Fastball",-1,-1,"55",36.7,"18","0.235","0.471","0.319",38.7,38.9,41.2,"0.253","0.671","0.401",60
"Wells, Austin",669224,"NYY","SI","Sinker",-5.4,-3,"51",12.3,"18","0.125","0.125","0.188",11.1,11.1,20,"0.189","0.274","0.257",50
"Vilade, Ryan",668723,"TB","FF","4-Seam Fastball",-1,-1,"65",33.5,"18","0.235","0.353","0.278",27,44.4,32,"0.162","0.238","0.2",33.3
"Vivas, Jorbit",678391,"WSH","SI","Sinker",1.6,1,"54",19.1,"18","0.357","0.5","0.429",12,0,0,"0.28","0.319","0.338",20
"Swanson, Dansby",621020,"CHC","SL","Slider",-2.5,-3,"99",17,"18","0","0","0.167",37.2,33.3,18.8,"0.081","0.105","0.185",33.3
"Kelly, Carson",608348,"CHC","SI","Sinker",1.5,1,"69",18.1,"18","0.333","0.4","0.386",4.3,11.1,13.3,"0.321","0.423","0.384",61.5
"Perdomo, Geraldo",672695,"AZ","CH","Changeup",0.8,1,"64",12,"18","0.267","0.4","0.317",6.5,5.6,4.3,"0.262","0.298","0.309",46.7
"Dingler, Dillon",693307,"DET","CH","Changeup",6.3,3,"55",11.9,"18","0.294","0.529","0.469",31.4,27.8,20.8,"0.245","0.369","0.288",66.7
"Ramos, Heliot",671218,"SF","ST","Sweeper",-2.9,-2,"65",11.7,"18","0.133","0.133","0.178",28.6,27.8,15.6,"0.175","0.251","0.233",36.4
"Refsnyder, Rob",608701,"SEA","FF","4-Seam Fastball",-4.1,-3,"72",41.1,"18","0.118","0.294","0.2",17.9,22.2,20,"0.16","0.351","0.242",46.2
"Call, Alex",669743,"LAD","FF","4-Seam Fastball",2.9,2,"56",31.5,"18","0.385","0.538","0.483",4,5.6,5.9,"0.336","0.391","0.422",33.3
"Acuña Jr., Ronald",660670,"ATL","CH","Changeup",2,1,"62",10.4,"18","0.353","0.588","0.417",37,27.8,19.2,"0.29","0.526","0.365",41.7
"Raleigh, Cal",663728,"SEA","SL","Slider",-0.7,-1,"77",11.9,"18","0.133","0.333","0.239",30.2,33.3,15.8,"0.263","0.56","0.368",30
"Taylor, Tyrone",621438,"NYM","SL","Slider",-3.6,-2,"56",23,"18","0.111","0.111","0.15",25.8,22.2,16.7,"0.169","0.209","0.163",0
"Baldwin, Drake",686948,"ATL","CU","Curveball",1.3,1,"65",10.2,"18","0.222","0.389","0.261",29,38.9,28,"0.181","0.459","0.265",36.4
"Adell, Jo",666176,"LAA","ST","Sweeper",-0.1,0,"81",13.8,"18","0.353","0.412","0.358",20.9,27.8,17.2,"0.282","0.341","0.296",50
"Dubón, Mauricio",643289,"ATL","CH","Changeup",-3.3,-1,"45",8.9,"18","0.167","0.222","0.169",14.8,11.1,13.3,"0.204","0.301","0.217",18.8
"Ohtani, Shohei",660271,"LAD","CH","Changeup",2.7,2,"84",14,"18","0.333","0.556","0.381",45.5,44.4,26.7,"0.327","0.617","0.399",70
"McGonigle, Kevin",805808,"DET","CH","Changeup",1.5,1,"85",13.6,"18","0.313","0.313","0.328",24.2,16.7,14.3,"0.224","0.434","0.325",23.1
"Contreras, William",661388,"MIL","ST","Sweeper",-2.9,-2,"61",11.8,"18","0.167","0.222","0.169",20,22.2,16,"0.189","0.32","0.218",28.6
"Bauers, Jake",641343,"MIL","SI","Sinker",-4.1,-3,"72",14.5,"18","0.133","0.133","0.217",20,11.1,16.7,"0.22","0.272","0.299",46.2
"Turang, Brice",668930,"MIL","SL","Slider",3.1,2,"62",10.3,"18","0.375","0.625","0.458",25,27.8,25,"0.304","0.529","0.392",36.4
"Martínez, Angel",682657,"CLE","SL","Slider",3,2,"57",12.7,"18","0.412","0.824","0.521",11.6,16.7,12.5,"0.289","0.486","0.328",26.7
"McNeil, Jeff",643446,"ATH","CH","Changeup",2.6,2,"59",13.5,"18","0.235","0.471","0.319",21.2,5.6,5.3,"0.27","0.392","0.309",18.8
"Torres, Gleyber",650402,"DET","ST","Sweeper",1.7,1,"67",10.9,"18","0.313","0.313","0.328",13,22.2,13.3,"0.254","0.291","0.288",8.3
"Ward, Taylor",621493,"BAL","FC","Cutter",2.8,2,"63",9.2,"18","0.308","0.538","0.414",20,11.1,10.5,"0.31","0.592","0.43",50
"Martínez, Angel",682657,"CLE","CH","Changeup",0,0,"66",14.7,"18","0.353","0.412","0.338",12.5,0,0,"0.431","0.572","0.436",22.2
"Freeman, Freddie",518692,"LAD","CH","Changeup",-2.5,-2,"71",13.1,"18","0.176","0.176","0.189",11.1,0,0,"0.378","0.614","0.44",64.7
"DeLauter, Chase",800050,"CLE","SL","Slider",3.3,2,"66",13.1,"18","0.375","0.625","0.458",20,16.7,12.5,"0.248","0.456","0.342",30.8
"DeLauter, Chase",800050,"CLE","CH","Changeup",-0.7,-1,"78",15.4,"18","0.176","0.235","0.208",24.1,5.6,4.5,"0.272","0.31","0.278",25
"Tucker, Kyle",663656,"LAD","SL","Slider",-3.3,-3,"85",15.1,"18","0.125","0.125","0.139",43.2,44.4,29.6,"0.108","0.144","0.161",44.4
"Gonzales, Nick",693304,"PIT","ST","Sweeper",5.6,2,"42",8.9,"18","0.438","0.5","0.447",16,5.6,8.3,"0.399","0.499","0.426",26.7
"Greene, Riley",682985,"DET","SL","Slider",4.3,3,"61",9.5,"18","0.5","0.611","0.489",21.2,16.7,13.6,"0.31","0.55","0.366",53.3
"Guerrero Jr., Vladimir",665489,"TOR","CH","Changeup",7,3,"45",8.3,"18","0.438","0.688","0.508",36,11.1,10.5,"0.389","0.624","0.463",50
"O'Hearn, Ryan",656811,"PIT","SL","Slider",-0.7,0,"72",12.4,"18","0.188","0.25","0.247",23.5,27.8,15.6,"0.312","0.373","0.343",45.5
"Tucker, Kyle",663656,"LAD","FC","Cutter",-0.9,-1,"61",10.9,"18","0.294","0.353","0.308",11.8,16.7,21.4,"0.258","0.379","0.295",42.9
"Beck, Jordan",687597,"COL","SL","Slider",0.7,0,"64",22.9,"18","0.176","0.412","0.317",38.9,22.2,19,"0.264","0.437","0.32",46.2
"Gonzales, Nick",693304,"PIT","SL","Slider",-0.2,0,"82",17.4,"18","0.25","0.25","0.328",34.1,11.1,7.7,"0.281","0.416","0.347",42.9
"Saggese, Thomas",695336,"STL","SI","Sinker",-2,-1,"45",19.6,"17","0.214","0.214","0.282",5,5.9,7.1,"0.295","0.432","0.38",38.5
"Bregman, Alex",608324,"CHC","ST","Sweeper",-0.6,0,"62",9.7,"17","0.143","0.357","0.253",36.8,29.4,22.7,"0.175","0.439","0.294",40
"Julien, Edouard",666397,"COL","SL","Slider",-1.4,-1,"62",14.5,"17","0.071","0.286","0.241",54.8,58.8,37,"0.15","0.378","0.305",25
"Lockridge, Brandon",663604,"MIL","SI","Sinker",-4.5,-3,"73",18,"17","0.188","0.188","0.2",25,17.6,20,"0.22","0.242","0.232",38.5
"Laureano, Ramón",657656,"SD","CH","Changeup",4.4,2,"56",10.2,"17","0.25","0.625","0.382",34.3,29.4,26.3,"0.205","0.458","0.302",27.3
"DeLauter, Chase",800050,"CLE","SI","Sinker",8.2,5,"64",12.7,"17","0.643","1","0.706",0,5.9,10,"0.545","0.695","0.567",61.5
"Carpenter, Kerry",681481,"DET","CU","Curveball",-0.8,-1,"63",14.1,"17","0.071","0.214","0.218",48,47.1,36.4,"0.165","0.197","0.253",16.7
"Scott II, Victor",687363,"STL","SI","Sinker",-0.1,0,"57",15.9,"17","0.438","0.438","0.412",7.7,11.8,28.6,"0.318","0.367","0.324",35.7
"Moncada, Yoán",660162,"LAA","SI","Sinker",-4.3,-2,"54",11.7,"17","0.118","0.471","0.25",13,41.2,43.8,"0.16","0.478","0.265",60
"O'Hoppe, Logan",681351,"LAA","SI","Sinker",2.5,2,"63",16.8,"17","0.333","0.333","0.447",10,11.8,15.4,"0.21","0.233","0.434",62.5
"Paredes, Isaac",670623,"HOU","SL","Slider",-1.9,-1,"72",12.4,"17","0.125","0.188","0.168",23.3,29.4,17.9,"0.101","0.149","0.142",27.3
"Melendez, MJ",669004,"NYM","FF","4-Seam Fastball",1.7,1,"67",40.9,"17","0.267","0.733","0.428",37.1,47.1,34.8,"0.111","0.258","0.189",62.5
"Abrams, CJ",682928,"WSH","CH","Changeup",4,2,"51",9.6,"17","0.25","0.625","0.382",44.4,29.4,27.8,"0.251","0.633","0.388",45.5
"Marte, Ketel",606466,"AZ","SL","Slider",-4.9,-3,"57",11.2,"17","0.063","0.063","0.094",23.3,23.5,18.2,"0.275","0.314","0.285",50
"Muncy, Max",571970,"LAD","CU","Curveball",-0.3,0,"89",16.5,"17","0.25","0.25","0.253",33.3,41.2,21.2,"0.194","0.383","0.27",44.4
"Olson, Matt",621566,"ATL","CH","Changeup",0.4,0,"82",11.5,"17","0.118","0.353","0.191",22.2,35.3,20.7,"0.169","0.352","0.221",45.5
"Kwan, Steven",680757,"CLE","FC","Cutter",-0.6,0,"55",9.7,"17","0.25","0.375","0.253",0,5.9,8.3,"0.301","0.38","0.293",12.5
"Amaya, Miguel",665804,"CHC","FF","4-Seam Fastball",0.7,1,"72",26.2,"17","0.294","0.471","0.329",12.9,17.6,9.4,"0.222","0.44","0.281",21.4
"Rengifo, Luis",650859,"MIL","FC","Cutter",-5.8,-4,"68",16.3,"17","0.063","0.063","0.094",27.8,23.5,26.7,"0.142","0.281","0.209",33.3
"Narváez, Carlos",665966,"BOS","SI","Sinker",2.3,1,"62",20.3,"17","0.353","0.529","0.382",2.9,0,0,"0.386","0.657","0.445",70.6
"Karros, Kyle",691720,"COL","ST","Sweeper",-1.6,-1,"74",14.1,"17","0.071","0.143","0.197",32,29.4,17.9,"0.14","0.176","0.234",11.1
"Rumfield, TJ",681198,"COL","SL","Slider",0.9,1,"67",12.7,"17","0.25","0.5","0.338",43.8,47.1,36.4,"0.212","0.453","0.302",50
"Stephenson, Tyler",663886,"CIN","SI","Sinker",4.1,2,"55",14.1,"17","0.5","0.786","0.579",16.7,5.9,10,"0.443","0.871","0.582",69.2
"Tucker, Kyle",663656,"LAD","SI","Sinker",0.8,0,"58",10.3,"17","0.333","0.5","0.418",11.4,5.9,6.7,"0.333","0.446","0.427",50
"Correa, Carlos",621043,"HOU","ST","Sweeper",2,1,"57",9.8,"17","0.235","0.588","0.394",31.3,41.2,33.3,"0.208","0.519","0.303",30
"Torres, Gleyber",650402,"DET","SL","Slider",1.5,1,"74",12,"17","0.429","0.429","0.441",28.6,11.8,11.1,"0.358","0.467","0.417",16.7
"Crow-Armstrong, Pete",691718,"CHC","SL","Slider",2,2,"80",15.1,"17","0.438","0.5","0.432",35.9,29.4,19.2,"0.315","0.372","0.322",45.5
"Monasterio, Andruw",655316,"BOS","FF","4-Seam Fastball",1.6,1,"68",28.2,"17","0.308","0.462","0.418",15.2,17.6,12.5,"0.283","0.431","0.4",50
"Jensen, Carter",695600,"KC","SI","Sinker",2,1,"63",12.6,"17","0.4","0.6","0.465",21.4,17.6,16.7,"0.274","0.451","0.356",50
"Peraza, Oswald",672724,"LAA","SI","Sinker",1,1,"85",21.8,"17","0.4","0.533","0.441",16.2,5.9,4.5,"0.328","0.452","0.38",35.7
"Buxton, Byron",621439,"MIN","SL","Slider",4.3,3,"69",13.1,"17","0.294","0.824","0.459",37.2,29.4,21.7,"0.2","0.515","0.295",33.3
"Thomas, Alek",677950,"AZ","CU","Curveball",-5.8,-3,"53",16.2,"17","0.059","0.059","0.056",25,23.5,25,"0.207","0.3","0.217",38.5
"Torres, Gleyber",650402,"DET","FC","Cutter",-3.6,-3,"75",12.2,"17","0.143","0.143","0.188",37,23.5,36.4,"0.199","0.22","0.237",27.3
"Rumfield, TJ",681198,"COL","CU","Curveball",-0.7,0,"66",12.5,"17","0.25","0.25","0.253",35.5,17.6,17.6,"0.182","0.249","0.212",23.1
"Ballesteros, Moisés",694208,"CHC","CH","Changeup",2.8,2,"59",16.5,"17","0.375","0.438","0.432",19.2,0,0,"0.274","0.378","0.307",43.8
"Wetherholt, JJ",802139,"STL","CH","Changeup",0.8,1,"73",11.3,"17","0.188","0.25","0.221",29,29.4,16.7,"0.176","0.213","0.202",27.3
"Hamilton, David",666152,"MIL","SI","Sinker",4.2,3,"61",14.9,"17","0.727","0.727","0.669",11.5,0,0,"0.364","0.396","0.451",16.7
"Lee, Jung Hoo",808982,"SF","SL","Slider",-1.6,-1,"67",13.2,"17","0.25","0.313","0.232",21.4,11.8,9.5,"0.202","0.234","0.205",20
"Báez, Javier",595879,"DET","ST","Sweeper",-1,0,"48",17.2,"17","0.235","0.412","0.276",35.3,29.4,27.8,"0.213","0.287","0.217",25
"Lowe, Brandon",664040,"PIT","SI","Sinker",-3.9,-3,"76",13.4,"17","0.133","0.2","0.209",25.6,5.9,8.3,"0.255","0.367","0.319",28.6
"Shaw, Matt",807713,"CHC","SI","Sinker",-1.5,-1,"71",20.5,"17","0.313","0.438","0.347",3.1,0,0,"0.3","0.366","0.311",43.8
"Keith, Colt",690993,"DET","CH","Changeup",-2.6,-2,"67",17.3,"17","0.176","0.176","0.159",34.5,23.5,18.2,"0.165","0.21","0.161",38.5
"Altuve, Jose",514888,"HOU","SL","Slider",2.2,1,"68",13.3,"17","0.286","0.571","0.403",29,17.6,15,"0.266","0.467","0.36",16.7
"Vargas, Ildemaro",545121,"AZ","SI","Sinker",8.3,4,"47",13.3,"17","0.438","1.063","0.622",4.5,5.9,16.7,"0.309","0.583","0.376",50
"Stewart, Sal",701398,"CIN","ST","Sweeper",-0.6,0,"80",13.9,"17","0.2","0.333","0.269",13.9,17.6,11.5,"0.157","0.278","0.215",21.4
"House, Brady",691781,"WSH","SL","Slider",3.5,2,"66",13.5,"17","0.471","0.706","0.509",28.6,29.4,23.8,"0.209","0.313","0.224",41.7
"Ramírez, José",608070,"CLE","FC","Cutter",-1.2,-1,"83",12.9,"17","0.25","0.313","0.274",22.2,23.5,20,"0.279","0.38","0.309",25
"Kim, Hyeseong",808975,"LAD","CH","Changeup",-4.7,-2,"42",14.5,"17","0.125","0.125","0.106",17.4,23.5,22.2,"0.165","0.189","0.173",0
"Pagés, Pedro",686780,"STL","SI","Sinker",1.9,1,"54",16.1,"17","0.4","0.6","0.465",17.2,11.8,15.4,"0.286","0.439","0.359",30.8
"Rengifo, Luis",650859,"MIL","CH","Changeup",-1.2,-1,"53",12.7,"17","0.125","0.25","0.2",20.7,11.8,14.3,"0.223","0.331","0.253",26.7
"Torkelson, Spencer",679529,"DET","ST","Sweeper",-0.4,0,"78",12.9,"17","0.176","0.294","0.2",37.9,52.9,31,"0.085","0.152","0.101",25
"Raleigh, Cal",663728,"SEA","FC","Cutter",-0.8,-1,"85",13.1,"17","0.143","0.357","0.294",34,23.5,20,"0.149","0.451","0.327",40
"Johnston, Troy",687859,"COL","CH","Changeup",-0.9,0,"51",12.1,"17","0.25","0.25","0.253",25,23.5,21.1,"0.256","0.313","0.275",25
"Smith, Josh",669701,"TEX","SI","Sinker",-2.6,-2,"68",16.3,"17","0.214","0.286","0.303",20.6,11.8,13.3,"0.327","0.61","0.45",58.3
"Yelich, Christian",592885,"MIL","FF","4-Seam Fastball",3.2,2,"63",25.6,"17","0.471","0.647","0.485",17.1,11.8,8.7,"0.324","0.46","0.34",40
"Duran, Jarren",680776,"BOS","CH","Changeup",0.9,0,"41",8.9,"17","0.188","0.438","0.285",39.1,17.6,23.1,"0.285","0.477","0.348",38.5
"Raley, Luke",670042,"SEA","CH","Changeup",-1.2,-1,"71",18.7,"17","0.25","0.25","0.253",63.4,41.2,31.8,"0.316","0.429","0.344",33.3
"Caratini, Victor",605170,"MIN","CH","Changeup",-1.2,-1,"55",15,"17","0.188","0.25","0.179",34.6,29.4,20.8,"0.25","0.35","0.265",41.7
"Edwards, Xavier",669364,"MIA","CH","Changeup",0.6,0,"80",13.9,"17","0.333","0.333","0.325",46.9,29.4,25,"0.226","0.324","0.265",45.5
"Hernaiz, Darell",687231,"ATH","FF","4-Seam Fastball",-1.1,-1,"98",40.8,"17","0.154","0.154","0.244",21.6,23.5,10,"0.19","0.224","0.279",30
"Judge, Aaron",592450,"NYY","ST","Sweeper",4.1,2,"58",8.4,"17","0.214","0.5","0.368",15,11.8,11.1,"0.29","0.744","0.478",50
"Conforto, Michael",624424,"CHC","FF","4-Seam Fastball",7.7,4,"53",34.2,"17","0.429","0.857","0.568",34.6,29.4,29.4,"0.295","0.6","0.435",66.7
"Slater, Austin",596103,"NYM","FF","4-Seam Fastball",-4.8,-3,"58",37.9,"17","0.077","0.077","0.176",23.3,11.8,14.3,"0.19","0.33","0.293",25
"Paredes, Isaac",670623,"HOU","FC","Cutter",2.7,2,"63",10.8,"17","0.417","0.5","0.491",12,5.9,7.1,"0.356","0.412","0.443",9.1
"Castellanos, Nick",592206,"SD","FF","4-Seam Fastball",-0.9,0,"55",22.4,"17","0.25","0.313","0.326",8.6,5.9,4.3,"0.334","0.456","0.363",33.3
"Mitchell, Garrett",669003,"MIL","SI","Sinker",2.2,1,"60",11.4,"17","0.364","0.455","0.479",14.3,17.6,25,"0.266","0.565","0.474",50
"Sánchez, Jesús",660821,"TOR","CU","Curveball",5.5,2,"42",9.7,"17","0.2","0.6","0.371",21.7,23.5,18.2,"0.251","0.644","0.411",45.5
"Perez, Salvador",521692,"KC","ST","Sweeper",-1.8,-1,"59",11.1,"17","0.133","0.2","0.209",39.4,41.2,26.9,"0.141","0.18","0.205",25
"Goodman, Hunter",696100,"COL","CU","Curveball",-0.6,0,"44",9,"17","0.118","0.471","0.235",46.2,52.9,52.9,"0.177","0.496","0.275",50
"Keaschall, Luke",807712,"MIN","FC","Cutter",-3.6,-2,"54",9.6,"17","0.176","0.176","0.159",19.2,11.8,18.2,"0.251","0.474","0.305",40
"Ward, Taylor",621493,"BAL","CH","Changeup",-0.3,0,"55",8.1,"17","0.25","0.25","0.253",4.5,0,0,"0.236","0.277","0.254",31.3
"Fermin, Freddy",666023,"SD","SI","Sinker",-2.2,-1,"55",20.1,"17","0.2","0.333","0.282",6.5,0,0,"0.248","0.319","0.298",46.7
"McGonigle, Kevin",805808,"DET","SL","Slider",0.4,0,"81",13,"17","0.154","0.308","0.312",17.9,23.5,15.4,"0.17","0.368","0.338",33.3
"Tatis Jr., Fernando",665487,"SD","CH","Changeup",-0.4,0,"61",11.6,"17","0.25","0.313","0.232",38.2,47.1,25.8,"0.174","0.225","0.208",55.6
"Clement, Ernie",676391,"TOR","CU","Curveball",-4.1,-2,"40",9,"16","0.188","0.25","0.191",9.1,0,0,"0.257","0.319","0.25",18.8
"Raleigh, Cal",663728,"SEA","CU","Curveball",-1.4,-1,"77",11.9,"16","0.125","0.313","0.181",24.2,31.3,16.1,"0.182","0.376","0.237",18.2
"Lowe, Brandon",664040,"PIT","CH","Changeup",1.8,1,"72",12.7,"16","0.143","0.357","0.325",32.4,25,14.8,"0.237","0.457","0.346",30
"McGuire, Reese",624512,"CWS","FF","4-Seam Fastball",-2.1,-1,"35",31.8,"16","0.286","0.286","0.313",25,18.8,30,"0.238","0.283","0.288",18.2
"Abreu, Wilyer",677800,"BOS","FC","Cutter",3.4,2,"52",9,"16","0.357","0.5","0.44",8.3,6.3,6.7,"0.396","0.702","0.497",38.5
"García, Adolis",666969,"PHI","ST","Sweeper",-1.9,-1,"50",8.7,"16","0.214","0.214","0.256",25.9,31.3,20,"0.245","0.365","0.317",44.4
"Machado, Manny",592518,"SD","CH","Changeup",6.1,2,"39",7.1,"16","0.385","0.692","0.459",15,25,23.5,"0.343","0.462","0.372",30
"Gurriel Jr., Lourdes",666971,"AZ","FF","4-Seam Fastball",-1.4,-1,"54",33.8,"16","0.267","0.333","0.291",14.3,12.5,12.5,"0.262","0.376","0.3",38.5
"Chisholm Jr., Jazz",665862,"NYY","CU","Curveball",-4.9,-3,"51",9.1,"16","0.067","0.067","0.1",47.6,50,53.3,"0.089","0.13","0.132",28.6
"Montgomery, Colson",695657,"CWS","CH","Changeup",3.3,2,"62",11.4,"16","0.286","0.571","0.403",28.1,12.5,15.4,"0.267","0.545","0.385",25
"Manzardo, Kyle",700932,"CLE","SI","Sinker",0.5,0,"47",10.6,"16","0.214","0.429","0.325",19,25,50,"0.331","0.742","0.478",60
"Hoskins, Rhys",656555,"CLE","SL","Slider",-1.8,-1,"74",17.2,"16","0.083","0.167","0.253",31.8,25,21.1,"0.162","0.298","0.326",25
"Sánchez, Gary",596142,"MIL","SI","Sinker",-4.3,-3,"64",16.2,"16","0.077","0.077","0.188",8,6.3,10,"0.204","0.245","0.292",33.3
"Albies, Ozzie",645277,"ATL","SL","Slider",1.8,1,"57",10.6,"16","0.467","0.533","0.459",21.2,18.8,20,"0.209","0.241","0.228",16.7
"Machado, Manny",592518,"SD","SL","Slider",0.6,0,"60",10.8,"16","0.143","0.214","0.278",29.2,25,17.4,"0.204","0.271","0.267",40
"Walker, Christian",572233,"HOU","ST","Sweeper",6.5,4,"56",10.1,"16","0.438","0.75","0.506",39.3,25,14.3,"0.249","0.447","0.295",58.3
"Burleson, Alec",676475,"STL","SL","Slider",2.1,1,"52",9.6,"16","0.25","0.688","0.384",11.1,12.5,13.3,"0.307","0.767","0.447",35.7
"Sánchez, Gary",596142,"MIL","SL","Slider",-2.7,-2,"68",17.2,"16","0.071","0.071","0.144",40.7,43.8,29.2,"0.054","0.08","0.138",14.3
"De La Cruz, Elly",682829,"CIN","CU","Curveball",0,0,"92",15.1,"16","0.313","0.5","0.35",48.6,56.3,37.5,"0.284","0.511","0.337",71.4
"DeLuca, Jonny",676356,"TB","SI","Sinker",3.6,2,"52",19.2,"16","0.429","0.857","0.55",18.5,12.5,28.6,"0.365","0.697","0.462",53.8
"Campusano, Luis",669134,"SD","FF","4-Seam Fastball",5.4,2,"44",21.4,"16","0.308","0.692","0.525",25,12.5,13.3,"0.249","0.595","0.417",72.7
"Herrera, Iván",671056,"STL","CH","Changeup",4.3,3,"71",11,"16","0.308","0.615","0.447",30,31.3,16.1,"0.273","0.671","0.45",62.5
"Wallner, Matt",670242,"MIN","SL","Slider",-3.5,-2,"49",10.1,"16","0.071","0.071","0.144",60,43.8,35,"0.184","0.293","0.265",42.9
"Caratini, Victor",605170,"MIN","SI","Sinker",-5.8,-3,"58",15.8,"16","0","0","0.088",5,6.3,11.1,"0.234","0.402","0.341",38.5
"Vientos, Mark",668901,"NYM","SL","Slider",1.4,1,"80",22.1,"16","0.2","0.6","0.35",50,43.8,23.3,"0.255","0.594","0.378",37.5
"Rooker, Brent",667670,"ATH","SI","Sinker",-6.5,-3,"44",17.2,"16","0.071","0.071","0.144",9.5,12.5,50,"0.191","0.245","0.252",25
"Smith, Cam",701358,"HOU","SL","Slider",1.6,2,"96",16.3,"16","0.286","0.643","0.425",39.5,31.3,17.9,"0.34","0.885","0.533",66.7
"Jackson, Jeremiah",669236,"BAL","ST","Sweeper",2.3,1,"41",10.7,"16","0.267","0.467","0.394",23.1,12.5,13.3,"0.248","0.397","0.302",38.5
"Aranda, Jonathan",666018,"TB","CH","Changeup",2.8,1,"46",7.7,"16","0.286","0.429","0.356",14.3,12.5,9.5,"0.301","0.394","0.349",25
"Adames, Willy",642715,"SF","ST","Sweeper",0.9,0,"55",9.4,"16","0.133","0.333","0.225",34.6,43.8,31.8,"0.217","0.496","0.324",37.5
"Millas, Drew",686452,"WSH","FF","4-Seam Fastball",-2.3,-2,"77",33.5,"16","0.167","0.167","0.26",12.1,12.5,9.5,"0.236","0.298","0.325",36.4
"Perez, Salvador",521692,"KC","CU","Curveball",-2.9,-1,"48",9,"16","0.125","0.313","0.181",29.6,25,19,"0.197","0.293","0.21",33.3
"Johnston, Troy",687859,"COL","SL","Slider",-1.2,-1,"46",11,"16","0.25","0.438","0.291",13.8,12.5,15.4,"0.213","0.347","0.239",35.7
"Lewis, Royce",668904,"MIN","FF","4-Seam Fastball",-0.3,0,"87",26.1,"16","0.154","0.385","0.313",35.3,37.5,25,"0.176","0.392","0.324",42.9
"Garver, Mitch",641598,"SEA","SI","Sinker",-1.7,-1,"39",17,"16","0.167","0.167","0.344",13.3,25,44.4,"0.189","0.23","0.312",62.5
"Dubón, Mauricio",643289,"ATL","SL","Slider",0.8,0,"62",12.3,"16","0.143","0.357","0.381",31,18.8,15.8,"0.25","0.388","0.326",36.4
"Devers, Rafael",646240,"SF","CH","Changeup",-6.2,-3,"46",7.9,"16","0.125","0.125","0.113",20.7,12.5,11.8,"0.347","0.516","0.373",50
"Cruz, Oneil",665833,"PIT","CH","Changeup",1,1,"81",13,"16","0.313","0.625","0.394",43.2,31.3,18.5,"0.271","0.515","0.333",45.5
"Giménez, Andrés",665926,"TOR","CU","Curveball",-2.1,-1,"54",12.6,"16","0.214","0.286","0.234",26.5,12.5,8.7,"0.182","0.217","0.239",0
"Lowe, Brandon",664040,"PIT","FC","Cutter",2.7,1,"53",9.4,"16","0.385","0.769","0.525",24.1,6.3,7.7,"0.297","0.384","0.371",58.3
"Heineman, Tyler",623168,"TOR","FF","4-Seam Fastball",-2.8,-2,"66",33.7,"16","0.214","0.214","0.227",8.3,25,22.2,"0.246","0.287","0.263",36.4
"Moniak, Mickey",666160,"COL","CH","Changeup",1.2,1,"64",16,"16","0.267","0.533","0.316",33.3,18.8,23.1,"0.198","0.292","0.201",53.8
"Muncy, Max",571970,"LAD","SI","Sinker",6.6,4,"62",11.5,"16","0.385","0.923","0.572",13.6,12.5,20,"0.441","0.91","0.595",63.6
"Freeman, Freddie",518692,"LAD","CU","Curveball",0.8,0,"52",9.6,"16","0.267","0.267","0.269",12,12.5,10,"0.235","0.311","0.267",38.5
"García Jr., Luis",671277,"WSH","CH","Changeup",-3.8,-2,"62",15.8,"16","0.125","0.125","0.12",17.2,18.8,16.7,"0.236","0.282","0.226",38.5
"Baty, Brett",683146,"NYM","CH","Changeup",-0.9,-1,"62",13.7,"16","0.214","0.357","0.3",33.3,12.5,15.4,"0.213","0.281","0.274",16.7
"Okamoto, Kazuma",672960,"TOR","SL","Slider",2.6,2,"77",12.4,"16","0.385","0.846","0.55",38.7,25,16,"0.354","0.743","0.506",55.6
"Steer, Spencer",668715,"CIN","SL","Slider",0.3,0,"53",11.4,"16","0.2","0.467","0.323",33.3,25,22.2,"0.248","0.591","0.374",27.3
"Crow-Armstrong, Pete",691718,"CHC","ST","Sweeper",1.3,1,"51",9.6,"16","0.2","0.4","0.281",46.7,43.8,35,"0.176","0.377","0.262",25
"Beck, Jordan",687597,"COL","FF","4-Seam Fastball",-1,-1,"66",23.7,"16","0.133","0.333","0.181",13.2,31.3,16.1,"0.147","0.236","0.163",27.3
"Bart, Joey",663698,"PIT","FF","4-Seam Fastball",-1.9,-1,"60",32.4,"16","0.214","0.286","0.278",34.5,25,21.1,"0.226","0.439","0.335",50
"Rumfield, TJ",681198,"COL","CH","Changeup",1.2,1,"64",12.1,"16","0.214","0.286","0.334",22.2,12.5,10.5,"0.262","0.351","0.321",25
"Rice, Ben",700250,"NYY","CH","Changeup",5,4,"76",13.9,"16","0.357","0.857","0.584",36,31.3,23.8,"0.308","0.647","0.435",55.6
"Guerrero Jr., Vladimir",665489,"TOR","SL","Slider",-1.9,-1,"70",13,"16","0.143","0.143","0.2",26.7,18.8,14.3,"0.209","0.263","0.267",36.4
"Olson, Matt",621566,"ATL","FC","Cutter",2.8,2,"85",11.9,"16","0.333","0.833","0.534",20,18.8,13.6,"0.276","0.671","0.47",55.6
"Simpson, Chandler",802415,"TB","CH","Changeup",-3.2,-2,"56",11.8,"16","0.143","0.143","0.2",28,12.5,13.3,"0.239","0.261","0.28",0
"Contreras, William",661388,"MIL","SL","Slider",-1,-1,"71",13.8,"16","0.25","0.25","0.225",21.4,18.8,18.8,"0.234","0.32","0.24",23.1
"Wallner, Matt",670242,"MIN","CH","Changeup",-1.2,-1,"54",11.1,"16","0.214","0.286","0.278",56.7,37.5,35.3,"0.21","0.243","0.261",25
"Riley, Austin",663586,"ATL","CH","Changeup",-3,-2,"66",10.7,"16","0.133","0.133","0.156",50,43.8,36.8,"0.116","0.127","0.145",0
"McLain, Matt",680574,"CIN","ST","Sweeper",2.5,1,"51",9.1,"16","0.286","0.429","0.356",28.6,37.5,22.2,"0.195","0.483","0.336",37.5
"Lockridge, Brandon",663604,"MIL","SL","Slider",3.4,2,"62",15.3,"16","0.467","0.533","0.443",30.8,31.3,21.7,"0.223","0.251","0.208",27.3
"Keith, Colt",690993,"DET","SI","Sinker",4.4,2,"43",11.1,"16","0.429","0.5","0.447",11.1,6.3,25,"0.351","0.477","0.402",38.5
"Seager, Corey",608369,"TEX","CH","Changeup",2.9,1,"46",8.4,"16","0.333","0.733","0.463",39.1,18.8,23.1,"0.367","0.729","0.475",50
"Wells, Austin",669224,"NYY","SL","Slider",-2.2,-2,"74",17.9,"16","0.133","0.133","0.156",37.1,37.5,30,"0.246","0.295","0.266",77.8
"Alvarez, Yordan",670541,"HOU","FC","Cutter",2.8,2,"62",10.3,"16","0.357","0.643","0.459",17.4,6.3,8.3,"0.427","0.875","0.567",53.8
"Diaz, Yainer",673237,"HOU","SL","Slider",0.4,0,"52",15.3,"16","0.25","0.375","0.269",32.4,25,23.5,"0.217","0.281","0.215",16.7
"Gray, Tristan",656484,"MIN","FF","4-Seam Fastball",1.3,1,"85",35,"16","0.5","0.571","0.477",27.5,31.3,21.7,"0.334","0.434","0.381",44.4
"Yastrzemski, Mike",573262,"ATL","SI","Sinker",-1.9,-1,"72",16.4,"16","0.214","0.214","0.256",22.2,18.8,20,"0.196","0.233","0.252",45.5
"Caminero, Junior",691406,"TB","ST","Sweeper",-3,-2,"66",11.5,"16","0.063","0.063","0.056",34.6,25,18.2,"0.186","0.218","0.177",58.3
"Lowe, Nathaniel",663993,"CIN","SI","Sinker",1.9,1,"51",16.5,"16","0.214","0.429","0.347",13,6.3,8.3,"0.365","0.607","0.451",61.5
"Swanson, Dansby",621020,"CHC","CH","Changeup",-3.6,-2,"62",10.7,"16","0.071","0.071","0.1",33.3,31.3,14.7,"0.16","0.253","0.21",40
"Aranda, Jonathan",666018,"TB","SI","Sinker",2.8,2,"64",10.7,"16","0.462","0.692","0.494",8.3,12.5,13.3,"0.335","0.517","0.43",33.3
"Norby, Connor",681393,"MIA","SL","Slider",-0.2,0,"73",15.3,"16","0.333","0.533","0.394",41.2,37.5,40,"0.177","0.343","0.249",22.2
"Caissie, Owen",683357,"MIA","SL","Slider",-2.9,-1,"44",10.2,"16","0.133","0.2","0.191",51.7,50,50,"0.202","0.363","0.243",75
"Jones, Jahmai",663330,"DET","FF","4-Seam Fastball",-0.3,0,"35",23.8,"16","0.267","0.333","0.291",12.5,25,50,"0.317","0.591","0.404",54.5
"Grisham, Trent",663757,"NYY","CH","Changeup",3.2,2,"49",9.1,"16","0.286","0.643","0.425",27.3,6.3,7.7,"0.284","0.63","0.421",46.2
"Cruz, Oneil",665833,"PIT","CU","Curveball",6.5,4,"64",10.3,"16","0.313","0.75","0.497",40,37.5,21.4,"0.345","0.756","0.463",60
"Sosa, Lenyn",672820,"TOR","SI","Sinker",-2.3,-1,"51",17.8,"16","0.313","0.375","0.303",21.4,25,36.4,"0.322","0.368","0.302",58.3
"Frelick, Sal",686217,"MIL","FC","Cutter",-0.9,0,"52",10.6,"16","0.091","0.091","0.275",16.7,6.3,8.3,"0.286","0.369","0.413",30
"Happ, Ian",664023,"CHC","SI","Sinker",4.3,2,"37",6.1,"16","0.364","0.636","0.513",7.7,12.5,25,"0.234","0.422","0.409",33.3
"Happ, Ian",664023,"CHC","SL","Slider",1.7,1,"59",9.7,"16","0.267","0.667","0.406",42.9,31.3,25,"0.237","0.685","0.399",40
"Marsh, Brandon",669016,"PHI","SL","Slider",-5.6,-3,"55",13.3,"16","0.125","0.125","0.113",35.5,43.8,41.2,"0.127","0.187","0.137",33.3
"Henderson, Gunnar",683002,"BAL","FC","Cutter",4.8,2,"43",6.6,"15","0.286","0.929","0.507",54.2,46.7,50,"0.216","0.621","0.371",42.9
"Arraez, Luis",650333,"SF","SL","Slider",-1.5,-1,"51",9.6,"15","0.231","0.231","0.227",10.7,0,0,"0.213","0.289","0.252",21.4
"Busch, Michael",683737,"CHC","SL","Slider",-0.4,0,"70",12.6,"15","0.231","0.308","0.25",42.9,33.3,33.3,"0.255","0.304","0.259",44.4
"Sánchez, Jesús",660821,"TOR","SI","Sinker",0.6,0,"58",13.4,"15","0.385","0.462","0.37",13.8,13.3,14.3,"0.32","0.36","0.306",66.7
"Adames, Willy",642715,"SF","FC","Cutter",3.8,2,"58",9.9,"15","0.267","0.6","0.42",18.5,26.7,28.6,"0.22","0.509","0.304",54.5
"Ortiz, Joey",687401,"MIL","SI","Sinker",-2.4,-1,"62",19.3,"15","0.167","0.167","0.213",8.3,13.3,18.2,"0.339","0.404","0.448",45.5
"Shaw, Matt",807713,"CHC","CH","Changeup",5,2,"43",12.4,"15","0.385","0.538","0.421",30.8,20,13.6,"0.211","0.327","0.264",18.2
"Ballesteros, Moisés",694208,"CHC","CU","Curveball",-2.2,-1,"44",12.3,"15","0.2","0.4","0.253",38.5,33.3,27.8,"0.186","0.403","0.247",40
"Suzuki, Seiya",673548,"CHC","SL","Slider",2.7,2,"66",17.2,"15","0.25","0.5","0.393",27.3,13.3,11.8,"0.343","0.678","0.482",50
"Hernaiz, Darell",687231,"ATH","CH","Changeup",-2.9,-1,"30",12.5,"15","0.154","0.154","0.213",5.6,6.7,6.7,"0.233","0.271","0.283",16.7
"Springer, George",543807,"TOR","SL","Slider",4.3,2,"50",17.8,"15","0.385","0.538","0.5",40.9,20,23.1,"0.282","0.433","0.359",50
"Chapman, Matt",656305,"SF","SL","Slider",-0.2,0,"78",13.6,"15","0.154","0.308","0.26",36.4,26.7,16,"0.163","0.222","0.237",33.3
"Chapman, Matt",656305,"SF","CH","Changeup",1.8,1,"50",8.7,"15","0.286","0.429","0.357",14.3,20,13,"0.283","0.418","0.332",36.4
"Chapman, Matt",656305,"SF","ST","Sweeper",-0.1,0,"67",11.7,"15","0.2","0.2","0.24",21.7,26.7,18.2,"0.144","0.164","0.134",9.1
"Church, Nathan",701675,"STL","SL","Slider",2.2,1,"42",11.2,"15","0.231","0.462","0.3",28.6,26.7,25,"0.189","0.339","0.24",10
"Arozarena, Randy",668227,"SEA","CH","Changeup",3.7,3,"70",11.3,"15","0.5","0.571","0.49",19.4,13.3,8.3,"0.368","0.443","0.376",50
"Wong, Connor",657136,"BOS","FF","4-Seam Fastball",2.9,1,"43",25.4,"15","0.333","0.583","0.432",0,6.7,7.7,"0.192","0.418","0.321",50
"Carter, Evan",694497,"TEX","CH","Changeup",-2.2,-1,"60",12.1,"15","0.077","0.077","0.153",39.1,26.7,16.7,"0.085","0.104","0.164",22.2
"Caglianone, Jac",695506,"KC","SL","Slider",4.6,3,"64",15,"15","0.462","0.769","0.547",48.3,26.7,30.8,"0.372","0.553","0.439",77.8
"Judge, Aaron",592450,"NYY","CU","Curveball",7.4,4,"56",8.1,"15","0.333","1.133","0.593",44,46.7,28,"0.392","1.217","0.663",75
"Olson, Matt",621566,"ATL","SL","Slider",0,0,"93",13.1,"15","0.267","0.467","0.313",31.4,26.7,14.3,"0.283","0.585","0.365",72.7
"Soler, Jorge",624585,"LAA","CH","Changeup",-1.2,-1,"70",12.1,"15","0.214","0.286","0.25",41.4,40,20,"0.214","0.293","0.249",62.5
"Rumfield, TJ",681198,"COL","ST","Sweeper",-2.1,-1,"51",9.7,"15","0.231","0.231","0.273",30.8,13.3,11.1,"0.307","0.35","0.34",9.1
"Lewis, Royce",668904,"MIN","SL","Slider",-2.5,-1,"53",15.9,"15","0.077","0.308","0.227",50,46.7,38.9,"0.086","0.152","0.182",50
"Anthony, Roman",701350,"BOS","CH","Changeup",-0.5,0,"65",11.9,"15","0.214","0.214","0.227",42.3,26.7,25,"0.266","0.301","0.277",30
"Wiemer, Joey",686894,"WSH","FF","4-Seam Fastball",-0.1,0,"71",27.4,"15","0.286","0.571","0.38",32.3,46.7,28,"0.21","0.299","0.25",42.9
"Jung, Josh",673962,"TEX","SL","Slider",3,2,"65",14.2,"15","0.467","0.733","0.517",27.6,13.3,15.4,"0.404","0.567","0.42",38.5
"Naylor, Josh",647304,"SEA","CH","Changeup",-3.7,-2,"45",9.8,"15","0.214","0.214","0.227",24,13.3,14.3,"0.349","0.509","0.392",41.7
"Durbin, Caleb",702332,"BOS","SL","Slider",0.1,0,"69",15.5,"15","0.286","0.286","0.307",10.3,0,0,"0.254","0.288","0.269",7.1
"Murakami, Munetaka",808959,"CWS","SI","Sinker",0.5,0,"89",13.5,"15","0.2","0.5","0.427",37.9,26.7,25,"0.274","0.829","0.535",50
"Sanoja, Javier",691594,"MIA","SI","Sinker",-4.2,-2,"50",18.5,"15","0.143","0.143","0.167",5.3,0,0,"0.318","0.381","0.329",42.9
"Raley, Luke",670042,"SEA","FC","Cutter",5.8,2,"36",9.5,"15","0.286","0.929","0.567",28,26.7,30.8,"0.266","0.83","0.47",60
"Story, Trevor",596115,"BOS","ST","Sweeper",-4.2,-2,"39",7.5,"15","0.2","0.2","0.18",34.8,40,50,"0.215","0.313","0.227",22.2
"Arozarena, Randy",668227,"SEA","FC","Cutter",-1.5,-1,"55",8.9,"15","0.286","0.357","0.31",13.8,6.7,8.3,"0.227","0.308","0.264",38.5
"Saggese, Thomas",695336,"STL","FF","4-Seam Fastball",-2.6,-2,"80",34.8,"15","0.143","0.214","0.19",38.1,66.7,34.5,"0.056","0.102","0.11",50
"Dingler, Dillon",693307,"DET","ST","Sweeper",5.2,2,"40",8.6,"15","0.231","0.692","0.42",13,13.3,11.8,"0.322","0.804","0.499",54.5
"Castro, Willi",650489,"COL","CH","Changeup",-2.5,-1,"60",14.7,"15","0.143","0.214","0.19",40.6,40,25,"0.16","0.281","0.221",75
"Judge, Aaron",592450,"NYY","FC","Cutter",4,2,"60",8.6,"15","0.357","0.643","0.443",34.5,40,37.5,"0.208","0.374","0.277",37.5
"Ohtani, Shohei",660271,"LAD","ST","Sweeper",-1.6,-1,"50",8.3,"15","0.167","0.25","0.283",31.6,20,30,"0.218","0.383","0.343",33.3
"Straw, Myles",664702,"TOR","SI","Sinker",0.1,0,"46",19.6,"15","0.308","0.385","0.357",4.5,6.7,12.5,"0.349","0.403","0.379",25
"Freeland, Alex",690976,"LAD","SI","Sinker",-2.4,-1,"48",12.3,"15","0.231","0.308","0.297",16.7,33.3,35.7,"0.104","0.247","0.221",12.5
"Tatis Jr., Fernando",665487,"SD","SL","Slider",-1,-1,"74",14.1,"15","0.231","0.231","0.273",52.8,40,28.6,"0.218","0.339","0.3",57.1
"Hedges, Austin",595978,"CLE","FF","4-Seam Fastball",2,1,"55",31.1,"15","0.429","0.643","0.43",18.5,13.3,9.5,"0.372","0.433","0.329",38.5
"Ramírez, Agustín",682663,"MIA","SL","Slider",3,2,"66",13.4,"15","0.462","0.538","0.43",32.4,6.7,4.3,"0.266","0.34","0.276",38.5
"Hicks, Liam",689414,"MIA","CH","Changeup",4.9,3,"57",13.1,"15","0.467","0.733","0.517",14.3,6.7,10,"0.437","0.588","0.447",42.9
"Mayer, Marcelo",691785,"BOS","CH","Changeup",-3.5,-3,"73",19.7,"15","0","0","0.093",47.1,20,15,"0.206","0.362","0.303",50
"Polanco, Jorge",593871,"NYM","CH","Changeup",-2.5,-1,"45",20.1,"15","0.214","0.214","0.227",19.2,26.7,26.7,"0.265","0.339","0.289",10
"France, Ty",664034,"SD","SI","Sinker",4.2,2,"46",24.3,"15","0.214","0.5","0.411",8.3,0,0,"0.241","0.468","0.331",35.7
"Beck, Jordan",687597,"COL","SI","Sinker",-0.3,0,"50",17.9,"15","0.231","0.308","0.297",21.7,13.3,50,"0.241","0.266","0.288",27.3
"Yastrzemski, Mike",573262,"ATL","SL","Slider",-2.1,-1,"48",11,"15","0.077","0.154","0.177",21.1,13.3,11.8,"0.241","0.365","0.316",36.4
"Clemens, Kody",665019,"MIN","SL","Slider",1.4,1,"77",19.9,"15","0.267","0.733","0.41",34.9,40,20,"0.269","0.63","0.377",66.7
"Hill, Derek",656537,"CWS","FF","4-Seam Fastball",8,3,"43",26.2,"15","0.333","0.833","0.527",25,40,33.3,"0.26","0.565","0.417",66.7
"Caissie, Owen",683357,"MIA","SI","Sinker",-1,-1,"58",13.4,"15","0.231","0.308","0.297",11.1,33.3,25,"0.234","0.302","0.293",25
"McCann, James",543510,"AZ","FF","4-Seam Fastball",-2.3,-1,"56",26.8,"15","0.214","0.214","0.227",27.6,26.7,23.5,"0.196","0.321","0.254",50
"Fermin, Freddy",666023,"SD","SL","Slider",-1.5,-1,"46",16.8,"15","0.091","0.091","0.26",42.9,40,37.5,"0.122","0.146","0.259",16.7
"Langeliers, Shea",669127,"ATH","CH","Changeup",2.3,1,"51",9.4,"15","0.467","0.533","0.443",38.2,13.3,13.3,"0.317","0.366","0.3",30.8
"Soler, Jorge",624585,"LAA","ST","Sweeper",1,1,"81",14,"15","0.231","0.538","0.323",52.8,53.3,32,"0.195","0.454","0.283",66.7
"McGonigle, Kevin",805808,"DET","FC","Cutter",3.1,2,"63",10.1,"15","0.5","0.714","0.537",17.1,6.7,8.3,"0.456","0.768","0.533",38.5
"Edwards, Xavier",669364,"MIA","SL","Slider",-1.8,-1,"60",10.4,"15","0.154","0.231","0.237",28,33.3,25,"0.261","0.365","0.328",50
"Manzardo, Kyle",700932,"CLE","SL","Slider",1.6,1,"48",10.8,"15","0.286","0.571","0.383",53.8,53.3,42.1,"0.205","0.414","0.29",66.7
"Cortes, Carlos",666126,"ATH","CH","Changeup",-1.4,-1,"41",11.7,"15","0.286","0.357","0.31",20.8,13.3,16.7,"0.263","0.361","0.299",33.3
"Crawford, Justin",702222,"PHI","SL","Slider",-5.8,-3,"45",11.4,"15","0.133","0.133","0.12",12.5,26.7,26.7,"0.259","0.321","0.253",36.4
"Beavers, Dylan",687637,"BAL","CH","Changeup",3.4,2,"63",15.7,"15","0.385","0.462","0.417",29.6,13.3,9.1,"0.275","0.347","0.326",36.4
"Alvarez, Yordan",670541,"HOU","ST","Sweeper",-1.2,-1,"53",8.8,"15","0.182","0.273","0.283",12,0,0,"0.313","0.568","0.475",33.3
"Caratini, Victor",605170,"MIN","SL","Slider",2.3,1,"48",13.1,"15","0.417","0.417","0.393",23.8,13.3,25,"0.254","0.289","0.316",18.2
"Acuña Jr., Ronald",660670,"ATL","FC","Cutter",-0.1,0,"66",11,"15","0.2","0.3","0.377",27.6,13.3,11.8,"0.251","0.29","0.39",12.5
"Taylor, Tyrone",621438,"NYM","SI","Sinker",-3,-1,"34",14,"15","0.231","0.231","0.273",19,13.3,50,"0.223","0.314","0.294",36.4
"McMahon, Ryan",641857,"NYY","SI","Sinker",-1.1,0,"46",12.2,"15","0.167","0.167","0.32",26.3,13.3,15.4,"0.202","0.28","0.306",80
"Trout, Mike",545361,"LAA","SL","Slider",-1,-1,"64",9.2,"15","0.083","0.333","0.273",47.6,46.7,26.9,"0.161","0.591","0.384",40
"Mateo, Jorge",622761,"ATL","FF","4-Seam Fastball",9.7,5,"52",26.7,"15","0.5","0.786","0.623",10,13.3,10,"0.447","0.794","0.541",58.3
"Lile, Daylen",695734,"WSH","ST","Sweeper",0.2,0,"56",10.9,"15","0.231","0.231","0.273",22.2,20,13,"0.31","0.354","0.346",10
"Stott, Bryson",681082,"PHI","CH","Changeup",-1.5,-1,"53",12.2,"15","0.2","0.267","0.203",15.4,13.3,14.3,"0.313","0.508","0.352",46.2
"Stott, Bryson",681082,"PHI","CU","Curveball",-1.5,-1,"44",10.1,"15","0.143","0.143","0.227",11.1,13.3,15.4,"0.276","0.345","0.3",50
"Hays, Austin",669720,"CWS","SL","Slider",-5.1,-2,"43",25.9,"15","0.2","0.2","0.18",33.3,26.7,28.6,"0.275","0.32","0.262",45.5
"Soderstrom, Tyler",691016,"ATH","FC","Cutter",0.1,0,"41",8.3,"15","0.267","0.467","0.313",15,20,30,"0.349","0.637","0.419",75
"Clement, Ernie",676391,"TOR","FC","Cutter",-4.6,-2,"39",8.8,"15","0.133","0.267","0.167",21.9,6.7,20,"0.211","0.314","0.223",28.6
"Guerrero Jr., Vladimir",665489,"TOR","FC","Cutter",0.2,0,"55",10.2,"15","0.182","0.455","0.38",37.5,20,25,"0.228","0.56","0.423",37.5
"Meidroth, Chase",805367,"CWS","CH","Changeup",-2.4,-1,"58",9.3,"15","0.133","0.2","0.143",36,46.7,28,"0.124","0.191","0.134",37.5
"Ozuna, Marcell",542303,"PIT","SL","Slider",-0.8,-1,"83",16.2,"15","0.2","0.2","0.24",41.7,46.7,20,"0.235","0.454","0.291",50
"Marsh, Brandon",669016,"PHI","SI","Sinker",5.5,2,"40",9.7,"15","0.385","0.769","0.513",8.7,6.7,11.1,"0.345","0.75","0.492",66.7
"Soto, Juan",665742,"NYM","SL","Slider",-1.4,-1,"78",23,"15","0.154","0.154","0.213",27.6,20,12.5,"0.24","0.31","0.299",50
"Julien, Edouard",666397,"COL","CH","Changeup",-0.1,0,"57",13.3,"15","0.286","0.286","0.287",40,26.7,26.7,"0.276","0.347","0.3",50
"Chisholm Jr., Jazz",665862,"NYY","SI","Sinker",1.2,1,"60",10.8,"15","0.385","0.385","0.357",18.5,6.7,7.1,"0.269","0.321","0.321",33.3
"Gray, Tristan",656484,"MIN","SL","Slider",-4.1,-2,"49",20.2,"15","0.143","0.143","0.12",48.4,40,26.1,"0.151","0.185","0.163",44.4
"Marte, Ketel",606466,"AZ","CU","Curveball",1,1,"59",11.6,"15","0.231","0.462","0.347",25.9,13.3,9.5,"0.399","0.633","0.478",54.5
"Okamoto, Kazuma",672960,"TOR","ST","Sweeper",0.9,1,"87",14.1,"15","0.154","0.385","0.287",34.6,33.3,17.2,"0.185","0.458","0.327",25
"Díaz, Yandy",650490,"TB","FC","Cutter",-1.6,-1,"58",11.7,"15","0.214","0.214","0.287",29.2,26.7,30.8,"0.16","0.181","0.188",40
"Harper, Bryce",547180,"PHI","FS","Split-Finger",-5.3,-2,"39",7.1,"15","0.067","0.133","0.143",30.8,26.7,33.3,"0.106","0.124","0.103",18.2
"Frazier, Adam",624428,"LAA","SI","Sinker",-0.5,0,"42",16.6,"15","0.286","0.357","0.31",15.4,26.7,40,"0.193","0.213","0.212",30
"Peraza, Oswald",672724,"LAA","CH","Changeup",4.7,2,"45",11.5,"15","0.286","0.714","0.433",44.4,20,27.3,"0.25","0.445","0.321",27.3
"Bauers, Jake",641343,"MIL","CU","Curveball",-4.5,-3,"58",11.7,"15","0.067","0.067","0.06",30,40,24,"0.186","0.247","0.187",55.6
"Bauers, Jake",641343,"MIL","SL","Slider",1,1,"55",11.1,"15","0.154","0.462","0.31",29.2,20,21.4,"0.224","0.571","0.378",60
"Smith, Josh",669701,"TEX","CH","Changeup",-2.7,-1,"52",12.4,"15","0.143","0.143","0.167",20,20,16.7,"0.203","0.296","0.246",36.4
"Moncada, Yoán",660162,"LAA","SL","Slider",-3,-2,"62",13.5,"14","0.077","0.077","0.114",50,64.3,33.3,"0.083","0.092","0.12",50
"Muncy, Max",571970,"LAD","SL","Slider",2.8,2,"66",12.2,"14","0.273","0.545","0.421",44.8,50,36.8,"0.253","0.475","0.392",75
"Nimmo, Brandon",607043,"TEX","FC","Cutter",0.2,0,"50",9.1,"14","0.25","0.5","0.368",36.4,14.3,22.2,"0.275","0.515","0.386",50
"Isbel, Kyle",664728,"KC","SI","Sinker",-3.9,-2,"42",12,"14","0.083","0.083","0.164",11.8,28.6,50,"0.199","0.367","0.305",37.5
"Scott II, Victor",687363,"STL","SL","Slider",-5.9,-3,"43",12,"14","0.077","0.077","0.075",33.3,21.4,30,"0.201","0.233","0.19",9.1
"Stanton, Giancarlo",519317,"NYY","SL","Slider",5.5,3,"52",13.5,"14","0.385","1","0.579",52,42.9,54.5,"0.348","0.89","0.531",57.1
"Wynns, Austin",642851,"ATH","FF","4-Seam Fastball",-4.2,-2,"41",29.3,"14","0.083","0.083","0.164",11.1,21.4,16.7,"0.312","0.654","0.45",44.4
"Smith, Will",669257,"LAD","SL","Slider",1,1,"67",13.6,"14","0.308","0.308","0.307",27.3,14.3,11.8,"0.289","0.352","0.308",9.1
"Butler, Lawrence",671732,"ATH","CH","Changeup",-0.1,0,"66",14.5,"14","0.214","0.214","0.257",37.9,14.3,10,"0.304","0.371","0.295",50
"Butler, Lawrence",671732,"ATH","FC","Cutter",-3.6,-2,"53",11.6,"14","0","0","0.162",36.8,21.4,30,"0.155","0.257","0.298",25
"Fraley, Jake",641584,"TB","SI","Sinker",-1,0,"47",15.3,"14","0.357","0.429","0.346",10,35.7,38.5,"0.183","0.318","0.213",11.1
"Carpenter, Kerry",681481,"DET","SL","Slider",-5,-3,"69",15.4,"14","0","0","0",44.4,57.1,44.4,"0.068","0.134","0.085",16.7
"Montgomery, Colson",695657,"CWS","SL","Slider",6.7,3,"51",9.4,"14","0.167","0.667","0.386",50,57.1,33.3,"0.155","0.542","0.345",50
"Edwards, Xavier",669364,"MIA","FC","Cutter",-0.3,0,"49",8.5,"14","0.357","0.429","0.346",0,0,0,"0.316","0.429","0.323",50
"Amaya, Miguel",665804,"CHC","SL","Slider",0.7,0,"45",16.4,"14","0.222","0.222","0.379",52.6,28.6,33.3,"0.231","0.269","0.391",40
"Sanoja, Javier",691594,"MIA","SL","Slider",6.8,3,"41",15.2,"14","0.5","0.643","0.564",16.7,21.4,42.9,"0.28","0.346","0.275",36.4
"Pasquantino, Vinnie",686469,"KC","CH","Changeup",0.8,1,"71",12.1,"14","0.154","0.385","0.257",38.2,42.9,23.1,"0.235","0.421","0.31",57.1
"McMahon, Ryan",641857,"NYY","SL","Slider",-5.1,-2,"43",11.4,"14","0.083","0.083","0.164",57.9,50,41.2,"0.137","0.196","0.22",60
"Duran, Jarren",680776,"BOS","SL","Slider",-4.6,-2,"49",10.7,"14","0.071","0.143","0.089",55.6,57.1,42.1,"0.09","0.143","0.097",16.7
"Arozarena, Randy",668227,"SEA","SL","Slider",-0.1,0,"85",13.8,"14","0.167","0.333","0.279",36.1,28.6,13.3,"0.177","0.244","0.253",50
"Torkelson, Spencer",679529,"DET","SL","Slider",1.1,1,"83",13.8,"14","0.182","0.545","0.412",25,21.4,14.3,"0.264","0.571","0.43",50
"Murray, Tanner",695020,"CWS","FF","4-Seam Fastball",-5.2,-2,"46",44.7,"14","0.167","0.167","0.179",29.2,21.4,37.5,"0.19","0.567","0.336",50
"Story, Trevor",596115,"BOS","FC","Cutter",-3.7,-2,"49",9.4,"14","0.077","0.077","0.193",12,7.1,20,"0.211","0.315","0.21",38.5
"Hoerner, Nico",663538,"CHC","SL","Slider",1.5,1,"67",11.9,"14","0.385","0.538","0.421",4.8,7.1,9.1,"0.334","0.429","0.354",16.7
"Lopez, Otto",672640,"MIA","CH","Changeup",4.1,2,"39",7.3,"14","0.357","0.571","0.4",33.3,28.6,22.2,"0.214","0.349","0.241",20
"Freeland, Alex",690976,"LAD","CH","Changeup",-1.9,-1,"55",14.1,"14","0.154","0.154","0.179",38.1,21.4,16.7,"0.28","0.307","0.291",50
"Lee, Brooks",686797,"MIN","SL","Slider",3.6,2,"62",13.1,"14","0.333","0.583","0.436",19.4,14.3,7.4,"0.197","0.316","0.286",50
"Garcia, Maikel",672580,"KC","ST","Sweeper",5,2,"47",8.5,"14","0.182","0.545","0.332",30.8,28.6,23.5,"0.289","0.428","0.352",25
"Turang, Brice",668930,"MIL","CH","Changeup",1.6,1,"69",11.5,"14","0.273","0.364","0.342",20.8,7.1,4.3,"0.324","0.393","0.371",36.4
"Montgomery, Colson",695657,"CWS","FC","Cutter",7.7,3,"38",7,"14","0.429","1.143","0.646",20.8,7.1,10,"0.399","1.052","0.605",53.8
"Mead, Curtis",678554,"WSH","SL","Slider",0,0,"46",13.8,"14","0.2","0.2","0.329",15.8,14.3,8.7,"0.154","0.195","0.309",37.5
"Williamson, Ben",810938,"TB","SI","Sinker",0.1,0,"52",13,"14","0.333","0.5","0.407",10.5,7.1,11.1,"0.282","0.376","0.345",36.4
"Vierling, Matt",663837,"DET","SL","Slider",-2,-1,"56",17,"14","0.214","0.214","0.193",20.8,21.4,20,"0.225","0.367","0.251",45.5
"Nuñez, Nasim",683083,"WSH","SI","Sinker",-3.2,-2,"56",11.6,"14","0.182","0.182","0.279",13,14.3,18.2,"0.181","0.228","0.289",11.1
"Crawford, Justin",702222,"PHI","SI","Sinker",2.5,1,"49",12.4,"14","0.333","0.583","0.432",16.7,14.3,22.2,"0.243","0.296","0.302",50
"Scott II, Victor",687363,"STL","ST","Sweeper",-4.9,-2,"42",11.7,"14","0.083","0.083","0.069",36,42.9,33.3,"0.176","0.231","0.175",37.5
"Feduccia, Hunter",676439,"TB","FF","4-Seam Fastball",-1.4,-1,"52",30.8,"14","0.111","0.111","0.314",23.1,28.6,33.3,"0.132","0.18","0.338",20
"Ramos, Heliot",671218,"SF","SL","Slider",3,2,"54",9.7,"14","0.429","0.857","0.581",31.3,14.3,15.4,"0.348","0.564","0.39",58.3
"Wilson, Jacob",805779,"ATH","ST","Sweeper",1.7,1,"32",6.7,"14","0.357","0.429","0.346",15,14.3,18.2,"0.323","0.356","0.297",8.3
"Collins, Isaac",686555,"KC","CH","Changeup",-2.2,-1,"49",11.3,"14","0.143","0.143","0.129",63.2,64.3,56.3,"0.086","0.097","0.08",60
"Steer, Spencer",668715,"CIN","CH","Changeup",1.7,1,"44",9.5,"14","0.231","0.462","0.375",22.2,28.6,28.6,"0.164","0.327","0.247",22.2
"Bellinger, Cody",641355,"NYY","FC","Cutter",2,1,"51",9.4,"14","0.455","0.455","0.471",21.7,7.1,12.5,"0.317","0.369","0.385",60
"Mitchell, Garrett",669003,"MIL","CU","Curveball",4.4,2,"53",10.1,"14","0.308","0.615","0.461",17.4,21.4,13.6,"0.326","0.684","0.494",70
"Caballero, José",676609,"NYY","CH","Changeup",0.6,0,"43",8.7,"14","0.154","0.154","0.243",26.1,14.3,11.1,"0.173","0.19","0.198",9.1
"Johnston, Troy",687859,"COL","CU","Curveball",-0.3,0,"48",11.4,"14","0.214","0.5","0.296",35.7,50,41.2,"0.151","0.357","0.214",42.9
"Rodríguez, Julio",677594,"SEA","ST","Sweeper",-0.9,-1,"68",10.9,"14","0.231","0.308","0.268",41.2,35.7,20,"0.233","0.26","0.251",37.5
"Higashioka, Kyle",543309,"TEX","SL","Slider",-3.4,-1,"40",18.3,"14","0.083","0.083","0.164",57.1,50,41.2,"0.071","0.115","0.168",20
"Quero, Edgar",700337,"CWS","SI","Sinker",-1.5,-1,"48",14.4,"14","0.308","0.308","0.307",4.2,0,0,"0.217","0.244","0.239",46.2
"Langford, Wyatt",694671,"TEX","SL","Slider",-2.8,-1,"31",9.4,"14","0.143","0.214","0.154",8.3,28.6,26.7,"0.296","0.395","0.298",30
"Bader, Harrison",664056,"SF","SI","Sinker",-2.3,-1,"45",21.8,"14","0.231","0.231","0.193",13.6,7.1,20,"0.275","0.31","0.322",46.2
"Schanuel, Nolan",694384,"LAA","SL","Slider",2.7,1,"51",9.3,"14","0.111","0.444","0.357",33.3,21.4,17.6,"0.219","0.316","0.332",25
"Pederson, Joc",592626,"TEX","SI","Sinker",-2.6,-1,"47",12.5,"14","0.125","0.125","0.264",25,21.4,17.6,"0.256","0.287","0.369",71.4
"Rushing, Dalton",687221,"LAD","FF","4-Seam Fastball",4.7,2,"50",25.9,"14","0.333","0.667","0.525",30,28.6,28.6,"0.351","0.489","0.41",62.5
"Story, Trevor",596115,"BOS","CU","Curveball",-1.1,0,"46",8.8,"14","0.231","0.462","0.321",33.3,42.9,33.3,"0.239","0.485","0.335",57.1
"Swanson, Dansby",621020,"CHC","ST","Sweeper",4.6,3,"73",12.6,"14","0.3","0.9","0.5",21.7,7.1,3.8,"0.276","0.632","0.427",30
"Olson, Matt",621566,"ATL","ST","Sweeper",2.8,1,"40",5.6,"14","0.231","0.615","0.371",35,28.6,30.8,"0.279","0.649","0.411",44.4
"Martin, Austin",668885,"MIN","CH","Changeup",-0.9,0,"56",13.4,"14","0.154","0.154","0.179",30,28.6,14.3,"0.17","0.193","0.197",11.1
"Sosa, Lenyn",672820,"TOR","ST","Sweeper",-6.5,-2,"35",12.2,"14","0.071","0.143","0.089",20,21.4,30,"0.066","0.123","0.081",18.2
"Shaw, Matt",807713,"CHC","SL","Slider",5.3,3,"57",16.4,"14","0.385","0.692","0.539",18.5,21.4,25,"0.348","0.534","0.401",20
"Urías, Ramón",602104,"STL","SI","Sinker",-3.2,-2,"50",21.1,"14","0.154","0.154","0.179",25,14.3,20,"0.126","0.147","0.161",36.4
"Marsee, Jakob",805300,"MIA","SL","Slider",-2.5,-2,"68",10.5,"14","0.083","0.083","0.164",30.4,50,35,"0.159","0.201","0.233",60
"Hoerner, Nico",663538,"CHC","FC","Cutter",0.7,0,"52",9.2,"14","0.273","0.273","0.293",19,14.3,16.7,"0.224","0.284","0.292",20
"Julien, Edouard",666397,"COL","ST","Sweeper",3.8,1,"32",7.5,"14","0.364","0.545","0.457",18.8,7.1,16.7,"0.335","0.691","0.489",30
"Caratini, Victor",605170,"MIN","FC","Cutter",5.1,2,"41",11.2,"14","0.429","0.857","0.621",17.6,0,0,"0.422","0.876","0.624",28.6
"Realmuto, J.T.",592663,"PHI","SI","Sinker",-1.7,-1,"56",20.8,"14","0.25","0.25","0.293",22.2,14.3,22.2,"0.274","0.319","0.321",40
"Urías, Ramón",602104,"STL","FF","4-Seam Fastball",-1.4,-1,"66",27.8,"14","0.1","0.2","0.289",18.8,14.3,10,"0.153","0.253","0.325",50
"O'Neill, Tyler",641933,"BAL","SI","Sinker",5.4,2,"43",20.3,"14","0.4","0.7","0.6",14.3,7.1,20,"0.274","0.638","0.472",77.8
"Jeffers, Ryan",680777,"MIN","SL","Slider",3.8,2,"62",13.7,"14","0.333","0.5","0.486",26.9,21.4,12.5,"0.227","0.365","0.288",50
"Kwan, Steven",680757,"CLE","CH","Changeup",-3.6,-2,"51",9,"14","0.071","0.071","0.064",13,7.1,5,"0.184","0.218","0.173",7.7
"Caminero, Junior",691406,"TB","CH","Changeup",0.6,0,"70",12.2,"14","0.231","0.231","0.243",25,7.1,5.6,"0.213","0.232","0.232",8.3
"Gorman, Nolan",669357,"STL","SI","Sinker",-4.8,-2,"50",9.4,"14","0.154","0.231","0.154",16.7,14.3,18.2,"0.178","0.277","0.182",50
"Wood, James",695578,"WSH","CH","Changeup",1.1,1,"64",9.2,"14","0.111","0.111","0.314",19,14.3,8.3,"0.172","0.205","0.357",28.6
"Martínez, Angel",682657,"CLE","SI","Sinker",-5.9,-3,"54",12,"14","0.071","0.071","0.064",26.3,42.9,33.3,"0.116","0.135","0.109",25
"Freeman, Tyler",671289,"COL","SI","Sinker",-1.6,-1,"45",17.6,"14","0.111","0.111","0.285",0,0,0,"0.281","0.416","0.421",40
"Mitchell, Garrett",669003,"MIL","SL","Slider",-4.2,-3,"60",11.4,"14","0","0","0.1",61.9,64.3,45,"0.068","0.074","0.154",33.3
"Alvarez, Yordan",670541,"HOU","CU","Curveball",11.1,6,"52",8.6,"14","0.429","1.143","0.646",27.3,21.4,15,"0.462","1.104","0.656",63.6
"Machado, Manny",592518,"SD","ST","Sweeper",-0.6,0,"71",12.8,"14","0.167","0.167","0.229",38.2,35.7,22.7,"0.147","0.207","0.233",28.6
"Carter, Evan",694497,"TEX","SL","Slider",-0.2,0,"76",15.4,"14","0.167","0.25","0.204",37.5,35.7,22.7,"0.115","0.279","0.194",37.5
"Alonso, Pete",624413,"BAL","CH","Changeup",-0.2,0,"53",8.7,"14","0.231","0.385","0.293",30.8,28.6,21.1,"0.173","0.247","0.218",55.6
"Freeman, Freddie",518692,"LAD","ST","Sweeper",-2.9,-2,"58",10.7,"14","0.143","0.214","0.154",26.7,35.7,31.3,"0.233","0.338","0.245",44.4
"Keith, Colt",690993,"DET","FC","Cutter",-0.3,0,"35",9,"14","0.286","0.429","0.307",11.1,0,0,"0.321","0.677","0.422",50
"Rengifo, Luis",650859,"MIL","CU","Curveball",-0.7,0,"47",11.3,"14","0.083","0.167","0.219",15.8,14.3,11.8,"0.197","0.425","0.295",45.5
"Basallo, Samuel",694212,"BAL","CU","Curveball",-2.2,-1,"45",12.2,"14","0.143","0.214","0.154",51.9,57.1,47.1,"0.204","0.247","0.197",50
"Goldschmidt, Paul",502671,"NYY","FF","4-Seam Fastball",7,3,"48",25.1,"14","0.417","1","0.6",12,21.4,14.3,"0.345","0.67","0.468",44.4
"Thomas, Lane",657041,"KC","SI","Sinker",0.4,0,"55",16.1,"14","0.1","0.4","0.343",9.5,14.3,11.1,"0.111","0.279","0.317",37.5
"Winn, Masyn",691026,"STL","SL","Slider",2.9,2,"61",11.6,"14","0.455","0.545","0.496",26.1,21.4,27.3,"0.354","0.48","0.432",12.5
"Taveras, Leody",665750,"BAL","CH","Changeup",-1.4,-1,"62",17.7,"14","0.167","0.167","0.229",21.2,28.6,13.3,"0.247","0.287","0.299",0
"Moniak, Mickey",666160,"COL","ST","Sweeper",1.5,1,"36",9,"14","0.231","0.692","0.4",30.4,35.7,45.5,"0.161","0.476","0.294",37.5
"Moniak, Mickey",666160,"COL","CU","Curveball",7.7,5,"62",15.5,"14","0.25","0.833","0.475",41.7,57.1,25,"0.199","0.604","0.381",50
"Ramos, Heliot",671218,"SF","CH","Changeup",0.7,0,"45",8.1,"14","0.308","0.385","0.288",32,28.6,16,"0.359","0.501","0.399",44.4
"Trout, Mike",545361,"LAA","CH","Changeup",1.6,1,"61",8.8,"14","0.154","0.462","0.304",40,50,26.9,"0.148","0.406","0.262",16.7
"Hoerner, Nico",663538,"CHC","CH","Changeup",-5.8,-3,"49",8.7,"14","0","0","0.05",32.1,35.7,26.3,"0.058","0.072","0.102",0
"Hernández, Teoscar",606192,"LAD","CH","Changeup",2.2,1,"56",11.1,"14","0.25","0.5","0.371",36.4,28.6,20,"0.19","0.365","0.302",25
"Alvarez, Yordan",670541,"HOU","CH","Changeup",1.9,1,"64",10.6,"14","0.286","0.5","0.336",25.8,14.3,11.1,"0.365","0.623","0.421",66.7
"White, Eli",642201,"ATL","SI","Sinker",-2.1,-1,"40",18.7,"14","0.286","0.5","0.336",18.2,14.3,25,"0.289","0.449","0.314",50
"Paredes, Isaac",670623,"HOU","CH","Changeup",3,2,"62",10.7,"14","0.308","0.462","0.421",20.6,14.3,6.7,"0.196","0.242","0.227",27.3
"Riley, Austin",663586,"ATL","SL","Slider",-3.7,-3,"70",11.3,"14","0.083","0.083","0.114",38.2,14.3,14.3,"0.207","0.236","0.216",18.2
"Matthews, Brice",694728,"HOU","SI","Sinker",-2.9,-2,"60",16.8,"14","0.167","0.25","0.254",33.3,28.6,33.3,"0.142","0.196","0.226",37.5
"Kurtz, Nick",701762,"ATH","ST","Sweeper",3,2,"62",8.9,"14","0.417","0.5","0.446",45.5,21.4,16.7,"0.319","0.701","0.467",77.8
"Bailey, Patrick",672275,"SF","CH","Changeup",-3.9,-2,"46",13.3,"14","0.077","0.077","0.114",30.8,28.6,23.5,"0.134","0.145","0.164",22.2
"Giménez, Andrés",665926,"TOR","CH","Changeup",-1.5,-1,"38",8.8,"14","0.214","0.429","0.271",14.3,14.3,16.7,"0.243","0.362","0.261",33.3
"Higashioka, Kyle",543309,"TEX","SI","Sinker",1.3,1,"46",21.1,"14","0.417","0.667","0.5",10,14.3,28.6,"0.342","0.51","0.414",60
"Varsho, Daulton",662139,"TOR","CU","Curveball",0.4,0,"50",11.1,"14","0.231","0.385","0.293",25,14.3,13.3,"0.281","0.411","0.326",36.4
"Henderson, Gunnar",683002,"BAL","ST","Sweeper",3.1,2,"53",8.2,"14","0.231","0.538","0.346",32.1,50,30.4,"0.185","0.322","0.251",50
"Bregman, Alex",608324,"CHC","CH","Changeup",-0.9,-1,"64",10,"14","0.231","0.308","0.268",29,14.3,12.5,"0.321","0.491","0.372",54.5
"India, Jonathan",663697,"KC","SI","Sinker",0.3,0,"39",16.5,"14","0.1","0.1","0.329",17.6,14.3,22.2,"0.211","0.244","0.34",37.5
"Tatis Jr., Fernando",665487,"SD","FC","Cutter",2.7,1,"33",6.3,"14","0.3","0.3","0.457",15.8,0,0,"0.323","0.412","0.429",40
"Smith, Cam",701358,"HOU","ST","Sweeper",-2.8,-2,"70",11.9,"14","0.143","0.143","0.138",53.6,50,30.4,"0.206","0.338","0.233",42.9
"Cortes, Carlos",666126,"ATH","SI","Sinker",3.4,2,"65",18.6,"14","0.455","0.818","0.571",11.1,0,0,"0.326","0.449","0.413",54.5
"Bohm, Alec",664761,"PHI","FC","Cutter",-0.9,0,"44",9,"13","0.231","0.462","0.292",19,23.1,37.5,"0.2","0.368","0.239",30
"Soderstrom, Tyler",691016,"ATH","CH","Changeup",0.2,0,"52",10.5,"13","0.167","0.167","0.262",22.2,0,0,"0.124","0.175","0.173",8.3
"Báez, Javier",595879,"DET","FF","4-Seam Fastball",3.2,2,"64",22.9,"13","0.5","0.9","0.619",17.6,7.7,6.3,"0.46","0.802","0.575",55.6
"Vientos, Mark",668901,"NYM","CH","Changeup",3.1,1,"39",10.8,"13","0.462","0.615","0.469",28,23.1,30,"0.331","0.384","0.311",50
"Langeliers, Shea",669127,"ATH","CU","Curveball",7.2,3,"36",6.6,"13","0.5","0.833","0.581",12.5,15.4,18.2,"0.588","0.946","0.66",70
"Buxton, Byron",621439,"MIN","FC","Cutter",5.5,2,"36",6.9,"13","0.364","0.909","0.5",11.8,7.7,25,"0.275","0.652","0.381",27.3
"McKinstry, Zach",656716,"DET","FF","4-Seam Fastball",-1.8,-1,"72",37.7,"13","0.25","0.333","0.288",12.2,15.4,11.1,"0.214","0.262","0.24",20
"Torkelson, Spencer",679529,"DET","CH","Changeup",-0.4,0,"59",9.8,"13","0.182","0.273","0.273",46.7,53.8,31.8,"0.162","0.319","0.28",50
"Ohtani, Shohei",660271,"LAD","CU","Curveball",-2.8,-1,"53",8.8,"13","0.154","0.154","0.138",37,38.5,26.3,"0.154","0.267","0.177",37.5
"Beavers, Dylan",687637,"BAL","SL","Slider",-3.2,-1,"35",8.7,"13","0.182","0.273","0.238",17.6,23.1,27.3,"0.234","0.271","0.263",22.2
"Benge, Carson",701807,"NYM","SI","Sinker",-1.1,-1,"55",12.4,"13","0.273","0.364","0.342",21.1,23.1,37.5,"0.189","0.324","0.294",62.5
"Smith, Will",669257,"LAD","ST","Sweeper",2.4,1,"55",11.2,"13","0.385","0.462","0.373",28.6,23.1,11.5,"0.257","0.38","0.274",20
"Semien, Marcus",543760,"NYM","ST","Sweeper",-3.2,-1,"44",8.8,"13","0.167","0.167","0.192",25,30.8,21.1,"0.173","0.276","0.23",25
"Bichette, Bo",666182,"NYM","CU","Curveball",0,0,"46",8.3,"13","0.182","0.182","0.3",36.4,23.1,15.8,"0.239","0.304","0.36",25
"Alvarez, Francisco",682626,"NYM","CH","Changeup",7.5,2,"29",6.6,"13","0.417","0.75","0.512",25,23.1,23.1,"0.285","0.635","0.413",33.3
"Baty, Brett",683146,"NYM","SI","Sinker",-2.9,-1,"43",9.5,"13","0.25","0.25","0.208",17.4,30.8,40,"0.187","0.218","0.165",22.2
"Benge, Carson",701807,"NYM","CH","Changeup",-3,-1,"41",9.3,"13","0.083","0.083","0.192",34.8,15.4,13.3,"0.263","0.35","0.3",40
"Mead, Curtis",678554,"WSH","SI","Sinker",-1.5,-1,"69",20.7,"13","0.182","0.545","0.358",21.7,15.4,18.2,"0.23","0.477","0.36",33.3
"Mayo, Coby",691723,"BAL","SI","Sinker",-5,-2,"49",13.2,"13","0.154","0.154","0.138",17.4,0,0,"0.204","0.224","0.188",46.2
"Scott II, Victor",687363,"STL","FC","Cutter",1.3,0,"34",9.5,"13","0.455","0.545","0.441",20,15.4,40,"0.405","0.46","0.38",36.4
"Simpson, Chandler",802415,"TB","ST","Sweeper",0.8,0,"34",7.2,"13","0.308","0.615","0.385",10.5,15.4,25,"0.268","0.324","0.253",0
"Hernández, Heriberto",681715,"MIA","SL","Slider",-0.2,0,"50",18.9,"13","0.333","0.333","0.331",40,30.8,33.3,"0.315","0.405","0.343",37.5
"Peraza, Oswald",672724,"LAA","ST","Sweeper",6.7,2,"37",9.5,"13","0.333","0.583","0.415",26.1,15.4,14.3,"0.348","0.472","0.38",30
"Wong, Connor",657136,"BOS","SI","Sinker",-2.4,-1,"36",21.3,"13","0.308","0.308","0.277",11.8,30.8,66.7,"0.245","0.267","0.225",22.2
"Pederson, Joc",592626,"TEX","SL","Slider",2.6,1,"51",13.6,"13","0.273","0.545","0.4",48,38.5,26.3,"0.198","0.521","0.36",66.7
"Wiemer, Joey",686894,"WSH","SI","Sinker",2.6,2,"59",22.8,"13","0.5","0.583","0.538",4.5,7.7,7.7,"0.211","0.253","0.243",45.5
"Lopez, Otto",672640,"MIA","FC","Cutter",-2.6,-1,"39",7.3,"13","0.231","0.231","0.277",20,15.4,28.6,"0.234","0.292","0.228",72.7
"Loftin, Nick",679845,"KC","FF","4-Seam Fastball",-2.2,-1,"52",33.1,"13","0.1","0.2","0.258",8.7,7.7,7.7,"0.19","0.337","0.335",33.3
"Pasquantino, Vinnie",686469,"KC","CU","Curveball",0.6,0,"60",10.2,"13","0.182","0.273","0.342",13.3,15.4,8.3,"0.224","0.337","0.312",33.3
"Rafaela, Ceddanne",678882,"BOS","SL","Slider",-2.7,-2,"69",15.2,"13","0","0","0.069",27.6,23.1,13,"0.178","0.197","0.164",40
"Monasterio, Andruw",655316,"BOS","SI","Sinker",-0.6,0,"46",19.1,"13","0.231","0.308","0.304",8.3,23.1,20,"0.277","0.38","0.283",50
"Duran, Jarren",680776,"BOS","SI","Sinker",0.2,0,"64",13.9,"13","0.333","0.417","0.388",13.8,15.4,16.7,"0.371","0.604","0.441",60
"Monasterio, Andruw",655316,"BOS","SL","Slider",-1.9,-1,"40",16.6,"13","0.167","0.25","0.219",6.3,15.4,10.5,"0.268","0.306","0.286",30
"Witt Jr., Bobby",677951,"KC","CU","Curveball",1.6,1,"40",6.6,"13","0.308","0.308","0.346",5.6,0,0,"0.241","0.274","0.228",38.5
"Moncada, Yoán",660162,"LAA","CH","Changeup",-2.1,-1,"60",13,"13","0.091","0.091","0.177",38.1,38.5,31.3,"0.142","0.177","0.225",33.3
"Garcia, Maikel",672580,"KC","SL","Slider",0.5,0,"58",10.5,"13","0.25","0.25","0.262",16.7,30.8,21.1,"0.225","0.254","0.25",37.5
"Grissom, Vaughn",687093,"LAA","FF","4-Seam Fastball",-0.5,0,"51",24.8,"13","0.3","0.5","0.369",11.8,15.4,22.2,"0.171","0.366","0.36",44.4
"Ortiz, Joey",687401,"MIL","SL","Slider",-2.9,-2,"58",18.1,"13","0.231","0.231","0.208",19.2,30.8,20,"0.16","0.214","0.162",22.2
"Busch, Michael",683737,"CHC","CH","Changeup",-1.3,-1,"43",7.7,"13","0.167","0.25","0.219",36.8,30.8,30.8,"0.184","0.238","0.222",25
"Happ, Ian",664023,"CHC","CU","Curveball",0.8,0,"56",9.2,"13","0.222","0.333","0.381",61.9,38.5,38.5,"0.187","0.5","0.414",75
"Valenzuela, Brandon",678218,"TOR","FF","4-Seam Fastball",-2.1,-1,"70",35,"13","0.167","0.167","0.192",29.7,53.8,25,"0.167","0.19","0.199",40
"Hoerner, Nico",663538,"CHC","ST","Sweeper",10.3,5,"46",8.1,"13","0.583","0.833","0.762",0,0,0,"0.361","0.457","0.383",25
"Vivas, Jorbit",678391,"WSH","SL","Slider",-4.5,-2,"46",16.3,"13","0.091","0.091","0.177",16.1,23.1,17.6,"0.176","0.197","0.247",25
"Springer, George",543807,"TOR","ST","Sweeper",-4.2,-2,"42",14.9,"13","0","0","0.123",27.3,23.1,18.8,"0.077","0.095","0.124",11.1
"Straw, Myles",664702,"TOR","SL","Slider",-1.7,-1,"32",13.6,"13","0.091","0.091","0.192",15.4,15.4,18.2,"0.154","0.172","0.247",0
"Bader, Harrison",664056,"SF","FF","4-Seam Fastball",-4.7,-3,"59",28.6,"13","0.083","0.083","0.123",24.2,23.1,16.7,"0.117","0.223","0.187",33.3
"Nimmo, Brandon",607043,"TEX","CH","Changeup",-4.4,-2,"36",6.6,"13","0.154","0.154","0.138",19,30.8,33.3,"0.291","0.354","0.28",44.4
"Peraza, Oswald",672724,"LAA","SL","Slider",-2.3,-1,"51",13.1,"13","0.231","0.385","0.262",41.4,53.8,41.2,"0.249","0.378","0.267",50
"Isbel, Kyle",664728,"KC","CH","Changeup",-6,-2,"33",9.5,"13","0.083","0.083","0.075",28.6,30.8,26.7,"0.294","0.324","0.27",22.2
"Jensen, Carter",695600,"KC","CH","Changeup",2.5,1,"53",10.6,"13","0.308","0.385","0.373",22.7,15.4,20,"0.279","0.341","0.267",27.3
"O'Hoppe, Logan",681351,"LAA","CH","Changeup",-1.3,-1,"38",10.1,"13","0.167","0.25","0.219",35.3,23.1,25,"0.158","0.327","0.243",33.3
"Myers, Dane",667472,"CIN","FF","4-Seam Fastball",-2.8,-1,"49",20.8,"13","0.111","0.111","0.308",7.7,38.5,38.5,"0.12","0.131","0.306",0
"Hayes, Ke'Bryan",663647,"CIN","ST","Sweeper",-5.5,-2,"34",10.7,"13","0.077","0.077","0.069",25,38.5,33.3,"0.078","0.14","0.091",25
"McLain, Matt",680574,"CIN","CU","Curveball",-0.3,0,"45",8,"13","0.111","0.111","0.285",18.8,15.4,11.8,"0.241","0.347","0.389",57.1
"Marsee, Jakob",805300,"MIA","FC","Cutter",-2.4,-1,"52",8.1,"13","0.1","0.1","0.25",4.3,15.4,40,"0.179","0.206","0.302",25
"Myers, Dane",667472,"CIN","SI","Sinker",7.8,4,"57",24.2,"13","0.5","0.8","0.642",0,0,0,"0.489","0.913","0.619",30
"Marsee, Jakob",805300,"MIA","CU","Curveball",3.6,2,"53",8.2,"13","0.4","0.4","0.438",18.8,30.8,25,"0.311","0.37","0.389",66.7
"García Jr., Luis",671277,"WSH","SI","Sinker",-2.2,-1,"57",14.5,"13","0.182","0.273","0.273",0,7.7,7.7,"0.29","0.457","0.38",60
"Stephenson, Tyler",663886,"CIN","SL","Slider",-1.1,-1,"59",15.1,"13","0.167","0.417","0.277",11.1,23.1,17.6,"0.222","0.391","0.294",55.6
"Olson, Matt",621566,"ATL","CU","Curveball",0.8,0,"64",9,"13","0.333","0.417","0.358",21.9,15.4,8.3,"0.141","0.187","0.185",30
"Harris II, Michael",671739,"ATL","CH","Changeup",-0.7,0,"48",11.3,"13","0.231","0.231","0.208",36,23.1,17.6,"0.173","0.333","0.216",30
"Dubón, Mauricio",643289,"ATL","ST","Sweeper",-1.2,-1,"52",10.3,"13","0.231","0.308","0.235",22.2,7.7,5.6,"0.305","0.417","0.307",16.7
"Sheets, Gavin",657757,"SD","CH","Changeup",-0.6,0,"62",15.2,"13","0.154","0.308","0.192",21.4,30.8,14.3,"0.145","0.187","0.143",11.1
"Contreras, William",661388,"MIL","FC","Cutter",4.4,2,"46",8.9,"13","0.417","0.75","0.581",12.5,7.7,16.7,"0.322","0.647","0.429",45.5
"Rocchio, Brayan",677587,"CLE","SL","Slider",-0.9,0,"54",10.6,"13","0.25","0.25","0.283",29.6,23.1,20,"0.203","0.232","0.233",22.2
"Brito, Juan",682877,"CLE","CH","Changeup",-4,-2,"42",17.9,"13","0.083","0.083","0.123",42.9,30.8,23.5,"0.097","0.113","0.14",0
"Brito, Juan",682877,"CLE","FF","4-Seam Fastball",-0.7,0,"65",27.7,"13","0.333","0.583","0.412",26.5,30.8,20,"0.293","0.535","0.378",50
"Lewis, Royce",668904,"MIN","CH","Changeup",-3.5,-2,"47",14.1,"13","0","0","0.108",40,53.8,43.8,"0.065","0.175","0.192",25
"Schneemann, Daniel",682177,"CLE","SI","Sinker",-1.8,-1,"49",12.2,"13","0.25","0.417","0.315",10.5,7.7,12.5,"0.314","0.438","0.355",63.6
"Outman, James",681546,"MIN","FF","4-Seam Fastball",-4.2,-2,"47",36.2,"13","0.083","0.167","0.15",30.8,30.8,28.6,"0.094","0.169","0.156",37.5
"Castellanos, Nick",592206,"SD","SL","Slider",-3.6,-1,"36",14.6,"13","0.154","0.308","0.192",40,38.5,31.3,"0.196","0.284","0.206",37.5
"Tatis Jr., Fernando",665487,"SD","ST","Sweeper",0.6,0,"54",10.3,"13","0.25","0.333","0.254",38.1,38.5,23.8,"0.165","0.204","0.16",37.5
"Merrill, Jackson",701538,"SD","CU","Curveball",0.2,0,"45",8,"13","0.1","0.2","0.258",12.5,15.4,8,"0.149","0.261","0.295",37.5
"Schneemann, Daniel",682177,"CLE","CH","Changeup",0.6,0,"53",13.2,"13","0.25","0.25","0.262",48.1,38.5,23.8,"0.268","0.334","0.294",14.3
"Altuve, Jose",514888,"HOU","CH","Changeup",-2.5,-1,"51",10,"13","0.083","0.167","0.15",27.3,38.5,27.8,"0.141","0.184","0.184",28.6
"Vázquez, Christian",543877,"HOU","SI","Sinker",-0.8,-1,"74",28,"13","0.273","0.273","0.315",4,7.7,6.7,"0.169","0.196","0.244",30
"Soler, Jorge",624585,"LAA","FC","Cutter",-4.2,-2,"49",8.4,"13","0.091","0.091","0.177",46.4,15.4,20,"0.125","0.248","0.241",11.1
"Trammell, Taylor",666211,"HOU","FF","4-Seam Fastball",3.9,1,"34",30.9,"13","0.4","0.5","0.465",7.1,15.4,28.6,"0.288","0.53","0.428",50
"Mangum, Jake",663968,"PIT","SL","Slider",-0.3,0,"33",11.5,"13","0.154","0.154","0.277",25,15.4,20,"0.303","0.397","0.301",54.5
"Davis, Henry",680779,"PIT","SL","Slider",1,0,"45",15,"13","0.25","0.583","0.373",28,30.8,23.5,"0.294","0.465","0.354",37.5
"Albies, Ozzie",645277,"ATL","FC","Cutter",4.9,2,"45",8.3,"13","0.333","0.778","0.535",25,15.4,25,"0.24","0.392","0.4",57.1
"Pages, Andy",681624,"LAD","ST","Sweeper",3.8,2,"53",9,"13","0.417","0.583","0.454",30,23.1,15.8,"0.277","0.339","0.301",22.2
"Jeffers, Ryan",680777,"MIN","CH","Changeup",-0.1,0,"73",16.1,"13","0.1","0.1","0.231",20,7.7,3.3,"0.201","0.345","0.34",44.4
"Tovar, Ezequiel",678662,"COL","SI","Sinker",-4.3,-2,"48",9.4,"13","0.1","0.1","0.231",11.1,7.7,12.5,"0.28","0.59","0.441",55.6
"Heim, Jonah",641680,"ATL","FF","4-Seam Fastball",1.8,1,"62",38.8,"13","0.333","0.444","0.45",22.7,15.4,15.4,"0.263","0.457","0.43",28.6
"Goodman, Hunter",696100,"COL","SI","Sinker",3.7,2,"60",12.3,"13","0.5","1","0.646",24.1,15.4,25,"0.342","0.65","0.484",62.5
"Meyers, Jake",676694,"HOU","SI","Sinker",-1,0,"36",24,"13","0.273","0.545","0.346",28.6,23.1,30,"0.338","0.703","0.429",44.4
"Walker, Christian",572233,"HOU","CH","Changeup",2.5,1,"53",9.5,"13","0.25","0.5","0.346",40,23.1,18.8,"0.302","0.728","0.447",55.6
"Moncada, Yoán",660162,"LAA","CU","Curveball",5.9,3,"52",11.3,"13","0.364","0.727","0.496",31.8,7.7,5.6,"0.29","0.609","0.43",50
"Castro, Willi",650489,"COL","SL","Slider",2.9,1,"40",9.8,"13","0.182","0.455","0.331",37.5,53.8,35,"0.119","0.352","0.271",25
"Karros, Kyle",691720,"COL","SI","Sinker",-2,-1,"63",12,"13","0.273","0.273","0.315",20.8,38.5,50,"0.188","0.213","0.257",50
"Perdomo, Geraldo",672695,"AZ","SL","Slider",-2.8,-1,"41",7.7,"13","0.1","0.2","0.204",17.6,7.7,6.3,"0.151","0.177","0.28",20
"Rumfield, TJ",681198,"COL","SI","Sinker",-5.7,-2,"43",8.2,"13","0.091","0.091","0.123",0,0,0,"0.28","0.379","0.298",41.7
"Altuve, Jose",514888,"HOU","FC","Cutter",-3.8,-1,"38",7.5,"13","0.231","0.231","0.208",19,15.4,40,"0.311","0.346","0.287",27.3
"Smith, Cam",701358,"HOU","CH","Changeup",-2.2,-1,"56",9.5,"13","0.083","0.083","0.123",60.9,61.5,32,"0.148","0.281","0.222",25
"Bohm, Alec",664761,"PHI","SL","Slider",0.4,0,"53",10.9,"13","0.273","0.273","0.331",16.7,7.7,8.3,"0.376","0.471","0.404",45.5
"Schwarber, Kyle",656941,"PHI","ST","Sweeper",4.9,3,"55",8.3,"13","0.2","0.6","0.412",40.9,38.5,26.3,"0.251","0.581","0.426",60
"Paredes, Isaac",670623,"HOU","CU","Curveball",-2,-1,"62",10.7,"13","0.083","0.083","0.123",30.4,23.1,10.7,"0.29","0.543","0.38",11.1
"Schwarber, Kyle",656941,"PHI","CU","Curveball",3.8,2,"62",9.4,"13","0.333","0.917","0.527",41.7,30.8,17.4,"0.262","0.703","0.423",50
"Acuña, Luisangel",682668,"CWS","CH","Changeup",-5,-2,"45",14.2,"13","0.154","0.154","0.138",43.3,30.8,23.5,"0.207","0.232","0.192",44.4
"Diaz, Yainer",673237,"HOU","CH","Changeup",0.5,0,"32",9.4,"13","0.231","0.308","0.304",15,0,0,"0.292","0.337","0.276",38.5
"Peters, Tristan",671976,"CWS","SI","Sinker",-5.1,-2,"39",12.3,"13","0.091","0.091","0.177",20,15.4,25,"0.154","0.176","0.229",22.2
"Stott, Bryson",681082,"PHI","SL","Slider",0.7,0,"41",9.4,"13","0.25","0.5","0.346",22.7,15.4,16.7,"0.218","0.388","0.292",60
"Larnach, Trevor",663616,"MIN","SI","Sinker",0,0,"56",14.5,"13","0.3","0.4","0.396",9.1,0,0,"0.385","0.604","0.488",30
"Antonacci, Sam",803011,"CWS","SI","Sinker",-0.7,0,"42",16,"13","0.25","0.5","0.346",0,0,0,"0.422","0.695","0.495",50
"Basallo, Samuel",694212,"BAL","SL","Slider",-1.9,-1,"55",14.9,"13","0.091","0.364","0.262",46.2,38.5,41.7,"0.106","0.181","0.213",50
"Quero, Edgar",700337,"CWS","CH","Changeup",0.1,0,"47",14.1,"13","0.091","0.091","0.192",33.3,30.8,23.5,"0.14","0.155","0.224",14.3
"Rice, Ben",700250,"NYY","FC","Cutter",0.2,0,"51",9.3,"13","0.3","0.4","0.396",14.3,7.7,12.5,"0.401","0.481","0.455",44.4
"Vargas, Miguel",678246,"CWS","ST","Sweeper",1.8,1,"49",8,"13","0.273","0.455","0.369",20,30.8,22.2,"0.216","0.364","0.316",57.1
"Pereira, Everson",677592,"CWS","CH","Changeup",-0.6,0,"33",13.9,"13","0.308","0.385","0.304",45.8,38.5,55.6,"0.228","0.31","0.231",37.5
"Wood, James",695578,"WSH","CU","Curveball",-3.6,-2,"64",9.2,"13","0","0","0.054",68.2,69.2,45,"0.054","0.069","0.103",33.3
"Abrams, CJ",682928,"WSH","ST","Sweeper",3.8,1,"36",6.7,"13","0.273","0.545","0.346",41.7,15.4,20,"0.255","0.511","0.366",30
"Grichuk, Randal",545341,"CWS","FF","4-Seam Fastball",-4.3,-2,"45",37.2,"13","0.154","0.231","0.165",16.7,15.4,18.2,"0.224","0.348","0.244",36.4
"Rice, Ben",700250,"NYY","CU","Curveball",4.1,3,"61",11.1,"13","0.333","0.778","0.535",28,23.1,17.6,"0.35","0.655","0.513",33.3
"Stott, Bryson",681082,"PHI","SI","Sinker",-0.8,0,"56",12.8,"12","0.333","0.5","0.358",12.5,8.3,7.7,"0.362","0.478","0.36",45.5
"Sosa, Edmundo",624641,"PHI","FF","4-Seam Fastball",0.2,0,"62",34.8,"12","0.364","0.455","0.388",12.5,8.3,6.7,"0.432","0.623","0.471",80
"Harper, Bryce",547180,"PHI","CU","Curveball",1.4,1,"63",11.5,"12","0.364","0.455","0.388",34.5,8.3,4,"0.281","0.334","0.304",20
"Bohm, Alec",664761,"PHI","CH","Changeup",3.4,1,"43",8.8,"12","0.364","0.455","0.388",5.9,0,0,"0.31","0.392","0.339",18.2
"Giménez, Andrés",665926,"TOR","SL","Slider",2,1,"40",9.3,"12","0.333","0.417","0.329",22.2,16.7,15.4,"0.237","0.292","0.23",10
"Acuña Jr., Ronald",660670,"ATL","SL","Slider",0,0,"64",10.7,"12","0.143","0.143","0.308",45.5,25,16.7,"0.132","0.299","0.406",60
"Mullins, Cedric",656775,"TB","CH","Changeup",-2.6,-1,"40",9.1,"12","0.083","0.333","0.167",16.7,16.7,13.3,"0.21","0.378","0.249",20
"Mangum, Jake",663968,"PIT","CH","Changeup",-1.4,0,"34",11.9,"12","0.333","0.333","0.3",24,16.7,15.4,"0.264","0.299","0.247",10
"Castro, Willi",650489,"COL","CU","Curveball",-1.7,-1,"35",8.6,"12","0.25","0.25","0.225",33.3,33.3,28.6,"0.201","0.24","0.193",25
"O'Hearn, Ryan",656811,"PIT","CH","Changeup",-0.5,0,"58",10,"12","0.2","0.2","0.267",20.8,8.3,7.7,"0.287","0.362","0.353",22.2
"Grisham, Trent",663757,"NYY","FC","Cutter",1.7,1,"49",9.1,"12","0.222","0.333","0.354",15.8,16.7,20,"0.169","0.258","0.314",42.9
"Moniak, Mickey",666160,"COL","SL","Slider",2.7,1,"54",13.5,"12","0.2","0.6","0.388",33.3,16.7,16.7,"0.181","0.535","0.364",37.5
"Tovar, Ezequiel",678662,"COL","CU","Curveball",2.2,1,"25",4.9,"12","0.273","0.455","0.342",21.1,8.3,7.1,"0.374","0.448","0.386",20
"Johnston, Troy",687859,"COL","SI","Sinker",0.2,0,"36",8.6,"12","0.333","0.333","0.373",16.7,0,0,"0.191","0.225","0.277",20
"Rumfield, TJ",681198,"COL","FC","Cutter",0.3,0,"36",6.8,"12","0.182","0.455","0.3",12.5,0,0,"0.198","0.363","0.279",18.2
"Lowe, Brandon",664040,"PIT","ST","Sweeper",2.2,1,"55",9.7,"12","0.1","0.4","0.358",46.4,25,12.5,"0.161","0.281","0.274",42.9
"O'Hearn, Ryan",656811,"PIT","ST","Sweeper",-0.6,0,"39",6.7,"12","0.273","0.273","0.225",31.6,33.3,28.6,"0.292","0.343","0.273",12.5
"Smith, Dominic",642086,"ATL","CU","Curveball",-3,-1,"26",10.2,"12","0.2","0.2","0.208",40,25,33.3,"0.149","0.168","0.233",37.5
"Lowe, Josh",666139,"LAA","CH","Changeup",-3.1,-2,"52",12.5,"12","0.091","0.091","0.133",16,16.7,9.5,"0.245","0.44","0.325",44.4
"Horwitz, Spencer",687462,"PIT","SL","Slider",3.1,1,"42",9.5,"12","0.455","0.727","0.467",25,25,30,"0.33","0.468","0.317",33.3
"House, Brady",691781,"WSH","CU","Curveball",-7.1,-3,"38",7.8,"12","0","0","0",37.5,50,30,"0.054","0.147","0.085",16.7
"Lopez, Otto",672640,"MIA","CU","Curveball",-2.1,-1,"44",8.3,"12","0.083","0.083","0.15",42.1,50,37.5,"0.107","0.141","0.106",16.7
"Dingler, Dillon",693307,"DET","SL","Slider",7.5,4,"54",11.6,"12","0.583","1.083","0.704",21.7,8.3,8.3,"0.449","0.936","0.579",45.5
"Sosa, Lenyn",672820,"TOR","FF","4-Seam Fastball",-1.9,-1,"64",22.4,"12","0.25","0.333","0.254",15.2,16.7,8.7,"0.274","0.435","0.304",30
"Clement, Ernie",676391,"TOR","ST","Sweeper",2.9,1,"49",11.1,"12","0.417","0.583","0.433",22.7,8.3,7.1,"0.309","0.387","0.303",18.2
"Carpenter, Kerry",681481,"DET","FC","Cutter",-1.7,-1,"47",10.5,"12","0.222","0.222","0.267",32,25,25,"0.223","0.597","0.372",57.1
"Naylor, Bo",666310,"CLE","SL","Slider",-4.6,-2,"40",11.4,"12","0.091","0.091","0.133",11.1,8.3,5.9,"0.223","0.349","0.281",30
"Meadows, Parker",678009,"DET","FF","4-Seam Fastball",-2.1,-1,"58",35.6,"12","0.1","0.3","0.25",22.2,25,25,"0.13","0.229","0.243",28.6
"House, Brady",691781,"WSH","ST","Sweeper",2.3,1,"54",11,"12","0.2","0.6","0.388",31.8,25,13,"0.236","0.534","0.387",42.9
"Jeffers, Ryan",680777,"MIN","FC","Cutter",10.6,3,"31",6.8,"12","0.6","0.9","0.658",15.4,8.3,16.7,"0.397","0.725","0.514",33.3
"Bell, Josh",605137,"MIN","FC","Cutter",-8.1,-3,"38",7.3,"12","0.167","0.167","0.15",16.7,8.3,25,"0.237","0.415","0.28",45.5
"Báez, Javier",595879,"DET","SL","Slider",-6.1,-2,"40",14.3,"12","0.083","0.083","0.082",36,33.3,23.5,"0.197","0.218","0.184",37.5
"Ward, Taylor",621493,"BAL","ST","Sweeper",-0.1,0,"80",11.7,"12","0.2","0.2","0.267",13.6,16.7,7.4,"0.297","0.367","0.359",37.5
"Martínez, Angel",682657,"CLE","FC","Cutter",2.3,1,"40",8.9,"12","0.364","0.545","0.417",15,25,27.3,"0.299","0.419","0.344",37.5
"Rutschman, Adley",668939,"BAL","CH","Changeup",2,1,"46",14.5,"12","0.417","0.583","0.433",18.5,16.7,11.8,"0.287","0.387","0.293",30
"Andujar, Miguel",609280,"SD","ST","Sweeper",7.7,5,"61",19.2,"12","0.417","1","0.583",29.2,25,15.8,"0.165","0.317","0.204",55.6
"Semien, Marcus",543760,"NYM","CH","Changeup",1.4,1,"42",8.4,"12","0.364","0.545","0.417",32,33.3,26.7,"0.359","0.515","0.403",28.6
"Vargas, Miguel",678246,"CWS","CH","Changeup",3.7,2,"46",7.5,"12","0.364","0.636","0.45",0,0,0,"0.431","0.789","0.531",45.5
"Cronenworth, Jake",630105,"SD","CU","Curveball",-0.2,0,"39",8,"12","0.182","0.273","0.238",40,41.7,41.7,"0.218","0.431","0.31",50
"Machado, Manny",592518,"SD","CU","Curveball",-2.5,-1,"37",6.7,"12","0.182","0.273","0.238",13.6,16.7,11.8,"0.264","0.294","0.282",22.2
"Caglianone, Jac",695506,"KC","CU","Curveball",-4.5,-2,"51",12,"12","0","0","0.058",33.3,33.3,23.5,"0.055","0.073","0.109",14.3
"Arozarena, Randy",668227,"SEA","CU","Curveball",4,2,"39",6.3,"12","0.25","0.583","0.346",33.3,50,33.3,"0.19","0.419","0.255",50
"Raley, Luke",670042,"SEA","SL","Slider",-3.2,-1,"36",9.5,"12","0.25","0.25","0.225",41.7,25,21.4,"0.355","0.521","0.377",44.4
"Yastrzemski, Mike",573262,"ATL","CH","Changeup",-0.6,0,"34",7.8,"12","0.273","0.273","0.283",16.7,33.3,26.7,"0.148","0.165","0.185",42.9
"Frelick, Sal",686217,"MIL","SL","Slider",2.4,1,"44",9,"12","0.3","0.4","0.371",9.1,0,0,"0.298","0.346","0.35",20
"White, Eli",642201,"ATL","FF","4-Seam Fastball",0,0,"51",23.8,"12","0.333","0.75","0.45",14.8,8.3,8.3,"0.307","0.454","0.327",27.3
"Riley, Austin",663586,"ATL","ST","Sweeper",-2,-1,"65",10.5,"12","0.091","0.182","0.163",40.7,33.3,16.7,"0.174","0.541","0.33",42.9
"Ortiz, Joey",687401,"MIL","FC","Cutter",-1.2,0,"34",10.6,"12","0.182","0.182","0.245",0,0,0,"0.189","0.31","0.213",25
"Friedl, TJ",670770,"CIN","CU","Curveball",1.1,0,"41",8.2,"12","0.273","0.636","0.377",21.1,16.7,16.7,"0.249","0.388","0.274",50
"Canzone, Dominic",686527,"SEA","SI","Sinker",7.2,2,"33",10.4,"12","0.3","0.6","0.433",15.4,8.3,20,"0.32","0.776","0.498",55.6
"Baldwin, Drake",686948,"ATL","FC","Cutter",0.2,0,"47",7.4,"12","0.273","0.364","0.313",19,16.7,16.7,"0.211","0.249","0.239",11.1
"Turang, Brice",668930,"MIL","CU","Curveball",4.6,3,"57",9.5,"12","0.5","0.75","0.542",26.7,33.3,26.7,"0.381","0.664","0.445",50
"Harris II, Michael",671739,"ATL","ST","Sweeper",8.3,3,"40",9.4,"12","0.417","1.25","0.679",17.4,16.7,20,"0.372","0.751","0.475",70
"Caglianone, Jac",695506,"KC","SI","Sinker",-0.8,-1,"60",14.1,"12","0.222","0.222","0.325",27.3,8.3,11.1,"0.26","0.34","0.37",87.5
"Schanuel, Nolan",694384,"LAA","ST","Sweeper",-2.8,-1,"51",9.3,"12","0.167","0.25","0.179",33.3,16.7,15.4,"0.088","0.105","0.083",20
"Yelich, Christian",592885,"MIL","FC","Cutter",-7.2,-3,"41",16.7,"12","0.083","0.083","0.075",34.6,33.3,25,"0.133","0.164","0.13",25
"Sánchez, Jesús",660821,"TOR","CH","Changeup",-0.7,0,"48",11.1,"12","0.2","0.2","0.267",31.8,8.3,7.7,"0.346","0.418","0.394",55.6
"Arraez, Luis",650333,"SF","CH","Changeup",-4.5,-2,"41",7.7,"12","0.083","0.083","0.075",4.2,8.3,5.9,"0.286","0.344","0.269",9.1
"Suzuki, Seiya",673548,"CHC","ST","Sweeper",2.3,1,"38",9.9,"12","0.3","0.6","0.433",53.3,50,40,"0.233","0.484","0.37",50
"Garcia, Maikel",672580,"KC","FC","Cutter",-0.4,0,"53",9.6,"12","0.273","0.455","0.342",26.1,0,0,"0.289","0.474","0.356",63.6
"Isbel, Kyle",664728,"KC","CU","Curveball",2.6,1,"28",8,"12","0.333","0.5","0.358",38.1,33.3,26.7,"0.247","0.318","0.246",50
"Happ, Ian",664023,"CHC","ST","Sweeper",-3.2,-1,"34",5.6,"12","0.091","0.364","0.225",45,33.3,50,"0.154","0.378","0.262",14.3
"Crow-Armstrong, Pete",691718,"CHC","FS","Split-Finger",1.3,0,"34",6.4,"12","0.333","0.583","0.388",29.6,16.7,18.2,"0.369","0.689","0.449",60
"Tawa, Tim",694374,"AZ","FF","4-Seam Fastball",-2.6,-2,"64",27.9,"12","0","0","0.175",29,41.7,22.7,"0.013","0.024","0.187",0
"Carroll, Corbin",682998,"AZ","CU","Curveball",-2.9,-1,"46",8.6,"12","0.167","0.25","0.179",40,33.3,28.6,"0.257","0.305","0.245",37.5
"Lockridge, Brandon",663604,"MIL","ST","Sweeper",1,0,"44",10.9,"12","0.3","0.4","0.371",25,33.3,20,"0.138","0.19","0.235",33.3
"Jones, Greg",675659,"MIL","FF","4-Seam Fastball",-9,-3,"32",43.2,"12","0","0","0",40,50,54.5,"0.191","0.224","0.178",33.3
"Ramos, Heliot",671218,"SF","CU","Curveball",-3.5,-2,"53",9.5,"12","0.083","0.167","0.104",32,41.7,18.5,"0.262","0.479","0.314",57.1
"Massey, Michael",686681,"KC","CH","Changeup",1.9,1,"44",16.4,"12","0.333","0.583","0.392",21.4,16.7,10,"0.279","0.518","0.339",30
"Jensen, Carter",695600,"KC","CU","Curveball",1.4,1,"43",8.6,"12","0.3","0.3","0.342",20,25,30,"0.302","0.502","0.404",42.9
"Burger, Jake",669394,"TEX","CH","Changeup",-2.8,-1,"30",6,"12","0.25","0.25","0.225",45.5,33.3,36.4,"0.227","0.271","0.218",25
"Rafaela, Ceddanne",678882,"BOS","CU","Curveball",-3.9,-2,"39",8.6,"12","0.083","0.25","0.133",30.4,50,26.1,"0.105","0.135","0.103",16.7
"Yoshida, Masataka",807799,"BOS","SI","Sinker",-4.9,-2,"44",18.1,"12","0.091","0.091","0.133",13.3,8.3,14.3,"0.164","0.193","0.202",40
"Rafaela, Ceddanne",678882,"BOS","CH","Changeup",1.6,1,"46",10.2,"12","0.333","0.583","0.388",41.7,25,20,"0.109","0.292","0.166",33.3
"Narváez, Carlos",665966,"BOS","SL","Slider",-5.6,-2,"40",13.1,"12","0.083","0.083","0.075",46.2,25,21.4,"0.198","0.242","0.191",0
"Ruiz, Keibert",660688,"WSH","SL","Slider",-3.3,-1,"37",16.1,"12","0.167","0.167","0.15",36.8,33.3,40,"0.048","0.054","0.044",0
"Fortes, Nick",663743,"TB","CH","Changeup",-2.4,-1,"35",11.4,"12","0.167","0.25","0.179",50,41.7,29.4,"0.256","0.291","0.239",57.1
"Stanton, Giancarlo",519317,"NYY","ST","Sweeper",-6.4,-2,"37",9.6,"12","0.083","0.083","0.075",68.8,58.3,38.9,"0.083","0.103","0.083",40
"Urías, Ramón",602104,"STL","ST","Sweeper",-1.5,0,"30",12.7,"12","0.1","0.4","0.283",28.6,8.3,11.1,"0.134","0.324","0.275",11.1
"Kiner-Falefa, Isiah",643396,"BOS","FF","4-Seam Fastball",-8.2,-3,"39",30.5,"12","0","0","0",4.5,16.7,20,"0.132","0.161","0.126",10
"Gorman, Nolan",669357,"STL","FC","Cutter",1.4,1,"42",7.9,"12","0.25","0.5","0.317",34.8,41.7,41.7,"0.198","0.432","0.266",57.1
"Taveras, Leody",665750,"BAL","SI","Sinker",5,2,"35",10,"12","0.571","1","0.682",16.7,8.3,25,"0.601","1.096","0.714",42.9
"Henderson, Gunnar",683002,"BAL","CU","Curveball",1.1,1,"65",10,"12","0.273","0.545","0.375",29.4,33.3,13.3,"0.226","0.502","0.34",57.1
"Higashioka, Kyle",543309,"TEX","FF","4-Seam Fastball",0.1,0,"49",22.5,"12","0.3","0.4","0.371",17.6,16.7,13.3,"0.243","0.406","0.347",62.5
"Rosario, Amed",642708,"NYY","CH","Changeup",0.5,0,"31",13,"12","0.167","0.583","0.3",28.6,16.7,25,"0.242","0.591","0.347",20
"Keith, Colt",690993,"DET","SL","Slider",-3.1,-1,"46",11.9,"12","0.167","0.167","0.164",53.3,58.3,63.6,"0.171","0.194","0.158",20
"Mayo, Coby",691723,"BAL","CH","Changeup",-2.6,-1,"36",9.7,"12","0.083","0.333","0.167",29.4,25,30,"0.112","0.295","0.17",22.2
"Arenado, Nolan",571448,"AZ","ST","Sweeper",-1.5,-1,"44",9.5,"12","0.182","0.182","0.208",22.2,25,21.4,"0.186","0.221","0.223",0
"Trout, Mike",545361,"LAA","FC","Cutter",8.5,5,"54",7.8,"12","0.667","1.667","0.9",13.3,8.3,10,"0.38","0.902","0.577",50
"Pederson, Joc",592626,"TEX","CU","Curveball",-6.2,-3,"41",10.9,"12","0","0","0",15,8.3,10,"0.145","0.195","0.148",9.1
"Marsh, Brandon",669016,"PHI","CH","Changeup",-0.8,0,"41",9.9,"12","0.182","0.182","0.227",33.3,16.7,13.3,"0.265","0.297","0.288",22.2
"Peters, Tristan",671976,"CWS","SL","Slider",-2.9,-1,"38",12,"12","0.182","0.182","0.208",40,41.7,41.7,"0.143","0.182","0.186",0
"McGonigle, Kevin",805808,"DET","CU","Curveball",0.8,1,"73",11.7,"12","0.25","0.5","0.313",8,25,9.7,"0.19","0.285","0.204",22.2
"Harper, Bryce",547180,"PHI","ST","Sweeper",3.7,2,"47",8.6,"12","0.25","0.583","0.346",38.5,25,21.4,"0.228","0.476","0.297",22.2
"Grissom, Vaughn",687093,"LAA","CH","Changeup",1.1,0,"29",14.1,"12","0.2","0.2","0.267",7.1,0,0,"0.266","0.297","0.324",20
"Murakami, Munetaka",808959,"CWS","ST","Sweeper",-3.6,-2,"59",8.9,"12","0","0","0.058",53.8,58.3,31.8,"0.01","0.012","0.066",0
"Bohm, Alec",664761,"PHI","ST","Sweeper",-0.4,0,"53",10.9,"12","0.167","0.167","0.164",25,33.3,20,"0.245","0.304","0.239",25
"Wells, Austin",669224,"NYY","CH","Changeup",-0.6,0,"52",12.6,"11","0.3","0.3","0.309",55,27.3,27.3,"0.362","0.419","0.374",14.3
"Thomas, Alek",677950,"AZ","SI","Sinker",3,1,"42",12.8,"11","0.3","0.6","0.409",20,9.1,12.5,"0.24","0.425","0.319",44.4
"Walls, Taylor",670764,"TB","CH","Changeup",-4.4,-2,"43",12.9,"11","0.091","0.091","0.082",38.1,45.5,23.8,"0.067","0.086","0.065",0
"Walls, Taylor",670764,"TB","FC","Cutter",0.2,0,"37",11.1,"11","0.333","0.333","0.373",23.5,9.1,25,"0.306","0.367","0.366",12.5
"Simpson, Chandler",802415,"TB","SL","Slider",0.4,0,"39",8.2,"11","0.364","0.364","0.327",30,27.3,25,"0.182","0.195","0.167",50
"Caminero, Junior",691406,"TB","CU","Curveball",1.4,1,"36",6.3,"11","0.091","0.364","0.182",37.5,36.4,30.8,"0.168","0.362","0.224",42.9
"Del Castillo, Adrian",680728,"AZ","SI","Sinker",0.4,0,"38",13.5,"11","0.2","0.6","0.359",10.5,9.1,10,"0.198","0.351","0.275",22.2
"Ward, Taylor",621493,"BAL","CU","Curveball",1.7,1,"42",6.1,"11","0","0","0.336",36.4,18.2,11.8,"0.18","0.221","0.365",60
"Caminero, Junior",691406,"TB","FC","Cutter",-1.5,-1,"51",8.9,"11","0.143","0.143","0.273",0,9.1,16.7,"0.111","0.127","0.258",0
"Aranda, Jonathan",666018,"TB","ST","Sweeper",1.9,1,"39",6.5,"11","0.167","0.167","0.336",27.3,27.3,15.8,"0.104","0.217","0.365",75
"Alonso, Pete",624413,"BAL","ST","Sweeper",-1.4,-1,"66",10.8,"11","0.125","0.25","0.305",47.6,36.4,19,"0.094","0.189","0.278",25
"Urías, Ramón",602104,"STL","SL","Slider",-0.8,0,"38",16,"11","0.2","0.3","0.277",26.3,18.2,22.2,"0.297","0.534","0.341",44.4
"Taveras, Leody",665750,"BAL","FC","Cutter",4,1,"36",10.3,"11","0.455","0.818","0.536",30,9.1,9.1,"0.308","0.373","0.299",50
"Jackson, Jeremiah",669236,"BAL","CU","Curveball",-4.3,-2,"40",10.5,"11","0.091","0.091","0.082",61.9,45.5,29.4,"0.096","0.171","0.112",16.7
"Jackson, Jeremiah",669236,"BAL","CH","Changeup",-0.4,0,"33",8.6,"11","0.3","0.3","0.309",47.6,27.3,25,"0.318","0.37","0.339",28.6
"Beavers, Dylan",687637,"BAL","SI","Sinker",2,1,"46",11.4,"11","0.333","0.444","0.405",5.6,0,0,"0.329","0.5","0.418",55.6
"Gorman, Nolan",669357,"STL","SL","Slider",1.3,1,"56",10.5,"11","0.333","0.333","0.373",34.6,18.2,13.3,"0.346","0.667","0.478",42.9
"Wetherholt, JJ",802139,"STL","FC","Cutter",-0.9,-1,"58",9,"11","0.333","0.333","0.373",29,9.1,10,"0.337","0.431","0.4",25
"Rafaela, Ceddanne",678882,"BOS","FC","Cutter",0.2,0,"44",9.7,"11","0.333","0.333","0.373",25,0,0,"0.277","0.353","0.351",33.3
"Burleson, Alec",676475,"STL","CU","Curveball",0.6,0,"45",8.3,"11","0.3","0.5","0.373",22.2,18.2,12.5,"0.245","0.53","0.358",50
"Jung, Josh",673962,"TEX","ST","Sweeper",1.2,1,"55",12,"11","0.273","0.455","0.309",18.2,27.3,12,"0.241","0.356","0.257",50
"Duran, Jarren",680776,"BOS","FS","Split-Finger",-4,-1,"32",7,"11","0.182","0.182","0.164",29.4,27.3,30,"0.153","0.172","0.141",25
"García Jr., Luis",671277,"WSH","CU","Curveball",3.7,2,"46",11.7,"11","0.455","0.636","0.473",40.9,45.5,29.4,"0.215","0.261","0.208",66.7
"Burleson, Alec",676475,"STL","ST","Sweeper",-2.7,-1,"50",9.2,"11","0.1","0.1","0.145",27.3,27.3,21.4,"0.246","0.565","0.374",42.9
"Mayer, Marcelo",691785,"BOS","CU","Curveball",-1.6,-1,"40",10.8,"11","0.1","0.1","0.145",33.3,36.4,33.3,"0.107","0.152","0.163",16.7
"Haggerty, Sam",664059,"TEX","FF","4-Seam Fastball",-0.7,0,"42",40,"11","0.3","0.3","0.309",23.8,36.4,25,"0.184","0.208","0.217",16.7
"Story, Trevor",596115,"BOS","CH","Changeup",-3.3,-2,"47",9,"11","0.182","0.273","0.195",48.3,36.4,26.7,"0.244","0.312","0.239",42.9
"Schmitt, Casey",669477,"SF","SL","Slider",0.2,0,"54",12.8,"11","0.273","0.455","0.309",15,18.2,22.2,"0.225","0.566","0.331",55.6
"Lee, Jung Hoo",808982,"SF","CU","Curveball",1,0,"41",8.1,"11","0.3","0.5","0.373",10.5,9.1,20,"0.292","0.429","0.343",66.7
"Bregman, Alex",608324,"CHC","CU","Curveball",-0.8,0,"57",8.9,"11","0.182","0.182","0.164",17.6,45.5,21.7,"0.074","0.082","0.067",33.3
"Busch, Michael",683737,"CHC","FC","Cutter",-0.3,0,"56",10.1,"11","0.167","0.5","0.4",0,0,0,"0.107","0.148","0.317",14.3
"Chapman, Matt",656305,"SF","CU","Curveball",-1.2,0,"34",5.9,"11","0.273","0.455","0.309",23.5,36.4,30.8,"0.225","0.441","0.281",42.9
"Happ, Ian",664023,"CHC","FS","Split-Finger",2.2,1,"39",6.4,"11","0.333","0.333","0.373",21.1,18.2,8.3,"0.285","0.322","0.345",14.3
"Ballesteros, Moisés",694208,"CHC","SI","Sinker",-3.3,-1,"37",10.4,"11","0.182","0.364","0.227",4.5,18.2,12.5,"0.284","0.555","0.354",66.7
"Ballesteros, Moisés",694208,"CHC","SL","Slider",6.4,3,"42",11.8,"11","0.333","0.667","0.473",30,9.1,8.3,"0.15","0.213","0.257",25
"Gilbert, Drew",687551,"SF","SI","Sinker",-8.1,-3,"36",17.1,"11","0.091","0.091","0.082",18.8,18.2,33.3,"0.172","0.193","0.158",11.1
"Lee, Jung Hoo",808982,"SF","CH","Changeup",-1.2,-1,"46",9,"11","0.182","0.182","0.164",15,18.2,11.8,"0.389","0.436","0.361",22.2
"Bailey, Patrick",672275,"SF","SL","Slider",3.1,1,"38",11,"11","0.455","0.727","0.509",27.3,27.3,20,"0.345","0.586","0.396",50
"Sánchez, Jesús",660821,"TOR","SL","Slider",-6.5,-3,"39",9,"11","0.091","0.091","0.082",29.6,18.2,28.6,"0.189","0.223","0.179",44.4
"Bailey, Patrick",672275,"SF","SI","Sinker",-5.2,-2,"46",13.3,"11","0","0","0.127",20,18.2,28.6,"0.196","0.352","0.317",57.1
"Donovan, Brendan",680977,"SEA","CH","Changeup",0.1,0,"36",13.8,"11","0.3","0.4","0.341",23.5,9.1,12.5,"0.279","0.385","0.32",11.1
"Stephenson, Tyler",663886,"CIN","CH","Changeup",-4.2,-2,"46",11.8,"11","0","0","0.064",25,45.5,31.3,"0.1","0.257","0.198",40
"García Jr., Luis",671277,"WSH","FS","Split-Finger",-4.1,-1,"27",6.9,"11","0.091","0.182","0.114",7.7,18.2,25,"0.171","0.192","0.158",44.4
"Marte, Noelvi",682622,"CIN","FF","4-Seam Fastball",-2.1,-1,"40",32,"11","0.2","0.2","0.227",27.3,36.4,25,"0.118","0.132","0.165",50
"Suárez, Eugenio",553993,"CIN","SL","Slider",0.6,0,"54",13.6,"11","0.222","0.222","0.373",52.4,36.4,19,"0.188","0.224","0.274",0
"Rivas, Leo",660844,"SEA","CH","Changeup",-0.7,0,"48",10.4,"11","0.2","0.2","0.227",27.8,27.3,15,"0.14","0.161","0.18",0
"Donovan, Brendan",680977,"SEA","SI","Sinker",-1.7,-1,"52",19.9,"11","0.222","0.222","0.291",23.8,9.1,12.5,"0.183","0.265","0.287",25
"Myers, Dane",667472,"CIN","SL","Slider",-1.7,-1,"44",18.6,"11","0.273","0.273","0.245",35.3,36.4,30.8,"0.236","0.331","0.245",28.6
"Albies, Ozzie",645277,"ATL","FS","Split-Finger",-0.5,0,"42",7.8,"11","0.273","0.273","0.245",45.5,36.4,23.5,"0.155","0.172","0.143",28.6
"McLain, Matt",680574,"CIN","CH","Changeup",-3,-1,"41",7.3,"11","0.182","0.273","0.195",18.2,9.1,6.3,"0.214","0.246","0.2",0
"France, Ty",664034,"SD","FF","4-Seam Fastball",0.5,0,"47",24.9,"11","0.3","0.6","0.409",20.7,18.2,11.8,"0.429","0.891","0.569",50
"Campusano, Luis",669134,"SD","ST","Sweeper",-4.1,-1,"33",16,"11","0.091","0.182","0.114",41.2,36.4,28.6,"0.115","0.146","0.113",28.6
"Schneemann, Daniel",682177,"CLE","ST","Sweeper",-2.5,-1,"34",8.5,"11","0.2","0.2","0.227",66.7,45.5,38.5,"0.179","0.212","0.218",40
"Dubón, Mauricio",643289,"ATL","CU","Curveball",1.3,1,"39",7.7,"11","0.222","0.333","0.323",26.7,27.3,25,"0.214","0.249","0.297",16.7
"Schneemann, Daniel",682177,"CLE","SL","Slider",2.4,1,"50",12.4,"11","0.364","0.818","0.491",55.2,45.5,33.3,"0.238","0.548","0.33",66.7
"Cronenworth, Jake",630105,"SD","CH","Changeup",-2.6,-1,"51",10.5,"11","0.091","0.091","0.082",51.9,36.4,17.4,"0.087","0.094","0.079",0
"Laureano, Ramón",657656,"SD","SL","Slider",-2.5,-2,"64",11.7,"11","0.1","0.1","0.145",28.6,18.2,14.3,"0.245","0.282","0.272",25
"Manzardo, Kyle",700932,"CLE","CH","Changeup",-1.6,-1,"48",10.8,"11","0.1","0.1","0.145",42.1,27.3,18.8,"0.215","0.261","0.253",28.6
"Heineman, Tyler",623168,"TOR","CU","Curveball",-4.2,-1,"23",11.7,"11","0.182","0.182","0.09",17.6,27.3,25,"0.059","0.068","0.055",0
"Guerrero Jr., Vladimir",665489,"TOR","CU","Curveball",-3.2,-1,"37",6.9,"11","0.182","0.182","0.164",27.3,27.3,21.4,"0.268","0.443","0.303",62.5
"Giménez, Andrés",665926,"TOR","ST","Sweeper",2.6,1,"35",8.1,"11","0.3","0.5","0.373",15,18.2,28.6,"0.122","0.161","0.174",0
"Manzardo, Kyle",700932,"CLE","CU","Curveball",-0.4,0,"51",11.5,"11","0.3","0.4","0.341",7.1,9.1,6.7,"0.211","0.283","0.255",11.1
"Ramírez, José",608070,"CLE","FS","Split-Finger",1.2,0,"42",6.6,"11","0.2","0.3","0.259",15,9.1,4.3,"0.323","0.39","0.348",22.2
"Dubón, Mauricio",643289,"ATL","FC","Cutter",5.7,3,"45",8.9,"11","0.5","0.8","0.65",16.7,9.1,9.1,"0.317","0.514","0.387",33.3
"O'Hearn, Ryan",656811,"PIT","CU","Curveball",-1.2,-1,"60",10.3,"11","0.111","0.111","0.145",44,36.4,21.1,"0.085","0.165","0.211",83.3
"Horwitz, Spencer",687462,"PIT","CH","Changeup",2.7,2,"60",13.5,"11","0.2","0.5","0.327",20,9.1,5.9,"0.241","0.439","0.328",33.3
"Cruz, Oneil",665833,"PIT","ST","Sweeper",10.6,5,"45",7.2,"11","0.5","1.1","0.755",33.3,27.3,20,"0.393","0.853","0.541",57.1
"Gonzales, Nick",693304,"PIT","CU","Curveball",1.1,1,"47",10,"11","0.3","0.4","0.341",45,36.4,21.1,"0.288","0.323","0.306",16.7
"Doyle, Brenton",686668,"COL","FC","Cutter",4.7,1,"30",8.5,"11","0.545","0.636","0.523",31.3,27.3,50,"0.393","0.446","0.366",37.5
"Riley, Austin",663586,"ATL","CU","Curveball",-1.7,-1,"57",9.2,"11","0.1","0.1","0.145",40,45.5,26.3,"0.064","0.084","0.122",40
"Harris II, Michael",671739,"ATL","CU","Curveball",-4.3,-2,"46",10.8,"11","0.1","0.1","0.082",47.8,54.5,40,"0.101","0.131","0.172",60
"McCarthy, Jake",664983,"COL","CU","Curveball",3.3,1,"42",16.5,"11","0.3","0.4","0.423",26.3,9.1,7.7,"0.252","0.314","0.288",22.2
"Montgomery, Colson",695657,"CWS","ST","Sweeper",-1.4,-1,"41",7.5,"11","0","0","0.191",21.4,18.2,20,"0.092","0.233","0.289",33.3
"Wiemer, Joey",686894,"WSH","CH","Changeup",6.3,2,"26",10,"11","0.4","0.7","0.491",38.5,36.4,66.7,"0.272","0.577","0.391",33.3
"Turner, Trea",607208,"PHI","CU","Curveball",0.2,0,"54",9.2,"11","0.273","0.455","0.309",33.3,18.2,10.5,"0.269","0.313","0.253",44.4
"Marsh, Brandon",669016,"PHI","ST","Sweeper",-2.6,-1,"45",10.9,"11","0.182","0.182","0.164",28.6,27.3,21.4,"0.185","0.221","0.176",25
"García, Adolis",666969,"PHI","FS","Split-Finger",6.8,2,"36",6.3,"11","0.444","0.778","0.55",38.9,18.2,15.4,"0.39","0.805","0.54",85.7
"Vargas, Miguel",678246,"CWS","FC","Cutter",-0.1,0,"49",8,"11","0.3","0.4","0.341",36,27.3,25,"0.234","0.457","0.331",28.6
"Turner, Trea",607208,"PHI","ST","Sweeper",-3.7,-2,"51",8.7,"11","0.091","0.091","0.082",30.8,54.5,30,"0.137","0.185","0.14",0
"Sosa, Lenyn",672820,"TOR","CH","Changeup",6.3,2,"27",9.4,"11","0.364","0.636","0.427",35.3,36.4,30.8,"0.269","0.641","0.381",42.9
"Clement, Ernie",676391,"TOR","CH","Changeup",-0.4,0,"45",10.2,"11","0.273","0.364","0.277",18.5,18.2,18.2,"0.284","0.33","0.268",22.2
"Murakami, Munetaka",808959,"CWS","CU","Curveball",4,3,"70",10.6,"11","0.4","1","0.591",38.1,27.3,15,"0.456","1.113","0.658",100
"Stanton, Giancarlo",519317,"NYY","SI","Sinker",1.6,1,"67",17.4,"11","0.364","0.636","0.427",27.6,9.1,12.5,"0.406","0.743","0.482",60
"Rice, Ben",700250,"NYY","ST","Sweeper",2.5,1,"58",10.6,"11","0.333","0.778","0.441",15,54.5,24,"0.208","0.519","0.427",100
"Montgomery, Colson",695657,"CWS","CU","Curveball",3.6,2,"55",10.1,"11","0.4","0.9","0.555",37.5,27.3,20,"0.298","0.548","0.39",42.9
"McNeil, Jeff",643446,"ATH","SL","Slider",-3.7,-2,"47",10.7,"11","0","0","0.07",20.8,27.3,20,"0.186","0.271","0.246",14.3
"Robert Jr., Luis",673357,"NYM","ST","Sweeper",-0.7,0,"42",11.1,"11","0.2","0.3","0.259",27.3,27.3,14.3,"0.198","0.231","0.233",28.6
"Torrens, Luis",620443,"NYM","FF","4-Seam Fastball",-2.1,-1,"40",28.2,"11","0.2","0.3","0.259",27.3,27.3,25,"0.289","0.446","0.348",85.7
"Carpenter, Kerry",681481,"DET","SI","Sinker",-2.8,-2,"54",12.1,"11","0.222","0.222","0.291",27.3,18.2,11.1,"0.196","0.242","0.282",42.9
"Greene, Riley",682985,"DET","ST","Sweeper",4.1,2,"40",6.3,"11","0.25","0.625","0.455",35,36.4,28.6,"0.226","0.535","0.423",75
"Greene, Riley",682985,"DET","CU","Curveball",-0.9,0,"35",5.5,"11","0.1","0.4","0.245",37.5,27.3,30,"0.329","1.024","0.571",57.1
"Lindor, Francisco",596019,"NYM","SI","Sinker",-5.6,-2,"44",9.6,"11","0.091","0.091","0.082",21.1,9.1,16.7,"0.179","0.3","0.204",40
"Pages, Andy",681624,"LAD","CH","Changeup",0.4,0,"40",6.8,"11","0.222","0.222","0.291",26.7,9.1,7.7,"0.319","0.551","0.432",37.5
"Benge, Carson",701807,"NYM","FC","Cutter",-2,-1,"38",8.6,"11","0.2","0.5","0.327",6.7,0,0,"0.347","0.668","0.453",50
"Báez, Javier",595879,"DET","SI","Sinker",-0.7,0,"42",15.1,"11","0.4","0.5","0.359",19,18.2,100,"0.306","0.396","0.329",33.3
"Rojas, Miguel",500743,"LAD","SI","Sinker",0.9,0,"32",16.6,"11","0.375","0.375","0.373",6.7,0,0,"0.311","0.38","0.373",55.6
"Benge, Carson",701807,"NYM","FS","Split-Finger",1.9,1,"27",6.1,"11","0.273","0.636","0.377",20,18.2,22.2,"0.309","0.563","0.371",44.4
"McNeil, Jeff",643446,"ATH","ST","Sweeper",-1.8,-1,"36",8.2,"11","0.3","0.3","0.245",15,0,0,"0.354","0.445","0.334",18.2
"Correa, Carlos",621043,"HOU","CU","Curveball",2.8,1,"49",8.4,"11","0.5","0.5","0.473",25,9.1,5.9,"0.454","0.749","0.531",33.3
"Diaz, Yainer",673237,"HOU","ST","Sweeper",-3.2,-1,"39",11.5,"11","0.2","0.2","0.164",25,0,0,"0.222","0.27","0.221",36.4
"Muncy, Max",691777,"ATH","ST","Sweeper",-7.6,-3,"36",8.9,"11","0","0","0",38.9,45.5,35.7,"0.036","0.055","0.039",0
"Betts, Mookie",605141,"LAD","FF","4-Seam Fastball",1.6,1,"39",36.8,"11","0.222","0.667","0.423",0,9.1,12.5,"0.234","0.451","0.363",37.5
"Freeland, Alex",690976,"LAD","FC","Cutter",-2.4,-1,"37",9.5,"11","0.3","0.3","0.27",15,18.2,40,"0.215","0.236","0.2",11.1
"Nuñez, Nasim",683083,"WSH","SL","Slider",-0.8,0,"43",8.9,"11","0.125","0.125","0.32",27.3,9.1,7.7,"0.211","0.308","0.317",37.5
"Freeman, Freddie",518692,"LAD","FC","Cutter",2,1,"51",9.4,"11","0.4","0.6","0.455",21.4,9.1,14.3,"0.224","0.507","0.341",33.3
"Meyers, Jake",676694,"HOU","FF","4-Seam Fastball",0.7,0,"35",23.3,"11","0.364","0.455","0.359",12.5,9.1,12.5,"0.286","0.553","0.351",50
"Rengifo, Luis",650859,"MIL","SL","Slider",2.5,1,"45",10.8,"11","0.3","0.4","0.423",15.8,0,0,"0.268","0.375","0.316",30
"Hamilton, David",666152,"MIL","FC","Cutter",1.4,1,"40",9.8,"11","0.333","0.333","0.43",5.9,9.1,9.1,"0.228","0.25","0.262",11.1
"Marte, Starling",516782,"KC","FF","4-Seam Fastball",-2.6,-1,"44",31.9,"11","0.111","0.111","0.16",25.9,45.5,21.7,"0.081","0.106","0.145",0
"Caglianone, Jac",695506,"KC","CH","Changeup",3.5,1,"39",9.2,"11","0.333","0.444","0.405",16.7,9.1,11.1,"0.194","0.259","0.29",25
"Witt Jr., Bobby",677951,"KC","CH","Changeup",3.3,1,"40",6.6,"11","0.4","0.7","0.491",16,9.1,7.1,"0.339","0.656","0.444",33.3
"d'Arnaud, Travis",518595,"LAA","FF","4-Seam Fastball",-4.4,-2,"39",28.5,"11","0.1","0.1","0.145",22.2,36.4,33.3,"0.23","0.357","0.293",50
"Perez, Salvador",521692,"KC","FC","Cutter",-2.4,-1,"50",9.4,"11","0.364","0.455","0.359",34.2,9.1,12.5,"0.215","0.301","0.224",50
"Collins, Isaac",686555,"KC","SI","Sinker",3.6,2,"56",13,"11","0.444","0.778","0.555",13.6,18.2,18.2,"0.301","0.479","0.4",28.6
"Pauley, Graham",688363,"MIA","CH","Changeup",-1,-1,"54",16.9,"11","0.182","0.273","0.195",19,9.1,5.3,"0.17","0.225","0.172",10
"Caissie, Owen",683357,"MIA","CU","Curveball",-1.5,-1,"57",13.2,"11","0.182","0.273","0.195",42.3,45.5,27.8,"0.142","0.254","0.169",33.3
"Pauley, Graham",688363,"MIA","SI","Sinker",0.2,0,"39",12.2,"11","0.333","0.333","0.373",21.4,9.1,10,"0.268","0.453","0.38",37.5
"Marsee, Jakob",805300,"MIA","CH","Changeup",2.8,2,"64",9.9,"11","0.3","0.5","0.373",34.6,18.2,8.7,"0.243","0.359","0.296",50
"Trout, Mike",545361,"LAA","ST","Sweeper",2.8,2,"60",8.7,"11","0.222","0.667","0.505",12.5,27.3,16.7,"0.329","0.975","0.567",66.7
"Peraza, Oswald",672724,"LAA","CU","Curveball",-0.3,0,"36",9.2,"11","0.182","0.273","0.277",40.9,45.5,29.4,"0.264","0.55","0.343",33.3
"Neto, Zach",687263,"LAA","CU","Curveball",-1.4,-1,"45",6.6,"11","0.1","0.2","0.177",33.3,36.4,18.2,"0.226","0.464","0.329",33.3
"Tena, José",677588,"WSH","CH","Changeup",0.2,0,"38",14.6,"11","0.273","0.273","0.245",47.6,36.4,25,"0.248","0.339","0.254",71.4
"Marte, Ketel",606466,"AZ","SI","Sinker",4.6,2,"44",8.6,"11","0.5","1.1","0.673",9.1,18.2,25,"0.505","1.029","0.652",62.5
"Durbin, Caleb",702332,"BOS","CH","Changeup",-3.8,-1,"36",8.1,"10","0.1","0.2","0.125",60,40,40,"0.211","0.244","0.197",33.3
"Rooker, Brent",667670,"ATH","SL","Slider",0.3,0,"43",16.8,"10","0.2","0.2","0.36",59.3,40,44.4,"0.167","0.2","0.164",0
"Millas, Drew",686452,"WSH","CH","Changeup",2.8,1,"28",12.2,"10","0.333","0.444","0.375",27.8,30,33.3,"0.324","0.434","0.361",16.7
"Matthews, Brice",694728,"HOU","SL","Slider",0.9,0,"34",9.5,"10","0.2","0.3","0.305",33.3,40,21.1,"0.163","0.27","0.181",33.3
"Jeffers, Ryan",680777,"MIN","ST","Sweeper",-3,-1,"38",8.4,"10","0.1","0.1","0.09",33.3,40,25,"0.125","0.153","0.121",33.3
"Antonacci, Sam",803011,"CWS","CH","Changeup",1.5,1,"36",13.7,"10","0.3","0.3","0.36",29.4,20,15.4,"0.224","0.259","0.212",0
"Larnach, Trevor",663616,"MIN","FS","Split-Finger",3.4,1,"39",10.1,"10","0.286","0.429","0.425",42.9,20,11.8,"0.207","0.308","0.364",20
"Soderstrom, Tyler",691016,"ATH","CU","Curveball",-1.2,0,"39",7.9,"10","0.2","0.4","0.25",36.8,20,18.2,"0.209","0.353","0.239",75
"Realmuto, J.T.",592663,"PHI","ST","Sweeper",-1,0,"31",11.5,"10","0.2","0.2","0.18",25,30,23.1,"0.197","0.27","0.202",14.3
"Ohtani, Shohei",660271,"LAD","FC","Cutter",2.2,1,"52",8.7,"10","0.167","0.667","0.48",22.2,10,10,"0.329","0.858","0.573",60
"Schwarber, Kyle",656941,"PHI","FS","Split-Finger",1.5,1,"36",5.5,"10","0.25","0.375","0.355",38.9,30,20,"0.23","0.267","0.312",20
"Loperfido, Joey",694388,"HOU","SL","Slider",-2.6,-1,"45",16.7,"10","0.111","0.222","0.195",48.5,50,33.3,"0.142","0.16","0.188",50
"Meidroth, Chase",805367,"CWS","FC","Cutter",-4.9,-2,"49",7.9,"10","0","0","0.07",9.5,10,10,"0.177","0.225","0.227",37.5
"Lowe, Josh",666139,"LAA","CU","Curveball",0.9,0,"26",6.2,"10","0.222","0.667","0.325",15.8,10,7.7,"0.221","0.381","0.246",33.3
"Clarke, Denzel",672016,"ATH","SL","Slider",-0.2,0,"34",14,"10","0.222","0.222","0.2",52.9,50,45.5,"0.143","0.155","0.129",40
"Julien, Edouard",666397,"COL","FC","Cutter",1.2,0,"37",8.6,"10","0.375","0.375","0.41",26.7,40,36.4,"0.147","0.17","0.252",0
"Doyle, Brenton",686668,"COL","SI","Sinker",3.5,1,"35",9.9,"10","0.111","0.444","0.45",10,20,33.3,"0.241","0.465","0.339",42.9
"Goodman, Hunter",696100,"COL","FC","Cutter",4.2,1,"26",5.3,"10","0.556","0.667","0.555",5.6,0,0,"0.294","0.523","0.385",33.3
"Barrosa, Jorge",678489,"AZ","SI","Sinker",-1.4,-1,"56",17.4,"10","0.222","0.444","0.32",20,60,50,"0.156","0.289","0.24",66.7
"McCarthy, Jake",664983,"COL","SI","Sinker",6,1,"19",7.5,"10","0.4","0.7","0.465",30.8,20,40,"0.419","0.839","0.529",75
"Ozuna, Marcell",542303,"PIT","FC","Cutter",-1.9,-1,"41",8,"10","0.111","0.444","0.27",33.3,30,27.3,"0.144","0.475","0.3",33.3
"Horwitz, Spencer",687462,"PIT","CU","Curveball",0.2,0,"45",10.2,"10","0.167","0.167","0.3",42.9,30,23.1,"0.046","0.053","0.27",25
"Cruz, Oneil",665833,"PIT","FC","Cutter",8,3,"35",5.6,"10","0.571","1.571","0.825",15.8,10,20,"0.422","1.349","0.717",50
"Ruiz, Keibert",660688,"WSH","CH","Changeup",2.8,1,"29",12.6,"10","0.2","0.6","0.325",40,40,44.4,"0.14","0.281","0.176",33.3
"Díaz, Yandy",650490,"TB","CH","Changeup",3.6,1,"29",5.8,"10","0.25","0.625","0.43",13.3,10,9.1,"0.296","0.378","0.375",57.1
"Hernández, Teoscar",606192,"LAD","FS","Split-Finger",-3.7,-1,"26",5.2,"10","0.111","0.222","0.195",53.8,40,36.4,"0.146","0.263","0.23",20
"Baldwin, Drake",686948,"ATL","FS","Split-Finger",-3.2,-1,"37",5.8,"10","0.2","0.2","0.18",19.2,20,11.8,"0.228","0.261","0.214",37.5
"Walker, Christian",572233,"HOU","CU","Curveball",-2,-1,"53",9.5,"10","0.1","0.1","0.09",45,40,23.5,"0.102","0.132","0.101",0
"Griffin, Konnor",804606,"PIT","FC","Cutter",0.6,0,"38",8.9,"10","0.333","0.556","0.41",39.1,30,42.9,"0.234","0.546","0.361",33.3
"Clemens, Kody",665019,"MIN","FS","Split-Finger",-2,-1,"29",7.5,"10","0","0","0.23",28.6,30,21.4,"0.08","0.188","0.229",20
"Nimmo, Brandon",607043,"TEX","CU","Curveball",-0.3,0,"37",6.8,"10","0.3","0.3","0.27",18.8,10,9.1,"0.222","0.293","0.224",33.3
"Heim, Jonah",641680,"ATL","CH","Changeup",-5,-1,"19",11.9,"10","0.2","0.3","0.215",23.1,20,28.6,"0.198","0.265","0.199",50
"Brito, Juan",682877,"CLE","FC","Cutter",-2.1,-1,"34",14.5,"10","0.222","0.333","0.285",22.2,20,28.6,"0.323","0.409","0.354",42.9
"Laureano, Ramón",657656,"SD","FC","Cutter",2.4,1,"54",9.9,"10","0.2","0.7","0.36",37.9,40,28.6,"0.192","0.49","0.284",33.3
"Kurtz, Nick",701762,"ATH","CH","Changeup",-1.3,-1,"81",11.6,"10","0","0","0.07",33.3,20,6.3,"0.148","0.366","0.262",28.6
"Bogaerts, Xander",593428,"SD","SL","Slider",1.8,1,"59",11.4,"10","0.444","0.444","0.43",31.8,30,16.7,"0.241","0.268","0.27",66.7
"Sánchez, Jesús",660821,"TOR","FC","Cutter",0.7,0,"30",6.9,"10","0.4","0.8","0.505",9.5,0,0,"0.307","0.728","0.432",50
"Butler, Lawrence",671732,"ATH","ST","Sweeper",-3.3,-1,"42",9.2,"10","0.111","0.222","0.195",36.8,30,23.1,"0.101","0.115","0.154",16.7
"Naylor, Bo",666310,"CLE","CH","Changeup",1,0,"50",14.3,"10","0.222","0.556","0.36",20.8,20,12.5,"0.236","0.515","0.356",28.6
"Buxton, Byron",621439,"MIN","ST","Sweeper",-6,-3,"43",8.2,"10","0","0","0",43.5,50,35.7,"0.039","0.05","0.038",20
"Bogaerts, Xander",593428,"SD","CU","Curveball",-2,-1,"51",9.9,"10","0.1","0.1","0.09",47.1,60,30,"0.186","0.249","0.187",50
"Hernández, Teoscar",606192,"LAD","SL","Slider",7.2,4,"49",9.7,"10","0.4","1.1","0.615",40,30,23.1,"0.281","0.715","0.416",71.4
"DeLauter, Chase",800050,"CLE","ST","Sweeper",0.9,0,"37",7.3,"10","0.125","0.5","0.34",0,20,28.6,"0.211","0.33","0.325",50
"Castellanos, Nick",592206,"SD","ST","Sweeper",-0.6,0,"41",16.7,"10","0.222","0.333","0.285",27.3,10,7.1,"0.346","0.597","0.432",25
"Campusano, Luis",669134,"SD","SI","Sinker",2,1,"51",24.8,"10","0.444","0.667","0.5",21.7,10,12.5,"0.34","0.51","0.4",50
"Johnson, Bryce",669369,"SD","FF","4-Seam Fastball",-0.9,0,"27",28.4,"10","0.286","0.429","0.394",30.8,30,50,"0.074","0.081","0.209",0
"Bauers, Jake",641343,"MIL","CH","Changeup",-1.2,-1,"72",14.5,"10","0.1","0.2","0.125",57.1,30,15.8,"0.13","0.267","0.168",42.9
"Manzardo, Kyle",700932,"CLE","FC","Cutter",-7.6,-3,"42",9.4,"10","0","0","0",20.7,20,25,"0.07","0.083","0.063",25
"Rivas, Leo",660844,"SEA","SL","Slider",-3,-2,"54",11.7,"10","0","0","0.07",61.9,50,27.8,"0.081","0.107","0.142",0
"Canzone, Dominic",686527,"SEA","FC","Cutter",2,1,"35",11,"10","0.375","0.75","0.515",17.6,10,20,"0.277","0.464","0.392",42.9
"White, Eli",642201,"ATL","CH","Changeup",-2.5,-1,"33",15.4,"10","0.111","0.111","0.16",58.8,30,27.3,"0.191","0.237","0.237",16.7
"Hamilton, David",666152,"MIL","SL","Slider",-2.1,-1,"39",9.5,"10","0.25","0.375","0.269",31.6,40,26.7,"0.148","0.165","0.137",16.7
"De La Cruz, Elly",682829,"CIN","FC","Cutter",2.2,1,"32",5.2,"10","0.429","0.429","0.48",7.1,10,25,"0.292","0.349","0.405",33.3
"Suárez, Eugenio",553993,"CIN","ST","Sweeper",-1.3,0,"33",8.3,"10","0.111","0.222","0.217",33.3,40,26.7,"0.074","0.104","0.146",20
"Thomas, Lane",657041,"KC","SL","Slider",1.2,1,"49",14.4,"10","0.286","0.286","0.39",46.2,40,17.4,"0.11","0.119","0.281",33.3
"Caglianone, Jac",695506,"KC","ST","Sweeper",2.2,1,"36",8.5,"10","0.111","0.444","0.27",36.8,50,35.7,"0.173","0.595","0.355",75
"Lowe, Nathaniel",663993,"CIN","CH","Changeup",1.8,0,"26",8.4,"10","0.2","0.6","0.325",23.1,20,20,"0.25","0.658","0.377",50
"Crawford, J.P.",641487,"SEA","FC","Cutter",-2,-1,"49",9.8,"10","0.111","0.111","0.16",16.7,10,7.1,"0.236","0.35","0.298",37.5
"Yastrzemski, Mike",573262,"ATL","CU","Curveball",-0.8,0,"38",8.7,"10","0.222","0.333","0.285",23.5,20,15.4,"0.243","0.287","0.279",14.3
"Seager, Corey",608369,"TEX","FC","Cutter",14,3,"22",4,"10","0.5","1.3","0.74",0,0,0,"0.517","1.296","0.756",70
"Stewart, Sal",701398,"CIN","CU","Curveball",-0.7,0,"48",8.3,"10","0.222","0.333","0.317",11.1,10,9.1,"0.25","0.439","0.34",25
"Stephenson, Tyler",663886,"CIN","ST","Sweeper",-1.3,0,"37",9.5,"10","0.111","0.222","0.195",26.7,30,23.1,"0.058","0.093","0.127",33.3
"McNeil, Jeff",643446,"ATH","FC","Cutter",2.9,1,"40",9.1,"10","0.556","0.778","0.59",12.5,10,16.7,"0.229","0.305","0.277",37.5
"De La Cruz, Elly",682829,"CIN","SL","Slider",5.9,3,"56",9.2,"10","0.3","0.9","0.58",21.1,10,5.3,"0.383","0.912","0.54",66.7
"Rodríguez, Julio",677594,"SEA","CU","Curveball",-1.6,-1,"44",7,"10","0.2","0.3","0.215",35,40,22.2,"0.24","0.302","0.234",33.3
"Canzone, Dominic",686527,"SEA","CU","Curveball",1.8,1,"44",13.8,"10","0.222","0.333","0.285",29.4,30,15,"0.307","0.425","0.354",50
"Stewart, Sal",701398,"CIN","FC","Cutter",2.8,1,"29",5,"10","0.5","0.5","0.5",23.5,10,25,"0.428","0.53","0.417",66.7
"Canzone, Dominic",686527,"SEA","SL","Slider",1.3,0,"28",8.8,"10","0.333","0.667","0.45",52.9,50,38.5,"0.233","0.311","0.281",25
"Varsho, Daulton",662139,"TOR","FC","Cutter",-4.9,-2,"38",8.4,"10","0.111","0.111","0.16",21.7,0,0,"0.241","0.382","0.309",22.2
"Raleigh, Cal",663728,"SEA","FS","Split-Finger",-0.1,0,"35",5.4,"10","0.222","0.333","0.285",21.1,20,15.4,"0.226","0.354","0.295",28.6
"Schmitt, Casey",669477,"SF","CH","Changeup",8.1,3,"38",9,"10","0.5","1.1","0.67",30,10,12.5,"0.387","0.973","0.568",33.3
"Pasquantino, Vinnie",686469,"KC","SL","Slider",-1.4,-1,"55",9.4,"10","0.2","0.2","0.18",23.8,30,17.6,"0.24","0.346","0.254",28.6
"Matos, Luis",682641,"MIL","FF","4-Seam Fastball",-4.4,-2,"35",48.6,"10","0.111","0.111","0.16",40.9,50,71.4,"0.052","0.115","0.133",25
"Williamson, Ben",810938,"TB","ST","Sweeper",-0.5,0,"41",10.2,"10","0.2","0.3","0.215",58.3,50,38.5,"0.131","0.161","0.126",40
"Kurtz, Nick",701762,"ATH","FS","Split-Finger",-3.9,-1,"36",5.2,"10","0.111","0.111","0.16",57.1,60,42.9,"0.111","0.129","0.165",66.7
"Jiménez, Eloy",650391,"TOR","SL","Slider",4.9,1,"26",20,"10","0.556","0.556","0.45",23.5,10,16.7,"0.242","0.324","0.234",33.3
"Moreno, Gabriel",672515,"AZ","SI","Sinker",-1.6,-1,"45",19.2,"10","0.222","0.333","0.285",6.3,10,14.3,"0.284","0.488","0.365",50
"Amaya, Miguel",665804,"CHC","FC","Cutter",-3.9,-1,"21",7.6,"10","0","0","0.23",25,10,16.7,"0.127","0.138","0.235",14.3
"Carroll, Corbin",682998,"AZ","FS","Split-Finger",-4.2,-1,"30",5.6,"10","0","0","0.07",46.7,40,36.4,"0.124","0.258","0.216",40
"Ramírez, Agustín",682663,"MIA","FC","Cutter",-3.1,-1,"34",6.9,"10","0.111","0.222","0.195",42.9,30,33.3,"0.097","0.147","0.165",50
"Millas, Drew",686452,"WSH","SL","Slider",-2.8,-1,"23",10,"10","0.2","0.3","0.215",40,40,44.4,"0.242","0.317","0.245",33.3
"Duran, Ezequiel",677649,"TEX","ST","Sweeper",1.9,1,"40",13.9,"10","0.3","0.6","0.38",31.3,30,33.3,"0.274","0.484","0.322",57.1
"Busch, Michael",683737,"CHC","CU","Curveball",-1.3,-1,"49",8.8,"10","0.222","0.222","0.25",55.6,60,50,"0.222","0.432","0.318",33.3
"Crow-Armstrong, Pete",691718,"CHC","CU","Curveball",-1.5,-1,"42",7.9,"10","0.222","0.222","0.2",40.9,60,46.2,"0.196","0.229","0.186",75
"Walker, Jordan",691023,"STL","FC","Cutter",3.9,1,"37",6.9,"10","0.444","0.778","0.54",29.4,10,50,"0.387","0.762","0.505",50
"Church, Nathan",701675,"STL","SI","Sinker",-0.4,0,"33",8.8,"10","0.3","0.6","0.38",16.7,0,0,"0.383","0.822","0.509",40
"Herrera, Iván",671056,"STL","CU","Curveball",-1.5,-1,"43",6.6,"10","0.111","0.222","0.195",6.3,10,11.1,"0.227","0.293","0.274",50
"Garcia, Maikel",672580,"KC","CU","Curveball",4.5,2,"34",6.1,"10","0.444","0.667","0.5",20,20,12.5,"0.219","0.272","0.26",14.3
"Burleson, Alec",676475,"STL","FC","Cutter",1.2,1,"48",8.8,"10","0.143","0.571","0.41",27.3,20,22.2,"0.265","0.798","0.519",60
"Seager, Corey",608369,"TEX","ST","Sweeper",-0.7,0,"53",9.7,"10","0.111","0.222","0.195",37.5,50,33.3,"0.089","0.152","0.161",25
"Durbin, Caleb",702332,"BOS","FC","Cutter",0,0,"36",8.1,"10","0.25","0.375","0.355",11.8,20,28.6,"0.194","0.21","0.282",33.3
"Thomas, Alek",677950,"AZ","SL","Slider",3.7,2,"41",12.5,"10","0.375","0.875","0.539",35,30,25,"0.24","0.539","0.369",50
"Smith, Josh",669701,"TEX","FC","Cutter",1.4,1,"41",9.8,"10","0.429","0.429","0.48",35.3,10,14.3,"0.285","0.316","0.396",0
"Winn, Masyn",691026,"STL","FC","Cutter",4.5,2,"34",6.4,"10","0.4","0.7","0.465",25,20,25,"0.218","0.269","0.212",12.5
"Hicks, Liam",689414,"MIA","SL","Slider",13.5,5,"36",8.3,"10","0.556","1.556","0.78",11.8,0,0,"0.273","0.589","0.352",50
"Duran, Ezequiel",677649,"TEX","SL","Slider",3.2,1,"36",12.5,"10","0.444","0.556","0.465",47.1,30,37.5,"0.249","0.286","0.282",33.3
"Church, Nathan",701675,"STL","ST","Sweeper",-0.8,0,"32",8.6,"10","0.3","0.4","0.305",25,20,20,"0.274","0.311","0.256",25
"Caissie, Owen",683357,"MIA","CH","Changeup",3.6,2,"48",11.1,"10","0.4","0.8","0.505",46.2,40,25,"0.345","0.697","0.443",33.3
"Sanoja, Javier",691594,"MIA","CH","Changeup",1,0,"37",13.7,"10","0.4","0.5","0.395",13,20,14.3,"0.134","0.163","0.13",0
"Del Castillo, Adrian",680728,"AZ","SL","Slider",-5.6,-2,"34",12.1,"10","0.1","0.1","0.09",18.8,50,35.7,"0.11","0.136","0.107",40
"Stowers, Kyle",669065,"MIA","SI","Sinker",0,0,"30",14.5,"10","0.286","0.429","0.425",16.7,10,20,"0.261","0.546","0.447",33.3
"Contreras, Willson",575929,"BOS","FC","Cutter",-2.9,-1,"46",7.9,"10","0.125","0.125","0.16",42.9,40,36.4,"0.152","0.265","0.281",80
"Duran, Jarren",680776,"BOS","FC","Cutter",-2.9,-1,"34",7.4,"10","0","0","0.21",35.7,20,40,"0.096","0.101","0.271",40
"Caissie, Owen",683357,"MIA","ST","Sweeper",-1.5,-1,"37",8.6,"10","0.111","0.222","0.195",46.7,60,33.3,"0.12","0.172","0.183",33.3
"Mayo, Coby",691723,"BAL","SL","Slider",1,1,"61",16.5,"10","0.3","0.6","0.38",34.6,30,18.8,"0.401","0.748","0.484",57.1
"Pederson, Joc",592626,"TEX","CH","Changeup",-1.8,-1,"37",9.8,"10","0.2","0.2","0.18",37.5,30,18.8,"0.224","0.361","0.251",57.1
"Fermín, José",665877,"STL","FF","4-Seam Fastball",2.4,1,"54",31.6,"10","0.286","0.714","0.5",13.6,10,4.2,"0.137","0.294","0.338",50
"Adell, Jo",666176,"LAA","FC","Cutter",2.2,1,"33",5.6,"10","0.5","0.5","0.45",15.8,0,0,"0.308","0.471","0.338",40
"Fortes, Nick",663743,"TB","ST","Sweeper",-1.5,0,"33",10.7,"10","0.111","0.222","0.195",20,30,25,"0.219","0.298","0.269",50
"Rutschman, Adley",668939,"BAL","SI","Sinker",1.5,1,"50",15.8,"10","0.3","0.7","0.505",14.3,10,14.3,"0.207","0.402","0.256",33.3
"Aranda, Jonathan",666018,"TB","CU","Curveball",7.7,4,"53",8.8,"10","0.5","1.1","0.67",26.3,40,28.6,"0.398","0.873","0.535",83.3
"DeLuca, Jonny",676356,"TB","CH","Changeup",-3.2,-1,"31",11.4,"10","0.2","0.2","0.18",21.1,20,15.4,"0.144","0.162","0.133",25
"Moncada, Yoán",660162,"LAA","FC","Cutter",2.7,1,"28",6.1,"10","0.333","0.333","0.46",30,20,25,"0.256","0.451","0.457",50
"Fortes, Nick",663743,"TB","SL","Slider",-2.4,-1,"40",13,"10","0.111","0.111","0.16",20,10,16.7,"0.132","0.158","0.187",0
"Freeland, Alex",690976,"LAD","CU","Curveball",-0.8,0,"43",11.1,"10","0.222","0.222","0.25",53.3,30,25,"0.237","0.303","0.28",50
"Lindor, Francisco",596019,"NYM","SL","Slider",5.1,2,"44",9.6,"10","0.429","0.429","0.48",40.9,20,9.5,"0.322","0.401","0.431",80
"Lindor, Francisco",596019,"NYM","FC","Cutter",0.5,0,"30",6.5,"10","0.444","0.444","0.43",33.3,30,42.9,"0.378","0.438","0.389",50
"Baty, Brett",683146,"NYM","FS","Split-Finger",-4.2,-2,"46",10.2,"10","0","0","0",47.8,60,28.6,"0.097","0.108","0.09",0
"Rushing, Dalton",687221,"LAD","CU","Curveball",14.2,3,"22",11.4,"10","0.429","1.286","0.7",30.8,10,25,"0.312","0.75","0.521",50
"Pérez, Wenceel",672761,"DET","SI","Sinker",0.8,0,"34",15.1,"10","0.222","0.556","0.36",5.9,0,0,"0.296","0.83","0.494",33.3
"Meadows, Parker",678009,"DET","CH","Changeup",-2.7,-1,"32",19.6,"10","0.2","0.3","0.215",17.6,20,25,"0.167","0.226","0.168",12.5
"Butler, Lawrence",671732,"ATH","SL","Slider",6.6,3,"39",8.6,"10","0.375","1.125","0.63",17.6,20,12.5,"0.331","0.891","0.544",50
"Alvarez, Francisco",682626,"NYM","ST","Sweeper",-0.3,0,"53",12,"10","0.125","0.25","0.195",31.6,20,11.8,"0.112","0.255","0.202",28.6
"Mauricio, Ronny",677595,"NYM","FF","4-Seam Fastball",1.4,1,"41",33.6,"10","0.3","0.6","0.38",14.3,30,30,"0.254","0.49","0.313",57.1
"Ruiz, Keibert",660688,"WSH","SI","Sinker",-1.2,0,"30",13,"10","0.3","0.4","0.305",0,0,0,"0.294","0.436","0.31",80
"Langeliers, Shea",669127,"ATH","FC","Cutter",0,0,"53",9.8,"10","0.25","0.25","0.32",37.5,10,16.7,"0.317","0.545","0.434",28.6
"McMahon, Ryan",641857,"NYY","CH","Changeup",8.9,3,"29",7.7,"10","0.4","0.7","0.47",35.3,20,14.3,"0.279","0.432","0.304",50
"Báez, Javier",595879,"DET","CH","Changeup",-8.2,-2,"26",9.3,"10","0","0","0",35.3,20,18.2,"0.149","0.174","0.143",25
"Steer, Spencer",668715,"CIN","ST","Sweeper",1.4,1,"38",8.2,"9","0.333","0.556","0.378",15.8,22.2,11.8,"0.295","0.597","0.375",57.1
"Jensen, Carter",695600,"KC","FC","Cutter",5.3,2,"35",7,"9","0.222","0.889","0.522",47.4,44.4,57.1,"0.234","0.841","0.518",80
"Pérez, Wenceel",672761,"DET","CH","Changeup",-0.3,0,"43",19.1,"9","0.111","0.444","0.222",29.4,33.3,18.8,"0.13","0.227","0.15",50
"De La Cruz, Elly",682829,"CIN","FS","Split-Finger",1.6,1,"41",6.7,"9","0.286","0.429","0.394",47.1,22.2,16.7,"0.278","0.306","0.354",60
"Chisholm Jr., Jazz",665862,"NYY","ST","Sweeper",2.6,1,"30",5.4,"9","0.25","0.5","0.356",35.7,44.4,28.6,"0.224","0.368","0.302",50
"Thomas, Lane",657041,"KC","CH","Changeup",1.9,0,"25",7.3,"9","0.444","0.444","0.4",26.7,33.3,30,"0.516","0.606","0.491",33.3
"Perdomo, Geraldo",672695,"AZ","FC","Cutter",-4.5,-2,"37",6.9,"9","0.125","0.25","0.156",6.3,11.1,25,"0.198","0.335","0.227",12.5
"Frazier, Adam",624428,"LAA","SL","Slider",-7.7,-2,"30",11.9,"9","0","0","0",61.1,66.7,46.2,"0.018","0.023","0.019",0
"Stewart, Sal",701398,"CIN","CH","Changeup",1.8,1,"47",8.2,"9","0.222","0.667","0.361",36.4,44.4,19,"0.259","0.586","0.355",40
"Mullins, Cedric",656775,"TB","SL","Slider",-4.9,-2,"37",8.4,"9","0.125","0.125","0.1",26.3,11.1,11.1,"0.135","0.187","0.124",12.5
"House, Brady",691781,"WSH","CH","Changeup",0.8,0,"43",8.8,"9","0.375","0.375","0.378",32,11.1,6.3,"0.425","0.468","0.431",14.3
"Rogers, Jake",668670,"DET","FF","4-Seam Fastball",-2.7,-1,"33",23.1,"9","0.222","0.333","0.239",38.9,33.3,27.3,"0.169","0.191","0.157",66.7
"Narváez, Carlos",665966,"BOS","CH","Changeup",-0.1,0,"25",8.2,"9","0.25","0.25","0.278",13.3,22.2,18.2,"0.293","0.326","0.319",33.3
"Alonso, Pete",624413,"BAL","FC","Cutter",0.4,0,"39",6.4,"9","0.333","0.333","0.433",14.3,0,0,"0.43","0.762","0.572",66.7
"Raley, Luke",670042,"SEA","CU","Curveball",1.4,1,"54",14.2,"9","0.25","0.625","0.4",31.6,44.4,19,"0.263","0.691","0.43",75
"Steer, Spencer",668715,"CIN","FC","Cutter",7.7,2,"30",6.5,"9","0.625","1","0.7",23.1,22.2,33.3,"0.48","0.767","0.552",33.3
"Hayes, Ke'Bryan",663647,"CIN","SL","Slider",-5.4,-2,"28",8.8,"9","0.111","0.111","0.1",35.7,11.1,11.1,"0.481","0.921","0.593",62.5
"Pagés, Pedro",686780,"STL","CH","Changeup",-0.3,0,"32",9.6,"9","0.222","0.333","0.239",38.9,44.4,26.7,"0.199","0.338","0.228",60
"DeLuca, Jonny",676356,"TB","ST","Sweeper",2.2,1,"24",8.9,"9","0.333","0.444","0.339",7.7,11.1,14.3,"0.288","0.333","0.273",37.5
"Gurriel Jr., Lourdes",666971,"AZ","SL","Slider",-2.7,-1,"21",13.1,"9","0.143","0.143","0.256",27.3,11.1,25,"0.121","0.144","0.245",16.7
"Pagés, Pedro",686780,"STL","ST","Sweeper",0.5,0,"36",10.7,"9","0.375","0.375","0.378",35.3,22.2,18.2,"0.239","0.26","0.275",16.7
"Lockridge, Brandon",663604,"MIL","CH","Changeup",-3.8,-2,"45",11.1,"9","0","0","0.113",44,22.2,13.3,"0.217","0.234","0.197",42.9
"Ortiz, Joey",687401,"MIL","ST","Sweeper",-4.3,-1,"28",8.7,"9","0.125","0.125","0.178",30.8,11.1,8.3,"0.287","0.432","0.354",57.1
"Gorman, Nolan",669357,"STL","CU","Curveball",2.8,1,"37",6.9,"9","0.286","0.286","0.356",41.7,33.3,21.4,"0.235","0.262","0.323",50
"Hicks, Liam",689414,"MIA","CU","Curveball",2.1,1,"55",12.6,"9","0.286","0.286","0.356",17.6,33.3,16.7,"0.313","0.416","0.402",25
"Contreras, Willson",575929,"BOS","ST","Sweeper",-3.4,-1,"28",4.8,"9","0","0","0.078",36.4,33.3,27.3,"0.111","0.303","0.231",40
"Suárez, Eugenio",553993,"CIN","CH","Changeup",-0.7,0,"39",9.8,"9","0.125","0.125","0.278",35,33.3,21.4,"0.045","0.057","0.117",0
"Butler, Lawrence",671732,"ATH","FS","Split-Finger",-8.6,-2,"25",5.5,"9","0","0","0.078",30.8,11.1,16.7,"0.182","0.198","0.225",14.3
"Lukes, Nathan",664770,"TOR","CU","Curveball",-0.4,0,"26",11.6,"9","0.222","0.444","0.278",14.3,11.1,8.3,"0.324","0.519","0.359",62.5
"Gorman, Nolan",669357,"STL","ST","Sweeper",-2.8,-1,"36",6.8,"9","0.111","0.222","0.139",50,44.4,36.4,"0.12","0.146","0.117",20
"Moreno, Gabriel",672515,"AZ","SL","Slider",-3.8,-2,"40",17.1,"9","0.125","0.125","0.1",36.8,33.3,21.4,"0.133","0.153","0.175",16.7
"Devers, Rafael",646240,"SF","ST","Sweeper",-4.2,-2,"47",8.1,"9","0","0","0.078",37.5,44.4,20,"0.053","0.106","0.137",0
"Schanuel, Nolan",694384,"LAA","FC","Cutter",-2.3,-1,"43",7.9,"9","0.222","0.333","0.239",9.1,0,0,"0.37","0.434","0.352",22.2
"Arraez, Luis",650333,"SF","FC","Cutter",2.1,1,"39",7.3,"9","0.429","0.571","0.494",7.1,11.1,11.1,"0.337","0.451","0.421",50
"Winn, Masyn",691026,"STL","CH","Changeup",1.2,0,"37",7,"9","0.222","0.222","0.3",20,22.2,14.3,"0.216","0.275","0.213",28.6
"Baty, Brett",683146,"NYM","CU","Curveball",-1.7,-1,"36",8,"9","0.125","0.125","0.178",46.2,33.3,33.3,"0.206","0.544","0.354",40
"Chapman, Matt",656305,"SF","FC","Cutter",-4.3,-2,"42",7.3,"9","0.111","0.111","0.1",20,0,0,"0.263","0.291","0.24",44.4
"Barger, Addison",680718,"TOR","FF","4-Seam Fastball",-2.4,-1,"36",38.3,"9","0.125","0.25","0.217",20,22.2,15.4,"0.142","0.221","0.217",33.3
"Caballero, José",676609,"NYY","FC","Cutter",-8,-3,"32",6.5,"9","0.111","0.111","0.1",11.8,0,0,"0.086","0.098","0.083",11.1
"Bailey, Patrick",672275,"SF","CU","Curveball",2.4,1,"43",12.4,"9","0.286","0.286","0.356",23.1,0,0,"0.395","0.44","0.438",28.6
"Jung, Josh",673962,"TEX","CU","Curveball",9.9,3,"30",6.6,"9","0.556","1.111","0.7",26.7,11.1,7.1,"0.501","1.009","0.638",75
"McMahon, Ryan",641857,"NYY","FC","Cutter",6.1,2,"29",7.7,"9","0.429","0.857","0.578",42.9,11.1,14.3,"0.35","0.61","0.473",50
"Norby, Connor",681393,"MIA","ST","Sweeper",2.1,1,"46",9.7,"9","0.25","0.625","0.4",31.3,33.3,20,"0.148","0.326","0.257",40
"Swanson, Dansby",621020,"CHC","FC","Cutter",2.4,1,"35",6,"9","0.429","0.429","0.456",33.3,0,0,"0.26","0.392","0.375",28.6
"Adell, Jo",666176,"LAA","CU","Curveball",5.9,2,"39",6.7,"9","0.375","0.875","0.539",20,22.2,10.5,"0.299","0.709","0.451",66.7
"Hoerner, Nico",663538,"CHC","CU","Curveball",2.1,1,"40",7.1,"9","0.375","0.625","0.356",13.3,11.1,9.1,"0.39","0.44","0.405",0
"Young, Jacob",696285,"WSH","CH","Changeup",3.7,1,"40",9.2,"9","0.286","0.857","0.494",35,0,0,"0.387","0.594","0.455",12.5
"Kelly, Carson",608348,"CHC","ST","Sweeper",-0.8,0,"40",10.5,"9","0.222","0.333","0.239",25,33.3,37.5,"0.139","0.181","0.138",33.3
"Escarra, J.C.",641555,"NYY","FF","4-Seam Fastball",0.9,0,"33",22.4,"9","0.375","0.5","0.517",5,0,0,"0.407","0.862","0.551",62.5
"Cowser, Colton",681297,"BAL","CU","Curveball",-5.2,-2,"40",12.6,"9","0","0","0",44.4,77.8,53.8,"0.026","0.026","0.023",0
"Young, Jacob",696285,"WSH","ST","Sweeper",-5.8,-3,"45",10.4,"9","0","0","0",42.1,55.6,31.3,"0.089","0.128","0.092",50
"Hill, Derek",656537,"CWS","SL","Slider",-6.2,-2,"26",15.9,"9","0.333","0.333","0.225",22.7,11.1,14.3,"0.267","0.287","0.246",25
"Larnach, Trevor",663616,"MIN","SL","Slider",0.4,0,"60",15.5,"9","0","0","0.333",47.4,44.4,17.4,"0.108","0.116","0.3",0
"Carter, Evan",694497,"TEX","CU","Curveball",-0.3,0,"32",6.5,"9","0.222","0.222","0.2",23.1,22.2,20,"0.21","0.238","0.194",28.6
"Schmitt, Casey",669477,"SF","FC","Cutter",3.3,1,"34",8.1,"9","0.4","0.6","0.472",14.3,11.1,12.5,"0.213","0.286","0.354",60
"Peters, Tristan",671976,"CWS","CH","Changeup",2.5,1,"50",15.8,"9","0.556","0.556","0.5",16,33.3,16.7,"0.413","0.509","0.4",50
"Moore, Dylan",664238,"PHI","FF","4-Seam Fastball",-1.5,-1,"36",44.4,"9","0","0","0.233",18.8,22.2,16.7,"0.17","0.285","0.363",50
"Turner, Trea",607208,"PHI","CH","Changeup",-0.4,0,"56",9.6,"9","0.222","0.222","0.2",44.4,44.4,17.4,"0.289","0.344","0.275",20
"García, Adolis",666969,"PHI","CU","Curveball",-3.5,-1,"32",5.6,"9","0.125","0.125","0.178",58.8,55.6,38.5,"0.127","0.208","0.203",66.7
"Romo, Drew",691011,"CWS","FF","4-Seam Fastball",15.9,4,"23",29.5,"9","0.4","1.6","0.756",18.2,11.1,11.1,"0.365","1.234","0.675",50
"Pereira, Everson",677592,"CWS","FF","4-Seam Fastball",1.8,1,"42",17.7,"9","0.429","0.429","0.456",23.8,22.2,15.4,"0.295","0.399","0.388",40
"Schwarber, Kyle",656941,"PHI","FC","Cutter",0.1,0,"42",6.4,"9","0.143","0.571","0.378",40,11.1,25,"0.184","0.62","0.414",50
"Sosa, Edmundo",624641,"PHI","SI","Sinker",-7.2,-2,"30",16.9,"9","0.111","0.111","0.1",19,11.1,20,"0.235","0.259","0.215",25
"Schneider, Davis",676914,"TOR","SI","Sinker",2.5,1,"36",12.3,"9","0.333","0.333","0.433",18.2,11.1,20,"0.242","0.43","0.425",60
"Báez, Javier",595879,"DET","FC","Cutter",5.5,1,"20",7.2,"9","0.444","0.667","0.478",25,11.1,20,"0.39","0.445","0.362",12.5
"Marsh, Brandon",669016,"PHI","CU","Curveball",8,3,"39",9.4,"9","0.5","1","0.639",13.3,11.1,9.1,"0.299","0.392","0.345",57.1
"Lee, Brooks",686797,"MIN","FC","Cutter",5.6,2,"37",7.8,"9","0.571","1.143","0.717",13.6,0,0,"0.357","0.792","0.528",42.9
"Turner, Trea",607208,"PHI","FC","Cutter",-0.4,0,"34",5.8,"9","0.333","0.444","0.339",16.7,11.1,12.5,"0.305","0.433","0.314",12.5
"Okamoto, Kazuma",672960,"TOR","FC","Cutter",-2.7,-2,"66",10.7,"9","0","0","0.156",40,44.4,28.6,"0.018","0.034","0.173",66.7
"Arraez, Luis",650333,"SF","CU","Curveball",12.1,3,"27",5.1,"9","0.625","1","0.694",14.3,0,0,"0.4","0.5","0.429",12.5
"Henderson, Gunnar",683002,"BAL","FS","Split-Finger",-4.2,-2,"41",6.3,"9","0","0","0",42.9,33.3,20,"0.088","0.22","0.151",33.3
"Reyes, Felix",694025,"PHI","FF","4-Seam Fastball",5.4,1,"26",28.6,"9","0.444","0.889","0.561",10.5,11.1,14.3,"0.402","0.608","0.432",62.5
"Pauley, Graham",688363,"MIA","CU","Curveball",-0.2,0,"36",11.3,"9","0.111","0.444","0.222",33.3,44.4,28.6,"0.051","0.108","0.066",20
"Muncy, Max",571970,"LAD","FC","Cutter",7.6,2,"28",5.2,"9","0.333","1.333","0.667",11.8,11.1,16.7,"0.452","1.424","0.773",50
"Rushing, Dalton",687221,"LAD","SL","Slider",6.1,1,"17",8.8,"9","0.333","1","0.544",22.2,22.2,40,"0.258","0.81","0.441",57.1
"Santana, Carlos",467793,"AZ","FF","4-Seam Fastball",-7.1,-3,"43",40.6,"9","0","0","0",22.2,0,0,"0.125","0.202","0.14",44.4
"Kelly, Carson",608348,"CHC","CH","Changeup",3.2,1,"39",10.2,"9","0.375","0.75","0.5",40.9,22.2,16.7,"0.179","0.444","0.308",50
"Allen, Nick",669397,"HOU","FF","4-Seam Fastball",-3,-1,"25",37.3,"9","0.143","0.143","0.256",40,33.3,60,"0.22","0.263","0.322",25
"Griffin, Konnor",804606,"PIT","CH","Changeup",-6.4,-2,"29",6.8,"9","0","0","0",76.9,66.7,50,"0.084","0.114","0.086",33.3
"Buxton, Byron",621439,"MIN","CU","Curveball",4,1,"34",6.5,"9","0.444","0.889","0.561",25,0,0,"0.308","0.579","0.375",66.7
"Yorke, Nick",694377,"PIT","ST","Sweeper",-4.5,-1,"29",9.5,"9","0","0","0.078",30,44.4,30.8,"0.126","0.152","0.182",50
"Alexander, Blaze",677942,"BAL","CH","Changeup",-1.7,-1,"31",9.2,"9","0.333","0.333","0.3",27.8,33.3,37.5,"0.308","0.354","0.287",0
"Peña, Jeremy",665161,"HOU","CH","Changeup",-4.9,-1,"22",12.2,"9","0","0","0.178",16.7,11.1,10,"0.29","0.544","0.391",57.1
"Tovar, Ezequiel",678662,"COL","FC","Cutter",6.1,1,"23",4.5,"9","0.429","0.714","0.533",21.4,11.1,25,"0.306","0.722","0.49",50
"Castro, Willi",650489,"COL","FC","Cutter",2.8,1,"28",6.9,"9","0.375","0.625","0.456",20,22.2,25,"0.333","0.748","0.482",33.3
"Grisham, Trent",663757,"NYY","SL","Slider",0.7,1,"70",13,"9","0.125","0.5","0.3",50,44.4,28.6,"0.125","0.373","0.26",25
"Walls, Taylor",670764,"TB","SL","Slider",-2.1,-1,"27",8.1,"9","0","0","0.2",33.3,33.3,23.1,"0.056","0.057","0.236",0
"Encarnacion, Jerar",666464,"SF","CH","Changeup",-3.9,-1,"21",13.2,"9","0.125","0.125","0.178",30.8,22.2,20,"0.225","0.27","0.268",33.3
"Moniak, Mickey",666160,"COL","FC","Cutter",6.1,2,"28",7,"9","0.5","1","0.639",25,22.2,20,"0.386","0.82","0.525",50
"Freeman, Tyler",671289,"COL","ST","Sweeper",1.6,0,"29",11.3,"9","0.375","0.375","0.338",0,0,0,"0.366","0.463","0.36",22.2
"Sullivan, Brett",664954,"COL","SI","Sinker",5.2,2,"31",16.5,"9","0.625","0.875","0.656",5.3,0,0,"0.409","0.538","0.44",37.5
"Ramos, Heliot",671218,"SF","FC","Cutter",-4.8,-2,"36",6.5,"9","0.125","0.125","0.178",36.4,22.2,33.3,"0.267","0.701","0.433",66.7
"Castro, Willi",650489,"COL","SI","Sinker",-3.9,-2,"39",9.6,"9","0.222","0.222","0.2",28.6,22.2,40,"0.289","0.368","0.285",42.9
"Lopez, Otto",672640,"MIA","ST","Sweeper",0.4,0,"53",9.9,"9","0.333","0.444","0.339",25,11.1,6.7,"0.198","0.224","0.188",0
"Julien, Edouard",666397,"COL","CU","Curveball",-0.3,0,"56",13.1,"9","0.125","0.125","0.178",41.2,44.4,25,"0.157","0.229","0.225",75
"Lowe, Josh",666139,"LAA","SL","Slider",-1.9,-1,"44",10.6,"9","0.111","0.444","0.222",45.8,55.6,29.4,"0.156","0.435","0.244",75
"Marte, Ketel",606466,"AZ","FS","Split-Finger",-4,-2,"41",8.1,"9","0","0","0.078",55,55.6,38.5,"0.127","0.187","0.199",66.7
"Cortes, Carlos",666126,"ATH","SL","Slider",0.8,0,"51",14.6,"9","0.333","0.667","0.475",33.3,33.3,18.8,"0.327","0.506","0.357",50
"Vázquez, Christian",543877,"HOU","FC","Cutter",-3,-1,"27",10.2,"9","0.222","0.556","0.322",15.4,0,0,"0.244","0.388","0.27",33.3
"Ozuna, Marcell",542303,"PIT","CH","Changeup",1.7,1,"59",11.5,"9","0.143","0.143","0.256",52.6,33.3,13.6,"0.145","0.185","0.268",50
"Yastrzemski, Mike",573262,"ATL","FC","Cutter",-2.9,-1,"36",8.2,"9","0.333","0.333","0.3",33.3,44.4,57.1,"0.28","0.334","0.27",60
"Lee, Brooks",686797,"MIN","CU","Curveball",-2.8,-2,"56",11.8,"9","0.111","0.222","0.139",38.1,55.6,31.3,"0.1","0.139","0.103",25
"Larnach, Trevor",663616,"MIN","CH","Changeup",-1.4,-1,"46",11.9,"9","0.111","0.222","0.139",50,55.6,33.3,"0.084","0.196","0.117",25
"Mitchell, Garrett",669003,"MIL","CH","Changeup",0.5,0,"64",12.1,"9","0.286","0.286","0.356",55,22.2,13.3,"0.283","0.318","0.363",20
"Goodman, Hunter",696100,"COL","CH","Changeup",0,0,"33",6.7,"9","0.143","0.143","0.256",58.8,44.4,40,"0.115","0.13","0.239",33.3
"Doyle, Brenton",686668,"COL","ST","Sweeper",-6.4,-2,"32",9,"9","0.111","0.111","0.1",43.8,44.4,44.4,"0.071","0.075","0.065",0
"Okamoto, Kazuma",672960,"TOR","CU","Curveball",-1.4,-1,"53",8.6,"9","0.222","0.222","0.3",34.6,33.3,16.7,"0.114","0.122","0.106",16.7
"Freeman, Tyler",671289,"COL","SL","Slider",-0.9,0,"36",14.1,"9","0.222","0.222","0.225",20,44.4,36.4,"0.274","0.307","0.254",40
"Marte, Starling",516782,"KC","CH","Changeup",0.7,0,"21",15.2,"9","0.444","0.444","0.4",35.3,11.1,20,"0.312","0.371","0.296",25
"Springer, George",543807,"TOR","CH","Changeup",1,0,"24",8.5,"9","0.25","0.375","0.317",23.1,33.3,42.9,"0.219","0.301","0.276",40
"Lile, Daylen",695734,"WSH","FC","Cutter",1.4,1,"41",8,"9","0.375","0.5","0.517",40.9,22.2,28.6,"0.359","0.421","0.378",16.7
"Tawa, Tim",694374,"AZ","SI","Sinker",-0.1,0,"42",18.3,"9","0.25","0.75","0.439",5.9,0,0,"0.318","0.413","0.36",37.5
"Harris, Dustin",687957,"HOU","CH","Changeup",-1.2,0,"26",13.8,"9","0.222","0.556","0.317",15.4,11.1,12.5,"0.243","0.326","0.244",25
"Lile, Daylen",695734,"WSH","CU","Curveball",-3,-1,"32",6.3,"9","0.125","0.125","0.178",16.7,22.2,22.2,"0.344","0.568","0.422",100
"Mangum, Jake",663968,"PIT","CU","Curveball",-1.4,0,"26",9.1,"9","0.333","0.333","0.3",5.6,11.1,11.1,"0.263","0.287","0.242",37.5
"Perdomo, Geraldo",672695,"AZ","FS","Split-Finger",-5.1,-2,"31",5.8,"9","0","0","0.078",25,11.1,7.7,"0.138","0.155","0.191",0
"Mangum, Jake",663968,"PIT","SI","Sinker",-2.7,-1,"33",11.5,"9","0","0","0.1",22.2,33.3,60,"0.162","0.177","0.148",50
"Horwitz, Spencer",687462,"PIT","FC","Cutter",6.2,2,"28",6.3,"9","0.444","0.889","0.561",10,11.1,20,"0.292","0.445","0.319",25
"Gonzales, Nick",693304,"PIT","FC","Cutter",1.6,0,"24",5.1,"9","0.444","0.556","0.439",5.3,0,0,"0.385","0.512","0.389",33.3
"Lee, Jung Hoo",808982,"SF","ST","Sweeper",5.1,2,"39",7.7,"9","0.333","0.778","0.461",13.3,11.1,9.1,"0.307","0.491","0.339",12.5
"Beavers, Dylan",687637,"BAL","CU","Curveball",-3.9,-2,"51",12.7,"9","0","0","0",36.8,66.7,40,"0.046","0.05","0.042",33.3
"Castellanos, Nick",592206,"SD","SI","Sinker",-5.6,-2,"43",17.5,"9","0","0","0.078",27.3,22.2,33.3,"0.163","0.186","0.214",16.7
"Scott II, Victor",687363,"STL","CH","Changeup",-4.2,-2,"36",10,"9","0","0","0.078",71.4,55.6,41.7,"0.059","0.065","0.127",0
"Cronenworth, Jake",630105,"SD","ST","Sweeper",-5.9,-2,"31",6.4,"9","0","0","0",46.2,55.6,55.6,"0.103","0.114","0.097",25
"Smith, Josh",669701,"TEX","SL","Slider",-2.1,-1,"52",12.4,"9","0.125","0.125","0.178",32,22.2,11.8,"0.168","0.189","0.217",33.3
"Rocchio, Brayan",677587,"CLE","FC","Cutter",1,0,"45",8.8,"9","0.333","0.444","0.439",9.1,0,0,"0.318","0.37","0.3",22.2
"Perez, Salvador",521692,"KC","CH","Changeup",-2.7,-1,"36",6.8,"9","0.111","0.444","0.222",16,11.1,10,"0.143","0.237","0.162",50
"Alonso, Pete",624413,"BAL","SL","Slider",-0.1,0,"64",10.5,"9","0.25","0.375","0.317",42.1,33.3,13,"0.259","0.312","0.3",20
"Taveras, Leody",665750,"BAL","SL","Slider",1.5,0,"26",7.4,"9","0.25","0.375","0.317",30.8,44.4,33.3,"0.219","0.295","0.272",25
"Acuña Jr., Ronald",660670,"ATL","ST","Sweeper",2.7,1,"49",8.2,"9","0.286","0.429","0.394",54.5,33.3,20,"0.225","0.348","0.347",75
"Kwan, Steven",680757,"CLE","FS","Split-Finger",-1.1,0,"20",3.5,"9","0.125","0.25","0.217",30,33.3,23.1,"0.064","0.074","0.131",0
"Ramírez, Agustín",682663,"MIA","ST","Sweeper",3.3,2,"46",9.3,"9","0.286","0.714","0.478",40,11.1,9.1,"0.344","0.52","0.445",16.7
"Fernandez, Jose",699912,"AZ","CH","Changeup",-3.3,-1,"35",9.1,"9","0.111","0.111","0.1",57.9,55.6,35.7,"0.063","0.075","0.061",0
"Basallo, Samuel",694212,"BAL","FC","Cutter",3.7,1,"39",10.6,"9","0.429","1","0.617",27.3,0,0,"0.3","0.772","0.5",28.6
"Sánchez, Jesús",660821,"TOR","ST","Sweeper",-5.7,-1,"25",5.8,"9","0.111","0.111","0.1",28.6,22.2,40,"0.177","0.318","0.208",42.9
"Hedges, Austin",595978,"CLE","SI","Sinker",1.7,0,"25",14.1,"9","0.333","0.333","0.433",9.1,22.2,33.3,"0.244","0.268","0.382",25
"Naylor, Bo",666310,"CLE","FC","Cutter",-1.8,-1,"41",11.7,"9","0.222","0.333","0.239",11.1,55.6,31.3,"0.2","0.273","0.203",50
"Neto, Zach",687263,"LAA","FC","Cutter",-0.2,0,"43",6.3,"9","0.333","0.333","0.433",16.7,22.2,22.2,"0.259","0.329","0.403",50
"Baty, Brett",683146,"NYM","SL","Slider",0,0,"38",8.4,"9","0","0","0.311",15.4,0,0,"0.295","0.579","0.518",40
"Fermín, José",665877,"STL","SI","Sinker",3.1,1,"37",21.6,"9","0.571","0.714","0.517",8.3,11.1,14.3,"0.232","0.327","0.297",28.6
"Springer, George",543807,"TOR","SI","Sinker",-2.3,-1,"43",15.3,"9","0.125","0.125","0.178",15,11.1,10,"0.212","0.35","0.291",42.9
"Scott II, Victor",687363,"STL","CU","Curveball",0.6,0,"28",7.8,"9","0.125","0.5","0.3",30,22.2,18.2,"0.257","0.59","0.394",33.3
"Hernández, Teoscar",606192,"LAD","ST","Sweeper",-5.4,-2,"42",8.3,"9","0","0","0",42.9,55.6,35.7,"0.033","0.041","0.031",25
"DeLauter, Chase",800050,"CLE","CU","Curveball",-2.6,-1,"31",6.1,"9","0","0","0.178",0,0,0,"0.224","0.334","0.29",25
"Hicks, Liam",689414,"MIA","FC","Cutter",1.5,1,"44",10.1,"9","0.25","0.625","0.4",0,0,0,"0.311","0.51","0.388",25
"Bichette, Bo",666182,"NYM","ST","Sweeper",-2.4,-1,"42",7.6,"9","0.125","0.125","0.178",47.8,44.4,40,"0.241","0.333","0.297",50
"Lowe, Josh",666139,"LAA","ST","Sweeper",-3.8,-2,"41",9.8,"9","0.111","0.111","0.1",50,44.4,23.5,"0.164","0.195","0.156",0
"Naylor, Bo",666310,"CLE","SI","Sinker",1.9,1,"47",13.4,"9","0.429","0.571","0.494",0,0,0,"0.299","0.431","0.401",57.1
"Rojas, Miguel",500743,"LAD","SL","Slider",-3.1,-1,"27",14,"9","0.222","0.222","0.2",42.9,22.2,28.6,"0.329","0.393","0.315",28.6
"Walker, Jordan",691023,"STL","SL","Slider",8.1,4,"48",9,"9","0.75","1.375","0.878",30.4,11.1,6.3,"0.492","1.024","0.646",71.4
"Bogaerts, Xander",593428,"SD","FC","Cutter",2.1,1,"34",6.6,"9","0.5","0.5","0.533",11.1,0,0,"0.474","0.528","0.527",16.7
"Rutschman, Adley",668939,"BAL","ST","Sweeper",-0.7,0,"35",11,"9","0.375","0.5","0.417",0,11.1,12.5,"0.356","0.436","0.382",71.4
"Sheets, Gavin",657757,"SD","CU","Curveball",-2.1,-1,"34",8.3,"9","0.125","0.125","0.178",20,22.2,25,"0.191","0.224","0.241",33.3
"Call, Alex",669743,"LAD","SI","Sinker",-1.5,-1,"41",23,"9","0.25","0.25","0.278",0,11.1,14.3,"0.275","0.333","0.309",14.3
"Seager, Corey",608369,"TEX","FS","Split-Finger",3.1,1,"36",6.6,"9","0.286","0.286","0.356",33.3,11.1,6.7,"0.367","0.412","0.422",16.7
"Merrill, Jackson",701538,"SD","SL","Slider",1.6,1,"46",8.1,"9","0.25","0.625","0.363",36.4,22.2,11.8,"0.199","0.444","0.27",28.6
"Contreras, William",661388,"MIL","CH","Changeup",4.1,2,"44",8.5,"9","0.429","0.571","0.494",29.4,22.2,11.1,"0.323","0.398","0.398",60
"Arozarena, Randy",668227,"SEA","FS","Split-Finger",-4.9,-1,"30",4.9,"9","0","0","0",46.7,55.6,25,"0.06","0.078","0.059",0
"Rodríguez, Julio",677594,"SEA","FC","Cutter",-3.9,-2,"57",9.1,"9","0","0","0",33.3,33.3,37.5,"0.234","0.521","0.318",33.3
"Vivas, Jorbit",678391,"WSH","CH","Changeup",1,0,"28",9.9,"9","0.444","0.444","0.4",21.1,11.1,14.3,"0.284","0.324","0.268",12.5
"Teodosio, Bryce",669326,"LAA","FF","4-Seam Fastball",-3.2,-2,"48",38.1,"9","0.125","0.125","0.178",50,55.6,38.5,"0.043","0.044","0.112",0
"Aranda, Jonathan",666018,"TB","FC","Cutter",-0.6,0,"47",7.8,"9","0.25","0.375","0.317",27.3,33.3,37.5,"0.292","0.718","0.452",60
"Canzone, Dominic",686527,"SEA","CH","Changeup",-2.6,-1,"57",17.9,"9","0","0","0.078",36,11.1,6.7,"0.119","0.216","0.218",28.6
"Rodríguez, Julio",677594,"SEA","FS","Split-Finger",-3.2,-1,"28",4.5,"9","0.222","0.222","0.2",41.2,33.3,27.3,"0.227","0.254","0.211",33.3
"Jung, Josh",673962,"TEX","CH","Changeup",2,1,"26",5.7,"9","0.286","0.429","0.394",18.2,22.2,16.7,"0.245","0.304","0.34",60
"Alexander, Blaze",677942,"BAL","SL","Slider",1.4,1,"41",12.2,"9","0.375","0.375","0.378",40.9,33.3,18.8,"0.467","0.544","0.47",60
"Yoshida, Masataka",807799,"BOS","CH","Changeup",2.8,1,"30",12.3,"9","0.375","0.5","0.417",7.7,11.1,20,"0.322","0.399","0.356",42.9
"Steer, Spencer",668715,"CIN","CU","Curveball",1.3,0,"34",7.3,"9","0.333","0.333","0.3",23.5,22.2,16.7,"0.366","0.417","0.342",42.9
"Pages, Andy",681624,"LAD","FC","Cutter",0.4,0,"53",9,"8","0.143","0.143","0.425",25,12.5,9.1,"0.342","0.437","0.386",66.7
"Hernaiz, Darell",687231,"ATH","SL","Slider",0.2,0,"42",17.5,"8","0.333","0.333","0.4",24,0,0,"0.318","0.386","0.404",16.7
"Clarke, Denzel",672016,"ATH","SI","Sinker",-2.9,-1,"46",19,"8","0.143","0.143","0.2",47.6,50,57.1,"0.089","0.101","0.16",33.3
"Rooker, Brent",667670,"ATH","CH","Changeup",-2.9,-1,"34",13.3,"8","0.125","0.125","0.113",57.9,62.5,41.7,"0.124","0.139","0.112",33.3
"Kurtz, Nick",701762,"ATH","FC","Cutter",-0.4,0,"49",7,"8","0.2","0.2","0.375",36.8,50,40,"0.197","0.205","0.373",0
"Hernaiz, Darell",687231,"ATH","SI","Sinker",-4.2,-1,"23",9.6,"8","0.25","0.25","0.225",0,0,0,"0.162","0.176","0.149",25
"McNeil, Jeff",643446,"ATH","FS","Split-Finger",-0.7,0,"25",5.7,"8","0.25","0.25","0.225",14.3,12.5,11.1,"0.228","0.26","0.215",57.1
"Wilson, Jacob",805779,"ATH","FC","Cutter",3.1,1,"34",7.1,"8","0.375","0.875","0.519",27.8,0,0,"0.307","0.532","0.361",25
"Cortes, Carlos",666126,"ATH","FS","Split-Finger",2.6,1,"27",7.7,"8","0.25","0.625","0.414",6.7,0,0,"0.405","0.927","0.558",62.5
"Harris II, Michael",671739,"ATL","FC","Cutter",7.1,2,"29",6.8,"8","0.5","0.875","0.588",21.1,0,0,"0.501","0.857","0.581",25
"Acuña Jr., Ronald",660670,"ATL","FS","Split-Finger",2.4,1,"21",3.5,"8","0.25","0.75","0.406",33.3,25,18.2,"0.392","0.806","0.51",33.3
"Smith, Dominic",642086,"ATL","CH","Changeup",-2.5,-1,"26",10.2,"8","0.125","0.125","0.113",46.2,25,18.2,"0.158","0.189","0.152",16.7
"Riley, Austin",663586,"ATL","FC","Cutter",0.4,0,"47",7.6,"8","0.25","0.625","0.363",41.7,25,28.6,"0.351","0.801","0.484",66.7
"Thomas, Alek",677950,"AZ","ST","Sweeper",-11.7,-2,"16",4.9,"8","0","0","0",30.8,37.5,42.9,"0.088","0.109","0.087",20
"Tawa, Tim",694374,"AZ","ST","Sweeper",-5.5,-2,"29",12.7,"8","0","0","0",46.7,50,26.7,"0.08","0.192","0.114",25
"Del Castillo, Adrian",680728,"AZ","CU","Curveball",-1.2,-1,"45",16,"8","0.25","0.25","0.225",40,37.5,20,"0.155","0.17","0.144",20
"Tawa, Tim",694374,"AZ","SL","Slider",-2.3,-1,"31",13.5,"8","0.143","0.143","0.2",31.3,25,13.3,"0.197","0.222","0.248",20
"Barrosa, Jorge",678489,"AZ","CH","Changeup",-1.2,0,"29",9,"8","0.167","0.167","0.15",20,12.5,10,"0.233","0.28","0.221",0
"Marte, Ketel",606466,"AZ","ST","Sweeper",-4.3,-1,"26",5.1,"8","0.25","0.25","0.225",35.3,25,22.2,"0.144","0.192","0.144",16.7
"Carroll, Corbin",682998,"AZ","ST","Sweeper",-1.4,0,"20",3.7,"8","0.25","0.25","0.225",30.8,12.5,14.3,"0.28","0.329","0.271",28.6
"Thomas, Alek",677950,"AZ","FS","Split-Finger",-1.7,0,"19",5.8,"8","0.25","0.5","0.313",50,62.5,50,"0.187","0.268","0.194",100
"Fernandez, Jose",699912,"AZ","FC","Cutter",4.4,2,"40",10.4,"8","0.5","1","0.65",21.1,0,0,"0.315","0.664","0.482",16.7
"Carroll, Corbin",682998,"AZ","CH","Changeup",0.6,0,"36",6.7,"8","0.125","0.5","0.25",33.3,12.5,7.7,"0.244","0.596","0.353",28.6
"Arenado, Nolan",571448,"AZ","CH","Changeup",0.7,0,"48",10.4,"8","0.25","0.375","0.269",31.6,37.5,12.5,"0.337","0.411","0.326",40
"Lawlar, Jordan",691783,"AZ","FF","4-Seam Fastball",2.2,1,"29",31.9,"8","0.375","0.875","0.519",25,37.5,37.5,"0.287","0.669","0.401",40
"Vargas, Ildemaro",545121,"AZ","CU","Curveball",-3.8,-2,"41",11.6,"8","0.125","0.125","0.113",21.1,25,22.2,"0.275","0.421","0.298",33.3
"Tawa, Tim",694374,"AZ","CH","Changeup",0.9,0,"26",11.4,"8","0.143","0.286","0.356",21.4,0,0,"0.388","0.524","0.428",57.1
"Fernandez, Jose",699912,"AZ","ST","Sweeper",4.4,2,"36",9.4,"8","0.5","0.875","0.588",35.3,12.5,7.7,"0.355","0.635","0.421",14.3
"Beavers, Dylan",687637,"BAL","FC","Cutter",-2.8,-1,"37",9.2,"8","0","0","0.175",31.3,25,22.2,"0.039","0.049","0.204",25
"Mayo, Coby",691723,"BAL","CU","Curveball",-3.7,-1,"38",10.3,"8","0","0","0",72.7,75,35.3,"0.075","0.078","0.067",0
"Cowser, Colton",681297,"BAL","FC","Cutter",0.6,0,"25",7.9,"8","0.333","0.333","0.357",9.1,0,0,"0.338","0.46","0.398",14.3
"Jackson, Jeremiah",669236,"BAL","FC","Cutter",0.1,0,"29",7.6,"8","0.375","0.5","0.381",25,12.5,25,"0.391","0.48","0.378",42.9
"Alexander, Blaze",677942,"BAL","CU","Curveball",1.3,0,"28",8.3,"8","0.25","0.25","0.338",37.5,25,16.7,"0.428","0.465","0.394",66.7
"Wilson, Weston",642215,"BAL","FF","4-Seam Fastball",2.9,1,"32",33.7,"8","0.429","0.571","0.469",23.1,25,15.4,"0.369","0.751","0.499",40
"Abreu, Wilyer",677800,"BOS","FS","Split-Finger",6.8,2,"26",4.5,"8","0.25","0.625","0.363",12.5,12.5,9.1,"0.203","0.397","0.257",14.3
"Duran, Jarren",680776,"BOS","ST","Sweeper",-5.5,-1,"27",5.9,"8","0.125","0.125","0.113",41.2,25,33.3,"0.195","0.387","0.245",50
"Mayer, Marcelo",691785,"BOS","FS","Split-Finger",0.3,0,"26",7,"8","0.25","0.375","0.269",9.1,12.5,10,"0.244","0.33","0.248",71.4
"Swanson, Dansby",621020,"CHC","CU","Curveball",-1.4,-1,"43",7.4,"8","0.143","0.143","0.113",40,37.5,23.1,"0.133","0.15","0.13",20
"Amaya, Miguel",665804,"CHC","SI","Sinker",7.9,3,"42",15.3,"8","0.5","1","0.65",25,12.5,12.5,"0.329","0.72","0.505",60
"Ballesteros, Moisés",694208,"CHC","FC","Cutter",18.1,4,"22",6.2,"8","0.667","1.833","0.944",8.3,0,0,"0.311","0.689","0.492",66.7
"Bregman, Alex",608324,"CHC","FC","Cutter",4.2,2,"37",5.8,"8","0.5","1.167","0.694",25,12.5,12.5,"0.334","0.598","0.471",60
"Friedl, TJ",670770,"CIN","SL","Slider",-2.1,-1,"33",6.6,"8","0","0","0.175",20,0,0,"0.158","0.193","0.29",50
"Lowe, Nathaniel",663993,"CIN","FS","Split-Finger",11.2,2,"19",6.1,"8","0.375","0.875","0.519",20,25,28.6,"0.424","0.874","0.542",66.7
"Benson, Will",666181,"CIN","CU","Curveball",-2.4,-1,"42",17,"8","0.125","0.125","0.113",68.4,62.5,31.3,"0.126","0.147","0.121",66.7
"Hinds, Rece",677956,"CIN","FF","4-Seam Fastball",-4.9,-1,"16",10.8,"8","0.143","0.286","0.244",50,62.5,71.4,"0.088","0.1","0.16",50
"Hinds, Rece",677956,"CIN","SI","Sinker",-0.3,0,"31",20.9,"8","0.286","0.429","0.407",6.7,25,25,"0.357","0.405","0.386",0
"Friedl, TJ",670770,"CIN","FC","Cutter",-0.8,0,"21",4.2,"8","0.286","0.429","0.307",0,12.5,50,"0.299","0.329","0.275",14.3
"Ramírez, José",608070,"CLE","SI","Sinker",-3.6,-2,"56",8.7,"8","0","0","0.088",23.5,12.5,10,"0.119","0.349","0.258",16.7
"Ramírez, José",608070,"CLE","ST","Sweeper",-4.4,-2,"39",6.1,"8","0","0","0",10.5,12.5,5.6,"0.108","0.129","0.107",42.9
"Fry, David",681807,"CLE","SL","Slider",6,2,"36",15.4,"8","0.5","0.875","0.588",40,37.5,18.8,"0.256","0.323","0.252",20
"Kayfus, CJ",692216,"CLE","FF","4-Seam Fastball",-1.7,-1,"43",39.8,"8","0.143","0.143","0.2",25,25,11.8,"0.282","0.657","0.431",80
"Hoskins, Rhys",656555,"CLE","CH","Changeup",-1.1,0,"32",7.4,"8","0.143","0.571","0.25",27.8,12.5,7.7,"0.223","0.626","0.354",57.1
"Hoskins, Rhys",656555,"CLE","ST","Sweeper",0.3,0,"37",8.6,"8","0.286","0.429","0.356",33.3,37.5,23.1,"0.195","0.338","0.284",50
"Ramírez, José",608070,"CLE","CU","Curveball",4.5,2,"47",7.3,"8","0.333","0.333","0.55",25,12.5,7.7,"0.128","0.16","0.484",0
"Hedges, Austin",595978,"CLE","FC","Cutter",3.2,1,"24",13.6,"8","0.375","0.75","0.475",37.5,50,40,"0.068","0.125","0.082",50
"Martínez, Angel",682657,"CLE","CU","Curveball",2.1,1,"51",11.3,"8","0.375","0.75","0.475",24,12.5,5.6,"0.362","0.591","0.406",42.9
"Arias, Gabriel",672356,"CLE","SL","Slider",1.7,0,"23",18,"8","0.143","0.571","0.338",53.8,50,40,"0.142","0.39","0.279",66.7
"Karros, Kyle",691720,"COL","CU","Curveball",-1.9,-1,"31",5.9,"8","0","0","0.088",58.3,50,26.7,"0.056","0.116","0.153",33.3
"Tovar, Ezequiel",678662,"COL","CH","Changeup",-3.1,-1,"29",5.7,"8","0.125","0.125","0.225",40,37.5,23.1,"0.128","0.135","0.117",40
"Doyle, Brenton",686668,"COL","CH","Changeup",-1.8,-1,"32",9,"8","0.25","0.25","0.225",63.2,50,36.4,"0.043","0.045","0.039",0
"Peters, Tristan",671976,"CWS","CU","Curveball",-5,-1,"26",8.2,"8","0","0","0",26.7,25,22.2,"0.119","0.142","0.112",0
"Pereira, Everson",677592,"CWS","ST","Sweeper",10.5,3,"24",10.1,"8","0.375","1.125","0.613",21.4,12.5,14.3,"0.323","0.838","0.485",57.1
"Quero, Edgar",700337,"CWS","FC","Cutter",1.5,0,"26",7.8,"8","0.333","0.333","0.4",21.4,12.5,9.1,"0.436","0.506","0.481",20
"Benintendi, Andrew",643217,"CWS","FC","Cutter",-4.8,-1,"29",6.8,"8","0.125","0.25","0.156",41.2,50,50,"0.107","0.296","0.167",75
"Vargas, Miguel",678246,"CWS","CU","Curveball",0.7,0,"34",5.6,"8","0.167","0.167","0.288",20,25,16.7,"0.11","0.149","0.259",25
"Pereira, Everson",677592,"CWS","CU","Curveball",-0.4,0,"23",9.7,"8","0.143","0.286","0.244",64.3,62.5,62.5,"0.041","0.045","0.123",50
"Lee, Hao-Yu ",701678,"DET","SI","Sinker",-2,-1,"28",18.7,"8","0.143","0.143","0.2",8.3,25,28.6,"0.122","0.271","0.234",40
"Pérez, Wenceel",672761,"DET","FC","Cutter",1,0,"21",9.3,"8","0.429","0.571","0.469",23.1,0,0,"0.342","0.414","0.373",57.1
"Dingler, Dillon",693307,"DET","FC","Cutter",2.5,1,"48",10.3,"8","0.571","0.714","0.581",8,0,0,"0.476","0.805","0.564",85.7
"Torres, Gleyber",650402,"DET","CH","Changeup",-0.4,0,"50",8.1,"8","0.143","0.143","0.2",20,0,0,"0.196","0.224","0.247",14.3
"Rogers, Jake",668670,"DET","SI","Sinker",-6.3,-2,"26",18.2,"8","0.167","0.167","0.113",0,12.5,16.7,"0.487","1.071","0.505",42.9
"Vierling, Matt",663837,"DET","ST","Sweeper",10.5,3,"25",7.6,"8","0.625","1.125","0.738",11.8,0,0,"0.445","0.534","0.427",37.5
"Jones, Jahmai",663330,"DET","SI","Sinker",12.1,3,"24",16.3,"8","0.286","1.143","0.588",8.3,0,0,"0.532","1.483","0.815",57.1
"Matthews, Brice",694728,"HOU","CH","Changeup",-3.7,-1,"37",10.4,"8","0","0","0",50,50,26.7,"0.049","0.056","0.047",0
"Johnson, Daniel",669288,"HOU","FF","4-Seam Fastball",-4.4,-1,"29",54.7,"8","0","0","0.088",25,25,28.6,"0.263","0.288","0.3",40
"Loperfido, Joey",694388,"HOU","ST","Sweeper",1.8,1,"35",13,"8","0.333","0.333","0.313",21.4,25,20,"0.204","0.249","0.235",0
"Shewmake, Braden",669699,"HOU","FF","4-Seam Fastball",-3.9,-1,"27",62.8,"8","0.143","0.143","0.129",28.6,25,28.6,"0.14","0.166","0.134",16.7
"Walker, Christian",572233,"HOU","FC","Cutter",2.4,1,"51",9.2,"8","0.5","0.625","0.494",26.1,12.5,10,"0.449","0.698","0.493",57.1
"Peña, Jeremy",665161,"HOU","SI","Sinker",-1.5,0,"29",16.1,"8","0.286","0.286","0.313",5.3,0,0,"0.409","0.473","0.423",0
"Loperfido, Joey",694388,"HOU","SI","Sinker",-0.7,0,"32",11.9,"8","0.286","0.429","0.356",10,25,33.3,"0.205","0.33","0.287",40
"Diaz, Yainer",673237,"HOU","FC","Cutter",-1.5,0,"30",8.8,"8","0.375","0.375","0.338",11.1,0,0,"0.378","0.414","0.35",25
"Peña, Jeremy",665161,"HOU","SL","Slider",1.2,0,"36",20,"8","0.375","0.625","0.425",26.3,12.5,9.1,"0.408","0.475","0.386",28.6
"Correa, Carlos",621043,"HOU","CH","Changeup",-0.1,0,"48",8.2,"8","0.143","0.286","0.244",29.2,0,0,"0.254","0.299","0.297",42.9
"Isbel, Kyle",664728,"KC","FC","Cutter",1,0,"30",8.6,"8","0.429","0.571","0.436",15.4,0,0,"0.256","0.341","0.258",37.5
"Loftin, Nick",679845,"KC","SL","Slider",6.1,1,"20",12.7,"8","0.286","0.429","0.469",0,0,0,"0.218","0.32","0.292",42.9
"Massey, Michael",686681,"KC","SI","Sinker",2.1,1,"32",11.9,"8","0.4","0.6","0.444",15.4,12.5,33.3,"0.282","0.577","0.474",80
"Trout, Mike",545361,"LAA","CU","Curveball",-2.9,-1,"43",6.2,"8","0","0","0.088",33.3,62.5,38.5,"0.008","0.019","0.097",0
"Grissom, Vaughn",687093,"LAA","SI","Sinker",0.8,0,"40",19.4,"8","0.4","0.4","0.488",28.6,0,0,"0.439","0.503","0.522",80
"Schanuel, Nolan",694384,"LAA","CU","Curveball",3.9,2,"41",7.5,"8","0.5","0.625","0.494",13.3,12.5,10,"0.393","0.474","0.374",42.9
"Soler, Jorge",624585,"LAA","CU","Curveball",-2.3,-1,"41",7.1,"8","0.125","0.25","0.156",46.7,62.5,33.3,"0.166","0.296","0.196",33.3
"Teodosio, Bryce",669326,"LAA","SI","Sinker",-1.2,0,"23",18.3,"8","0.286","0.429","0.356",15.4,12.5,16.7,"0.284","0.528","0.39",50
"Pages, Andy",681624,"LAD","CU","Curveball",18.2,4,"23",3.9,"8","0.625","1.625","0.925",35.7,37.5,27.3,"0.342","0.68","0.432",80
"Hernández, Teoscar",606192,"LAD","FC","Cutter",-3.5,-1,"38",7.6,"8","0.25","0.25","0.225",55,37.5,37.5,"0.274","0.489","0.325",80
"Smith, Will",669257,"LAD","CH","Changeup",7.7,3,"39",7.9,"8","0.5","1","0.65",0,12.5,5,"0.251","0.687","0.467",40
"Freeland, Alex",690976,"LAD","SL","Slider",0.3,0,"44",11.3,"8","0.167","0.333","0.331",40,25,16.7,"0.282","0.658","0.472",50
"Rushing, Dalton",687221,"LAD","CH","Changeup",7,2,"22",11.4,"8","0.5","1","0.631",18.2,0,0,"0.469","0.838","0.559",37.5
"Kim, Hyeseong",808975,"LAD","SI","Sinker",4.7,2,"45",15.6,"8","0.5","1","0.631",5.3,0,0,"0.345","0.53","0.376",37.5
"Hicks, Liam",689414,"MIA","FS","Split-Finger",4,1,"24",5.5,"8","0.143","0.571","0.338",33.3,37.5,33.3,"0.13","0.25","0.228",50
"Ramírez, Agustín",682663,"MIA","CH","Changeup",0.1,0,"54",10.9,"8","0.25","0.25","0.225",54.2,25,11.1,"0.278","0.321","0.261",50
"Stowers, Kyle",669065,"MIA","SL","Slider",-0.8,0,"27",13,"8","0.25","0.375","0.269",18.8,37.5,30,"0.227","0.287","0.223",60
"Conine, Griffin",665052,"MIA","SI","Sinker",7.7,2,"21",23.3,"8","0.429","0.857","0.563",25,0,0,"0.552","1.126","0.708",71.4
"Hamilton, David",666152,"MIL","FS","Split-Finger",-6.5,-2,"25",6.1,"8","0","0","0",42.9,62.5,45.5,"0.112","0.129","0.105",33.3
"Frelick, Sal",686217,"MIL","ST","Sweeper",-0.9,0,"39",8,"8","0.143","0.143","0.113",38.5,37.5,20,"0.183","0.246","0.172",20
"Turang, Brice",668930,"MIL","FC","Cutter",2.7,1,"37",6.1,"8","0.429","0.571","0.536",21.4,0,0,"0.48","0.686","0.53",28.6
"Sánchez, Gary",596142,"MIL","CU","Curveball",8.1,2,"26",6.6,"8","0.286","0.714","0.45",45.5,37.5,30,"0.23","0.545","0.371",50
"Perkins, Blake",663368,"MIL","FC","Cutter",-1.6,-1,"33",15.5,"8","0","0","0.288",7.7,0,0,"0.104","0.205","0.274",16.7
"Hamilton, David",666152,"MIL","CH","Changeup",-3,-1,"42",10.2,"8","0.125","0.125","0.113",47.6,25,11.8,"0.191","0.213","0.176",16.7
"Contreras, William",661388,"MIL","CU","Curveball",2.1,1,"26",5,"8","0.375","0.375","0.338",16.7,12.5,25,"0.264","0.402","0.287",42.9
"Mitchell, Garrett",669003,"MIL","FC","Cutter",2.7,1,"49",9.3,"8","0.571","0.857","0.625",36.4,37.5,25,"0.402","0.722","0.509",50
"Rengifo, Luis",650859,"MIL","SI","Sinker",-4,-1,"36",8.6,"8","0.125","0.25","0.156",17.6,12.5,11.1,"0.248","0.304","0.239",57.1
"Bauers, Jake",641343,"MIL","ST","Sweeper",2.9,1,"38",7.7,"8","0.25","0.625","0.363",31.6,25,11.1,"0.18","0.554","0.303",50
"Wallner, Matt",670242,"MIN","FS","Split-Finger",-2.2,-1,"26",5.4,"8","0.25","0.25","0.225",55.6,25,22.2,"0.222","0.253","0.207",0
"Keaschall, Luke",807712,"MIN","ST","Sweeper",1.6,1,"47",8.4,"8","0.375","0.5","0.381",6.7,0,0,"0.263","0.348","0.263",25
"Bell, Josh",605137,"MIN","CU","Curveball",0.8,0,"50",9.6,"8","0.375","0.375","0.338",25,0,0,"0.289","0.516","0.341",37.5
"Bell, Josh",605137,"MIN","ST","Sweeper",0.1,0,"19",3.6,"8","0.143","0.286","0.244",33.3,25,28.6,"0.197","0.208","0.244",0
"Torrens, Luis",620443,"NYM","SL","Slider",-8,-2,"21",14.8,"8","0","0","0",45.5,37.5,50,"0.139","0.153","0.127",20
"Benge, Carson",701807,"NYM","SL","Slider",-2.3,-1,"41",9.3,"8","0","0","0.088",40,50,40,"0.054","0.061","0.132",33.3
"Mauricio, Ronny",677595,"NYM","SL","Slider",-5.4,-1,"24",19.7,"8","0.125","0.125","0.113",35.7,50,33.3,"0.179","0.229","0.181",50
"Baty, Brett",683146,"NYM","ST","Sweeper",-0.3,0,"33",7.3,"8","0.167","0.333","0.331",50,62.5,41.7,"0.087","0.115","0.238",100
"Goldschmidt, Paul",502671,"NYY","SI","Sinker",-6.9,-2,"34",17.8,"8","0","0","0",0,25,22.2,"0.205","0.345","0.233",83.3
"Grisham, Trent",663757,"NYY","ST","Sweeper",-1.4,0,"33",6.1,"8","0","0","0.175",12.5,37.5,21.4,"0.066","0.109","0.279",66.7
"Chisholm Jr., Jazz",665862,"NYY","FC","Cutter",1.2,1,"51",9.1,"8","0.5","0.5","0.488",33.3,0,0,"0.327","0.414","0.427",40
"McMahon, Ryan",641857,"NYY","ST","Sweeper",-2.4,-1,"30",7.9,"8","0.125","0.125","0.113",33.3,62.5,50,"0.121","0.22","0.147",66.7
"Goldschmidt, Paul",502671,"NYY","SL","Slider",-0.5,0,"35",18.3,"8","0.167","0.167","0.288",23.5,25,15.4,"0.261","0.453","0.401",50
"Rosario, Amed",642708,"NYY","FC","Cutter",1.2,0,"23",9.6,"8","0.286","0.857","0.406",7.7,0,0,"0.524","1.286","0.738",87.5
"Bellinger, Cody",641355,"NYY","FS","Split-Finger",-6.3,-1,"19",3.5,"8","0.125","0.125","0.113",20,25,25,"0.199","0.257","0.196",66.7
"Rosario, Amed",642708,"NYY","SL","Slider",3.3,1,"38",15.9,"8","0.5","0.875","0.588",27.3,25,25,"0.391","0.798","0.503",66.7
"Rosario, Amed",642708,"NYY","SI","Sinker",3.7,1,"32",13.4,"8","0.429","0.857","0.475",0,0,0,"0.385","0.762","0.444",37.5
"Stott, Bryson",681082,"PHI","FS","Split-Finger",-6.6,-2,"28",6.4,"8","0","0","0",14.3,12.5,8.3,"0.112","0.122","0.102",0
"Reyes, Felix",694025,"PHI","SL","Slider",-8.3,-2,"23",25.3,"8","0","0","0",33.3,25,20,"0.091","0.116","0.089",0
"Marchán, Rafael",665561,"PHI","SL","Slider",-5.4,-2,"33",16.2,"8","0","0","0.088",31.3,50,28.6,"0.065","0.085","0.144",33.3
"Marsh, Brandon",669016,"PHI","FS","Split-Finger",3.8,1,"19",4.6,"8","0.429","0.571","0.381",25,12.5,16.7,"0.422","0.511","0.358",42.9
"Crawford, Justin",702222,"PHI","FC","Cutter",2.4,1,"30",7.6,"8","0.429","0.571","0.469",28.6,0,0,"0.232","0.27","0.281",42.9
"Bohm, Alec",664761,"PHI","CU","Curveball",-3,-1,"33",6.8,"8","0","0","0.113",15.4,12.5,12.5,"0.142","0.18","0.139",28.6
"Crawford, Justin",702222,"PHI","ST","Sweeper",3.6,1,"19",4.8,"8","0.375","0.625","0.425",15.4,25,22.2,"0.365","0.457","0.354",16.7
"Triolo, Jared",669707,"PIT","FF","4-Seam Fastball",-4.9,-2,"39",37.1,"8","0","0","0.088",27.8,50,26.7,"0.053","0.084","0.14",33.3
"Griffin, Konnor",804606,"PIT","ST","Sweeper",-2.9,-1,"35",8.2,"8","0","0","0.088",35.3,12.5,5.9,"0.256","0.35","0.316",50
"Reynolds, Bryan",668804,"PIT","FC","Cutter",-5.1,-2,"34",5.2,"8","0","0","0.088",20,0,0,"0.311","0.416","0.36",42.9
"Bart, Joey",663698,"PIT","SL","Slider",-5.6,-1,"20",10.8,"8","0.143","0.143","0.113",40,50,57.1,"0.107","0.123","0.089",25
"O'Hearn, Ryan",656811,"PIT","FC","Cutter",4,2,"45",7.8,"8","0.333","0.833","0.538",15.8,25,22.2,"0.286","0.696","0.486",50
"Yorke, Nick",694377,"PIT","CH","Changeup",1.8,1,"30",9.9,"8","0.375","0.375","0.338",9.1,0,0,"0.345","0.524","0.374",50
"Reynolds, Bryan",668804,"PIT","ST","Sweeper",5.2,1,"26",4,"8","0.429","0.571","0.469",30.8,37.5,27.3,"0.108","0.133","0.18",25
"Cronenworth, Jake",630105,"SD","FC","Cutter",-2.1,-1,"39",8,"8","0","0","0.263",7.1,0,0,"0.108","0.217","0.347",40
"Cronenworth, Jake",630105,"SD","SL","Slider",-4.9,-2,"32",6.6,"8","0","0","0.088",46.7,50,50,"0.018","0.023","0.104",0
"Andujar, Miguel",609280,"SD","FC","Cutter",-0.9,0,"32",10.1,"8","0.143","0.143","0.313",30.8,25,50,"0.297","0.389","0.348",40
"France, Ty",664034,"SD","ST","Sweeper",-2.4,-1,"22",11.6,"8","0.25","0.25","0.225",9.1,0,0,"0.199","0.308","0.215",37.5
"Merrill, Jackson",701538,"SD","ST","Sweeper",-2.3,-1,"41",7.2,"8","0.125","0.125","0.113",20.8,12.5,5.9,"0.22","0.436","0.278",28.6
"Andujar, Miguel",609280,"SD","SL","Slider",-2.9,-1,"34",10.7,"8","0.125","0.125","0.113",35,25,15.4,"0.247","0.278","0.229",50
"Naylor, Josh",647304,"SEA","CU","Curveball",-3,-2,"53",11.6,"8","0","0","0",34.5,50,17.4,"0.151","0.2","0.152",50
"Raleigh, Cal",663728,"SEA","SI","Sinker",3.6,1,"37",5.7,"8","0.5","1.167","0.606",11.1,12.5,9.1,"0.384","1.093","0.698",66.7
"Garver, Mitch",641598,"SEA","SL","Slider",-0.7,0,"50",21.7,"8","0.167","0.167","0.288",80,25,14.3,"0.191","0.209","0.307",0
"Crawford, J.P.",641487,"SEA","CU","Curveball",11.1,4,"39",7.8,"8","0.429","1.286","0.7",12.5,12.5,5,"0.391","0.984","0.589",66.7
"Donovan, Brendan",680977,"SEA","CU","Curveball",6.6,1,"22",8.4,"8","0.333","0.333","0.4",28.6,25,20,"0.406","0.45","0.457",25
"Crawford, J.P.",641487,"SEA","CH","Changeup",1.1,0,"34",6.8,"8","0.286","0.429","0.356",15.4,12.5,11.1,"0.272","0.4","0.34",50
"Bailey, Patrick",672275,"SF","FC","Cutter",-5.6,-2,"34",9.8,"8","0.125","0.125","0.129",25,0,0,"0.319","0.401","0.312",25
"Adames, Willy",642715,"SF","FS","Split-Finger",-0.9,0,"22",3.8,"8","0.25","0.375","0.269",36.4,50,44.4,"0.22","0.255","0.207",25
"Devers, Rafael",646240,"SF","FS","Split-Finger",1.1,0,"23",4,"8","0.286","0.429","0.356",15.4,12.5,14.3,"0.252","0.29","0.297",33.3
"Bader, Harrison",664056,"SF","SL","Slider",-4.4,-1,"24",11.7,"8","0.125","0.25","0.156",46.2,37.5,50,"0.302","0.643","0.394",60
"Adames, Willy",642715,"SF","CU","Curveball",4.2,2,"48",8.2,"8","0.375","0.875","0.519",33.3,37.5,17.6,"0.319","0.469","0.34",80
"Burleson, Alec",676475,"STL","FS","Split-Finger",-1.1,0,"28",5.1,"8","0.167","0.167","0.288",9.1,12.5,14.3,"0.226","0.452","0.396",60
"Wetherholt, JJ",802139,"STL","FS","Split-Finger",0.5,0,"30",4.7,"8","0.375","0.375","0.257",23.1,25,15.4,"0.118","0.132","0.107",33.3
"Wetherholt, JJ",802139,"STL","CU","Curveball",4,2,"48",7.5,"8","0.25","0.5","0.419",0,0,0,"0.156","0.183","0.358",20
"Church, Nathan",701675,"STL","FC","Cutter",9.7,3,"27",7.2,"8","0.571","1.571","0.856",6.7,0,0,"0.415","0.797","0.537",71.4
"Palacios, Richie",680700,"TB","SI","Sinker",-0.5,0,"28",11.6,"8","0.167","0.167","0.288",0,12.5,20,"0.168","0.195","0.295",20
"Palacios, Richie",680700,"TB","CH","Changeup",-2.1,-1,"34",14,"8","0.125","0.125","0.113",50,37.5,30,"0.278","0.31","0.261",20
"Fortes, Nick",663743,"TB","FC","Cutter",-4.9,-2,"32",10.4,"8","0.125","0.125","0.113",11.8,0,0,"0.271","0.309","0.253",37.5
"Williamson, Ben",810938,"TB","FC","Cutter",1.3,1,"43",10.7,"8","0.4","0.4","0.457",16.7,12.5,14.3,"0.209","0.272","0.348",20
"Walls, Taylor",670764,"TB","CU","Curveball",0.1,0,"37",11.1,"8","0.286","0.286","0.257",27.3,37.5,23.1,"0.127","0.148","0.12",0
"Vilade, Ryan",668723,"TB","CH","Changeup",1.2,0,"24",12.4,"8","0.375","0.375","0.338",7.7,0,0,"0.441","0.521","0.416",12.5
"Williams, Carson",700246,"TB","SI","Sinker",-3.6,-1,"26",28.3,"8","0.25","0.375","0.269",16.7,25,66.7,"0.251","0.278","0.237",16.7
"Aranda, Jonathan",666018,"TB","FS","Split-Finger",0.2,0,"29",4.8,"8","0.25","0.25","0.338",11.1,12.5,8.3,"0.278","0.37","0.28",14.3
"Fraley, Jake",641584,"TB","FC","Cutter",-3,-1,"34",11,"8","0.143","0.286","0.244",5.9,0,0,"0.32","0.508","0.399",42.9
"Smith, Josh",669701,"TEX","ST","Sweeper",-0.8,0,"32",7.7,"8","0.286","0.286","0.313",25,50,36.4,"0.221","0.247","0.268",0
"Burger, Jake",669394,"TEX","CU","Curveball",15.9,4,"24",4.8,"8","0.429","1.429","0.856",23.1,37.5,37.5,"0.331","0.901","0.534",75
"Pederson, Joc",592626,"TEX","FS","Split-Finger",0.5,0,"21",5.6,"8","0.25","0.375","0.269",46.2,25,25,"0.206","0.279","0.21",33.3
"Schneider, Davis",676914,"TOR","SL","Slider",-4.1,-2,"47",16,"8","0","0","0",37.5,62.5,35.7,"0.064","0.086","0.065",33.3
"Varsho, Daulton",662139,"TOR","CH","Changeup",-3.2,-1,"29",6.4,"8","0","0","0.175",17.6,12.5,8.3,"0.281","0.384","0.391",20
"Schneider, Davis",676914,"TOR","CH","Changeup",8.4,1,"17",5.8,"8","0.286","0.714","0.45",12.5,25,22.2,"0.331","0.494","0.4",40
"Jiménez, Eloy",650391,"TOR","FF","4-Seam Fastball",3.5,1,"33",25.4,"8","0.5","0.5","0.513",7.1,12.5,16.7,"0.33","0.489","0.439",80
"Sosa, Lenyn",672820,"TOR","SL","Slider",-2.3,-1,"40",14,"8","0.125","0.25","0.156",27.3,25,11.1,"0.276","0.408","0.293",66.7
"Giménez, Andrés",665926,"TOR","FC","Cutter",-0.4,0,"32",7.4,"8","0.375","0.375","0.338",9.1,0,0,"0.283","0.339","0.271",25
"Lukes, Nathan",664770,"TOR","SI","Sinker",-7.6,-1,"18",8,"8","0.125","0.125","0.113",10,25,33.3,"0.235","0.313","0.236",33.3
"Millas, Drew",686452,"WSH","SI","Sinker",-2.2,-1,"43",18.7,"8","0","0","0.175",9.1,37.5,37.5,"0.042","0.052","0.206",0
"Young, Jacob",696285,"WSH","CU","Curveball",2.5,1,"31",7.2,"8","0.375","0.5","0.381",31.3,25,14.3,"0.32","0.365","0.298",50
"Nuñez, Nasim",683083,"WSH","CU","Curveball",-1.1,0,"39",8.1,"8","0.125","0.125","0.113",20,50,25,"0.222","0.274","0.21",50
"Lile, Daylen",695734,"WSH","FS","Split-Finger",-5,-1,"25",4.9,"8","0.125","0.125","0.113",23.1,12.5,14.3,"0.161","0.19","0.153",28.6
"Tena, José",677588,"WSH","SI","Sinker",2.6,1,"32",12.3,"8","0.4","0.4","0.488",23.1,12.5,33.3,"0.257","0.275","0.407",50
"Tena, José",677588,"WSH","SL","Slider",-0.7,0,"30",11.5,"8","0.25","0.25","0.225",31.3,50,26.7,"0.222","0.341","0.241",50
"Soto, Juan",665742,"NYM","ST","Sweeper",2.7,1,"21",6.2,"7","0.429","0.571","0.436",20,14.3,25,"0.367","0.739","0.468",33.3
"McCann, James",543510,"AZ","ST","Sweeper",-6.3,-2,"24",11.5,"7","0.143","0.143","0.129",47.1,57.1,36.4,"0.119","0.166","0.122",66.7
"Stowers, Kyle",669065,"MIA","FS","Split-Finger",-5.3,-1,"17",8.2,"7","0.143","0.143","0.129",36.4,57.1,57.1,"0.252","0.28","0.233",100
"Arenado, Nolan",571448,"AZ","CU","Curveball",-6.6,-1,"16",3.5,"7","0","0","0.129",30,28.6,28.6,"0.075","0.085","0.074",40
"Grissom, Vaughn",687093,"LAA","ST","Sweeper",11.5,2,"20",9.7,"7","0.286","0.714","0.414",9.1,0,0,"0.275","0.558","0.346",28.6
"Wood, James",695578,"WSH","FS","Split-Finger",5,2,"38",5.4,"7","0.167","0.667","0.514",64.3,42.9,27.3,"0.224","0.791","0.459",66.7
"Mateo, Jorge",622761,"ATL","CU","Curveball",-6.4,-1,"18",9.2,"7","0.143","0.143","0.129",61.5,71.4,71.4,"0.069","0.078","0.065",100
"Marte, Ketel",606466,"AZ","FC","Cutter",0.9,0,"25",4.9,"7","0.429","0.571","0.436",25,14.3,50,"0.447","0.556","0.434",50
"Smith, Josh",669701,"TEX","CU","Curveball",2.6,1,"37",8.9,"7","0.333","0.5","0.407",41.7,28.6,22.2,"0.122","0.207","0.218",25
"Black, Tyler",672012,"MIL","FF","4-Seam Fastball",-1.3,0,"29",38.2,"7","0.286","0.429","0.307",17.6,14.3,11.1,"0.069","0.124","0.081",16.7
"Muncy, Max",571970,"LAD","FS","Split-Finger",-5.6,-1,"24",4.4,"7","0","0","0.1",53.3,28.6,25,"0.112","0.138","0.193",0
"Caissie, Owen",683357,"MIA","FC","Cutter",-0.7,0,"34",7.9,"7","0.4","0.4","0.357",11.8,0,0,"0.373","0.444","0.472",50
"Rengifo, Luis",650859,"MIL","ST","Sweeper",-2.7,-1,"29",7,"7","0.143","0.143","0.129",18.8,14.3,8.3,"0.223","0.261","0.214",16.7
"Gurriel Jr., Lourdes",666971,"AZ","FC","Cutter",4.6,1,"15",9.4,"7","0.571","0.571","0.514",27.3,14.3,33.3,"0.533","0.692","0.533",33.3
"Smith, Dominic",642086,"ATL","ST","Sweeper",1.6,0,"23",9,"7","0.429","0.429","0.386",20,14.3,10,"0.397","0.516","0.393",50
"Candelario, Jeimer",600869,"LAA","FF","4-Seam Fastball",-6.6,-2,"35",42.2,"7","0","0","0",50,57.1,50,"0.033","0.073","0.043",66.7
"Sheets, Gavin",657757,"SD","SL","Slider",3.5,1,"29",7.1,"7","0.5","0.833","0.586",30.8,28.6,18.2,"0.26","0.283","0.303",25
"Polanco, Jorge",593871,"NYM","SI","Sinker",-8.5,-1,"17",7.6,"7","0","0","0.1",11.1,0,0,"0.186","0.214","0.254",66.7
"Pham, Tommy",502054,"NYM","SL","Slider",-13.1,-2,"14",23.3,"7","0","0","0",25,42.9,42.9,"0.166","0.19","0.156",50
"Vargas, Ildemaro",545121,"AZ","SL","Slider",0.5,0,"37",10.5,"7","0.333","0.333","0.357",12.5,14.3,25,"0.311","0.388","0.362",40
"Sanoja, Javier",691594,"MIA","ST","Sweeper",-2,-1,"26",9.6,"7","0.143","0.143","0.129",26.7,42.9,27.3,"0.104","0.114","0.096",25
"Kiner-Falefa, Isiah",643396,"BOS","FC","Cutter",-7.2,-1,"16",12.5,"7","0.143","0.143","0.129",9.1,14.3,33.3,"0.208","0.222","0.192",33.3
"Mateo, Jorge",622761,"ATL","SL","Slider",-4.5,-1,"26",13.3,"7","0.143","0.286","0.179",41.2,28.6,18.2,"0.147","0.228","0.159",20
"McCutchen, Andrew",457705,"TEX","SI","Sinker",2,1,"34",15.2,"7","0.5","0.667","0.536",31.3,14.3,14.3,"0.3","0.486","0.387",40
"Ozuna, Marcell",542303,"PIT","ST","Sweeper",-1.4,-1,"37",7.2,"7","0","0","0.1",38.5,28.6,13.3,"0.009","0.013","0.108",25
"Guerrero Jr., Vladimir",665489,"TOR","FS","Split-Finger",1.2,0,"28",5.2,"7","0.167","0.333","0.279",28.6,28.6,20,"0.203","0.221","0.261",50
"Larnach, Trevor",663616,"MIN","ST","Sweeper",4.1,1,"34",8.8,"7","0.5","0.5","0.486",33.3,28.6,20,"0.188","0.212","0.252",50
"Tucker, Kyle",663656,"LAD","FS","Split-Finger",1.5,0,"29",5.2,"7","0.429","0.429","0.386",26.3,0,0,"0.344","0.407","0.327",28.6
"Herrera, Iván",671056,"STL","FC","Cutter",-2,-1,"46",7.1,"7","0.143","0.143","0.129",4.8,0,0,"0.366","0.471","0.362",42.9
"Meyers, Jake",676694,"HOU","SL","Slider",-3.9,-1,"22",14.7,"7","0","0","0.2",50,42.9,37.5,"0.086","0.095","0.257",0
"Yelich, Christian",592885,"MIL","SI","Sinker",2.7,1,"51",20.7,"7","0.6","0.8","0.636",20,14.3,7.7,"0.284","0.528","0.449",75
"Abreu, Wilyer",677800,"BOS","CU","Curveball",3.9,2,"39",6.8,"7","0.5","1","0.657",25,14.3,7.7,"0.197","0.365","0.435",33.3
"Muncy, Max",691777,"ATH","FS","Split-Finger",-5.6,-1,"19",4.7,"7","0","0","0.1",72.7,71.4,45.5,"0.002","0.002","0.101",100
"Ramírez, Agustín",682663,"MIA","FS","Split-Finger",-0.3,0,"20",4,"7","0.286","0.429","0.307",25,28.6,20,"0.239","0.267","0.22",60
"Martin, Austin",668885,"MIN","FC","Cutter",3.4,1,"34",8.2,"7","0.6","0.8","0.636",8.3,0,0,"0.333","0.633","0.494",40
"Candelario, Jeimer",600869,"LAA","SL","Slider",-4.8,-1,"23",27.7,"7","0","0","0.1",46.2,28.6,15.4,"0.218","0.269","0.28",50
"Nuñez, Nasim",683083,"WSH","FC","Cutter",1.7,1,"34",7,"7","0.429","0.429","0.386",14.3,28.6,33.3,"0.265","0.314","0.256",0
"Smith, Cam",701358,"HOU","CU","Curveball",0,0,"53",9,"7","0.2","0.2","0.229",47.1,42.9,20,"0.235","0.271","0.261",33.3
"Smith, Cam",701358,"HOU","FC","Cutter",-3.3,-1,"40",6.8,"7","0.286","0.286","0.257",24,14.3,33.3,"0.321","0.359","0.3",16.7
"Varsho, Daulton",662139,"TOR","ST","Sweeper",-0.3,0,"37",8.2,"7","0.143","0.143","0.257",26.3,14.3,10,"0.084","0.091","0.078",0
"Mead, Curtis",678554,"WSH","CH","Changeup",1.3,0,"29",8.7,"7","0.286","0.714","0.414",6.7,0,0,"0.426","0.876","0.551",57.1
"Vázquez, Christian",543877,"HOU","ST","Sweeper",1.3,0,"18",6.8,"7","0.286","0.286","0.257",11.1,14.3,14.3,"0.23","0.271","0.216",16.7
"Laureano, Ramón",657656,"SD","ST","Sweeper",-2.5,-1,"47",8.6,"7","0","0","0",54.5,71.4,22.7,"0.097","0.118","0.094",0
"Trammell, Taylor",666211,"HOU","SL","Slider",-4.9,-1,"23",20.9,"7","0.143","0.143","0.129",69.2,57.1,80,"0.081","0.087","0.073",66.7
"Valenzuela, Brandon",678218,"TOR","CU","Curveball",-3.9,-1,"25",12.5,"7","0","0","0.1",40,42.9,33.3,"0.044","0.066","0.139",0
"Harris, Dustin",687957,"HOU","CU","Curveball",1.2,0,"20",10.6,"7","0.286","0.286","0.257",0,0,0,"0.314","0.353","0.292",0
"Wallner, Matt",670242,"MIN","CU","Curveball",-0.3,0,"48",9.9,"7","0.167","0.333","0.279",37.5,28.6,15.4,"0.347","0.451","0.396",100
"Heineman, Tyler",623168,"TOR","FS","Split-Finger",-5.6,-1,"21",10.7,"7","0","0","0.1",70,57.1,50,"0.031","0.031","0.124",0
"Brito, Juan",682877,"CLE","CU","Curveball",-1.4,0,"18",7.7,"7","0","0","0.2",50,42.9,30,"0.016","0.021","0.211",0
"Valenzuela, Brandon",678218,"TOR","SL","Slider",8.6,2,"19",9.5,"7","0.286","1.143","0.571",35.7,28.6,28.6,"0.271","0.715","0.412",60
"Frazier, Adam",624428,"LAA","CH","Changeup",-0.5,0,"34",13.4,"7","0.286","0.286","0.257",33.3,57.1,26.7,"0.18","0.203","0.168",0
"Edwards, Xavier",669364,"MIA","CU","Curveball",-0.5,0,"43",7.5,"7","0.286","0.286","0.257",0,0,0,"0.399","0.465","0.378",28.6
"Anthony, Roman",701350,"BOS","ST","Sweeper",-1.3,0,"38",7,"7","0.167","0.167","0.229",35.7,42.9,27.3,"0.229","0.259","0.285",33.3
"Gray, Tristan",656484,"MIN","CH","Changeup",-3.9,-1,"29",11.9,"7","0.143","0.143","0.129",44.4,28.6,14.3,"0.161","0.172","0.147",0
"Anthony, Roman",701350,"BOS","FC","Cutter",-0.1,0,"26",4.8,"7","0.286","0.571","0.417",14.3,28.6,28.6,"0.361","0.476","0.362",60
"Peña, Jeremy",665161,"HOU","FF","4-Seam Fastball",2.2,1,"36",20,"7","0.429","0.571","0.436",10.5,28.6,14.3,"0.378","0.501","0.379",40
"Realmuto, J.T.",592663,"PHI","SL","Slider",1.4,0,"29",10.8,"7","0.333","0.833","0.514",30,0,0,"0.268","0.452","0.364",66.7
"Wallner, Matt",670242,"MIN","ST","Sweeper",-0.6,0,"35",7.2,"7","0.143","0.571","0.286",64.3,85.7,40,"0.14","0.52","0.27",100
"Gray, Tristan",656484,"MIN","SI","Sinker",1.9,0,"24",9.9,"7","0.167","0.667","0.386",0,28.6,33.3,"0.248","0.486","0.367",50
"Clemens, Kody",665019,"MIN","CH","Changeup",0.4,0,"30",7.8,"7","0.286","0.286","0.257",40,28.6,16.7,"0.276","0.34","0.271",40
"Smith, Dominic",642086,"ATL","SI","Sinker",-3.3,-1,"29",11.4,"7","0.286","0.286","0.257",0,14.3,25,"0.284","0.321","0.266",16.7
"Hoskins, Rhys",656555,"CLE","CU","Curveball",5.9,1,"25",5.8,"7","0.333","0.667","0.457",20,42.9,33.3,"0.114","0.227","0.222",66.7
"Winn, Masyn",691026,"STL","CU","Curveball",0.3,0,"31",5.9,"7","0.167","0.333","0.279",15.4,14.3,10,"0.269","0.367","0.335",40
"Millas, Drew",686452,"WSH","CU","Curveball",-6.8,-2,"23",10,"7","0","0","0",38.5,42.9,33.3,"0.122","0.139","0.112",0
"Crawford, Justin",702222,"PHI","FS","Split-Finger",-4.3,-1,"15",3.8,"7","0.167","0.167","0.229",10,0,0,"0.255","0.33","0.32",0
"Gilbert, Drew",687551,"SF","ST","Sweeper",-9.5,-2,"19",9,"7","0","0","0",50,57.1,66.7,"0.044","0.087","0.056",33.3
"Stott, Bryson",681082,"PHI","FC","Cutter",10,3,"25",5.7,"7","0.571","1.429","0.821",18.2,28.6,28.6,"0.285","0.567","0.364",60
"Crawford, Justin",702222,"PHI","CU","Curveball",4.5,1,"21",5.3,"7","0.333","0.5","0.407",37.5,28.6,28.6,"0.24","0.367","0.32",50
"Taveras, Leody",665750,"BAL","CU","Curveball",5.7,2,"32",9.1,"7","0.429","1","0.593",26.7,28.6,28.6,"0.413","1.114","0.636",100
"Rutschman, Adley",668939,"BAL","CU","Curveball",2.5,1,"34",10.7,"7","0.429","0.429","0.386",14.3,14.3,7.1,"0.242","0.345","0.253",50
"Bogaerts, Xander",593428,"SD","CH","Changeup",1.6,1,"45",8.7,"7","0.2","0.2","0.329",30,14.3,7.1,"0.301","0.321","0.397",0
"Muncy, Max",691777,"ATH","CH","Changeup",-1.8,-1,"42",10.4,"7","0.143","0.143","0.129",31.8,42.9,17.6,"0.328","0.417","0.322",100
"Sosa, Edmundo",624641,"PHI","SL","Slider",1.7,0,"21",11.8,"7","0.286","0.714","0.414",31.3,42.9,27.3,"0.203","0.635","0.34",25
"Peters, Tristan",671976,"CWS","FC","Cutter",-0.8,0,"26",8.2,"7","0.286","0.571","0.357",21.1,28.6,25,"0.289","0.507","0.335",40
"Kemp, Otto",805249,"PHI","FF","4-Seam Fastball",-2,-1,"28",27.7,"7","0.167","0.167","0.229",28.6,28.6,18.2,"0.288","0.393","0.352",25
"Machado, Manny",592518,"SD","FC","Cutter",11.2,3,"31",5.6,"7","0.429","1.286","0.7",0,0,0,"0.439","0.997","0.601",71.4
"Fraley, Jake",641584,"TB","CH","Changeup",7.7,3,"40",13,"7","0.429","1","0.593",23.1,14.3,5.6,"0.269","0.685","0.396",16.7
"Williams, Carson",700246,"TB","FF","4-Seam Fastball",-1.2,0,"26",28.3,"7","0.167","0.167","0.229",25,14.3,11.1,"0.262","0.303","0.312",20
"Refsnyder, Rob",608701,"SEA","CH","Changeup",-2.7,-1,"31",17.7,"7","0","0","0.1",30,14.3,9.1,"0.059","0.087","0.153",20
"Meidroth, Chase",805367,"CWS","ST","Sweeper",0.9,0,"36",5.8,"7","0.167","0.333","0.208",20,28.6,18.2,"0.081","0.093","0.073",0
"Murakami, Munetaka",808959,"CWS","FC","Cutter",7.9,4,"52",7.9,"7","0.5","1.5","0.8",26.7,28.6,22.2,"0.399","0.93","0.58",100
"Kim, Hyeseong",808975,"LAD","SL","Slider",-1.2,0,"24",8.3,"7","0.167","0.167","0.229",27.3,28.6,14.3,"0.213","0.263","0.276",25
"Stephenson, Tyler",663886,"CIN","FC","Cutter",2.2,1,"33",8.4,"7","0.2","0.2","0.457",33.3,0,0,"0.34","0.47","0.447",40
"Caminero, Junior",691406,"TB","FS","Split-Finger",8.7,3,"36",6.3,"7","0.5","1","0.643",18.8,14.3,8.3,"0.486","0.842","0.588",60
"Freeman, Freddie",518692,"LAD","FS","Split-Finger",3,1,"21",3.9,"7","0.429","0.571","0.436",20,0,0,"0.252","0.432","0.29",42.9
"DeLauter, Chase",800050,"CLE","FC","Cutter",2.3,1,"31",6.1,"7","0.333","0.833","0.514",13.3,0,0,"0.37","0.862","0.544",16.7
"Fraley, Jake",641584,"TB","SL","Slider",-1.3,0,"34",11,"7","0.167","0.333","0.279",50,28.6,22.2,"0.096","0.16","0.194",25
"Friedl, TJ",670770,"CIN","ST","Sweeper",1.4,0,"25",5,"7","0.333","0.333","0.417",30,42.9,27.3,"0.249","0.258","0.304",0
"Arias, Gabriel",672356,"CLE","FF","4-Seam Fastball",-3.4,-1,"36",28.1,"7","0.143","0.143","0.129",31.3,42.9,23.1,"0.168","0.221","0.171",25
"Martínez, Angel",682657,"CLE","FS","Split-Finger",0.1,0,"27",6,"7","0.286","0.429","0.307",12.5,0,0,"0.382","0.425","0.355",28.6
"Tucker, Kyle",663656,"LAD","ST","Sweeper",6.7,2,"35",6.2,"7","0.2","0.8","0.486",44.4,42.9,42.9,"0.115","0.439","0.363",50
"Williamson, Ben",810938,"TB","CH","Changeup",-1.4,0,"27",6.7,"7","0.143","0.143","0.129",45.5,42.9,30,"0.351","0.399","0.33",25
"Chapman, Matt",656305,"SF","FS","Split-Finger",4.1,1,"22",3.8,"7","0.167","0.333","0.279",37.5,42.9,23.1,"0.155","0.208","0.234",33.3
"Lukes, Nathan",664770,"TOR","CH","Changeup",-2,0,"22",9.8,"7","0.286","0.429","0.307",14.3,0,0,"0.336","0.376","0.308",28.6
"Kelly, Carson",608348,"CHC","FC","Cutter",13.6,3,"20",5.2,"7","0.6","1.4","0.793",14.3,0,,"0.325","1.006","0.595",40
"Palacios, Richie",680700,"TB","SL","Slider",-0.6,0,"25",10.3,"7","0.167","0.167","0.229",20,28.6,28.6,"0.329","0.777","0.498",25
"Beavers, Dylan",687637,"BAL","ST","Sweeper",0.2,0,"26",6.5,"7","0.167","0.167","0.229",55.6,42.9,30,"0.107","0.147","0.193",33.3
"Ballesteros, Moisés",694208,"CHC","FS","Split-Finger",4.8,1,"28",7.8,"7","0.571","0.571","0.514",17.6,0,0,"0.585","0.695","0.56",57.1
"Young, Cole",702284,"SEA","CU","Curveball",0.2,0,"36",6.2,"7","0.167","0.167","0.357",16.7,28.6,11.8,"0.307","0.503","0.397",50
"Walls, Taylor",670764,"TB","SI","Sinker",-4.3,-1,"32",9.6,"7","0.143","0.143","0.129",0,0,0,"0.236","0.264","0.216",28.6
"Busch, Michael",683737,"CHC","ST","Sweeper",-0.5,0,"42",7.6,"7","0.167","0.167","0.229",46.2,42.9,18.8,"0.115","0.123","0.189",33.3
"Díaz, Yandy",650490,"TB","CU","Curveball",-5.8,-1,"23",4.6,"7","0.143","0.143","0.129",0,0,0,"0.223","0.249","0.205",14.3
"Manzardo, Kyle",700932,"CLE","FS","Split-Finger",-7.1,-2,"23",5.2,"7","0","0","0",57.1,57.1,36.4,"0.065","0.075","0.06",0
"Beck, Jordan",687597,"COL","ST","Sweeper",-6,-2,"33",11.8,"7","0","0","0",38.9,28.6,18.2,"0.15","0.402","0.23",20
"Suzuki, Seiya",673548,"CHC","CH","Changeup",-0.2,0,"36",9.4,"7","0","0","0.2",20,0,0,"0.13","0.181","0.297",0
"Simpson, Chandler",802415,"TB","CU","Curveball",-0.6,0,"34",7.2,"7","0.286","0.286","0.257",9.1,0,0,"0.388","0.436","0.365",0
"Naylor, Josh",647304,"SEA","FS","Split-Finger",-1.5,0,"32",7,"7","0.286","0.286","0.257",26.3,28.6,20,"0.265","0.311","0.251",60
"Donovan, Brendan",680977,"SEA","FC","Cutter",8.5,2,"28",10.7,"7","0.667","0.667","0.657",0,0,0,"0.449","0.514","0.58",33.3
"Loftin, Nick",679845,"KC","SI","Sinker",3.5,1,"28",17.8,"7","0.5","0.667","0.536",11.1,14.3,100,"0.317","0.362","0.35",0
"Acuña, Luisangel",682668,"CWS","FC","Cutter",-1.1,0,"25",7.9,"7","0.286","0.429","0.307",30.8,28.6,33.3,"0.273","0.549","0.347",60
"Meidroth, Chase",805367,"CWS","CU","Curveball",4.2,1,"24",3.9,"7","0.333","0.5","0.407",33.3,14.3,8.3,"0.199","0.227","0.26",0
"De La Cruz, Elly",682829,"CIN","ST","Sweeper",-2.6,-1,"31",5.1,"7","0","0","0.2",66.7,57.1,44.4,"0.018","0.033","0.214",0
"Bazzana, Travis",683953,"CLE","FF","4-Seam Fastball",2.5,1,"34",35.4,"7","0.4","0.4","0.457",21.4,14.3,9.1,"0.405","0.526","0.488",75
"Raley, Luke",670042,"SEA","SI","Sinker",-0.7,0,"30",7.9,"7","0.286","0.571","0.357",44.4,42.9,30,"0.187","0.238","0.183",25
"Feduccia, Hunter",676439,"TB","CH","Changeup",2.5,0,"15",8.9,"7","0.286","0.429","0.307",14.3,28.6,33.3,"0.343","0.428","0.335",40
"Rivas, Leo",660844,"SEA","FC","Cutter",1.2,1,"56",12.1,"7","0.333","0.667","0.457",20,28.6,10,"0.091","0.13","0.181",0
"Mullins, Cedric",656775,"TB","ST","Sweeper",1.9,1,"39",8.8,"7","0.286","0.429","0.307",17.4,28.6,12.5,"0.127","0.229","0.148",40
"Hill, Derek",656537,"CWS","CH","Changeup",1.5,0,"31",18.9,"7","0.429","0.429","0.386",46.7,14.3,8.3,"0.449","0.518","0.42",16.7
"Griffin, Konnor",804606,"PIT","CU","Curveball",1.8,1,"30",7,"7","0.286","0.429","0.307",41.7,42.9,27.3,"0.193","0.287","0.204",50
"Langeliers, Shea",669127,"ATH","FS","Split-Finger",6.7,1,"21",3.9,"7","0.429","1","0.593",33.3,42.9,33.3,"0.244","0.461","0.301",100
"Friedl, TJ",670770,"CIN","FS","Split-Finger",-3,-1,"30",6,"7","0.167","0.167","0.15",50,28.6,22.2,"0.184","0.233","0.179",40
"Karros, Kyle",691720,"COL","FC","Cutter",-5,-2,"32",6.1,"7","0.143","0.286","0.179",42.9,14.3,16.7,"0.267","0.309","0.253",16.7
"Antonacci, Sam",803011,"CWS","FC","Cutter",-4.2,-1,"18",6.9,"7","0.167","0.5","0.329",9.1,0,0,"0.16","0.333","0.279",33.3
"Hays, Austin",669720,"CWS","FF","4-Seam Fastball",9.2,2,"26",15.7,"7","0.571","1","0.671",12.5,14.3,9.1,"0.428","0.668","0.472",66.7
"Wynns, Austin",642851,"ATH","SI","Sinker",-5.7,-1,"15",10.7,"7","0.167","0.167","0.229",0,0,0,"0.361","0.459","0.407",33.3
"Lowe, Nathaniel",663993,"CIN","CU","Curveball",2.8,1,"32",10.4,"7","0.167","0.667","0.45",28.6,42.9,21.4,"0.085","0.284","0.243",33.3
"Schneemann, Daniel",682177,"CLE","FC","Cutter",-0.6,0,"49",12.2,"7","0.167","0.167","0.229",22.2,42.9,23.1,"0.198","0.232","0.265",0
"DeLuca, Jonny",676356,"TB","SL","Slider",-2.5,-1,"30",11.1,"7","0.143","0.286","0.179",35.7,28.6,28.6,"0.182","0.244","0.183",20
"Hayes, Ke'Bryan",663647,"CIN","CU","Curveball",-2.8,-1,"28",8.8,"7","0","0","0.15",62.5,71.4,55.6,"0.074","0.084","0.069",0
"Benson, Will",666181,"CIN","SI","Sinker",3,1,"24",9.7,"7","0.5","0.5","0.65",12.5,0,0,"0.734","0.819","0.691",25
"Simpson, Chandler",802415,"TB","FS","Split-Finger",-0.2,0,"31",6.5,"7","0.167","0.167","0.229",7.7,0,0,"0.168","0.193","0.237",0
"Thomas, Colby",687515,"ATH","CH","Changeup",-3.6,-1,"19",29.2,"7","0","0","0.233",40,14.3,12.5,"0.121","0.2","0.325",50
"Vierling, Matt",663837,"DET","CH","Changeup",-3.2,-1,"39",11.9,"7","0","0","0",14.3,0,0,"0.089","0.15","0.093",0
"Wells, Austin",669224,"NYY","FC","Cutter",2.4,1,"30",7.2,"7","0.25","0.25","0.429",7.7,0,0,"0.463","1.003","0.652",50
"Valera, George",671655,"CLE","CH","Changeup",-5.9,-1,"21",17.6,"7","0","0","0.129",33.3,28.6,40,"0.109","0.118","0.1",40
"Urías, Ramón",602104,"STL","CH","Changeup",-4.9,-1,"20",8.4,"7","0.143","0.143","0.129",41.7,57.1,50,"0.14","0.176","0.135",33.3
"Caballero, José",676609,"NYY","ST","Sweeper",2.1,1,"34",6.9,"7","0.429","0.429","0.386",30.8,28.6,20,"0.438","0.531","0.423",40
"Caglianone, Jac",695506,"KC","FC","Cutter",-2.3,-1,"36",8.5,"7","0.286","0.286","0.257",33.3,42.9,33.3,"0.361","0.528","0.375",50
"Rogers, Jake",668670,"DET","SL","Slider",-3.3,-1,"32",22.4,"7","0","0","0.1",33.3,28.6,22.2,"0.018","0.026","0.116",0
"Adames, Willy",642715,"SF","CH","Changeup",-3.2,-1,"35",6,"7","0.143","0.143","0.129",30,42.9,20,"0.152","0.198","0.151",25
"Caballero, José",676609,"NYY","CU","Curveball",0.2,0,"28",5.7,"7","0.286","0.286","0.257",30,14.3,10,"0.16","0.179","0.148",0
"Espinal, Santiago",669289,"LAD","FF","4-Seam Fastball",-4.4,-1,"28",25.2,"7","0.167","0.167","0.15",7.1,14.3,25,"0.249","0.442","0.293",33.3
"Kim, Hyeseong",808975,"LAD","CU","Curveball",3,1,"26",9,"7","0.4","0.4","0.457",15.4,0,0,"0.331","0.405","0.427",20
"Acuña Jr., Ronald",660670,"ATL","CU","Curveball",4.7,2,"41",6.8,"7","0.571","1","0.671",15.4,28.6,13.3,"0.496","0.877","0.585",80
"Bellinger, Cody",641355,"NYY","CU","Curveball",9.8,4,"39",7.2,"7","0.429","1.143","0.643",53.3,57.1,30.8,"0.269","0.824","0.45",66.7
"Church, Nathan",701675,"STL","CU","Curveball",-0.6,0,"23",6.1,"7","0.167","0.167","0.257",16.7,14.3,11.1,"0.278","0.319","0.24",33.3
"Harris II, Michael",671739,"ATL","FS","Split-Finger",4.8,1,"23",5.4,"7","0.429","0.857","0.543",30.8,28.6,33.3,"0.48","1.087","0.658",60
"Tucker, Kyle",663656,"LAD","CU","Curveball",1.4,1,"45",8,"7","0.333","0.333","0.357",6.3,14.3,6.3,"0.324","0.444","0.383",40
"Abreu, Wilyer",677800,"BOS","ST","Sweeper",3.1,1,"37",6.4,"7","0.6","0.6","0.586",5.9,14.3,7.1,"0.445","0.483","0.495",25
"Valera, George",671655,"CLE","FF","4-Seam Fastball",1.4,0,"30",25.2,"7","0.286","0.571","0.357",21.4,28.6,16.7,"0.286","0.376","0.285",80
"Jiménez, Leo",677870,"MIA","FF","4-Seam Fastball",-2.8,-1,"34",44.2,"7","0","0","0.2",25,28.6,33.3,"0.084","0.097","0.259",33.3
"Edwards, Xavier",669364,"MIA","ST","Sweeper",-1.5,0,"28",4.9,"7","0","0","0.2",12.5,14.3,10,"0.022","0.024","0.214",0
"Domínguez, Jasson",691176,"NYY","FF","4-Seam Fastball",-6.4,-2,"32",38.6,"7","0","0","0",33.3,28.6,33.3,"0.26","0.286","0.237",20
"Narváez, Carlos",665966,"BOS","ST","Sweeper",8,2,"26",8.5,"7","0.286","0.857","0.464",41.7,57.1,30.8,"0.121","0.276","0.166",66.7
"White, Eli",642201,"ATL","SL","Slider",-1.5,0,"27",12.6,"7","0.167","0.333","0.279",33.3,28.6,33.3,"0.141","0.167","0.215",25
"Sánchez, Gary",596142,"MIL","FC","Cutter",11.5,4,"32",8.1,"7","0.5","1.75","0.814",0,0,0,"0.33","1.071","0.63",50
"Laureano, Ramón",657656,"SD","CU","Curveball",0.8,0,"26",4.7,"7","0.286","0.286","0.257",45.5,42.9,27.3,"0.25","0.277","0.234",25
"McMahon, Ryan",641857,"NYY","CU","Curveball",-4.9,-2,"33",8.7,"7","0","0","0",56.3,42.9,30,"0.1","0.116","0.095",25
"Escarra, J.C.",641555,"NYY","FC","Cutter",-6.2,-2,"29",19.7,"7","0","0","0",28.6,0,0,"0.122","0.178","0.13",14.3
"Goldschmidt, Paul",502671,"NYY","CH","Changeup",-4.7,-1,"23",12,"7","0","0","0.1",30,14.3,11.1,"0.241","0.658","0.421",40
"Thomas, Alek",677950,"AZ","FC","Cutter",-4,-1,"28",8.5,"7","0.143","0.286","0.179",12.5,0,0,"0.236","0.431","0.284",14.3
"Perkins, Blake",663368,"MIL","CH","Changeup",-2.9,-1,"33",15.5,"7","0.143","0.143","0.129",31.3,42.9,21.4,"0.129","0.142","0.118",50
"Laureano, Ramón",657656,"SD","FS","Split-Finger",1.1,0,"18",3.3,"7","0.286","0.286","0.257",44.4,71.4,50,"0.15","0.182","0.145",0
"Schneemann, Daniel",682177,"CLE","CU","Curveball",1.1,0,"25",6.2,"7","0.286","0.286","0.257",12.5,28.6,22.2,"0.31","0.397","0.303",20
"McKinstry, Zach",656716,"DET","CH","Changeup",-0.9,0,"26",13.6,"7","0.286","0.286","0.257",15.4,14.3,8.3,"0.205","0.251","0.203",33.3
"Vargas, Ildemaro",545121,"AZ","FS","Split-Finger",1.6,0,"17",4.8,"7","0.429","0.429","0.386",23.1,0,0,"0.323","0.416","0.321",42.9
"Nimmo, Brandon",607043,"TEX","FS","Split-Finger",-3.9,-1,"15",2.7,"7","0.143","0.143","0.129",22.2,28.6,40,"0.272","0.42","0.294",40
"Pauley, Graham",688363,"MIA","SL","Slider",-2.7,-1,"34",10.6,"7","0.143","0.286","0.179",26.7,42.9,37.5,"0.08","0.144","0.095",25
"Greene, Riley",682985,"DET","FS","Split-Finger",-0.7,0,"29",4.5,"7","0.167","0.167","0.229",37.5,28.6,13.3,"0.255","0.29","0.307",0
"Dingler, Dillon",693307,"DET","CU","Curveball",-2.7,-1,"35",7.5,"7","0.143","0.143","0.129",28.6,42.9,23.1,"0.164","0.191","0.156",25
"Benson, Will",666181,"CIN","CH","Changeup",-0.5,0,"51",20.6,"7","0","0","0.2",47.4,57.1,25,"0.002","0.005","0.202",0
"Slater, Austin",596103,"NYM","SI","Sinker",-1.3,0,"27",17.6,"7","0.333","0.333","0.357",21.4,28.6,28.6,"0.145","0.178","0.218",0
"Greene, Riley",682985,"DET","FC","Cutter",1.8,1,"53",8.3,"7","0.333","0.5","0.407",30.4,28.6,25,"0.193","0.335","0.29",75
"d'Arnaud, Travis",518595,"LAA","SI","Sinker",-0.2,0,"36",26.3,"7","0.2","0.2","0.329",28.6,14.3,25,"0.225","0.446","0.405",75
"Valera, George",671655,"CLE","CU","Curveball",6.9,1,"15",12.6,"7","0.5","0.5","0.486",0,0,0,"0.401","0.46","0.421",33.3
"Lee, Hao-Yu ",701678,"DET","FC","Cutter",-2,0,"21",14,"7","0.286","0.429","0.307",23.1,14.3,100,"0.204","0.355","0.234",33.3
"Semien, Marcus",543760,"NYM","FC","Cutter",-2.1,-1,"42",8.4,"7","0.286","0.286","0.257",34.6,0,0,"0.216","0.235","0.195",14.3
"Jensen, Carter",695600,"KC","ST","Sweeper",-2.4,-1,"34",6.8,"7","0.143","0.143","0.129",28.6,28.6,12.5,"0.067","0.083","0.065",20
"Susac, Daniel",691740,"SF","SI","Sinker",4.9,1,"22",25.9,"7","0.667","0.667","0.614",0,0,0,"0.552","0.626","0.541",33.3
"Devers, Rafael",646240,"SF","FC","Cutter",0.8,0,"27",4.7,"7","0.4","0.4","0.357",23.1,14.3,14.3,"0.092","0.194","0.188",20
"Vargas, Ildemaro",545121,"AZ","ST","Sweeper",2,0,"22",6.2,"7","0.286","0.714","0.414",35.7,42.9,50,"0.326","0.457","0.336",50
"Horwitz, Spencer",687462,"PIT","ST","Sweeper",-6.4,-2,"28",6.3,"7","0","0","0",14.3,28.6,22.2,"0.097","0.154","0.106",20
"Piñango, Yohendrick",682818,"TOR","FF","4-Seam Fastball",4.4,1,"23",33.8,"7","0.571","0.571","0.514",5.9,0,0,"0.482","0.707","0.512",42.9
"Jung, Josh",673962,"TEX","FC","Cutter",-0.6,0,"27",5.9,"7","0.286","0.571","0.357",11.1,0,0,"0.317","0.539","0.363",85.7
"Gurriel Jr., Lourdes",666971,"AZ","SI","Sinker",-2.8,-1,"26",16.3,"7","0.143","0.286","0.179",20,14.3,100,"0.232","0.256","0.216",16.7
"Rooker, Brent",667670,"ATH","ST","Sweeper",-6.7,-2,"23",9,"7","0","0","0.1",54.5,42.9,75,"0.195","0.221","0.256",33.3
"Isbel, Kyle",664728,"KC","SL","Slider",16,4,"25",7.2,"6","0.75","1.5","0.867",27.3,0,0,"0.406","0.809","0.576",75
"Brito, Juan",682877,"CLE","SL","Slider",-1.9,-1,"31",13.2,"6","0.167","0.167","0.15",47.1,66.7,28.6,"0.173","0.188","0.16",0
"Schneemann, Daniel",682177,"CLE","FS","Split-Finger",0.6,0,"22",5.5,"6","0.333","0.333","0.3",41.7,33.3,18.2,"0.292","0.344","0.279",0
"Fermin, Freddy",666023,"SD","CH","Changeup",5.3,1,"17",6.2,"6","0.25","0.25","0.383",57.1,50,33.3,"0.056","0.056","0.267",0
"Kwan, Steven",680757,"CLE","CU","Curveball",-1.6,-1,"39",6.9,"6","0.167","0.167","0.15",12.5,33.3,33.3,"0.26","0.293","0.24",50
"Rocchio, Brayan",677587,"CLE","ST","Sweeper",-1.2,0,"28",5.5,"6","0.2","0.2","0.267",30,16.7,9.1,"0.198","0.219","0.269",0
"Arias, Gabriel",672356,"CLE","SI","Sinker",-0.9,0,"30",23.4,"6","0.2","0.2","0.32",11.1,16.7,16.7,"0.238","0.325","0.334",50
"Manzardo, Kyle",700932,"CLE","ST","Sweeper",2.4,1,"30",6.7,"6","0.333","0.333","0.3",53.8,66.7,36.4,"0.31","0.352","0.29",0
"France, Ty",664034,"SD","CU","Curveball",0.7,0,"20",10.6,"6","0.333","0.667","0.417",30.8,33.3,33.3,"0.227","0.24","0.206",25
"Naylor, Bo",666310,"CLE","CU","Curveball",-0.4,0,"34",9.7,"6","0.2","0.2","0.267",0,0,0,"0.273","0.303","0.327",20
"Hoskins, Rhys",656555,"CLE","FC","Cutter",0.2,0,"39",9.1,"6","0.167","0.667","0.333",27.8,33.3,18.2,"0.091","0.15","0.1",50
"France, Ty",664034,"SD","SL","Slider",-3.5,-1,"24",12.7,"6","0.167","0.167","0.15",41.7,0,0,"0.276","0.343","0.271",50
"France, Ty",664034,"SD","CH","Changeup",6.4,1,"21",11.1,"6","0.6","0.8","0.625",16.7,16.7,12.5,"0.494","0.777","0.573",75
"Hinds, Rece",677956,"CIN","ST","Sweeper",-5,-1,"26",17.6,"6","0","0","0",78.6,83.3,50,"0.038","0.046","0.036",0
"Fry, David",681807,"CLE","CH","Changeup",-2.8,-1,"30",12.8,"6","0","0","0.117",23.5,33.3,15.4,"0.138","0.151","0.22",33.3
"Bailey, Patrick",672275,"SF","ST","Sweeper",-4.4,-1,"19",5.5,"6","0","0","0",71.4,66.7,57.1,"0.121","0.139","0.115",50
"Encarnacion, Jerar",666464,"SF","CU","Curveball",-7.4,-1,"18",11.3,"6","0","0","0",36.4,50,33.3,"0.066","0.091","0.07",33.3
"Donovan, Brendan",680977,"SEA","SL","Slider",-5.5,-2,"32",12.3,"6","0","0","0",35.7,16.7,14.3,"0.137","0.217","0.152",20
"Bleday, JJ",668709,"CIN","SI","Sinker",4.7,1,"11",11.2,"6","0.4","0.4","0.417",0,0,0,"0.522","0.603","0.525",40
"Fry, David",681807,"CLE","SI","Sinker",-3.1,-1,"42",17.9,"6","0","0","0.233",33.3,33.3,22.2,"0.037","0.041","0.258",0
"Young, Cole",702284,"SEA","ST","Sweeper",-5.5,-2,"29",5,"6","0","0","0",41.2,83.3,41.7,"0.053","0.058","0.049",100
"Refsnyder, Rob",608701,"SEA","FC","Cutter",-3.4,-1,"18",10.3,"6","0.2","0.2","0.15",0,0,0,"0.4","0.506","0.538",33.3
"Myers, Dane",667472,"CIN","ST","Sweeper",-1.4,0,"15",6.4,"6","0.2","0.2","0.267",0,0,0,"0.47","0.943","0.613",40
"Marte, Noelvi",682622,"CIN","SL","Slider",-0.9,0,"16",12.8,"6","0.167","0.167","0.3",20,0,0,"0.186","0.208","0.168",33.3
"Refsnyder, Rob",608701,"SEA","CU","Curveball",-0.1,0,"15",8.6,"6","0.2","0.2","0.267",40,50,37.5,"0.116","0.128","0.205",50
"Robles, Victor",645302,"SEA","CH","Changeup",2.1,0,"15",28.3,"6","0.333","0.5","0.358",40,33.3,28.6,"0.329","0.383","0.311",25
"Canzone, Dominic",686527,"SEA","FS","Split-Finger",-1.2,0,"36",11.3,"6","0.333","0.5","0.358",47.1,33.3,20,"0.32","0.448","0.333",75
"Crawford, J.P.",641487,"SEA","ST","Sweeper",2.5,1,"26",5.2,"6","0.4","0.4","0.417",11.1,0,0,"0.582","0.772","0.604",40
"Collins, Isaac",686555,"KC","FC","Cutter",0.2,0,"30",6.9,"6","0.25","0.25","0.383",18.2,33.3,18.2,"0.137","0.289","0.353",50
"Lockridge, Brandon",663604,"MIL","FC","Cutter",-0.5,0,"45",11.1,"6","0.4","0.4","0.417",17.6,0,0,"0.5","0.539","0.498",20
"Trevino, Jose",624431,"CIN","SI","Sinker",-4.7,-1,"14",21.9,"6","0.167","0.167","0.15",0,33.3,40,"0.152","0.163","0.139",25
"Suárez, Eugenio",553993,"CIN","FC","Cutter",9,2,"17",4.3,"6","0.5","1","0.633",28.6,50,60,"0.215","0.374","0.246",66.7
"Crawford, J.P.",641487,"SEA","FS","Split-Finger",1.3,0,"22",4.4,"6","0.2","0.4","0.325",14.3,16.7,9.1,"0.203","0.365","0.317",50
"Hinds, Rece",677956,"CIN","SL","Slider",-0.8,0,"21",14.2,"6","0.167","0.333","0.25",60,50,37.5,"0.138","0.202","0.143",33.3
"Nuñez, Nasim",683083,"WSH","ST","Sweeper",5.6,2,"31",6.4,"6","0.5","0.5","0.533",22.2,0,0,"0.392","0.488","0.484",25
"Frelick, Sal",686217,"MIL","FS","Split-Finger",-1.9,0,"16",3.3,"6","0.2","0.2","0.267",0,0,0,"0.274","0.299","0.326",0
"Marsee, Jakob",805300,"MIA","ST","Sweeper",-1.4,-1,"45",7,"6","0","0","0.117",9.1,16.7,10,"0.128","0.178","0.232",75
"Collins, Isaac",686555,"KC","SL","Slider",7.5,2,"31",7.2,"6","0.5","1.25","0.717",40,33.3,22.2,"0.238","0.296","0.387",50
"Lopez, Otto",672640,"MIA","FS","Split-Finger",1.1,0,"11",2.1,"6","0.167","0.167","0.3",57.1,66.7,80,"0.081","0.087","0.075",50
"Marte, Starling",516782,"KC","SL","Slider",1.7,0,"18",13,"6","0.333","0.667","0.417",27.3,33.3,28.6,"0.208","0.346","0.237",50
"Heineman, Tyler",623168,"TOR","SI","Sinker",1.6,0,"23",11.7,"6","0.5","0.5","0.45",18.2,0,0,"0.421","0.512","0.405",0
"Albies, Ozzie",645277,"ATL","ST","Sweeper",-0.4,0,"35",6.5,"6","0.2","0.4","0.325",47.1,16.7,11.1,"0.183","0.305","0.285",25
"Frelick, Sal",686217,"MIL","CH","Changeup",1.4,0,"35",7.1,"6","0.2","0.2","0.267",9.1,16.7,10,"0.309","0.404","0.378",0
"Hernández, Heriberto",681715,"MIA","FC","Cutter",-10.2,-2,"17",6.4,"6","0","0","0",45.5,33.3,50,"0.1","0.11","0.092",0
"Smith, Dominic",642086,"ATL","FS","Split-Finger",2.7,0,"18",7.1,"6","0.167","0.667","0.333",12.5,0,0,"0.244","0.612","0.359",16.7
"Thomas, Lane",657041,"KC","CU","Curveball",1.6,0,"23",6.7,"6","0.2","0.2","0.267",0,0,0,"0.27","0.432","0.366",40
"Thomas, Lane",657041,"KC","FC","Cutter",-4.4,-2,"37",10.9,"6","0.167","0.167","0.15",42.1,16.7,12.5,"0.111","0.137","0.106",0
"Thomas, Lane",657041,"KC","ST","Sweeper",-1.4,0,"24",7,"6","0.2","0.2","0.267",0,0,0,"0.34","0.369","0.377",60
"Caglianone, Jac",695506,"KC","FS","Split-Finger",-6.7,-1,"19",4.5,"6","0","0","0",70,66.7,44.4,"0.094","0.125","0.095",50
"Heim, Jonah",641680,"ATL","SL","Slider",0.7,0,"22",13.8,"6","0.4","0.6","0.358",15.4,0,0,"0.305","0.422","0.272",16.7
"O'Hoppe, Logan",681351,"LAA","CU","Curveball",2.9,1,"26",6.9,"6","0.4","0.4","0.417",33.3,50,27.3,"0.195","0.227","0.268",50
"Frelick, Sal",686217,"MIL","CU","Curveball",10.2,3,"29",5.9,"6","0.667","1.667","0.967",9.1,0,0,"0.415","1.061","0.618",50
"Massey, Michael",686681,"KC","ST","Sweeper",-6.4,-1,"20",7.5,"6","0","0","0",50,66.7,40,"0.046","0.051","0.043",0
"Clarke, Denzel",672016,"ATH","CH","Changeup",-4.5,-1,"24",9.9,"6","0","0","0.117",62.5,33.3,22.2,"0.132","0.138","0.216",66.7
"Heineman, Tyler",623168,"TOR","ST","Sweeper",-4.1,-1,"20",10.2,"6","0.167","0.167","0.15",36.4,16.7,25,"0.265","0.298","0.249",0
"Sosa, Lenyn",672820,"TOR","FC","Cutter",0.8,0,"33",11.5,"6","0.4","0.8","0.5",26.3,0,0,"0.303","0.608","0.381",33.3
"Bell, Josh",605137,"MIN","FS","Split-Finger",-4.1,-1,"28",5.4,"6","0","0","0",42.9,50,25,"0.035","0.039","0.032",0
"Jeffers, Ryan",680777,"MIN","CU","Curveball",-1,0,"30",6.6,"6","0","0","0.233",44.4,33.3,15.4,"0.188","0.703","0.478",50
"Grissom, Vaughn",687093,"LAA","FC","Cutter",-0.7,0,"23",11.2,"6","0.25","0.25","0.267",22.2,0,0,"0.209","0.242","0.261",40
"Martin, Austin",668885,"MIN","SL","Slider",-0.6,0,"52",12.5,"6","0","0","0.117",50,50,15,"0.109","0.126","0.203",50
"Soderstrom, Tyler",691016,"ATH","FS","Split-Finger",-3.4,-1,"30",6.1,"6","0","0","0.117",25,33.3,25,"0.151","0.166","0.23",0
"Paredes, Isaac",670623,"HOU","ST","Sweeper",1.9,1,"35",6,"6","0.4","1","0.6",35.3,33.3,11.8,"0.255","0.515","0.384",33.3
"Meyers, Jake",676694,"HOU","FC","Cutter",1.2,0,"11",7.3,"6","0.333","0.5","0.358",0,0,0,"0.229","0.342","0.245",16.7
"Grissom, Vaughn",687093,"LAA","SL","Slider",8.2,2,"27",13.1,"6","0.667","1","0.717",40,16.7,20,"0.352","0.538","0.385",60
"Teodosio, Bryce",669326,"LAA","CH","Changeup",1,0,"18",14.3,"6","0.333","0.333","0.3",40,50,60,"0.151","0.168","0.139",33.3
"Correa, Carlos",621043,"HOU","FC","Cutter",-0.4,0,"43",7.4,"6","0.5","0.5","0.533",40,0,0,"0.399","0.437","0.477",75
"d'Arnaud, Travis",518595,"LAA","CH","Changeup",-0.4,0,"14",10.2,"6","0.167","0.167","0.3",44.4,16.7,20,"0.123","0.16","0.119",0
"O'Hoppe, Logan",681351,"LAA","ST","Sweeper",-4.1,-1,"35",9.3,"6","0","0","0",15.8,0,0,"0.183","0.241","0.183",33.3
"Okamoto, Kazuma",672960,"TOR","CH","Changeup",-3.1,-1,"34",5.5,"6","0","0","0.117",41.2,33.3,15.4,"0.051","0.064","0.159",0
"Sosa, Lenyn",672820,"TOR","CU","Curveball",-5.2,-1,"28",9.8,"6","0","0","0",29.4,33.3,18.2,"0.08","0.088","0.072",25
"Clemens, Kody",665019,"MIN","CU","Curveball",-1,0,"33",8.5,"6","0.167","0.333","0.208",36.4,33.3,22.2,"0.139","0.375","0.213",25
"Alvarez, Yordan",670541,"HOU","FS","Split-Finger",3.4,1,"25",4.1,"6","0.4","0.4","0.417",14.3,16.7,14.3,"0.175","0.191","0.25",25
"Larnach, Trevor",663616,"MIN","FC","Cutter",1.2,0,"21",5.4,"6","0.25","0.25","0.383",0,0,0,"0.074","0.09","0.279",0
"Marsee, Jakob",805300,"MIA","FS","Split-Finger",2.2,0,"16",2.5,"6","0.2","0.4","0.25",25,33.3,22.2,"0.291","0.362","0.278",25
"Vivas, Jorbit",678391,"WSH","CU","Curveball",-2,-1,"25",8.8,"6","0.2","0.2","0.18",33.3,33.3,28.6,"0.258","0.325","0.254",25
"Matthews, Brice",694728,"HOU","FC","Cutter",2.1,0,"23",6.4,"6","0.333","0.833","0.633",25,16.7,25,"0.283","0.791","0.442",20
"Lewis, Royce",668904,"MIN","ST","Sweeper",0.4,0,"25",7.5,"6","0.333","0.5","0.358",45.5,33.3,33.3,"0.217","0.304","0.224",50
"Espinal, Santiago",669289,"LAD","SL","Slider",7,1,"16",14.4,"6","0.5","0.833","0.567",28.6,33.3,28.6,"0.371","0.434","0.352",25
"Diaz, Yainer",673237,"HOU","CU","Curveball",0.2,0,"22",6.5,"6","0.25","0.25","0.267",10,0,0,"0.203","0.224","0.298",40
"Schneider, Davis",676914,"TOR","ST","Sweeper",-4.2,-1,"25",8.5,"6","0","0","0",22.2,33.3,18.2,"0.11","0.126","0.105",0
"Keaschall, Luke",807712,"MIN","CU","Curveball",-1.2,0,"35",6.3,"6","0","0","0.15",0,0,0,"0.119","0.226","0.145",16.7
"Perdomo, Geraldo",672695,"AZ","ST","Sweeper",-0.8,0,"24",4.5,"6","0","0","0.233",25,33.3,22.2,"0.094","0.117","0.296",0
"McCann, James",543510,"AZ","SL","Slider",-5.3,-1,"25",12,"6","0","0","0",40,33.3,25,"0.089","0.105","0.087",0
"Arenado, Nolan",571448,"AZ","FC","Cutter",3.6,1,"34",7.3,"6","0.4","1","0.6",28.6,0,0,"0.3","0.561","0.421",20
"McCann, James",543510,"AZ","SI","Sinker",-1.1,0,"37",17.7,"6","0.4","0.8","0.5",12.5,0,0,"0.348","0.771","0.472",50
"Langford, Wyatt",694671,"TEX","CU","Curveball",11.8,3,"27",8.2,"6","0.4","1.2","0.658",10,0,0,"0.286","0.522","0.402",40
"Ibáñez, Andy",628451,"NYM","SI","Sinker",-8.6,-1,"16",25,"6","0","0","0.117",0,0,,"0.119","0.18","0.223",20
"Lindor, Francisco",596019,"NYM","FS","Split-Finger",2.6,1,"27",5.9,"6","0.167","0.5","0.267",36.4,33.3,15.4,"0.129","0.25","0.161",25
"Jiménez, Leo",677870,"MIA","SI","Sinker",13.5,1,"7",9.1,"6","0.5","0.5","0.533",0,0,0,"0.251","0.277","0.388",50
"Benge, Carson",701807,"NYM","CU","Curveball",-0.9,0,"36",8.1,"6","0.167","0.167","0.15",0,16.7,10,"0.086","0.122","0.091",20
"Seager, Corey",608369,"TEX","CU","Curveball",0.9,0,"36",6.6,"6","0.333","0.667","0.417",41.2,33.3,22.2,"0.272","0.679","0.394",50
"Perdomo, Geraldo",672695,"AZ","CU","Curveball",-0.1,0,"56",10.5,"6","0.167","0.167","0.15",9.1,33.3,20,"0.126","0.132","0.114",0
"Mauricio, Ronny",677595,"NYM","CH","Changeup",4.3,1,"16",13.1,"6","0.5","0.5","0.45",18.2,16.7,14.3,"0.276","0.312","0.256",0
"Benge, Carson",701807,"NYM","ST","Sweeper",1.7,0,"24",5.4,"6","0.167","0.667","0.333",30.8,66.7,50,"0.144","0.485","0.259",50
"Polanco, Jorge",593871,"NYM","FS","Split-Finger",-3.3,-1,"19",8.5,"6","0.167","0.333","0.208",10,0,0,"0.288","0.371","0.287",16.7
"Vargas, Ildemaro",545121,"AZ","FC","Cutter",11.7,3,"27",7.6,"6","0.833","1.333","0.925",0,0,0,"0.476","0.521","0.44",33.3
"Barrosa, Jorge",678489,"AZ","CU","Curveball",0.7,0,"29",9,"6","0.2","0.4","0.325",40,50,23.1,"0.07","0.136","0.187",50
"Robert Jr., Luis",673357,"NYM","FC","Cutter",4.5,1,"22",5.8,"6","0.167","0.667","0.333",15.4,0,0,"0.308","0.882","0.492",50
"Moreno, Gabriel",672515,"AZ","CH","Changeup",-0.2,0,"34",14.5,"6","0.333","0.5","0.358",19,33.3,16.7,"0.287","0.48","0.327",25
"Barrosa, Jorge",678489,"AZ","SL","Slider",-0.1,0,"35",10.9,"6","0.333","0.5","0.358",35.7,33.3,16.7,"0.18","0.236","0.182",25
"Jansen, Danny",643376,"TEX","ST","Sweeper",-3.1,-1,"32",9.4,"6","0.167","0.167","0.15",45.5,83.3,41.7,"0.16","0.178","0.148",0
"Pederson, Joc",592626,"TEX","ST","Sweeper",3,1,"28",7.4,"6","0.4","0.4","0.417",50,50,30,"0.151","0.173","0.236",50
"Carter, Evan",694497,"TEX","ST","Sweeper",-1,0,"34",6.9,"6","0.2","0.2","0.267",40,66.7,33.3,"0.184","0.212","0.26",0
"Santana, Carlos",467793,"AZ","CH","Changeup",3.5,1,"18",17,"6","0.4","0.6","0.475",11.1,16.7,12.5,"0.335","0.386","0.38",25
"Keith, Colt",690993,"DET","CU","Curveball",7.4,3,"35",9,"6","0.8","1.2","0.833",30,16.7,20,"0.56","1.426","0.808",100
"Melendez, MJ",669004,"NYM","SI","Sinker",4.4,1,"14",8.5,"6","0.4","0.6","0.475",14.3,16.7,33.3,"0.373","0.676","0.487",100
"Semien, Marcus",543760,"NYM","FS","Split-Finger",3.7,1,"20",4,"6","0.2","0.2","0.417",37.5,16.7,11.1,"0.195","0.211","0.264",25
"Torrens, Luis",620443,"NYM","SI","Sinker",-1,0,"37",26.1,"6","0.333","0.5","0.358",11.1,0,0,"0.322","0.377","0.305",66.7
"Vierling, Matt",663837,"DET","CU","Curveball",-1.2,0,"24",7.3,"6","0.25","0.25","0.267",10,16.7,9.1,"0.098","0.127","0.211",25
"Duran, Ezequiel",677649,"TEX","CH","Changeup",4.6,1,"19",6.6,"6","0.4","0.8","0.533",20,0,0,"0.358","0.421","0.399",0
"Del Castillo, Adrian",680728,"AZ","FS","Split-Finger",-2.3,0,"19",6.7,"6","0.167","0.333","0.25",30,16.7,20,"0.134","0.218","0.15",20
"Wiemer, Joey",686894,"WSH","FC","Cutter",6,1,"19",7.3,"6","0.5","1.25","0.717",37.5,16.7,14.3,"0.511","1.078","0.681",33.3
"Norby, Connor",681393,"MIA","FC","Cutter",-2,-1,"27",5.7,"6","0.167","0.333","0.208",23.1,16.7,14.3,"0.266","0.395","0.285",60
"Wiemer, Joey",686894,"WSH","ST","Sweeper",-4.7,-1,"16",6.2,"6","0.2","0.2","0.267",62.5,66.7,100,"0.193","0.232","0.271",100
"Jansen, Danny",643376,"TEX","FC","Cutter",-7.3,-2,"24",7.1,"6","0","0","0",27.3,33.3,40,"0.04","0.044","0.037",0
"Higashioka, Kyle",543309,"TEX","ST","Sweeper",-4,-1,"29",13.3,"6","0","0","0",30,33.3,16.7,"0.121","0.185","0.129",50
"McKinstry, Zach",656716,"DET","CU","Curveball",-3.4,-1,"19",9.9,"6","0","0","0.117",28.6,33.3,20,"0.037","0.054","0.151",0
"Barrosa, Jorge",678489,"AZ","ST","Sweeper",8,2,"19",5.9,"6","0.2","0.8","0.45",25,33.3,22.2,"0.105","0.266","0.246",33.3
"Freeland, Alex",690976,"LAD","ST","Sweeper",-3.3,-1,"25",6.4,"6","0.167","0.333","0.208",16.7,66.7,57.1,"0.075","0.168","0.101",50
"Judge, Aaron",592450,"NYY","FS","Split-Finger",-3,-1,"25",3.6,"6","0.167","0.667","0.333",75,66.7,36.4,"0.194","0.698","0.36",50
"Stanton, Giancarlo",519317,"NYY","CU","Curveball",-2.6,0,"19",4.9,"6","0.167","0.333","0.208",50,33.3,25,"0.169","0.467","0.262",75
"Vierling, Matt",663837,"DET","FC","Cutter",-4.9,-1,"24",7.3,"6","0","0","0.14",18.2,33.3,40,"0.243","0.272","0.32",33.3
"Carroll, Corbin",682998,"AZ","FC","Cutter",1.6,1,"33",6.2,"6","0.333","0.333","0.45",26.7,33.3,28.6,"0.251","0.285","0.236",50
"Torkelson, Spencer",679529,"DET","CU","Curveball",-2.3,-1,"31",5.1,"6","0","0","0",40,50,23.1,"0.108","0.15","0.113",0
"O'Neill, Tyler",641933,"BAL","ST","Sweeper",2.9,1,"30",14.2,"6","0","0","0.467",66.7,33.3,18.2,,,"0.467",
"Mayo, Coby",691723,"BAL","FC","Cutter",-1.8,-1,"34",9.2,"6","0","0","0.233",50,50,42.9,"0.13","0.146","0.314",0
"Thomas, Colby",687515,"ATH","FF","4-Seam Fastball",-1.6,0,"25",38.5,"6","0.333","0.333","0.3",38.5,50,30,"0.125","0.152","0.119",0
"Vilade, Ryan",668723,"TB","FC","Cutter",1.9,0,"17",8.8,"6","0.4","0.4","0.417",0,16.7,33.3,"0.154","0.202","0.247",50
"Murray, Tanner",695020,"CWS","CH","Changeup",14.1,2,"15",14.6,"6","0.167","0.667","0.633",37.5,33.3,50,"0.114","0.169","0.12",50
"Cowser, Colton",681297,"BAL","SL","Slider",-5.7,-2,"27",8.5,"6","0","0","0",64.3,66.7,33.3,"0.047","0.063","0.045",50
"Hays, Austin",669720,"CWS","ST","Sweeper",-3.1,-1,"25",15.1,"6","0.167","0.167","0.15",61.5,66.7,44.4,"0.152","0.203","0.151",100
"Vilade, Ryan",668723,"TB","CU","Curveball",8.3,2,"19",9.8,"6","0.5","1","0.633",11.1,0,0,"0.408","0.956","0.57",50
"Grichuk, Randal",545341,"CWS","CH","Changeup",-4.8,-1,"21",17.4,"6","0.167","0.167","0.15",58.3,66.7,36.4,"0.148","0.367","0.214",100
"DeLuca, Jonny",676356,"TB","FC","Cutter",3.3,1,"25",9.2,"6","0.5","1","0.633",18.8,0,0,"0.425","0.718","0.489",16.7
"Mead, Curtis",678554,"WSH","CU","Curveball",9.6,2,"26",7.8,"6","0.5","1.167","0.692",11.1,16.7,11.1,"0.24","0.461","0.298",40
"O'Neill, Tyler",641933,"BAL","SL","Slider",-2.6,-1,"31",14.6,"6","0.167","0.167","0.15",71.4,50,33.3,"0.064","0.07","0.058",0
"Basallo, Samuel",694212,"BAL","SI","Sinker",10.2,3,"28",7.6,"6","0.333","1.333","0.683",12.5,16.7,33.3,"0.353","0.92","0.614",50
"Hernández, Teoscar",606192,"LAD","CU","Curveball",-1.4,0,"28",5.6,"6","0.167","0.167","0.15",36.4,50,20,"0.111","0.146","0.109",0
"Turner, Trea",607208,"PHI","FS","Split-Finger",-5.4,-1,"24",4.1,"6","0","0","0",46.7,50,23.1,"0.047","0.054","0.045",0
"Cowser, Colton",681297,"BAL","SI","Sinker",4.2,1,"29",9.1,"6","0.667","0.667","0.65",33.3,16.7,16.7,"0.258","0.274","0.468",50
"Stubbs, Garrett",596117,"PHI","FF","4-Seam Fastball",-4.2,-1,"23",37.1,"6","0","0","0.117",0,0,0,"0.199","0.242","0.276",40
"Rutschman, Adley",668939,"BAL","FC","Cutter",6.6,2,"28",8.8,"6","0.4","1.2","0.658",25,16.7,25,"0.331","1.163","0.631",50
"Stott, Bryson",681082,"PHI","ST","Sweeper",-5.2,-2,"30",6.9,"6","0","0","0",21.4,16.7,7.7,"0.063","0.086","0.063",0
"Gelof, Zack",680869,"ATH","SL","Slider",-1,0,"21",12.8,"6","0.167","0.667","0.333",12.5,33.3,33.3,"0.246","0.7","0.393",25
"Sosa, Edmundo",624641,"PHI","ST","Sweeper",12.7,1,"9",5.1,"6","0.5","0.5","0.45",14.3,16.7,25,"0.506","0.593","0.487",0
"Quero, Edgar",700337,"CWS","ST","Sweeper",-0.7,0,"22",6.6,"6","0","0","0.267",22.2,0,0,"0.072","0.099","0.179",0
"Walls, Taylor",670764,"TB","ST","Sweeper",-1.6,0,"20",6,"6","0","0","0.117",33.3,50,25,"0.062","0.065","0.164",0
"Wiemer, Joey",686894,"WSH","CU","Curveball",-5.7,-1,"23",8.9,"6","0","0","0",66.7,83.3,62.5,"0.012","0.014","0.011",0
"Montgomery, Colson",695657,"CWS","FS","Split-Finger",-6.7,-1,"20",3.7,"6","0","0","0",41.7,33.3,33.3,"0.133","0.181","0.135",25
"Sosa, Edmundo",624641,"PHI","CH","Changeup",3.4,1,"28",15.7,"6","0.4","0.8","0.533",30.8,16.7,10,"0.231","0.333","0.316",25
"Hays, Austin",669720,"CWS","CU","Curveball",-7.3,-1,"18",10.8,"6","0","0","0",37.5,50,42.9,"0.132","0.141","0.119",66.7
"Hill, Derek",656537,"CWS","FC","Cutter",-4.5,-1,"19",11.6,"6","0","0","0.14",54.5,50,60,"0.098","0.11","0.212",50
"Pereira, Everson",677592,"CWS","FC","Cutter",-8.2,-2,"23",9.7,"6","0","0","0",29.4,0,0,"0.434","0.981","0.594",66.7
"Antonacci, Sam",803011,"CWS","SL","Slider",-5.4,-1,"25",9.5,"6","0","0","0",0,16.7,14.3,"0.299","0.579","0.376",60
"Sánchez, Gary",596142,"MIL","CH","Changeup",-2.1,-1,"47",11.9,"6","0","0","0.117",55.6,50,18.8,"0.118","0.132","0.209",0
"Fermín, José",665877,"STL","SL","Slider",-2.1,-1,"27",15.8,"6","0.167","0.333","0.208",11.1,16.7,12.5,"0.272","0.323","0.258",60
"Chaparro, Andrés",665953,"WSH","FF","4-Seam Fastball",1.2,0,"11",33.3,"6","0.2","0.4","0.325",0,0,0,"0.488","1.23","0.715",80
"Wong, Connor",657136,"BOS","SL","Slider",-4.1,-1,"26",15.4,"6","0","0","0.117",30.8,0,0,"0.206","0.226","0.273",40
"Mead, Curtis",678554,"WSH","FC","Cutter",-4.1,-1,"19",5.7,"6","0.167","0.333","0.208",20,16.7,20,"0.274","0.308","0.259",60
"Story, Trevor",596115,"BOS","FS","Split-Finger",-13.9,-2,"11",2.1,"6","0","0","0",22.2,16.7,20,"0.162","0.33","0.205",40
"Contreras, Willson",575929,"BOS","CU","Curveball",0.1,0,"45",7.7,"6","0.167","0.167","0.15",44.4,50,21.4,"0.23","0.271","0.22",33.3
"Davis, Henry",680779,"PIT","ST","Sweeper",-3.8,-1,"28",9.3,"6","0","0","0",28.6,16.7,8.3,"0.101","0.124","0.098",20
"Rafaela, Ceddanne",678882,"BOS","ST","Sweeper",6,1,"21",4.6,"6","0.5","0.667","0.508",30,16.7,8.3,"0.391","0.472","0.371",20
"Kurtz, Nick",701762,"ATH","CU","Curveball",6.2,2,"39",5.6,"6","0.4","1","0.6",21.4,16.7,7.7,"0.338","0.934","0.558",100
"Saggese, Thomas",695336,"STL","ST","Sweeper",-3.5,-1,"22",9.6,"6","0.167","0.333","0.208",31.3,33.3,20,"0.19","0.264","0.191",25
"Johnston, Troy",687859,"COL","FS","Split-Finger",6.5,1,"16",3.8,"6","0.5","0.667","0.508",44.4,16.7,25,"0.376","0.487","0.374",80
"Beck, Jordan",687597,"COL","CU","Curveball",-1.1,0,"20",7.2,"6","0.333","0.333","0.18",41.7,33.3,28.6,"0.178","0.218","0.173",25
"Turang, Brice",668930,"MIL","FS","Split-Finger",-2.5,-1,"23",3.8,"6","0","0","0.117",66.7,66.7,44.4,"0.017","0.018","0.13",0
"Freeman, Tyler",671289,"COL","CH","Changeup",2.8,1,"19",7.4,"6","0.4","0.6","0.43",27.3,0,0,"0.269","0.424","0.293",33.3
"Johnston, Troy",687859,"COL","FC","Cutter",-4.1,-1,"26",6.2,"6","0.167","0.167","0.15",18.2,33.3,40,"0.15","0.201","0.15",0
"Karros, Kyle",691720,"COL","CH","Changeup",-0.7,0,"36",6.9,"6","0.2","0.2","0.267",31.3,16.7,9.1,"0.383","0.974","0.588",50
"McCarthy, Jake",664983,"COL","CH","Changeup",-3,-1,"32",12.5,"6","0.167","0.167","0.15",14.3,33.3,15.4,"0.264","0.361","0.272",25
"Crow-Armstrong, Pete",691718,"CHC","FC","Cutter",-5.1,-1,"28",5.3,"6","0","0","0.117",31.6,33.3,22.2,"0.06","0.073","0.165",33.3
"Castro, Willi",650489,"COL","FS","Split-Finger",-0.7,0,"21",5.1,"6","0.2","0.2","0.267",45.5,33.3,22.2,"0.191","0.219","0.265",33.3
"Beck, Jordan",687597,"COL","CH","Changeup",-0.9,0,"20",7.2,"6","0.333","0.333","0.3",35.7,16.7,16.7,"0.36","0.396","0.333",0
"Johnston, Troy",687859,"COL","ST","Sweeper",7.9,2,"26",6.2,"6","0.333","0.833","0.483",0,16.7,14.3,"0.302","0.495","0.338",80
"Gorman, Nolan",669357,"STL","FS","Split-Finger",-7.7,-1,"19",3.6,"6","0","0","0",45.5,66.7,36.4,"0.091","0.318","0.166",100
"Bart, Joey",663698,"PIT","SI","Sinker",0.8,0,"32",17.3,"6","0.333","0.333","0.45",7.7,0,0,"0.223","0.257","0.211",16.7
"Mead, Curtis",678554,"WSH","ST","Sweeper",-3.4,-1,"25",7.5,"6","0","0","0.117",25,0,0,"0.247","0.305","0.317",40
"Conforto, Michael",624424,"CHC","CH","Changeup",-1.7,0,"22",14.2,"6","0","0","0.233",33.3,0,0,"0.156","0.183","0.331",0
"Bader, Harrison",664056,"SF","CU","Curveball",0.2,0,"22",10.7,"6","0.167","0.667","0.333",54.5,50,27.3,"0.301","0.72","0.428",66.7
"Davis, Henry",680779,"PIT","CU","Curveball",-1.8,0,"24",8,"6","0.167","0.333","0.208",25,16.7,11.1,"0.08","0.091","0.074",0
"Shaw, Matt",807713,"CHC","ST","Sweeper",-3.5,-1,"41",11.8,"6","0","0","0",6.3,16.7,7.1,"0.18","0.231","0.178",20
"Triolo, Jared",669707,"PIT","SI","Sinker",7.8,1,"16",15.2,"6","0.6","0.8","0.625",25,0,,"0.422","0.542","0.465",60
"Sullivan, Brett",664954,"COL","CU","Curveball",-6.4,-1,"20",10.6,"6","0","0","0",55.6,50,42.9,"0.07","0.072","0.063",0
"Schmitt, Casey",669477,"SF","CU","Curveball",6.2,2,"32",7.6,"6","0.5","1","0.625",53.8,33.3,22.2,"0.337","0.561","0.38",50
"Amaya, Miguel",665804,"CHC","CH","Changeup",1.4,0,"34",12.4,"6","0.333","0.5","0.358",50,33.3,25,"0.207","0.227","0.189",0
"Susac, Daniel",691740,"SF","FF","4-Seam Fastball",3.6,1,"15",17.6,"6","0.333","0.667","0.417",18.2,0,0,"0.307","0.592","0.381",50
"Tatis Jr., Fernando",665487,"SD","CU","Curveball",-4.5,-2,"36",6.8,"6","0","0","0",43.8,16.7,11.1,"0.351","0.495","0.487",100
"Muncy, Max",691777,"ATH","CU","Curveball",-2.4,-1,"25",6.2,"6","0","0","0.267",28.6,33.3,20,"0.145","0.166","0.233",33.3
"Merrill, Jackson",701538,"SD","FC","Cutter",-5.8,-2,"38",6.7,"6","0","0","0",33.3,16.7,25,"0.122","0.182","0.127",40
"Castellanos, Nick",592206,"SD","CU","Curveball",-7,-1,"19",7.7,"6","0","0","0",45.5,83.3,38.5,"0.012","0.013","0.01",0
"Yastrzemski, Mike",573262,"ATL","ST","Sweeper",-5.6,-1,"24",5.5,"6","0","0","0",28.6,33.3,16.7,"0.101","0.114","0.093",25
"Merrill, Jackson",701538,"SD","FS","Split-Finger",-9.2,-1,"16",2.8,"6","0","0","0",55.6,50,37.5,"0.085","0.088","0.077",0
"Andujar, Miguel",609280,"SD","CU","Curveball",0.7,0,"24",7.5,"6","0.333","0.333","0.3",11.1,16.7,16.7,"0.341","0.382","0.317",20
"Valenzuela, Brandon",678218,"TOR","SI","Sinker",2.4,1,"25",12.5,"6","0.6","0.6","0.567",45.5,16.7,33.3,"0.247","0.28","0.31",75
"Peters, Tristan",671976,"CWS","FS","Split-Finger",13.9,1,"10",3.2,"5","0.6","0.6","0.54",25,0,0,"0.442","0.498","0.416",20
"Quero, Edgar",700337,"CWS","SL","Slider",0.8,0,"22",6.6,"5","0.333","0.333","0.32",0,20,20,"0.339","0.401","0.429",66.7
"Williams, Carson",700246,"TB","CH","Changeup",-9.3,-1,"12",13,"5","0","0","0",66.7,60,60,"0.104","0.116","0.095",50
"Rogers, Jake",668670,"DET","ST","Sweeper",-1,0,"14",9.8,"5","0.2","0.4","0.25",16.7,20,14.3,"0.181","0.388","0.24",25
"McKinstry, Zach",656716,"DET","SL","Slider",-0.3,0,"24",12.6,"5","0.2","0.4","0.25",25,20,11.1,"0.195","0.231","0.182",0
"McCutchen, Andrew",457705,"TEX","CU","Curveball",-6.6,-1,"18",8,"5","0","0","0",53.8,60,25,"0.005","0.013","0.007",0
"Suárez, Eugenio",553993,"CIN","CU","Curveball",6.7,2,"29",7.3,"5","0.5","1.25","0.72",50,40,25,"0.41","0.994","0.613",100
"Bauers, Jake",641343,"MIL","FC","Cutter",2.9,1,"33",6.7,"5","0.4","1","0.58",28.6,20,20,"0.391","0.644","0.444",75
"Murray, Tanner",695020,"CWS","SL","Slider",-4.8,0,"10",9.7,"5","0.25","0.25","0.225",42.9,20,50,"0.222","0.289","0.218",25
"Polanco, Jorge",593871,"NYM","ST","Sweeper",8,1,"12",5.4,"5","0.4","1","0.58",42.9,40,40,"0.241","0.34","0.251",0
"Mitchell, Garrett",669003,"MIL","ST","Sweeper",3.9,1,"32",6.1,"5","0.4","0.6","0.43",37.5,20,14.3,"0.183","0.325","0.217",25
"Pauley, Graham",688363,"MIA","FC","Cutter",-3.6,-1,"28",8.8,"5","0.2","0.2","0.18",31.3,40,28.6,"0.061","0.065","0.056",0
"Kelenic, Jarred",672284,"CWS","CH","Changeup",-6.2,-1,"10",24.4,"5","0.2","0.2","0.18",28.6,0,0,"0.379","0.517","0.39",60
"Benson, Will",666181,"CIN","SL","Slider",-9.9,-1,"14",5.7,"5","0","0","0",22.2,40,40,"0.019","0.042","0.025",0
"Lindor, Francisco",596019,"NYM","CU","Curveball",2.7,2,"55",12,"5","0.4","0.6","0.43",30.8,40,11.8,"0.272","0.573","0.357",33.3
"Benintendi, Andrew",643217,"CWS","CU","Curveball",0,0,"41",9.6,"5","0.4","0.4","0.36",35,40,22.2,"0.395","0.461","0.376",33.3
"McCann, James",543510,"AZ","CU","Curveball",-0.8,0,"16",7.7,"5","0.2","0.4","0.25",62.5,80,57.1,"0.042","0.051","0.04",0
"Slater, Austin",596103,"NYM","CH","Changeup",0.9,0,"32",20.9,"5","0.2","0.2","0.18",69.2,80,25,"0.196","0.22","0.182",0
"Kwan, Steven",680757,"CLE","ST","Sweeper",0.5,0,"28",4.9,"5","0.25","0.25","0.32",9.1,40,15.4,"0.082","0.149","0.217",50
"Muncy, Max",691777,"ATH","FC","Cutter",2.2,1,"24",5.9,"5","0.4","0.6","0.43",30,20,16.7,"0.357","0.417","0.338",50
"Melendez, MJ",669004,"NYM","CH","Changeup",-0.4,0,"21",12.8,"5","0.4","0.4","0.36",58.3,60,60,"0.338","0.473","0.349",50
"Encarnacion, Jerar",666464,"SF","ST","Sweeper",-2,0,"21",13.2,"5","0.2","0.2","0.18",15.4,20,9.1,"0.171","0.409","0.238",50
"Palacios, Richie",680700,"TB","FC","Cutter",8.4,2,"18",7.4,"5","0.6","1.2","0.76",16.7,20,25,"0.279","0.503","0.335",50
"Cortes, Carlos",666126,"ATH","ST","Sweeper",0.6,0,"18",5.1,"5","0.25","0.25","0.32",0,0,0,"0.423","0.775","0.549",25
"Escarra, J.C.",641555,"NYY","SI","Sinker",5.2,1,"12",8.2,"5","0.4","0.8","0.5",33.3,20,50,"0.331","0.36","0.303",25
"Sullivan, Brett",664954,"COL","SL","Slider",-0.9,0,"21",11.2,"5","0.2","0.4","0.25",9.1,20,14.3,"0.24","0.361","0.26",25
"Langford, Wyatt",694671,"TEX","CH","Changeup",-1.6,-1,"35",10.6,"5","0.2","0.2","0.18",33.3,20,7.7,"0.388","0.421","0.356",50
"Bregman, Alex",608324,"CHC","FS","Split-Finger",2.9,0,"14",2.2,"5","0.25","0.75","0.46",25,20,16.7,"0.226","0.63","0.425",66.7
"Beavers, Dylan",687637,"BAL","FS","Split-Finger",2,0,"18",4.5,"5","0.4","0.4","0.36",44.4,20,16.7,"0.345","0.399","0.326",50
"Rivas, Leo",660844,"SEA","CU","Curveball",-0.4,0,"31",6.7,"5","0","0","0.14",37.5,80,23.5,,,"0.14",
"Jansen, Danny",643376,"TEX","CH","Changeup",6.8,2,"24",7.1,"5","0.6","1","0.68",44.4,40,25,"0.349","0.395","0.321",33.3
"Mateo, Jorge",622761,"ATL","SI","Sinker",-0.4,0,"33",16.9,"5","0.25","0.25","0.32",9.1,20,12.5,"0.145","0.161","0.246",33.3
"Koss, Christian",683766,"SF","FF","4-Seam Fastball",-15,-1,"9",31,"5","0","0","0",0,0,0,"0.015","0.023","0.016",0
"Murakami, Munetaka",808959,"CWS","FS","Split-Finger",-6.5,-1,"18",2.7,"5","0","0","0",50,60,50,"0.102","0.12","0.097",50
"Realmuto, J.T.",592663,"PHI","FC","Cutter",2.4,1,"21",7.8,"5","0.5","0.75","0.43",12.5,0,0,"0.161","0.345","0.235",60
"Andujar, Miguel",609280,"SD","CH","Changeup",-2.1,-1,"24",7.5,"5","0.2","0.2","0.18",12.5,0,0,"0.094","0.099","0.086",0
"Bohm, Alec",664761,"PHI","FS","Split-Finger",2.8,0,"14",2.9,"5","0.2","0.4","0.43",22.2,0,0,"0.29","0.328","0.27",40
"Dubón, Mauricio",643289,"ATL","FS","Split-Finger",14.7,2,"11",2.2,"5","0.4","1.2","0.65",14.3,20,20,"0.334","0.744","0.454",50
"McGuire, Reese",624512,"CWS","CH","Changeup",-4.4,-1,"20",18.2,"5","0","0","0",23.1,20,20,"0.064","0.088","0.066",0
"Lee, Jung Hoo",808982,"SF","FC","Cutter",-5.4,-2,"35",6.9,"5","0","0","0",33.3,40,22.2,"0.114","0.178","0.127",33.3
"Lowe, Nathaniel",663993,"CIN","SL","Slider",9.7,2,"20",6.5,"5","0.4","1","0.58",22.2,20,7.7,"0.194","0.313","0.216",25
"Jones, Jahmai",663330,"DET","CH","Changeup",-1.2,0,"26",17.7,"5","0.2","0.2","0.18",50,40,50,"0.301","0.323","0.273",33.3
"Mullins, Cedric",656775,"TB","CU","Curveball",0.4,0,"28",6.3,"5","0.25","0.5","0.39",44.4,60,33.3,"0.108","0.173","0.235",100
"Rutschman, Adley",668939,"BAL","SL","Slider",-4.3,-1,"25",7.9,"5","0","0","0",25,0,0,"0.2","0.257","0.195",40
"Domínguez, Jasson",691176,"NYY","CH","Changeup",5.6,1,"16",19.3,"5","0.4","0.6","0.43",12.5,0,0,"0.382","0.464","0.37",40
"Cortes, Carlos",666126,"ATH","FC","Cutter",4.1,1,"30",8.6,"5","0.4","1","0.58",8.3,0,0,"0.381","0.874","0.527",80
"Sullivan, Brett",664954,"COL","CH","Changeup",0,0,"19",10.1,"5","0.2","0.4","0.25",33.3,40,25,"0.104","0.121","0.098",0
"Gelof, Zack",680869,"ATH","SI","Sinker",-1.5,0,"23",14,"5","0.4","0.4","0.36",27.3,0,,"0.471","0.579","0.455",60
"Yoshida, Masataka",807799,"BOS","CU","Curveball",-4.1,-1,"25",10.3,"5","0","0","0",40,40,25,"0.124","0.149","0.119",33.3
"Urías, Ramón",602104,"STL","CU","Curveball",17.2,3,"16",6.8,"5","0.667","2","0.93",0,0,0,"0.629","2.268","0.992",66.7
"Bailey, Patrick",672275,"SF","FS","Split-Finger",-5.5,-1,"19",5.5,"5","0","0","0",10,0,0,"0.257","0.763","0.421",20
"Tena, José",677588,"WSH","CU","Curveball",-5.4,-1,"25",9.6,"5","0","0","0",50,60,33.3,"0.065","0.07","0.06",50
"Durbin, Caleb",702332,"BOS","ST","Sweeper",-2.8,-1,"27",6.1,"5","0","0","0",33.3,40,22.2,"0.115","0.122","0.104",0
"Rosario, Amed",642708,"NYY","CU","Curveball",-0.2,0,"16",6.7,"5","0.2","0.2","0.18",55.6,60,30,"0.201","0.225","0.187",50
"Kayfus, CJ",692216,"CLE","SI","Sinker",-1.2,0,"12",11.1,"5","0.25","0.25","0.32",16.7,0,0,"0.225","0.467","0.376",50
"Millas, Drew",686452,"WSH","FC","Cutter",-8,-1,"15",6.5,"5","0","0","0",33.3,20,50,"0.056","0.066","0.051",0
"India, Jonathan",663697,"KC","CH","Changeup",5.2,1,"23",9.7,"5","0.2","0.8","0.4",27.3,40,20,"0.131","0.458","0.241",33.3
"Encarnacion, Jerar",666464,"SF","SI","Sinker",-1.4,-1,"44",27.7,"5","0.4","0.6","0.43",18.8,20,11.1,"0.18","0.225","0.178",50
"Pozo, Yohel",650968,"STL","FF","4-Seam Fastball",-1.4,0,"15",25.4,"5","0.2","0.4","0.25",0,0,0,"0.296","0.371","0.291",40
"Bader, Harrison",664056,"SF","ST","Sweeper",-4,-1,"21",10.2,"5","0","0","0.14",50,20,33.3,"0.062","0.086","0.189",0
"Conforto, Michael",624424,"CHC","SI","Sinker",7.3,1,"14",9,"5","0.75","1","0.61",14.3,20,33.3,"0.504","1.014","0.53",50
"Contreras, William",661388,"MIL","FS","Split-Finger",-2.5,0,"14",2.7,"5","0.2","0.2","0.18",22.2,20,14.3,"0.335","0.426","0.331",25
"Young, Cole",702284,"SEA","FC","Cutter",2.4,1,"34",5.9,"5","0.5","0.5","0.5",40,40,25,"0.395","0.426","0.43",50
"Saggese, Thomas",695336,"STL","CU","Curveball",2.3,0,"20",8.7,"5","0.4","0.4","0.36",36.4,20,20,"0.247","0.359","0.26",50
"Anthony, Roman",701350,"BOS","FS","Split-Finger",-2.4,0,"18",3.3,"5","0","0","0.14",75,40,40,"0.006","0.013","0.146",50
"Encarnacion, Jerar",666464,"SF","SL","Slider",-3.2,0,"14",8.8,"5","0.2","0.2","0.18",0,0,0,"0.372","0.468","0.362",20
"García Jr., Luis",671277,"WSH","ST","Sweeper",2.9,0,"17",4.3,"5","0.5","0.75","0.43",0,0,0,"0.643","1.24","0.693",60
"Rodríguez, Julio",677594,"SEA","CH","Changeup",4.2,2,"41",6.6,"5","0.5","1.25","0.72",38.9,0,0,"0.403","1.024","0.617",25
"Isbel, Kyle",664728,"KC","FS","Split-Finger",1.9,0,"14",4,"5","0.4","0.4","0.36",25,20,25,"0.362","0.407","0.337",25
"Herrera, Iván",671056,"STL","FS","Split-Finger",-2.6,0,"17",2.6,"5","0","0","0.14",57.1,80,66.7,,,"0.14",
"Grichuk, Randal",545341,"CWS","FC","Cutter",-3.5,0,"14",11.6,"5","0.25","0.5","0.25",12.5,0,0,"0.606","1.386","0.727",80
"Narváez, Carlos",665966,"BOS","CU","Curveball",2.9,1,"26",8.5,"5","0.5","0.75","0.763",16.7,20,11.1,"0.517","1.084","0.674",25
"Vaughn, Andrew",683734,"MIL","SI","Sinker",-1.3,0,"8",33.3,"5","0.25","0.25","0.32",0,0,0,"0.231","0.271","0.315",25
"Yorke, Nick",694377,"PIT","CU","Curveball",-2.9,-1,"27",8.9,"5","0","0","0.14",50,60,30,"0.109","0.118","0.219",100
"Kiner-Falefa, Isiah",643396,"BOS","CH","Changeup",-0.9,0,"15",11.7,"5","0.2","0.2","0.18",37.5,20,12.5,"0.355","0.659","0.43",25
"Barrosa, Jorge",678489,"AZ","FC","Cutter",-3.3,-1,"27",8.4,"5","0.2","0.4","0.25",41.7,40,20,"0.111","0.281","0.162",33.3
"Hernández, Heriberto",681715,"MIA","ST","Sweeper",-1,0,"13",4.9,"5","0","0","0.14",0,0,0,"0.091","0.118","0.213",0
"Rumfield, TJ",681198,"COL","FS","Split-Finger",-1.8,0,"20",3.8,"5","0","0","0.18",45.5,20,16.7,"0.065","0.074","0.059",0
"Saggese, Thomas",695336,"STL","SL","Slider",-2.1,-1,"31",13.5,"5","0.2","0.2","0.18",23.5,20,10,"0.183","0.338","0.22",25
"Higgins, P.J.",664731,"CIN","SI","Sinker",-5.4,-1,"18",38.3,"5","0","0","0.14",0,0,,"0.21","0.23","0.269",0
"Soto, Juan",665742,"NYM","CU","Curveball",-0.1,0,"35",10.3,"5","0.25","0.25","0.32",28.6,0,0,"0.226","0.313","0.32",25
"Wynns, Austin",642851,"ATH","CH","Changeup",-2,0,"15",10.7,"5","0","0","0.225",9.1,0,0,"0.118","0.248","0.154",20
"McGuire, Reese",624512,"CWS","FC","Cutter",-4,0,"9",8.2,"5","0.2","0.2","0.18",28.6,60,100,"0.196","0.211","0.18",0
"Ruiz, Esteury",665923,"MIA","FF","4-Seam Fastball",20.3,3,"15",30,"5","0.4","1.6","0.8",0,20,33.3,"0.251","0.954","0.49",50
"McCarthy, Jake",664983,"COL","SL","Slider",0.1,0,"28",11,"5","0.2","0.2","0.18",66.7,40,15.4,"0.056","0.061","0.051",0
"Grisham, Trent",663757,"NYY","FS","Split-Finger",-3.7,-1,"17",3.2,"5","0","0","0.14",16.7,20,10,"0.291","0.472","0.4",66.7
"Jones, Jahmai",663330,"DET","SL","Slider",-2.3,0,"21",14.3,"5","0","0","0.18",60,60,42.9,"0.072","0.172","0.105",100
"Stowers, Kyle",669065,"MIA","CH","Changeup",-2.3,0,"17",8.2,"5","0.2","0.4","0.25",45.5,20,33.3,"0.14","0.156","0.133",75
"Outman, James",681546,"MIN","SL","Slider",-7.4,-2,"23",17.7,"5","0","0","0",37.5,20,11.1,"0.1","0.17","0.114",25
"Hedges, Austin",595978,"CLE","SL","Slider",-1.6,-1,"32",18.1,"5","0.2","0.2","0.18",50,20,7.7,"0.319","0.349","0.293",25
"Osuna, Alejandro",696030,"TEX","CH","Changeup",5.5,1,"10",11.1,"5","0.4","0.4","0.36",0,0,0,"0.329","0.345","0.296",0
"Outman, James",681546,"MIN","CH","Changeup",0.2,0,"21",16.2,"5","0.2","0.2","0.18",44.4,40,20,"0.217","0.237","0.199",0
"Straw, Myles",664702,"TOR","FC","Cutter",-0.7,0,"15",6.4,"5","0.4","0.4","0.36",11.1,20,20,"0.369","0.4","0.336",25
"Clarke, Denzel",672016,"ATH","CU","Curveball",-7.3,-1,"13",5.4,"5","0","0","0",75,80,80,"0.046","0.05","0.042",100
"Fry, David",681807,"CLE","FC","Cutter",2,0,"20",8.5,"5","0.2","0.8","0.4",33.3,40,33.3,"0.126","0.43","0.227",33.3
"Lockridge, Brandon",663604,"MIL","CU","Curveball",-0.6,0,"17",4.2,"5","0.4","0.4","0.36",0,0,0,"0.115","0.12","0.103",0
"Ozuna, Marcell",542303,"PIT","CU","Curveball",-6.5,-2,"25",4.9,"5","0","0","0",53.8,80,44.4,"0.16","0.183","0.151",100
"Valenzuela, Brandon",678218,"TOR","FS","Split-Finger",11,1,"13",6.5,"5","0.2","0.8","0.4",28.6,20,20,"0.257","0.801","0.437",25
"Mitchell, Garrett",669003,"MIL","FS","Split-Finger",-2.9,-1,"25",4.7,"5","0","0","0",54.5,20,12.5,"0.193","0.221","0.176",25
"Ohtani, Shohei",660271,"LAD","FS","Split-Finger",3.4,1,"24",4,"5","0.4","0.6","0.43",40,20,10,"0.233","0.277","0.217",0
"Joe, Connor",656582,"SEA","SI","Sinker",-0.7,0,"25",26.3,"5","0.4","0.6","0.43",15.4,20,20,"0.433","0.572","0.436",50
"Varsho, Daulton",662139,"TOR","FS","Split-Finger",6.6,1,"16",3.6,"5","0.5","0.75","0.57",25,0,0,"0.526","0.647","0.547",50
"Moniak, Mickey",666160,"COL","SI","Sinker",0.5,0,"25",6.3,"5","0.4","0.4","0.36",23.1,0,0,"0.466","0.574","0.449",40
"Wells, Austin",669224,"NYY","CU","Curveball",-0.9,0,"38",9.2,"5","0","0","0.14",33.3,40,16.7,"0.03","0.03","0.161",50
"Davis, Henry",680779,"PIT","CH","Changeup",-2.5,-1,"22",7.3,"5","0","0","0",44.4,60,37.5,"0.111","0.127","0.104",50
"Castellanos, Nick",592206,"SD","FC","Cutter",9.9,2,"23",9.3,"5","0.4","1","0.58",25,20,10,"0.283","0.78","0.437",75
"Oliva, Jared",666931,"SF","SI","Sinker",0.2,0,"13",48.1,"5","0.2","0.2","0.36",25,0,0,"0.259","0.306","0.25",60
"Betts, Mookie",605141,"LAD","SL","Slider",-5.1,-1,"21",19.8,"5","0","0","0.14",37.5,0,0,"0.4","0.6","0.48",50
"Pauley, Graham",688363,"MIA","ST","Sweeper",0.8,0,"13",4.1,"5","0.25","0.5","0.313",28.6,20,25,"0.241","0.336","0.249",25
"Vázquez, Christian",543877,"HOU","CH","Changeup",4.4,0,"11",4.2,"5","0.25","0.5","0.39",33.3,20,16.7,"0.101","0.114","0.215",33.3
"Peña, Jeremy",665161,"HOU","ST","Sweeper",2.2,0,"22",12.2,"5","0.25","0.5","0.39",33.3,20,9.1,"0.226","0.264","0.311",33.3
"Wynns, Austin",642851,"ATH","ST","Sweeper",-4.4,-1,"23",16.4,"5","0","0","0",33.3,20,20,"0.042","0.048","0.041",0
"House, Brady",691781,"WSH","FC","Cutter",-5.2,-1,"22",4.5,"5","0","0","0",33.3,0,0,"0.157","0.183","0.148",40
"McCann, James",543510,"AZ","CH","Changeup",-1.1,0,"18",8.6,"5","0.2","0.2","0.18",20,20,12.5,"0.119","0.155","0.122",0
"Loperfido, Joey",694388,"HOU","FC","Cutter",-2.7,-1,"27",10,"5","0.2","0.2","0.18",36.4,20,25,"0.131","0.188","0.144",0
"Raley, Luke",670042,"SEA","FS","Split-Finger",-6.2,-2,"26",6.8,"5","0","0","0",50,60,37.5,"0.118","0.128","0.109",50
"Altuve, Jose",514888,"HOU","CU","Curveball",0,0,"44",8.6,"5","0.2","0.4","0.25",31.8,20,8.3,"0.114","0.174","0.124",25
"Betts, Mookie",605141,"LAD","SI","Sinker",21.1,2,"9",8.5,"5","0.5","1.25","0.72",0,0,0,"0.367","0.652","0.49",25
"Gilbert, Drew",687551,"SF","CH","Changeup",0.3,0,"25",11.9,"5","0.2","0.2","0.18",0,0,0,"0.239","0.263","0.222",0
"Lewis, Royce",668904,"MIN","FC","Cutter",1.8,0,"27",8.1,"5","0.5","0.75","0.57",36.4,20,50,"0.495","0.682","0.544",66.7
"Larnach, Trevor",663616,"MIN","CU","Curveball",2.6,1,"28",7.2,"5","0.2","0.4","0.43",63.6,40,25,"0.254","0.284","0.233",0
"Meadows, Parker",678009,"DET","CU","Curveball",-3.1,-1,"17",10.4,"5","0.2","0.2","0.18",12.5,40,25,"0.219","0.253","0.205",0
"Yoshida, Masataka",807799,"BOS","ST","Sweeper",14.3,2,"12",4.9,"5","0.667","1","0.71",0,20,50,"0.283","0.403","0.458",50
"Torrens, Luis",620443,"NYM","CU","Curveball",-2.5,0,"15",10.6,"5","0.2","0.2","0.18",50,20,16.7,"0.185","0.28","0.199",50
"Robert Jr., Luis",673357,"NYM","CU","Curveball",1.4,0,"20",5.3,"5","0.25","0.25","0.32",33.3,20,12.5,"0.143","0.16","0.246",0
"Bichette, Bo",666182,"NYM","FS","Split-Finger",-1.1,0,"17",3.1,"5","0.2","0.2","0.18",37.5,40,50,"0.163","0.234","0.17",33.3
"Wallner, Matt",670242,"MIN","FC","Cutter",2.6,1,"28",5.8,"5","0.4","1","0.58",30.8,20,50,"0.253","0.805","0.436",50
"Frazier, Adam",624428,"LAA","CU","Curveball",-8.2,-1,"16",6.3,"5","0","0","0",27.3,0,0,"0.275","0.335","0.265",0
"Massey, Michael",686681,"KC","CU","Curveball",3.4,1,"21",7.8,"5","0.5","0.75","0.43",27.3,0,0,"0.251","0.348","0.257",40
"Rosario, Amed",642708,"NYY","ST","Sweeper",0.8,0,"24",10,"5","0.4","0.4","0.36",46.7,40,28.6,"0.129","0.139","0.116",0
"Rushing, Dalton",687221,"LAD","ST","Sweeper",0.8,0,"29",15,"5","0.2","0.8","0.4",50,60,42.9,"0.145","0.556","0.288",50
"Mullins, Cedric",656775,"TB","FC","Cutter",-2.2,-1,"32",7.3,"5","0.2","0.2","0.18",20,20,14.3,"0.241","0.287","0.227",25
"Matthews, Brice",694728,"HOU","CU","Curveball",-2.3,-1,"34",9.5,"5","0.2","0.2","0.18",40,40,16.7,"0.141","0.216","0.155",33.3
"Kreidler, Ryan",668952,"MIN","FF","4-Seam Fastball",10.2,2,"22",28.6,"5","0.4","1.2","0.65",0,0,0,"0.445","1.099","0.639",40
"Matthews, Brice",694728,"HOU","ST","Sweeper",1.1,0,"34",9.5,"5","0.333","0.333","0.32",53.8,20,11.1,"0.216","0.367","0.442",66.7
"Antonacci, Sam",803011,"CWS","ST","Sweeper",5.1,1,"14",5.3,"5","0.25","0.75","0.46",25,20,20,"0.252","0.313","0.336",33.3
"McCarthy, Jake",664983,"COL","ST","Sweeper",4.1,1,"18",7.1,"5","0.5","0.75","0.57",11.1,20,10,"0.187","0.209","0.288",0
"Barrosa, Jorge",678489,"AZ","FS","Split-Finger",3.9,1,"15",4.7,"5","0.4","0.6","0.43",9.1,20,11.1,"0.299","0.755","0.44",50
"Sánchez, Jesús",660821,"TOR","FS","Split-Finger",-1.2,0,"32",7.4,"5","0.2","0.2","0.18",14.3,0,0,"0.353","0.378","0.325",20
"Lewis, Royce",668904,"MIN","CU","Curveball",1.7,0,"20",6,"5","0.4","0.4","0.36",25,20,10,"0.411","0.453","0.376",0
"Lee, Brooks",686797,"MIN","ST","Sweeper",0.2,0,"29",6.1,"5","0.25","0.25","0.32",13.3,40,11.8,"0.12","0.131","0.227",0
"Gray, Tristan",656484,"MIN","ST","Sweeper",-2.7,0,"11",4.5,"5","0.2","0.2","0.18",66.7,60,75,"0.168","0.199","0.163",0
"Vivas, Jorbit",678391,"WSH","FS","Split-Finger",-2.5,0,"10",3.5,"5","0","0","0.18",25,40,40,"0.164","0.183","0.151",33.3
"Martin, Austin",668885,"MIN","CU","Curveball",0.7,0,"38",9.1,"5","0","0","0.28",40,60,25,,,"0.28",
"Haggerty, Sam",664059,"TEX","CU","Curveball",-4.4,0,"11",10.5,"5","0.2","0.2","0.18",62.5,40,33.3,"0.104","0.117","0.096",0
"Yelich, Christian",592885,"MIL","SL","Slider",1.7,0,"24",9.8,"5","0.2","0.2","0.32",50,40,22.2,"0.169","0.188","0.298",33.3
"Rojas, Miguel",500743,"LAD","FC","Cutter",4.8,1,"15",7.8,"5","0.5","0.5","0.5",22.2,20,20,"0.238","0.264","0.313",66.7
"Pagés, Pedro",686780,"STL","FC","Cutter",-3.8,-1,"30",9,"5","0","0","0",35.7,20,12.5,"0.088","0.309","0.161",25
"Harper, Bryce",547180,"PHI","FC","Cutter",-4.2,-1,"27",4.9,"5","0","0","0.14",10,0,0,"0.134","0.142","0.24",75
"Barger, Addison",680718,"TOR","SI","Sinker",-13.2,-2,"12",12.8,"5","0","0","0",12.5,20,50,"0.076","0.089","0.07",75
"Feduccia, Hunter",676439,"TB","SI","Sinker",2.9,0,"14",8.3,"5","0.5","0.5","0.45",20,40,66.7,"0.226","0.263","0.218",0
"Norby, Connor",681393,"MIA","CU","Curveball",-1.4,-1,"39",8.2,"5","0","0","0.14",50,80,25,,,"0.14",
"Lukes, Nathan",664770,"TOR","FC","Cutter",0.4,0,"22",9.8,"5","0.25","0.25","0.32",9.1,20,20,"0.389","0.453","0.434",66.7
"Piñango, Yohendrick",682818,"TOR","CH","Changeup",1.5,0,"12",17.6,"5","0.25","0.5","0.39",0,0,0,"0.339","0.43","0.406",50
"Basallo, Samuel",694212,"BAL","ST","Sweeper",-4,-1,"29",7.9,"5","0.2","0.2","0.18",41.7,20,20,"0.235","0.655","0.369",25
"McNeil, Jeff",643446,"ATH","CU","Curveball",1,0,"25",5.7,"5","0.5","0.5","0.36",16.7,20,10,"0.422","0.456","0.314",0
"Heineman, Tyler",623168,"TOR","CH","Changeup",-8.1,-1,"16",8.2,"5","0","0","0",27.3,20,50,"0.259","0.279","0.237",25
"Kirk, Alejandro",672386,"TOR","SI","Sinker",-4.9,-1,"23",31.1,"5","0","0","0.14",0,0,0,"0.257","0.415","0.37",75
"Schneider, Davis",676914,"TOR","FC","Cutter",-1.1,0,"24",8.2,"5","0","0","0.28",16.7,0,0,"0.137","0.142","0.355",0
"Freeland, Alex",690976,"LAD","FS","Split-Finger",0,0,"18",4.6,"5","0.25","0.25","0.225",50,40,40,"0.241","0.285","0.237",0
"Kreidler, Ryan",668952,"MIN","SI","Sinker",5.4,1,"17",22.1,"5","0.333","1.333","0.68",30,0,0,"0.547","1.349","0.754",33.3
"Diaz, Yainer",673237,"HOU","FS","Split-Finger",-13.4,-1,"8",2.4,"5","0","0","0",33.3,20,33.3,"0.112","0.137","0.108",0
"Jiménez, Leo",677870,"MIA","CH","Changeup",-3.3,0,"12",15.6,"5","0.2","0.2","0.18",28.6,20,25,"0.113","0.119","0.104",25
"Burger, Jake",669394,"TEX","FS","Split-Finger",-3.8,-1,"22",4.4,"5","0","0","0",50,80,26.7,"0.003","0.009","0.005",100
"Busch, Michael",683737,"CHC","FS","Split-Finger",7.7,1,"17",3.1,"5","0.5","0.5","0.5",28.6,20,16.7,"0.309","0.426","0.393",33.3
"Jung, Josh",673962,"TEX","FS","Split-Finger",5.3,1,"24",5.2,"5","0.6","0.8","0.61",30.8,20,6.3,"0.47","0.562","0.45",75
"India, Jonathan",663697,"KC","ST","Sweeper",-2.7,-1,"19",8,"5","0","0","0.14",37.5,60,30,"0.004","0.005","0.143",0
"Sheets, Gavin",657757,"SD","FC","Cutter",9.3,2,"26",6.4,"5","0.8","2.2","1.23",7.1,0,0,"0.506","1.39","0.787",60
"Arenado, Nolan",571448,"AZ","FS","Split-Finger",-8.9,-1,"14",3,"5","0","0","0",70,80,100,"0.016","0.016","0.014",0
"Bauers, Jake",641343,"MIL","FS","Split-Finger",-2.5,-1,"27",5.4,"5","0.2","0.2","0.18",54.5,40,28.6,"0.109","0.119","0.101",66.7
"Nuñez, Nasim",683083,"WSH","FS","Split-Finger",-5,-1,"12",2.5,"5","0","0","0",16.7,40,22.2,"0.029","0.043","0.031",0
"Vientos, Mark",668901,"NYM","FS","Split-Finger",-3,-1,"20",5.5,"5","0","0","0.14",70,40,28.6,"0.29","0.711","0.469",50
"Baldwin, Drake",686948,"ATL","ST","Sweeper",-1,0,"27",4.3,"5","0.25","0.25","0.32",20,20,16.7,"0.278","0.512","0.405",33.3
"Goldschmidt, Paul",502671,"NYY","FC","Cutter",-3.3,0,"15",7.9,"5","0.25","0.25","0.32",33.3,20,25,"0.18","0.232","0.279",0
"d'Arnaud, Travis",518595,"LAA","FC","Cutter",-3.3,0,"12",8.8,"5","0.25","0.25","0.32",16.7,0,0,"0.278","0.327","0.352",25
"Black, Tyler",672012,"MIL","CH","Changeup",9.4,1,"12",15.8,"5","0.6","0.8","0.61",28.6,0,0,"0.298","0.452","0.324",20
"Soto, Juan",665742,"NYM","CH","Changeup",-4.3,-1,"23",6.8,"5","0","0","0",10,0,0,"0.241","0.451","0.296",40
"Morel, Christopher",666624,"MIA","FF","4-Seam Fastball",-0.1,0,"13",27.1,"5","0.25","0.25","0.32",50,40,50,"0.332","0.384","0.389",100
"Vientos, Mark",668901,"NYM","ST","Sweeper",-5.4,-1,"23",6.4,"5","0","0","0",30.8,60,30,"0.027","0.061","0.037",0
"Smith, Josh",669701,"TEX","FS","Split-Finger",5,0,"9",2.2,"5","0.2","0.2","0.36",14.3,20,25,"0.147","0.166","0.137",25
"Bichette, Bo",666182,"NYM","FC","Cutter",-4.3,-1,"30",5.4,"5","0","0","0.14",27.8,20,20,"0.276","0.307","0.342",66.7
"Gonzales, Nick",693304,"PIT","CH","Changeup",2.1,1,"33",7,"5","0.4","0.6","0.43",36.8,20,6.7,"0.38","0.466","0.367",25
"Burger, Jake",669394,"TEX","FC","Cutter",-0.7,0,"27",5.4,"5","0.25","0.25","0.32",60,40,33.3,"0.139","0.171","0.249",100
"Kirk, Alejandro",672386,"TOR","SL","Slider",-4,-1,"14",18.9,"5","0.2","0.2","0.18",42.9,20,25,"0.241","0.265","0.221",50
"Taylor, Tyrone",621438,"NYM","CU","Curveball",-8.4,-1,"16",6.6,"5","0","0","0",12.5,20,33.3,"0.14","0.21","0.151",25
"Gilbert, Drew",687551,"SF","SL","Slider",-0.3,0,"22",10.5,"5","0.25","0.25","0.32",11.1,0,0,"0.109","0.179","0.238",25
"Hicks, Liam",689414,"MIA","ST","Sweeper",2.5,1,"23",5.3,"5","0.25","0.5","0.39",0,0,0,"0.185","0.218","0.281",25
"Stewart, Sal",701398,"CIN","FS","Split-Finger",-9.6,-1,"14",2.4,"5","0","0","0",40,40,40,"0.143","0.338","0.202",33.3
"Valenzuela, Brandon",678218,"TOR","CH","Changeup",-1.2,0,"30",15,"5","0.2","0.2","0.18",46.7,20,12.5,"0.285","0.312","0.265",0
"McLain, Matt",680574,"CIN","FC","Cutter",-3.7,-1,"30",5.3,"5","0","0","0.14",50,40,50,"0.007","0.014","0.148",50
"Perkins, Blake",663368,"MIL","SL","Slider",2.3,0,"16",7.5,"5","0","0","0.28",75,60,42.9,,,"0.28",
"Brito, Juan",682877,"CLE","SI","Sinker",-3.1,-1,"26",11.1,"5","0.2","0.2","0.18",10,0,0,"0.302","0.332","0.277",80
"Thomas, Alek",677950,"AZ","CH","Changeup",3.6,1,"34",10.4,"5","0.4","0.8","0.5",17.6,0,0,"0.194","0.265","0.196",20
"White, Eli",642201,"ATL","ST","Sweeper",0.9,0,"18",8.4,"5","0.4","0.4","0.36",25,20,20,"0.474","0.596","0.464",25
"Fermin, Freddy",666023,"SD","ST","Sweeper",-0.3,0,"23",8.4,"5","0.25","0.5","0.39",46.2,20,16.7,"0.319","0.331","0.37",0
"Benintendi, Andrew",643217,"CWS","FS","Split-Finger",-0.3,0,"20",4.7,"5","0.2","0.4","0.25",33.3,20,25,"0.212","0.316","0.221",75
"Yorke, Nick",694377,"PIT","FC","Cutter",-2.6,-1,"25",8.2,"5","0.2","0.2","0.18",18.2,20,14.3,"0.259","0.541","0.337",50
"Simpson, Chandler",802415,"TB","FC","Cutter",-3.1,-1,"19",4,"5","0.25","0.25","0.18",14.3,40,28.6,"0.224","0.245","0.2",0
"Pham, Tommy",502054,"NYM","FF","4-Seam Fastball",-4.4,-1,"28",46.7,"5","0","0","0.14",41.7,60,33.3,"0.005","0.006","0.144",0
"Stephenson, Tyler",663886,"CIN","FS","Split-Finger",-7.3,-1,"15",3.8,"5","0","0","0",62.5,80,40,"0.011","0.012","0.01",0
"McCutchen, Andrew",457705,"TEX","CH","Changeup",-0.8,0,"24",10.7,"5","0.2","0.4","0.25",50,40,22.2,"0.097","0.168","0.113",33.3
"McKinstry, Zach",656716,"DET","SI","Sinker",-1.6,0,"19",9.9,"5","0.25","0.25","0.32",0,0,0,"0.34","0.372","0.389",25
"Happ, Ian",664023,"CHC","FC","Cutter",6.4,3,"48",7.9,"5","0.5","2","0.94",36.8,40,28.6,"0.288","1.079","0.59",100
"Smith, Will",669257,"LAD","FC","Cutter",-1.7,-1,"39",7.9,"5","0.2","0.2","0.18",18.8,20,10,"0.56","0.724","0.559",25
"Ibáñez, Andy",628451,"NYM","CH","Changeup",4.3,1,"12",18.8,"5","0.25","0.25","0.36",12.5,0,0,"0.424","0.519","0.334",20
"Massey, Michael",686681,"KC","SL","Slider",0.5,0,"24",9,"5","0.25","0.25","0.32",30,0,0,"0.211","0.246","0.308",25
"Peña, Jeremy",665161,"HOU","FC","Cutter",-9.5,-2,"19",10.6,"5","0","0","0",46.2,0,0,"0.178","0.353","0.223",20
"Smith, Dominic",642086,"ATL","FC","Cutter",2.8,1,"28",11,"5","0.4","1.2","0.65",14.3,0,0,"0.282","0.968","0.512",80
"Fermín, José",665877,"STL","CH","Changeup",-3.5,-1,"16",9.4,"5","0.2","0.2","0.18",11.1,0,0,"0.468","0.542","0.445",60
"Del Castillo, Adrian",680728,"AZ","CH","Changeup",-1.4,0,"24",8.5,"5","0.2","0.2","0.18",41.7,40,18.2,"0.241","0.312","0.239",66.7
"McGonigle, Kevin",805808,"DET","ST","Sweeper",-1,0,"36",5.8,"5","0","0","0",27.3,60,17.6,"0.004","0.008","0.005",50
"Osuna, Alejandro",696030,"TEX","FF","4-Seam Fastball",-1.7,-1,"36",40,"5","0","0","0.28",0,20,11.1,"0.168","0.18","0.371",100
"Baty, Brett",683146,"NYM","FC","Cutter",-4.3,-1,"22",4.9,"5","0.2","0.2","0.18",27.3,0,0,"0.375","0.43","0.352",20
"McKinstry, Zach",656716,"DET","ST","Sweeper",2.2,0,"12",6.3,"5","0.2","0.8","0.4",16.7,40,20,"0.304","0.704","0.421",66.7
"Caissie, Owen",683357,"MIA","FS","Split-Finger",-6.1,-1,"19",4.4,"5","0","0","0",70,80,50,"0.023","0.026","0.021",100
"Yorke, Nick",694377,"PIT","SL","Slider",0.1,0,"29",9.5,"5","0.25","0.5","0.39",20,0,0,"0.244","0.349","0.344",50
"Jiménez, Eloy",650391,"TOR","ST","Sweeper",-3,0,"10",7.7,"4","0.25","0.25","0.225",28.6,25,25,"0.275","0.301","0.254",33.3
"Lukes, Nathan",664770,"TOR","ST","Sweeper",0.2,0,"10",4.5,"4","0.333","0.667","0.313",0,0,0,"0.345","0.459","0.266",25
"Harris, Dustin",687957,"HOU","SL","Slider",-2.4,0,"15",7.9,"4","0","0","0.175",50,25,25,"0.049","0.067","0.212",0
"Jiménez, Eloy",650391,"TOR","SI","Sinker",-6.9,-1,"19",14.6,"4","0","0","0",42.9,50,100,"0.086","0.086","0.078",0
"Schneider, Davis",676914,"TOR","CU","Curveball",-3.3,-1,"23",7.8,"4","0","0","0",33.3,75,27.3,"0.121","0.139","0.113",100
"Stephenson, Tyler",663886,"CIN","CU","Curveball",-0.8,0,"24",6.1,"4","0","0","0",50,75,33.3,"0.007","0.024","0.013",100
"Rojas, Miguel",500743,"LAD","ST","Sweeper",-4.3,-1,"20",10.4,"4","0","0","0",12.5,0,0,"0.061","0.086","0.063",0
"Edwards, Xavier",669364,"MIA","FS","Split-Finger",1.4,0,"18",3.1,"4","0.25","0.25","0.225",20,0,0,"0.122","0.138","0.114",25
"Mateo, Jorge",622761,"ATL","CH","Changeup",-3,-1,"23",11.8,"4","0","0","0",72.7,100,44.4,,,"0",
"Peraza, Oswald",672724,"LAA","FC","Cutter",-3.1,-1,"16",4.1,"4","0","0","0.175",44.4,25,33.3,"0.028","0.036","0.195",0
"Clement, Ernie",676391,"TOR","FS","Split-Finger",-5.6,-1,"12",2.7,"4","0.25","0.25","0.225",14.3,0,,"0.335","0.389","0.315",0
"Lowe, Josh",666139,"LAA","FC","Cutter",-3.2,-1,"32",7.7,"4","0","0","0.175",33.3,0,0,"0.314","0.808","0.525",33.3
"Melendez, MJ",669004,"NYM","SL","Slider",-6.2,-1,"11",6.7,"4","0","0","0.175",40,25,50,"0.045","0.051","0.205",0
"Doyle, Brenton",686668,"COL","CU","Curveball",-2.1,0,"14",4,"4","0.25","0.25","0.3",33.3,50,66.7,"0.138","0.156","0.129",50
"Stowers, Kyle",669065,"MIA","ST","Sweeper",-5,0,"9",4.3,"4","0.25","0.25","0.225",28.6,0,0,"0.391","0.449","0.364",25
"Valenzuela, Brandon",678218,"TOR","FC","Cutter",-4.1,0,"11",5.5,"4","0.25","0.25","0.225",12.5,0,,"0.475","0.708","0.505",75
"Alvarez, Francisco",682626,"NYM","CU","Curveball",-3.2,-1,"26",5.9,"4","0","0","0",27.3,25,14.3,"0.061","0.07","0.06",0
"Lockridge, Brandon",663604,"MIL","FS","Split-Finger",16.7,1,"6",1.5,"4","0.5","0.5","0.45",0,0,0,"0.497","0.688","0.514",50
"Gonzales, Nick",693304,"PIT","FS","Split-Finger",-0.6,0,"11",2.3,"4","0.25","0.25","0.225",75,75,42.9,"0.13","0.143","0.12",0
"Farmer, Kyle",571657,"ATL","FF","4-Seam Fastball",-3.7,0,"11",26.2,"4","0.25","0.25","0.225",57.1,50,66.7,"0.104","0.111","0.094",0
"Hernández, Heriberto",681715,"MIA","CU","Curveball",1.6,0,"19",7.2,"4","0","0","0.4",50,25,16.7,"0.163","0.179","0.287",0
"Polanco, Jorge",593871,"NYM","CU","Curveball",-2.7,-1,"25",11.2,"4","0","0","0",66.7,75,37.5,"0.012","0.019","0.011",0
"Mauricio, Ronny",677595,"NYM","CU","Curveball",-5.8,-1,"24",19.7,"4","0","0","0",60,50,40,"0.064","0.109","0.073",0
"Giménez, Andrés",665926,"TOR","SV","Slurve",1.9,0,"7",1.6,"4","0.25","0.5","0.313",25,25,33.3,"0.408","0.463","0.385",66.7
"d'Arnaud, Travis",518595,"LAA","ST","Sweeper",-5.2,-1,"12",8.8,"4","0","0","0",37.5,25,16.7,"0.036","0.046","0.036",0
"Bart, Joey",663698,"PIT","FS","Split-Finger",0.3,0,"9",4.9,"4","0.25","0.25","0.225",60,75,37.5,"0.092","0.099","0.083",100
"Langford, Wyatt",694671,"TEX","FC","Cutter",-0.7,0,"22",6.6,"4","0.333","0.667","0.488",46.2,25,20,"0.078","0.151","0.247",50
"Sheets, Gavin",657757,"SD","FS","Split-Finger",-5.7,-1,"13",3.2,"4","0","0","0",57.1,50,33.3,"0.116","0.119","0.104",50
"Pasquantino, Vinnie",686469,"KC","ST","Sweeper",-3.2,-1,"43",7.3,"4","0","0","0",44.4,25,6.7,"0.379","0.45","0.353",33.3
"Caglianone, Jac",695506,"KC","SV","Slurve",-3.5,0,"7",1.6,"4","0","0","0.175",0,0,0,"0.17","0.185","0.294",0
"Del Castillo, Adrian",680728,"AZ","FC","Cutter",-3.8,0,"12",4.3,"4","0.25","0.25","0.225",0,0,0,"0.544","0.712","0.542",50
"Sullivan, Brett",664954,"COL","ST","Sweeper",5,1,"12",6.4,"4","0.333","0.667","0.417",12.5,0,0,"0.22","0.383","0.253",25
"Alvarez, Francisco",682626,"NYM","FS","Split-Finger",10.2,2,"15",3.4,"4","0.333","1.333","0.675",25,25,25,"0.362","1.36","0.709",100
"Amaya, Miguel",665804,"CHC","CU","Curveball",-3,-1,"26",9.5,"4","0","0","0",50,75,42.9,"0.029","0.032","0.029",0
"Soto, Juan",665742,"NYM","FS","Split-Finger",4.8,1,"16",4.7,"4","0.333","0.333","0.4",50,50,40,"0.111","0.129","0.251",100
"Vientos, Mark",668901,"NYM","CU","Curveball",-0.7,0,"27",7.5,"4","0.25","0.5","0.313",9.1,0,0,"0.403","0.571","0.417",75
"Abrams, CJ",682928,"WSH","FC","Cutter",10.9,2,"22",4.1,"4","0.5","1.25","0.725",0,0,,"0.195","0.344","0.232",25
"Davis, Henry",680779,"PIT","FC","Cutter",-0.5,0,"15",5,"4","0.25","0.25","0.225",11.1,0,0,"0.247","0.274","0.227",50
"Young, Jared",676724,"NYM","FC","Cutter",-4.4,-1,"12",13.8,"4","0.25","0.25","0.225",0,0,,"0.295","0.322","0.277",50
"Carter, Evan",694497,"TEX","FS","Split-Finger",1,0,"20",4,"4","0.25","0.25","0.225",60,75,27.3,"0.148","0.171","0.14",100
"Triolo, Jared",669707,"PIT","CH","Changeup",-1,0,"13",12.4,"4","0.25","0.25","0.225",0,0,0,"0.343","0.362","0.313",0
"Frazier, Adam",624428,"LAA","ST","Sweeper",-2.6,0,"11",4.3,"4","0","0","0.175",50,25,25,"0.068","0.138","0.24",0
"Polanco, Jorge",593871,"NYM","SL","Slider",9.3,2,"18",8,"4","0.667","1.333","0.8",14.3,0,0,"0.517","0.809","0.599",100
"Carpenter, Kerry",681481,"DET","ST","Sweeper",5.8,2,"31",6.9,"4","0.5","1.25","0.725",40,25,10,"0.334","0.821","0.48",66.7
"Sanoja, Javier",691594,"MIA","FC","Cutter",-0.6,0,"18",6.7,"4","0.25","0.5","0.313",0,0,0,"0.242","0.326","0.243",25
"Collins, Isaac",686555,"KC","CU","Curveball",-1.3,0,"33",7.6,"4","0.25","0.25","0.225",27.3,25,6.7,"0.229","0.276","0.216",33.3
"Jones, Jahmai",663330,"DET","CU","Curveball",-1.3,0,"15",10.2,"4","0.25","0.5","0.313",20,75,50,"0.135","0.16","0.129",100
"Morel, Christopher",666624,"MIA","SI","Sinker",-2.5,0,"10",20.8,"4","0.25","0.25","0.225",0,25,100,"0.135","0.153","0.122",66.7
"Dingler, Dillon",693307,"DET","FS","Split-Finger",3.7,0,"10",2.2,"4","0.333","0.333","0.4",33.3,25,25,"0.351","0.39","0.421",0
"Call, Alex",669743,"LAD","FC","Cutter",1.9,0,"17",9.6,"4","0","0","0.35",0,25,33.3,"0.017","0.017","0.358",0
"Arraez, Luis",650333,"SF","ST","Sweeper",-0.8,0,"31",5.8,"4","0.25","0.25","0.225",13.3,0,0,"0.341","0.384","0.317",0
"Melendez, MJ",669004,"NYM","FS","Split-Finger",9.3,1,"7",4.3,"4","0.5","0.75","0.538",16.7,0,0,"0.227","0.361","0.251",75
"Rushing, Dalton",687221,"LAD","FC","Cutter",3.4,1,"18",9.3,"4","0.5","0.5","0.575",10,0,0,"0.427","0.468","0.545",0
"Jansen, Danny",643376,"TEX","SL","Slider",2.7,1,"39",11.5,"4","0.25","1","0.5",12.5,50,25,"0.158","0.596","0.308",50
"Vientos, Mark",668901,"NYM","FC","Cutter",3.2,0,"13",3.6,"4","0.5","0.5","0.45",33.3,0,0,"0.243","0.268","0.223",25
"Semien, Marcus",543760,"NYM","CU","Curveball",0.6,0,"32",6.4,"4","0.5","0.5","0.45",18.2,0,0,"0.47","0.896","0.579",50
"Alvarez, Francisco",682626,"NYM","FC","Cutter",3.1,0,"15",3.4,"4","0.333","0.333","0.4",33.3,25,20,"0.061","0.114","0.23",100
"Kim, Hyeseong",808975,"LAD","ST","Sweeper",-1.6,0,"24",8.3,"4","0.25","0.25","0.225",44.4,50,40,"0.226","0.268","0.218",0
"Swanson, Dansby",621020,"CHC","FS","Split-Finger",-3.2,-1,"16",2.8,"4","0","0","0",25,25,16.7,"0.187","0.555","0.306",33.3
"Saggese, Thomas",695336,"STL","FC","Cutter",-6.6,-1,"15",6.5,"4","0","0","0",77.8,50,66.7,"0.097","0.109","0.091",50
"Bazzana, Travis",683953,"CLE","CH","Changeup",1.9,0,"16",16.7,"4","0.333","0.333","0.4",20,0,0,"0.337","0.386","0.413",0
"Young, Jared",676724,"NYM","FF","4-Seam Fastball",3.8,1,"22",25.3,"4","0.667","1","0.713",11.1,25,12.5,"0.395","0.602","0.496",100
"Tawa, Tim",694374,"AZ","FC","Cutter",2.1,0,"21",9.2,"4","0.667","0.667","0.45",33.3,0,0,"0.386","0.438","0.279",0
"Moncada, Yoán",660162,"LAA","ST","Sweeper",-2.7,-1,"34",7.4,"4","0","0","0",28.6,50,22.2,"0.014","0.017","0.013",0
"Marte, Starling",516782,"KC","SI","Sinker",1.3,0,"19",13.8,"4","0.5","0.75","0.538",12.5,25,16.7,"0.354","0.736","0.462",100
"Urías, Ramón",602104,"STL","FC","Cutter",-5,-1,"15",6.3,"4","0","0","0.175",16.7,25,25,"0.077","0.09","0.23",50
"O'Hoppe, Logan",681351,"LAA","FC","Cutter",-3.8,-1,"17",4.5,"4","0.25","0.25","0.225",14.3,0,0,"0.24","0.25","0.218",0
"Taylor, Tyrone",621438,"NYM","CH","Changeup",9.1,1,"14",5.8,"4","0.75","1","0.763",30,0,0,"0.596","0.83","0.613",75
"Matos, Luis",682641,"MIL","CH","Changeup",-0.4,0,"8",11.1,"4","0.25","0.25","0.225",0,0,0,"0.097","0.107","0.091",0
"Cronenworth, Jake",630105,"SD","FS","Split-Finger",-2,0,"17",3.5,"4","0","0","0.175",16.7,0,0,"0.247","0.299","0.352",0
"Rogers, Jake",668670,"DET","FC","Cutter",1.3,0,"23",16.1,"4","0.333","0.333","0.4",44.4,0,0,"0.307","0.324","0.383",0
"McKinstry, Zach",656716,"DET","FC","Cutter",-3.6,-1,"18",9.4,"4","0.25","0.25","0.225",20,25,12.5,"0.239","0.328","0.256",33.3
"Escarra, J.C.",641555,"NYY","CU","Curveball",-3.8,-1,"21",14.3,"4","0","0","0",83.3,100,57.1,,,"0",
"Kim, Hyeseong",808975,"LAD","FC","Cutter",-1.4,0,"27",9.3,"4","0","0","0.35",11.1,0,0,"0.077","0.186","0.405",0
"Pasquantino, Vinnie",686469,"KC","FS","Split-Finger",3.9,1,"24",4.1,"4","0.333","0.667","0.488",44.4,25,12.5,"0.118","0.123","0.255",0
"Escarra, J.C.",641555,"NYY","FS","Split-Finger",-8.9,-1,"12",8.2,"4","0","0","0",55.6,50,33.3,"0.153","0.259","0.172",50
"Norby, Connor",681393,"MIA","FS","Split-Finger",-8.1,-1,"10",2.1,"4","0","0","0",50,75,50,"0.045","0.054","0.044",0
"Wells, Austin",669224,"NYY","FS","Split-Finger",-2.7,0,"18",4.3,"4","0","0","0.175",45.5,25,14.3,"0.07","0.248","0.272",50
"McMahon, Ryan",641857,"NYY","FS","Split-Finger",-12.3,-1,"7",1.9,"4","0","0","0",25,25,33.3,"0.208","0.425","0.268",33.3
"Duran, Ezequiel",677649,"TEX","FC","Cutter",-5.2,-1,"10",3.5,"4","0","0","0.175",0,0,,"0.151","0.158","0.277",33.3
"Johnson, Bryce",669369,"SD","CH","Changeup",1,0,"13",13.7,"4","0.25","0.25","0.225",16.7,25,16.7,"0.19","0.207","0.171",0
"Garcia, Maikel",672580,"KC","CH","Changeup",4.3,1,"28",5.1,"4","0.5","0.75","0.538",28.6,0,0,"0.118","0.142","0.114",0
"Meadows, Parker",678009,"DET","SI","Sinker",2,0,"19",11.7,"4","0.5","0.5","0.45",0,25,20,"0.293","0.314","0.267",33.3
"Abrams, CJ",682928,"WSH","FS","Split-Finger",4.1,1,"20",3.7,"4","0.333","0.333","0.4",25,50,18.2,"0.128","0.135","0.261",0
"Haggerty, Sam",664059,"TEX","CH","Changeup",-6.4,-1,"14",13.3,"4","0","0","0",62.5,75,37.5,"0.155","0.176","0.14",0
"Arias, Gabriel",672356,"CLE","CU","Curveball",8.1,1,"11",8.6,"4","0.5","1.25","0.725",28.6,0,0,"0.48","1.113","0.672",75
"Domínguez, Jasson",691176,"NYY","FC","Cutter",7.5,1,"11",13.3,"4","0.333","0.333","0.625",0,0,0,"0.398","0.438","0.451",0
"Saggese, Thomas",695336,"STL","CH","Changeup",-4,-1,"16",7,"4","0","0","0",57.1,25,14.3,"0.054","0.064","0.052",0
"Pérez, Wenceel",672761,"DET","SL","Slider",-3.9,-1,"22",9.8,"4","0","0","0",10,0,0,"0.277","0.443","0.302",50
"Jensen, Carter",695600,"KC","FS","Split-Finger",-1.9,0,"20",4,"4","0.25","0.25","0.225",50,50,40,"0.214","0.246","0.2",50
"Bleday, JJ",668709,"CIN","FS","Split-Finger",-0.6,0,"13",13.3,"4","0.25","0.5","0.313",50,50,33.3,"0.261","0.346","0.26",50
"Jung, Jace",690291,"DET","FF","4-Seam Fastball",-1.1,0,"14",51.9,"4","0","0","0.35",0,0,0,"0.147","0.201","0.426",0
"Jansen, Danny",643376,"TEX","CU","Curveball",-2.9,-1,"29",8.6,"4","0","0","0",41.7,50,22.2,"0.082","0.083","0.073",0
"Osuna, Alejandro",696030,"TEX","SL","Slider",-7.9,-1,"13",14.4,"4","0","0","0",37.5,50,33.3,"0.189","0.271","0.196",50
"Perkins, Blake",663368,"MIL","CU","Curveball",-3.7,-1,"20",9.4,"4","0","0","0",25,50,28.6,"0.086","0.09","0.077",0
"Smith, Will",669257,"LAD","CU","Curveball",1.6,1,"35",7.1,"4","0","0","0.225",18.2,25,9.1,"0.07","0.091","0.069",0
"Benson, Will",666181,"CIN","FS","Split-Finger",1,0,"17",6.9,"4","0.25","0.5","0.313",28.6,25,100,"0.035","0.068","0.043",33.3
"Bellinger, Cody",641355,"NYY","ST","Sweeper",-1.3,0,"22",4,"4","0.25","0.25","0.225",20,0,0,"0.288","0.323","0.269",0
"Pagés, Pedro",686780,"STL","CU","Curveball",-1.5,0,"23",6.9,"4","0","0","0.175",22.2,25,11.1,"0.049","0.072","0.213",50
"Rojas, Miguel",500743,"LAD","CH","Changeup",1.1,0,"27",14,"4","0.333","0.333","0.3",36.4,0,0,"0.282","0.314","0.261",0
"McCutchen, Andrew",457705,"TEX","ST","Sweeper",-2.9,-1,"34",15.2,"4","0","0","0",50,50,22.2,"0.184","0.209","0.174",50
"Báez, Javier",595879,"DET","CU","Curveball",-6,-1,"17",6.1,"4","0","0","0",18.2,0,0,"0.14","0.154","0.128",25
"Freeman, Tyler",671289,"COL","FS","Split-Finger",1.4,0,"13",5.1,"4","0","0","0.35",42.9,25,12.5,"0.134","0.134","0.41",0
"Tatis Jr., Fernando",665487,"SD","FS","Split-Finger",-5.4,-1,"14",2.7,"4","0","0","0",25,25,33.3,"0.233","0.581","0.341",33.3
"Trevino, Jose",624431,"CIN","FF","4-Seam Fastball",-0.2,0,"20",31.3,"4","0.333","0.333","0.4",30,25,16.7,"0.257","0.331","0.366",50
"Alexander, Blaze",677942,"BAL","ST","Sweeper",-3.8,-1,"20",6,"4","0","0","0",50,50,33.3,"0.182","0.205","0.168",50
"Rooker, Brent",667670,"ATH","CU","Curveball",-0.5,0,"13",5.1,"4","0.333","0.333","0.225",33.3,25,25,"0.162","0.185","0.229",66.7
"Grisham, Trent",663757,"NYY","CU","Curveball",0.4,0,"38",7.1,"4","0.25","0.5","0.313",16.7,25,12.5,"0.158","0.304","0.193",33.3
"Winn, Masyn",691026,"STL","FS","Split-Finger",-7.6,-1,"8",1.5,"4","0","0","0",20,25,20,"0.184","0.198","0.178",0
"Butler, Lawrence",671732,"ATH","CU","Curveball",-2.4,0,"20",4.4,"4","0","0","0",33.3,75,42.9,"0.061","0.062","0.056",100
"Rodríguez, Johnathan",671286,"BAL","CH","Changeup",-3.1,-1,"17",30.9,"4","0","0","0.175",11.1,25,12.5,"0.175","0.219","0.302",0
"Mangum, Jake",663968,"PIT","FC","Cutter",-0.3,0,"21",7.3,"4","0.5","0.5","0.45",0,0,0,"0.206","0.225","0.192",0
"Pereira, Everson",677592,"CWS","SL","Slider",3.6,1,"22",9.3,"4","0.5","1.25","0.725",50,25,50,"0.345","1.04","0.571",33.3
"Fermín, José",665877,"STL","ST","Sweeper",-1.8,0,"22",12.9,"4","0","0","0",50,100,30.8,,,"0",
"Robles, Victor",645302,"SEA","FF","4-Seam Fastball",-2.7,0,"17",32.1,"4","0.25","0.25","0.225",11.1,25,16.7,"0.219","0.572","0.329",33.3
"Acuña, Luisangel",682668,"CWS","ST","Sweeper",2,0,"24",7.6,"4","0.5","0.5","0.45",33.3,0,0,"0.336","0.408","0.326",25
"Ramírez, Agustín",682663,"MIA","CU","Curveball",1.8,0,"25",5.1,"4","0.333","1.333","0.675",58.3,25,12.5,"0.361","1.202","0.658",50
"Refsnyder, Rob",608701,"SEA","SI","Sinker",-2.3,0,"13",7.4,"4","0.25","0.25","0.225",20,25,33.3,"0.37","0.468","0.363",33.3
"Gilbert, Drew",687551,"SF","CU","Curveball",-0.4,0,"20",9.5,"4","0.25","0.25","0.225",25,0,0,"0.388","0.625","0.432",75
"Domínguez, Jasson",691176,"NYY","SL","Slider",8.5,1,"6",7.2,"4","0.25","1","0.5",25,25,20,"0.195","0.295","0.214",66.7
"Gelof, Zack",680869,"ATH","ST","Sweeper",0.1,0,"10",6.1,"4","0.5","0.5","0.45",16.7,0,0,"0.289","0.305","0.262",25
"Hayes, Ke'Bryan",663647,"CIN","FC","Cutter",-2.4,-1,"22",6.9,"4","0.25","0.25","0.225",0,0,0,"0.14","0.157","0.132",0
"Bleday, JJ",668709,"CIN","FF","4-Seam Fastball",22.4,3,"13",13.3,"4","0.5","2","0.85",33.3,0,0,"0.41","1.575","0.757",50
"Myers, Dane",667472,"CIN","CH","Changeup",2.8,1,"26",11,"4","0.25","0.25","0.225",12.5,25,10,"0.541","1.242","0.749",66.7
"Susac, Daniel",691740,"SF","CU","Curveball",-3.7,0,"8",9.4,"4","0.25","0.25","0.225",0,25,100,"0.317","0.355","0.291",0
"O'Neill, Tyler",641933,"BAL","CH","Changeup",0.5,0,"21",9.9,"4","0.25","0.25","0.225",30,25,25,"0.079","0.212","0.122",33.3
"Basallo, Samuel",694212,"BAL","FS","Split-Finger",-3.7,0,"10",2.7,"4","0.25","0.25","0.225",40,25,50,"0.133","0.157","0.126",33.3
"Joe, Connor",656582,"SEA","CU","Curveball",10.3,1,"13",13.7,"4","0.667","1.667","0.9",40,25,12.5,"0.346","1.122","0.63",100
"Martínez, Angel",682657,"CLE","ST","Sweeper",-1.1,0,"29",6.4,"4","0.25","0.25","0.225",25,50,20,"0.114","0.133","0.109",50
"Kemp, Otto",805249,"PHI","FC","Cutter",-6.8,-1,"11",10.9,"4","0","0","0.175",60,75,75,,,"0.175",
"Donovan, Brendan",680977,"SEA","ST","Sweeper",-4.8,0,"7",2.7,"4","0","0","0.175",66.7,50,100,"0.047","0.047","0.207",0
"Heim, Jonah",641680,"ATL","FC","Cutter",-5.4,-1,"14",8.8,"4","0","0","0.175",0,0,0,"0.044","0.062","0.208",0
"Marchán, Rafael",665561,"PHI","CH","Changeup",-5.1,-1,"20",9.8,"4","0","0","0",30,50,33.3,"0.1","0.12","0.097",0
"Wood, James",695578,"WSH","FC","Cutter",-1.4,0,"28",4,"4","0.25","0.25","0.225",28.6,0,0,"0.465","1.118","0.66",75
"Shaw, Matt",807713,"CHC","CU","Curveball",-3.3,-1,"25",7.2,"4","0","0","0",33.3,50,28.6,"0.004","0.008","0.015",0
"García, Adolis",666969,"PHI","CH","Changeup",-1.5,-1,"44",7.7,"4","0","0","0",60,50,14.3,"0.025","0.026","0.023",0
"Raleigh, Cal",663728,"SEA","ST","Sweeper",-4.1,-1,"33",5.1,"4","0","0","0",30,75,21.4,"0.009","0.009","0.008",0
"Goodman, Hunter",696100,"COL","FS","Split-Finger",-5.7,-1,"21",4.3,"4","0","0","0",36.4,75,25,"0.178","0.215","0.171",100
"Rivas, Leo",660844,"SEA","FS","Split-Finger",-2.3,0,"16",3.5,"4","0","0","0.175",44.4,0,0,"0.337","0.393","0.414",0
"Fortes, Nick",663743,"TB","CU","Curveball",-2.3,-1,"22",7.2,"4","0.25","0.25","0.225",12.5,0,0,"0.477","0.592","0.466",50
"Garver, Mitch",641598,"SEA","FC","Cutter",-1.3,0,"29",12.6,"4","0","0","0",33.3,50,50,"0.004","0.006","0.005",0
"Feduccia, Hunter",676439,"TB","FS","Split-Finger",6.5,1,"16",9.5,"4","0.667","0.667","0.625",44.4,25,16.7,"0.35","0.395","0.424",0
"Realmuto, J.T.",592663,"PHI","FS","Split-Finger",-7.1,-1,"17",6.3,"4","0","0","0",41.7,50,25,"0.055","0.115","0.073",0
"Encarnacion, Jerar",666464,"SF","FF","4-Seam Fastball",-0.7,0,"35",22,"4","0.25","0.25","0.225",15.8,25,7.1,"0.159","0.202","0.157",33.3
"Rivas, Leo",660844,"SEA","ST","Sweeper",-2.2,-1,"26",5.6,"4","0","0","0.175",37.5,25,12.5,"0.086","0.097","0.234",0
"Espinal, Santiago",669289,"LAD","SI","Sinker",-2,0,"14",12.6,"4","0.25","0.25","0.225",14.3,0,0,"0.499","0.563","0.459",75
"Realmuto, J.T.",592663,"PHI","CU","Curveball",0,0,"16",5.9,"4","0","0","0.35",62.5,0,0,"0.175","0.345","0.457",50
"Reyes, Felix",694025,"PHI","SI","Sinker",-10.9,-1,"13",14.3,"4","0","0","0",14.3,0,0,"0.153","0.165","0.139",0
"Rushing, Dalton",687221,"LAD","FS","Split-Finger",-1.7,0,"10",5.2,"4","0.25","0.25","0.225",40,75,50,"0.139","0.152","0.126",100
"Wiemer, Joey",686894,"WSH","SL","Slider",0.1,0,"36",13.9,"4","0","0","0.35",30.8,50,16.7,,,"0.35",
"Sánchez, Gary",596142,"MIL","ST","Sweeper",-1,0,"33",8.4,"4","0","0","0.175",0,25,9.1,"0.251","0.338","0.366",50
"Williamson, Ben",810938,"TB","CU","Curveball",-1.4,0,"21",5.2,"4","0.25","0.25","0.225",33.3,25,14.3,"0.265","0.298","0.241",0
"Grichuk, Randal",545341,"CWS","SL","Slider",5,1,"15",12.4,"4","0.333","0.667","0.488",33.3,25,25,"0.262","0.333","0.368",50
"Hays, Austin",669720,"CWS","SI","Sinker",-0.9,0,"20",12,"4","0.25","0.5","0.313",20,0,0,"0.527","0.653","0.514",25
"DeLuca, Jonny",676356,"TB","CU","Curveball",-0.1,0,"20",7.4,"4","0.333","0.333","0.4",27.3,0,0,"0.246","0.43","0.391",33.3
"Kemp, Otto",805249,"PHI","SL","Slider",-4.2,-1,"14",13.9,"4","0.25","0.25","0.225",40,25,25,"0.371","0.431","0.349",0
"Mountcastle, Ryan",663624,"BAL","ST","Sweeper",8.6,1,"10",18.5,"4","0.5","0.75","0.538",14.3,25,25,"0.278","0.322","0.265",66.7
"Alexander, Blaze",677942,"BAL","FC","Cutter",-2.7,0,"16",4.8,"4","0.25","0.5","0.313",33.3,50,40,"0.149","0.219","0.159",100
"Joe, Connor",656582,"SEA","FF","4-Seam Fastball",-5.7,-1,"18",18.9,"4","0","0","0",22.2,75,42.9,"0.004","0.004","0.004",0
"Hoerner, Nico",663538,"CHC","FS","Split-Finger",-0.4,0,"17",3,"4","0.333","0.333","0.225",33.3,25,16.7,"0.323","0.389","0.232",0
"Romo, Drew",691011,"CWS","SI","Sinker",34.7,2,"7",9,"4","0.5","2","0.85",0,0,0,"0.423","1.151","0.678",50
"Rooker, Brent",667670,"ATH","FC","Cutter",2.1,0,"18",7,"4","0.5","0.5","0.45",0,0,0,"0.331","0.493","0.353",50
"Quero, Edgar",700337,"CWS","CU","Curveball",-0.5,0,"28",8.4,"4","0.25","0.25","0.225",50,25,14.3,"0.199","0.239","0.19",33.3
"Mullins, Cedric",656775,"TB","FS","Split-Finger",-1.7,0,"10",2.3,"4","0","0","0.175",20,25,25,"0.206","0.39","0.36",50
"Vilade, Ryan",668723,"TB","SI","Sinker",-2.5,-1,"28",14.4,"4","0","0","0.175",14.3,0,0,"0.118","0.133","0.258",33.3
"Fraley, Jake",641584,"TB","FS","Split-Finger",1.1,0,"11",3.6,"4","0","0","0.35",0,0,0,"0.273","0.3","0.476",0
"Hays, Austin",669720,"CWS","FC","Cutter",-3,0,"15",9,"4","0.25","0.25","0.225",50,25,25,"0.296","0.342","0.278",33.3
"Campusano, Luis",669134,"SD","FC","Cutter",10.1,2,"15",7.3,"4","0.5","1","0.625",33.3,25,50,"0.452","0.578","0.452",33.3
"Marchán, Rafael",665561,"PHI","SI","Sinker",-2.6,0,"11",5.4,"4","0.25","0.25","0.225",20,0,0,"0.291","0.501","0.334",25
"Joe, Connor",656582,"SEA","SL","Slider",1.6,0,"10",10.5,"4","0","0","0.35",0,0,0,"0.337","0.651","0.558",50
"Antonacci, Sam",803011,"CWS","CU","Curveball",3.5,1,"18",6.9,"4","0.5","0.5","0.45",0,25,16.7,"0.53","0.602","0.496",0
"Meidroth, Chase",805367,"CWS","FS","Split-Finger",9.2,1,"7",1.1,"4","0.5","0.5","0.45",25,25,25,"0.375","0.408","0.344",66.7
"Benintendi, Andrew",643217,"CWS","ST","Sweeper",-6.1,-1,"18",4.2,"4","0","0","0",36.4,50,33.3,"0.117","0.134","0.111",50
"Feduccia, Hunter",676439,"TB","CU","Curveball",-1.5,-1,"37",21.9,"4","0","0","0",50,100,28.6,,,"0",
"Heim, Jonah",641680,"ATL","FS","Split-Finger",-10.4,-1,"9",5.6,"4","0","0","0",20,0,0,"0.07","0.075","0.064",25
"Wilson, Weston",642215,"BAL","CH","Changeup",-2.2,-1,"30",31.6,"4","0.25","0.25","0.3",38.1,50,14.3,"0.309","0.441","0.321",50
"Julien, Edouard",666397,"COL","FS","Split-Finger",-7.1,-1,"11",2.6,"4","0","0","0",50,25,33.3,"0.076","0.141","0.094",33.3
"Brennan, Will",686823,"SF","FF","4-Seam Fastball",-9.1,-1,"14",48.3,"4","0","0","0",8.3,25,33.3,"0.11","0.124","0.1",33.3
"Bader, Harrison",664056,"SF","CH","Changeup",-6.2,-1,"14",6.8,"4","0","0","0",37.5,75,37.5,"0.047","0.056","0.045",0
"Taveras, Leody",665750,"BAL","FS","Split-Finger",8.4,1,"15",4.3,"4","0.75","0.75","0.675",22.2,0,0,"0.291","0.336","0.277",0
"Marchán, Rafael",665561,"PHI","CU","Curveball",-0.1,0,"15",7.4,"4","0","0","0.225",33.3,50,33.3,"0.148","0.206","0.153",50
"Kiner-Falefa, Isiah",643396,"BOS","SI","Sinker",-1.7,0,"18",14.1,"4","0","0","0.35",40,25,25,"0.007","0.007","0.353",0
"Naylor, Bo",666310,"CLE","FS","Split-Finger",-3.3,-1,"21",6,"4","0","0","0",71.4,50,40,"0.027","0.036","0.028",0
"Romo, Drew",691011,"CWS","CH","Changeup",-6.5,-1,"15",19.2,"4","0","0","0",33.3,25,25,"0.17","0.185","0.157",0
"Hedges, Austin",595978,"CLE","CH","Changeup",-2.5,0,"14",7.9,"4","0","0","0.225",12.5,0,0,"0.382","0.424","0.351",50
"Wynns, Austin",642851,"ATH","SL","Slider",-2.3,-1,"22",15.7,"4","0.25","0.25","0.225",50,25,16.7,"0.249","0.306","0.243",33.3
"Quero, Edgar",700337,"CWS","FS","Split-Finger",-12.5,-1,"7",2.1,"4","0","0","0",0,25,25,"0.084","0.179","0.116",0
"Gelof, Zack",680869,"ATH","FC","Cutter",-2.3,0,"14",8.5,"4","0.333","0.333","0.3",22.2,0,,"0.32","0.408","0.313",0
"Turang, Brice",668930,"MIL","ST","Sweeper",-2.7,-1,"23",3.8,"4","0","0","0",25,50,20,"0.107","0.114","0.096",50
"Monasterio, Andruw",655316,"BOS","FC","Cutter",-5.2,-1,"16",6.6,"4","0","0","0",11.1,0,0,"0.267","0.333","0.258",25
"Cortes, Carlos",666126,"ATH","CU","Curveball",4.4,1,"20",5.7,"4","0.5","0.75","0.538",14.3,0,,"0.186","0.207","0.168",50
"Durbin, Caleb",702332,"BOS","CU","Curveball",-3.2,-1,"21",4.7,"4","0","0","0",0,0,0,"0.092","0.13","0.096",0
"Walker, Jordan",691023,"STL","CU","Curveball",-0.5,0,"29",5.4,"4","0.25","0.5","0.313",63.6,75,27.3,"0.241","0.269","0.223",0
"Valera, George",671655,"CLE","FS","Split-Finger",-8.1,-1,"11",9.2,"4","0","0","0",0,0,0,"0.086","0.092","0.081",25
"Suzuki, Seiya",673548,"CHC","FC","Cutter",5.3,1,"19",5,"4","0.25","1","0.5",37.5,25,33.3,"0.218","0.677","0.368",33.3
"Hedges, Austin",595978,"CLE","CU","Curveball",-4.9,-1,"17",9.6,"4","0","0","0",20,25,14.3,"0.203","0.228","0.191",33.3
"Narváez, Carlos",665966,"BOS","FC","Cutter",-1.2,0,"22",7.2,"4","0.25","0.25","0.225",54.5,25,20,"0.093","0.101","0.085",0
"Yastrzemski, Mike",573262,"ATL","FS","Split-Finger",-10.4,-1,"10",2.3,"4","0","0","0",28.6,0,0,"0.115","0.136","0.108",0
"Rengifo, Luis",650859,"MIL","FS","Split-Finger",-10.5,-1,"10",2.4,"4","0","0","0",42.9,25,50,"0.149","0.154","0.135",33.3
"Wilson, Jacob",805779,"ATH","FS","Split-Finger",3.2,0,"8",1.7,"4","0.25","0.5","0.313",25,25,25,"0.117","0.138","0.113",33.3
"Bazzana, Travis",683953,"CLE","SI","Sinker",-3,0,"11",11.5,"4","0","0","0.175",0,0,0,"0.108","0.116","0.248",33.3
"Bazzana, Travis",683953,"CLE","FC","Cutter",-1.7,0,"15",15.6,"4","0","0","0.175",14.3,25,25,"0.204","0.251","0.322",50
"Wong, Connor",657136,"BOS","CU","Curveball",2.2,0,"22",13,"4","0.333","0.667","0.488",12.5,0,0,"0.212","0.446","0.384",33.3
"Santana, Carlos",467793,"AZ","SL","Slider",-5.4,-1,"13",12.3,"4","0","0","0",71.4,75,42.9,"0.058","0.117","0.073",100
"Collins, Isaac",686555,"KC","FS","Split-Finger",-0.7,0,"11",2.5,"4","0","0","0.175",100,75,42.9,,,"0.175",
"Clemens, Kody",665019,"MIN","FC","Cutter",-3.5,-1,"28",7.3,"4","0","0","0.175",33.3,25,20,"0.173","0.218","0.306",0
"Heim, Jonah",641680,"ATL","CU","Curveball",7.9,1,"11",6.9,"4","0.25","1","0.5",14.3,0,0,"0.28","0.881","0.477",25
"Whitcomb, Shay",694376,"HOU","SI","Sinker",0.8,0,"13",24.5,"4","0.25","1","0.5",33.3,25,50,"0.235","0.858","0.447",33.3
"Straw, Myles",664702,"TOR","CU","Curveball",3.1,0,"11",4.7,"4","0.5","0.5","0.45",25,25,33.3,"0.523","0.661","0.513",66.7
"Marte, Noelvi",682622,"CIN","CU","Curveball",-4.1,0,"12",9.6,"4","0","0","0.175",33.3,25,25,"0.159","0.178","0.284",0
"Buxton, Byron",621439,"MIN","FS","Split-Finger",1,0,"21",4,"4","0","0","0.35",40,25,7.1,"0.074","0.077","0.383",0
"Hamilton, David",666152,"MIL","CU","Curveball",-1.5,0,"26",6.3,"4","0","0","0",50,75,25,"0.043","0.044","0.038",0
"Rocchio, Brayan",677587,"CLE","CU","Curveball",3.4,1,"40",7.9,"4","0.333","0.667","0.713",40,25,8.3,"0.132","0.133","0.264",0
"Schanuel, Nolan",694384,"LAA","FS","Split-Finger",1.8,0,"15",2.7,"4","0.5","0.5","0.45",28.6,25,16.7,"0.276","0.308","0.254",33.3
"Bart, Joey",663698,"PIT","CH","Changeup",-3.6,-1,"16",8.6,"4","0","0","0",33.3,50,33.3,"0.061","0.066","0.056",0
"Conine, Griffin",665052,"MIA","FF","4-Seam Fastball",8.1,1,"15",16.7,"4","0.333","1.333","0.675",14.3,50,50,"0.31","1.123","0.616",100
"Allen, Nick",669397,"HOU","SI","Sinker",2.6,0,"17",25.4,"4","0.5","0.5","0.45",0,0,,"0.249","0.284","0.234",50
"Triolo, Jared",669707,"PIT","ST","Sweeper",-5.3,-1,"13",12.4,"4","0","0","0.175",50,25,20,"0.105","0.132","0.249",50
"Soderstrom, Tyler",691016,"ATH","ST","Sweeper",3.2,1,"34",6.9,"4","0.5","1.5","0.813",10,0,0,"0.398","1.066","0.605",50
"Teodosio, Bryce",669326,"LAA","FC","Cutter",-7.9,-1,"8",6.3,"4","0.25","0.25","0.225",37.5,25,100,"0.263","0.318","0.256",0
"Yorke, Nick",694377,"PIT","FS","Split-Finger",-9.3,-1,"10",3.3,"4","0","0","0",57.1,50,66.7,"0.072","0.083","0.068",0
"Harris, Dustin",687957,"HOU","ST","Sweeper",-0.1,0,"25",13.2,"4","0.333","0.333","0.4",11.1,25,14.3,"0.4","0.461","0.455",0
"Martin, Austin",668885,"MIN","ST","Sweeper",3.8,1,"18",4.3,"4","0.25","0.5","0.313",0,0,0,"0.234","0.262","0.216",25
"Gurriel Jr., Lourdes",666971,"AZ","CH","Changeup",-5.4,-1,"18",11.3,"4","0","0","0",60,50,22.2,"0.14","0.19","0.145",50
"Trammell, Taylor",666211,"HOU","ST","Sweeper",-6.1,-1,"15",13.6,"4","0.25","0.25","0.225",14.3,0,0,"0.383","0.553","0.406",25
"Campusano, Luis",669134,"SD","CU","Curveball",-4.5,-1,"16",7.8,"4","0","0","0",42.9,75,60,"0.014","0.015","0.013",0
"Barger, Addison",680718,"TOR","CU","Curveball",-2,0,"19",20.2,"4","0","0","0.175",16.7,0,0,"0.42","0.631","0.569",66.7
"Clemens, Kody",665019,"MIN","ST","Sweeper",-0.3,0,"27",7,"4","0","0","0.175",16.7,50,15.4,"0.066","0.07","0.223",0
"Harris, Dustin",687957,"HOU","FC","Cutter",2.2,0,"12",6.3,"4","1","1","0.767",20,0,,"0.417","0.463","0.592",50
"Vivas, Jorbit",678391,"WSH","ST","Sweeper",-3.7,0,"11",3.9,"4","0","0","0.175",16.7,25,16.7,"0.11","0.141","0.255",50
"Gray, Tristan",656484,"MIN","FC","Cutter",15.9,2,"14",5.8,"4","1","3","1.633",14.3,0,0,"0.73","1.872","1.089",75
"Gelof, Zack",680869,"ATH","CU","Curveball",-9.6,-1,"7",4.3,"4","0","0","0",33.3,50,100,"0.001","0.001","0.001",0
"Jiménez, Eloy",650391,"TOR","CH","Changeup",-17,-1,"7",5.4,"4","0","0","0",16.7,0,0,"0.152","0.214","0.156",50
"Devers, Rafael",646240,"SF","CU","Curveball",-1.1,0,"21",3.6,"4","0.25","0.25","0.225",0,25,11.1,"0.224","0.253","0.211",0
"Outman, James",681546,"MIN","FS","Split-Finger",-2.3,0,"8",6.2,"4","0.25","0.5","0.313",42.9,50,50,"0.224","0.279","0.217",50
"Loperfido, Joey",694388,"HOU","CU","Curveball",-1.4,0,"22",8.1,"4","0.25","0.25","0.225",33.3,25,20,"0.218","0.245","0.205",33.3
"Gray, Tristan",656484,"MIN","CU","Curveball",-1.8,0,"21",8.6,"4","0","0","0.175",50,0,0,"0.216","0.22","0.321",33.3
"Hamilton, David",666152,"MIL","ST","Sweeper",-1.9,-1,"31",7.6,"4","0","0","0",30,25,14.3,"0.223","0.463","0.289",33.3
"Loperfido, Joey",694388,"HOU","CH","Changeup",0,0,"31",11.5,"4","0.25","0.25","0.225",50,25,10,"0.19","0.221","0.181",0
"Sheets, Gavin",657757,"SD","ST","Sweeper",0.1,0,"26",6.4,"4","0.25","0.25","0.225",57.1,50,28.6,"0.22","0.266","0.213",50
"Kim, Hyeseong",808975,"LAD","FS","Split-Finger",-3.1,-1,"20",6.9,"4","0","0","0",60,75,50,"0.089","0.105","0.086",0
"Pages, Andy",681624,"LAD","FS","Split-Finger",6.8,1,"18",3,"4","1","1","0.675",25,0,0,"0.785","0.874","0.693",50
"Myers, Dane",667472,"CIN","FC","Cutter",-2,0,"18",7.6,"4","0","0","0.35",20,0,0,"0.147","0.175","0.418",0
"Bart, Joey",663698,"PIT","FC","Cutter",0.8,0,"21",11.4,"4","0.333","0.333","0.4",20,0,0,"0.479","1.027","0.652",33.3
"Ortiz, Joey",687401,"MIL","CH","Changeup",-3.1,0,"15",4.7,"4","0","0","0",28.6,25,25,"0.118","0.128","0.107",0
"Melendez, MJ",669004,"NYM","CU","Curveball",-0.5,0,"28",17.1,"3","0.333","0.333","0.3",22.2,33.3,16.7,"0.205","0.291","0.214",50
"Sanoja, Javier",691594,"MIA","CU","Curveball",1.1,0,"20",7.4,"3","0.333","0.333","0.3",16.7,0,0,"0.325","0.39","0.307",33.3
"Frazier, Adam",624428,"LAA","FC","Cutter",6.3,1,"16",6.3,"3","0.667","1","0.717",0,0,0,"0.208","0.366","0.254",33.3
"Conine, Griffin",665052,"MIA","SL","Slider",1.2,0,"8",8.9,"3","0.333","0.333","0.3",20,0,0,"0.537","1.083","0.681",66.7
"Teodosio, Bryce",669326,"LAA","ST","Sweeper",1.2,0,"12",9.5,"3","0.333","0.333","0.3",75,66.7,40,"0.145","0.163","0.135",100
"Frazier, Adam",624428,"LAA","FS","Split-Finger",9.1,1,"7",2.8,"3","0.5","0.5","0.533",50,33.3,25,"0.137","0.157","0.316",0
"d'Arnaud, Travis",518595,"LAA","CU","Curveball",-0.6,0,"5",3.6,"3","0.333","0.333","0.3",25,0,0,"0.196","0.22","0.189",0
"Ruiz, Esteury",665923,"MIA","ST","Sweeper",-0.8,0,"10",20,"3","0.333","0.333","0.3",25,33.3,25,"0.364","0.465","0.367",50
"Morel, Christopher",666624,"MIA","ST","Sweeper",-1.4,0,"14",29.2,"3","0.333","0.333","0.3",60,33.3,100,"0.316","0.338","0.288",0
"Grissom, Vaughn",687093,"LAA","CU","Curveball",-3.9,0,"12",5.8,"3","0","0","0",0,0,0,"0.053","0.061","0.049",0
"Ruiz, Esteury",665923,"MIA","SL","Slider",2.7,0,"6",12,"3","0.333","0.667","0.417",60,66.7,66.7,"0.222","0.308","0.226",100
"Teodosio, Bryce",669326,"LAA","CU","Curveball",-10.2,-1,"7",5.6,"3","0","0","0",60,100,100,,,"0",
"Díaz, Elias",553869,"KC","CH","Changeup",15.2,1,"7",16.3,"3","0.333","1.333","0.667",25,0,0,"0.212","0.533","0.311",66.7
"Yelich, Christian",592885,"MIL","ST","Sweeper",-3.1,0,"14",5.7,"3","0","0","0",60,66.7,66.7,"0.036","0.04","0.035",0
"Ortiz, Joey",687401,"MIL","CU","Curveball",-6.3,-1,"11",3.4,"3","0","0","0",20,0,0,"0.18","0.191","0.165",0
"Turang, Brice",668930,"MIL","SV","Slurve",6.6,1,"10",1.7,"3","0.667","0.667","0.6",0,0,0,"0.3","0.428","0.312",33.3
"Abrams, CJ",682928,"WSH","SV","Slurve",4.6,1,"13",2.4,"3","0.667","0.667","0.6",37.5,0,0,"0.548","0.689","0.533",33.3
"Yelich, Christian",592885,"MIL","SV","Slurve",0.1,0,"7",2.8,"3","0.333","0.333","0.3",20,0,0,"0.307","0.422","0.308",33.3
"Riley, Austin",663586,"ATL","FS","Split-Finger",-2.2,0,"15",2.4,"3","0","0","0",40,66.7,20,"0.003","0.005","0.003",0
"Perkins, Blake",663368,"MIL","SI","Sinker",1.5,0,"20",9.4,"3","0.5","0.5","0.533",0,33.3,33.3,"0.367","0.391","0.46",0
"Yelich, Christian",592885,"MIL","CH","Changeup",1.3,0,"22",8.9,"3","0.5","0.5","0.533",44.4,33.3,12.5,"0.099","0.106","0.294",100
"Díaz, Elias",553869,"KC","FF","4-Seam Fastball",5.2,1,"17",39.5,"3","0.5","1","0.65",25,0,0,"0.342","0.57","0.488",50
"Black, Tyler",672012,"MIL","FC","Cutter",14.7,2,"13",17.1,"3","1","1.667","1.133",37.5,0,0,"0.136","0.19","0.14",0
"Massey, Michael",686681,"KC","FC","Cutter",4.3,1,"21",7.8,"3","0.667","1.333","0.833",8.3,0,0,"0.394","0.656","0.449",66.7
"Díaz, Elias",553869,"KC","SL","Slider",16.5,1,"6",14,"3","0.667","1","0.717",0,0,0,"0.454","0.512","0.427",33.3
"Loftin, Nick",679845,"KC","ST","Sweeper",6.8,1,"15",9.6,"3","0.5","0.5","0.833",25,0,0,"0.572","0.608","0.578",0
"Loftin, Nick",679845,"KC","FS","Split-Finger",-0.4,0,"7",4.5,"3","0.333","0.333","0.3",0,0,0,"0.343","0.392","0.323",66.7
"Wynns, Austin",642851,"ATH","CU","Curveball",-5.9,-1,"9",6.4,"3","0","0","0",50,33.3,33.3,"0.304","0.339","0.286",0
"Marte, Starling",516782,"KC","ST","Sweeper",-13.4,-1,"5",3.6,"3","0","0","0",0,33.3,50,"0.228","0.468","0.293",50
"Jones, Greg",675659,"MIL","SL","Slider",-1.3,0,"12",16.2,"3","0.333","0.333","0.3",50,33.3,20,"0.309","0.363","0.291",50
"Thomas, Lane",657041,"KC","FS","Split-Finger",-5,0,"8",2.3,"3","0","0","0",0,33.3,16.7,"0.064","0.076","0.059",0
"India, Jonathan",663697,"KC","SL","Slider",-1.8,0,"21",8.9,"3","0","0","0",66.7,66.7,25,"0.087","0.087","0.078",0
"House, Brady",691781,"WSH","FS","Split-Finger",-6.3,0,"4",0.8,"3","0.333","0.333","0.3",0,0,,"0.417","0.459","0.382",33.3
"Isbel, Kyle",664728,"KC","ST","Sweeper",-3.7,-1,"22",6.3,"3","0","0","0",20,33.3,14.3,"0.052","0.061","0.047",0
"Young, Jacob",696285,"WSH","FC","Cutter",-3.7,-1,"17",3.9,"3","0.333","0.333","0.3",11.1,0,0,"0.252","0.278","0.227",0
"Loftin, Nick",679845,"KC","FC","Cutter",-7.6,-1,"12",7.6,"3","0","0","0",16.7,0,0,"0.233","0.357","0.254",66.7
"Perez, Salvador",521692,"KC","FS","Split-Finger",-5.5,-1,"14",2.6,"3","0","0","0",33.3,33.3,16.7,"0.02","0.021","0.019",0
"Vivas, Jorbit",678391,"WSH","FC","Cutter",0.3,0,"13",4.6,"3","0.5","0.5","0.3",0,0,0,"0.184","0.194","0.14",33.3
"Collins, Isaac",686555,"KC","ST","Sweeper",-3.5,-1,"15",3.5,"3","0","0","0",33.3,100,50,,,"0",
"Kreidler, Ryan",668952,"MIN","CH","Changeup",1.5,0,"12",15.6,"3","0","0","0.233",25,0,0,"0.116","0.16","0.315",0
"Gray, Tristan",656484,"MIN","FS","Split-Finger",-3,0,"10",4.1,"3","0","0","0",75,66.7,40,"0.14","0.25","0.165",100
"Caratini, Victor",605170,"MIN","CU","Curveball",0,0,"36",9.8,"3","0","0","0",14.3,33.3,9.1,"0.118","0.175","0.36",50
"Outman, James",681546,"MIN","CU","Curveball",-6.6,-1,"11",8.5,"3","0","0","0",60,66.7,66.7,"0.026","0.028","0.024",0
"Trammell, Taylor",666211,"HOU","SI","Sinker",9.4,1,"12",10.9,"3","0.667","1.333","0.833",0,33.3,100,"0.169","0.228","0.171",50
"García Jr., Luis",671277,"WSH","FC","Cutter",-0.4,0,"11",2.8,"3","0.333","0.333","0.3",14.3,0,0,"0.248","0.3","0.246",33.3
"Lee, Brooks",686797,"MIN","FS","Split-Finger",2.9,0,"11",2.3,"3","0.333","0.333","0.3",0,0,0,"0.038","0.042","0.037",0
"Trammell, Taylor",666211,"HOU","CU","Curveball",0,0,"11",10,"3","0.333","0.333","0.3",50,33.3,33.3,"0.215","0.242","0.203",50
"Johnson, Daniel",669288,"HOU","SI","Sinker",9.2,1,"6",11.3,"3","0.5","0.5","0.533",0,0,,"0.469","0.512","0.524",100
"Vázquez, Christian",543877,"HOU","SL","Slider",1.8,1,"33",12.5,"3","0.333","0.333","0.3",25,33.3,10,"0.257","0.291","0.231",0
"Harris, Dustin",687957,"HOU","FS","Split-Finger",10.2,1,"5",2.6,"3","0.5","0.5","0.3",25,33.3,25,"0.483","0.503","0.355",0
"Vázquez, Christian",543877,"HOU","CU","Curveball",3.7,0,"11",4.2,"3","0.333","0.333","0.3",50,66.7,50,"0.068","0.074","0.061",100
"Allen, Nick",669397,"HOU","FC","Cutter",0.2,0,"5",7.5,"3","0.333","0.333","0.3",0,0,,"0.257","0.372","0.27",33.3
"Peña, Jeremy",665161,"HOU","FS","Split-Finger",12.8,1,"7",3.9,"3","0.667","0.667","0.6",0,0,0,"0.441","0.501","0.414",33.3
"Whitcomb, Shay",694376,"HOU","FF","4-Seam Fastball",-3.2,-1,"17",32.1,"3","0","0","0.233",33.3,33.3,25,"0.01","0.021","0.243",0
"Harris, Dustin",687957,"HOU","SI","Sinker",-4.8,-1,"21",11.1,"3","0","0","0.233",9.1,0,0,"0.18","0.423","0.402",50
"Taylor, Tyrone",621438,"NYM","ST","Sweeper",-3.1,-1,"17",7,"3","0","0","0",20,0,0,"0.34","0.377","0.32",33.3
"Lindor, Francisco",596019,"NYM","ST","Sweeper",-3.2,0,"15",3.3,"3","0","0","0.233",20,0,0,"0.123","0.147","0.31",50
"Meyers, Jake",676694,"HOU","ST","Sweeper",-0.6,0,"17",11.3,"3","0","0","0.233",42.9,33.3,20,"0.054","0.072","0.272",0
"Melendez, MJ",669004,"NYM","ST","Sweeper",-2.1,0,"13",7.9,"3","0","0","0.233",50,33.3,25,"0.004","0.007","0.236",0
"Torrens, Luis",620443,"NYM","FS","Split-Finger",-10.3,-1,"7",4.9,"3","0","0","0",0,0,0,"0.227","0.345","0.246",66.7
"Robert Jr., Luis",673357,"NYM","CH","Changeup",0.7,0,"27",7.1,"3","0","0","0.233",38.5,33.3,10,"0.196","0.393","0.396",100
"Young, Jared",676724,"NYM","SL","Slider",-11.1,-1,"5",5.7,"3","0","0","0",66.7,66.7,66.7,"0.02","0.022","0.02",0
"Young, Jared",676724,"NYM","CU","Curveball",-4.3,-1,"13",14.9,"3","0","0","0",42.9,0,0,"0.342","0.357","0.313",33.3
"Slater, Austin",596103,"NYM","SL","Slider",4.6,1,"13",8.5,"3","0.667","0.667","0.6",0,0,0,"0.126","0.157","0.123",0
"Correa, Carlos",621043,"HOU","FS","Split-Finger",-6,0,"8",1.4,"3","0","0","0",75,66.7,40,"0.179","0.192","0.161",0
"Smith, Cam",701358,"HOU","FS","Split-Finger",-5.2,0,"9",1.5,"3","0","0","0",25,33.3,16.7,"0.049","0.056","0.048",0
"Young, Jared",676724,"NYM","ST","Sweeper",8.3,1,"9",10.3,"3","0.667","1","0.717",16.7,0,0,"0.274","0.681","0.394",33.3
"Slater, Austin",596103,"NYM","CU","Curveball",3.9,0,"8",5.2,"3","0.333","0.667","0.417",33.3,33.3,25,"0.368","0.429","0.349",0
"Pérez, Wenceel",672761,"DET","ST","Sweeper",-0.2,0,"8",3.6,"3","0.333","0.333","0.3",25,33.3,33.3,"0.4","0.457","0.377",100
"Torres, Gleyber",650402,"DET","CU","Curveball",1.8,1,"33",5.4,"3","0.333","0.333","0.3",28.6,33.3,12.5,"0.353","0.377","0.324",0
"McGonigle, Kevin",805808,"DET","FS","Split-Finger",4,1,"18",2.9,"3","0.333","0.667","0.417",16.7,0,0,"0.43","0.667","0.471",66.7
"Torrens, Luis",620443,"NYM","FC","Cutter",-0.5,0,"10",7,"3","0.333","0.333","0.3",40,33.3,50,"0.387","0.453","0.368",50
"Young, Jared",676724,"NYM","SI","Sinker",1.9,0,"11",12.6,"3","0.5","0.5","0.533",0,0,0,"0.41","0.459","0.486",100
"Báez, Javier",595879,"DET","FS","Split-Finger",7.6,1,"12",4.3,"3","0.667","1","0.717",28.6,0,0,"0.445","0.513","0.411",0
"Torkelson, Spencer",679529,"DET","FS","Split-Finger",0.2,0,"10",1.7,"3","0.333","0.333","0.3",40,66.7,28.6,"0.32","0.36","0.296",0
"Chisholm Jr., Jazz",665862,"NYY","FS","Split-Finger",-2.6,-1,"28",5,"3","0","0","0",33.3,66.7,15.4,"0.122","0.14","0.11",0
"Goldschmidt, Paul",502671,"NYY","CU","Curveball",-1.3,0,"21",11,"3","0","0","0",16.7,0,0,"0.417","0.566","0.429",66.7
"Escarra, J.C.",641555,"NYY","ST","Sweeper",-2.2,0,"17",11.6,"3","0","0","0",66.7,66.7,33.3,"0.083","0.095","0.089",0
"Rice, Ben",700250,"NYY","FS","Split-Finger",-2.8,-1,"25",4.6,"3","0","0","0",50,66.7,28.6,"0.046","0.054","0.042",0
"Stanton, Giancarlo",519317,"NYY","FC","Cutter",-1.3,0,"17",4.4,"3","0","0","0.467",40,0,,"0.269","0.3","0.551",0
"Lee, Hao-Yu ",701678,"DET","ST","Sweeper",-4.2,0,"11",7.3,"3","0","0","0",20,33.3,20,"0.126","0.16","0.126",0
"Meadows, Parker",678009,"DET","FS","Split-Finger",-7.8,-1,"12",7.4,"3","0","0","0",71.4,66.7,33.3,"0.06","0.069","0.059",0
"Torres, Gleyber",650402,"DET","SV","Slurve",-1.2,0,"11",1.8,"3","0","0","0.233",0,0,0,"0.245","0.732","0.504",50
"Keith, Colt",690993,"DET","FS","Split-Finger",-3.7,0,"13",3.4,"3","0","0","0",50,33.3,50,"0.124","0.155","0.118",50
"Lee, Hao-Yu ",701678,"DET","SL","Slider",-5.1,-1,"12",8,"3","0","0","0",62.5,66.7,40,"0.003","0.009","0.005",0
"Pérez, Wenceel",672761,"DET","CU","Curveball",-3.2,-1,"17",7.6,"3","0","0","0",16.7,0,0,"0.111","0.219","0.14",33.3
"Torkelson, Spencer",679529,"DET","SV","Slurve",-7,-1,"10",1.7,"3","0","0","0",33.3,33.3,100,"0.082","0.085","0.075",0
"Báez, Javier",595879,"DET","SV","Slurve",-7.5,-1,"10",3.6,"3","0","0","0",33.3,33.3,25,"0.198","0.203","0.181",0
"Wells, Austin",669224,"NYY","ST","Sweeper",0.7,0,"19",4.6,"3","0.333","0.333","0.3",22.2,33.3,7.7,"0.257","0.296","0.234",0
"Caballero, José",676609,"NYY","FS","Split-Finger",13.4,2,"18",3.6,"3","0.667","2","1.383",35.7,0,0,"0.483","1.615","0.859",66.7
"Sosa, Edmundo",624641,"PHI","FC","Cutter",-15.3,-1,"5",2.8,"3","0","0","0",0,0,,"0.339","0.385","0.314",66.7
"García, Adolis",666969,"PHI","FC","Cutter",-3.7,-1,"31",5.4,"3","0","0","0",28.6,33.3,12.5,"0.018","0.059","0.242",50
"Stubbs, Garrett",596117,"PHI","SI","Sinker",-7.2,-1,"10",16.1,"3","0","0","0",0,0,0,"0.298","0.329","0.184",33.3
"Marchán, Rafael",665561,"PHI","FS","Split-Finger",-8.4,-1,"8",3.9,"3","0","0","0",40,66.7,40,"0.2","0.231","0.191",100
"Reyes, Felix",694025,"PHI","ST","Sweeper",-4,-1,"14",15.4,"3","0","0","0",66.7,66.7,33.3,"0.026","0.034","0.023",0
"Clarke, Denzel",672016,"ATH","FC","Cutter",-1.9,0,"10",4.1,"3","0.5","0.5","0.45",14.3,0,0,"0.673","0.962","0.697",66.7
"Marchán, Rafael",665561,"PHI","FC","Cutter",-9,-1,"11",5.4,"3","0","0","0",12.5,0,0,"0.198","0.228","0.185",0
"Sosa, Edmundo",624641,"PHI","FS","Split-Finger",-10.6,-1,"7",3.9,"3","0","0","0",57.1,66.7,66.7,"0.086","0.095","0.079",0
"Stubbs, Garrett",596117,"PHI","SL","Slider",7.3,1,"9",14.5,"3","0.667","0.667","0.6",20,0,0,"0.503","0.609","0.486",33.3
"Sosa, Edmundo",624641,"PHI","CU","Curveball",1.9,0,"16",9,"3","0.333","0.333","0.3",20,0,0,"0.391","0.491","0.381",66.7
"Marsh, Brandon",669016,"PHI","FC","Cutter",0.4,0,"29",7,"3","0.667","1","0.717",12.5,0,0,"0.416","0.599","0.436",66.7
"Hill, Derek",656537,"CWS","SI","Sinker",-3.1,-1,"25",15.2,"3","0","0","0",23.1,33.3,33.3,"0.218","0.253","0.204",0
"Grichuk, Randal",545341,"CWS","SI","Sinker",-7,-1,"14",11.6,"3","0","0","0",16.7,33.3,50,"0.144","0.372","0.216",50
"McGuire, Reese",624512,"CWS","CU","Curveball",-1.9,0,"9",8.2,"3","0","0","0.233",0,0,0,"0.192","0.199","0.348",0
"Acuña, Luisangel",682668,"CWS","CU","Curveball",-2.6,0,"14",4.4,"3","0","0","0",0,0,0,"0.106","0.113","0.097",0
"Cruz, Oneil",665833,"PIT","FS","Split-Finger",-1.6,0,"22",3.5,"3","0","0","0.233",66.7,33.3,11.1,"0.056","0.061","0.269",100
"Julien, Edouard",666397,"COL","SI","Sinker",5.2,2,"33",7.7,"3","0.667","2","1.083",14.3,0,0,"0.502","1.566","0.851",66.7
"Bart, Joey",663698,"PIT","ST","Sweeper",9.4,1,"11",5.9,"3","0.333","1.333","0.667",25,66.7,33.3,"0.095","0.335","0.176",100
"Lowe, Brandon",664040,"PIT","FS","Split-Finger",1,0,"6",1.1,"3","0.333","0.333","0.3",25,0,0,"0.165","0.179","0.153",0
"Triolo, Jared",669707,"PIT","SL","Slider",1.1,0,"17",16.2,"3","0.333","0.333","0.45",16.7,0,0,"0.222","0.249","0.204",0
"Freeman, Tyler",671289,"COL","CU","Curveball",1.6,0,"14",5.5,"3","0.333","0.333","0.3",25,33.3,25,"0.255","0.407","0.281",100
"Moniak, Mickey",666160,"COL","FS","Split-Finger",0.8,0,"14",3.5,"3","0.333","0.333","0.3",33.3,0,0,"0.321","0.375","0.3",0
"Cook, Billy",695257,"PIT","FF","4-Seam Fastball",-6.1,-1,"12",30.8,"3","0.333","0.333","0.3",55.6,33.3,33.3,"0.229","0.284","0.216",50
"Mangum, Jake",663968,"PIT","ST","Sweeper",2.8,0,"11",3.8,"3","0.5","0.5","0.533",25,0,0,"0.158","0.164","0.328",0
"Sullivan, Brett",664954,"COL","FC","Cutter",-12.4,-1,"8",4.3,"3","0","0","0",20,0,0,"0.245","0.522","0.316",33.3
"Doyle, Brenton",686668,"COL","FS","Split-Finger",-8.3,-1,"8",2.3,"3","0","0","0",50,33.3,50,"0.208","0.244","0.194",50
"Castellanos, Nick",592206,"SD","CH","Changeup",-1.6,0,"21",8.5,"3","0","0","0",44.4,33.3,20,"0.269","0.374","0.28",100
"Johnson, Bryce",669369,"SD","CU","Curveball",-6.1,-1,"10",10.5,"3","0","0","0",25,33.3,33.3,"0.047","0.073","0.052",0
"Fermin, Freddy",666023,"SD","FC","Cutter",-8.1,-1,"10",3.7,"3","0","0","0",14.3,0,0,"0.333","0.69","0.431",33.3
"Hoskins, Rhys",656555,"CLE","FS","Split-Finger",7.7,1,"12",2.8,"3","0.667","1","0.717",37.5,33.3,16.7,"0.367","0.552","0.396",50
"Kayfus, CJ",692216,"CLE","CU","Curveball",1.5,0,"11",10.2,"3","0.333","0.667","0.417",33.3,66.7,66.7,"0.017","0.042","0.025",0
"Valera, George",671655,"CLE","FC","Cutter",-0.5,0,"11",9.2,"3","0.333","0.333","0.3",28.6,33.3,33.3,"0.213","0.244","0.192",0
"Valera, George",671655,"CLE","ST","Sweeper",0.5,0,"8",6.7,"3","0.333","0.333","0.3",0,33.3,100,"0.085","0.099","0.078",0
"Fermin, Freddy",666023,"SD","CU","Curveball",0.2,0,"24",8.8,"3","0.5","0.5","0.3",44.4,0,0,"0.342","0.387","0.218",0
"Campusano, Luis",669134,"SD","CH","Changeup",-0.2,0,"25",12.1,"3","0.333","0.333","0.3",38.5,66.7,25,"0.325","0.37","0.303",0
"Campusano, Luis",669134,"SD","SL","Slider",10.3,2,"17",8.3,"3","0.667","1.667","0.967",44.4,33.3,33.3,"0.451","0.873","0.56",100
"Rocchio, Brayan",677587,"CLE","FS","Split-Finger",-0.9,0,"20",3.9,"3","0","0","0",20,0,0,"0.374","0.401","0.342",33.3
"France, Ty",664034,"SD","FC","Cutter",6.2,0,"7",3.7,"3","0.333","1.333","0.667",25,0,,"0.493","1.862","0.963",100
"Valera, George",671655,"CLE","SL","Slider",-8,-1,"11",9.2,"3","0","0","0",44.4,66.7,50,"0.001","0.001","0.001",0
"Naylor, Josh",647304,"SEA","ST","Sweeper",-3.4,0,"14",3.1,"3","0","0","0",33.3,33.3,20,"0.18","0.216","0.173",0
"Hernaiz, Darell",687231,"ATH","ST","Sweeper",14.7,2,"15",6.3,"3","0.333","1.333","0.667",33.3,33.3,25,"0.106","0.359","0.189",50
"DeLauter, Chase",800050,"CLE","FS","Split-Finger",-2.2,0,"20",4,"3","0","0","0",20,0,0,"0.299","0.33","0.27",0
"Refsnyder, Rob",608701,"SEA","ST","Sweeper",16.5,2,"11",6.3,"3","0.5","2","0.9",66.7,33.3,20,"0.449","1.766","0.836",100
"Naylor, Bo",666310,"CLE","ST","Sweeper",-2,-1,"32",9.1,"3","0","0","0",38.5,100,27.3,,,"0",
"Arias, Gabriel",672356,"CLE","ST","Sweeper",-4.6,-1,"12",9.4,"3","0","0","0",100,100,75,,,"0",
"Kayfus, CJ",692216,"CLE","ST","Sweeper",2.7,0,"12",11.1,"3","0","0","0.233",66.7,66.7,33.3,,,"0.233",
"Myers, Dane",667472,"CIN","CU","Curveball",1.2,0,"23",9.7,"3","0.333","0.333","0.3",16.7,33.3,14.3,"0.392","0.557","0.407",50
"Lowe, Nathaniel",663993,"CIN","FC","Cutter",7.6,1,"12",3.9,"3","0.667","1","0.717",0,0,0,"0.516","0.913","0.61",100
"Suárez, Eugenio",553993,"CIN","FS","Split-Finger",6,1,"15",3.8,"3","0.667","1","0.717",37.5,0,0,"0.422","0.482","0.396",0
"Higgins, P.J.",664731,"CIN","CU","Curveball",8.4,1,"7",14.9,"3","0.667","0.667","0.6",25,33.3,50,"0.652","0.71","0.598",0
"Bleday, JJ",668709,"CIN","FC","Cutter",-1.9,0,"7",7.1,"3","0","0","0.3",16.7,0,0,"0.502","0.719","0.522",66.7
"Young, Cole",702284,"SEA","FS","Split-Finger",1.8,1,"29",5,"3","0.5","0.5","0.533",6.7,0,0,"0.096","0.106","0.295",0
"Marte, Noelvi",682622,"CIN","CH","Changeup",0.1,0,"15",12,"3","0.333","0.333","0.3",33.3,0,0,"0.174","0.194","0.164",0
"Garver, Mitch",641598,"SEA","CH","Changeup",3,1,"20",8.7,"3","0.333","0.667","0.417",57.1,66.7,20,"0.144","0.26","0.17",100
"Hinds, Rece",677956,"CIN","FC","Cutter",-9.8,-1,"8",5.4,"3","0","0","0",20,0,,"0.179","0.21","0.171",33.3
"Bader, Harrison",664056,"SF","FC","Cutter",-6.4,-1,"15",7.3,"3","0","0","0",33.3,33.3,20,"0.185","0.225","0.18",0
"Brennan, Will",686823,"SF","CH","Changeup",-18.4,-1,"4",13.8,"3","0","0","0",0,0,0,"0.007","0.007","0.007",0
"Benson, Will",666181,"CIN","FC","Cutter",-5.4,0,"9",3.6,"3","0","0","0.233",20,0,0,"0.487","0.541","0.547",0
"Arraez, Luis",650333,"SF","FS","Split-Finger",11.2,1,"10",1.9,"3","0.667","1","0.717",25,0,0,"0.499","0.582","0.466",33.3
"Haase, Eric",606992,"SF","SI","Sinker",8.4,1,"12",37.5,"3","0.667","1.333","0.833",16.7,0,0,"0.503","0.571","0.473",0
"Koss, Christian",683766,"SF","SI","Sinker",-0.4,0,"8",27.6,"3","0.333","0.667","0.417",20,0,,"0.071","0.09","0.066",0
"Ramos, Heliot",671218,"SF","FS","Split-Finger",9.6,1,"15",2.7,"3","0.667","1.667","0.967",33.3,33.3,11.1,"0.409","1.331","0.72",100
"Suzuki, Seiya",673548,"CHC","CU","Curveball",0.1,0,"28",7.3,"3","0.333","0.333","0.3",20,33.3,14.3,"0.329","0.444","0.332",50
"Conforto, Michael",624424,"CHC","FC","Cutter",2,0,"13",8.4,"3","0.333","0.333","0.3",14.3,33.3,50,"0.579","0.729","0.569",100
"Hernaiz, Darell",687231,"ATH","FC","Cutter",-1.5,0,"13",5.4,"3","0.333","0.333","0.3",0,0,0,"0.094","0.106","0.087",0
"Kingery, Scott",664068,"CHC","FF","4-Seam Fastball",-24.7,-1,"4",26.7,"3","0","0","0",0,0,,"0.025","0.03","0.023",0
"Carlson, Dylan",666185,"CHC","FF","4-Seam Fastball",-6.3,-1,"12",60,"3","0","0","0",25,66.7,50,"0.035","0.04","0.031",0
"Scott II, Victor",687363,"STL","FS","Split-Finger",4.6,1,"12",3.3,"3","0","0","0.35",0,0,0,"0.252","0.285","0.464",0
"Church, Nathan",701675,"STL","FS","Split-Finger",-5.7,-1,"11",2.9,"3","0","0","0",37.5,66.7,28.6,"0.021","0.022","0.021",0
"Ballesteros, Moisés",694208,"CHC","KN","Knuckleball",-16.7,-1,"5",1.4,"3","0","0","0",20,0,0,"0.272","0.367","0.281",33.3
"Pozo, Yohel",650968,"STL","SI","Sinker",-2.2,0,"12",20.3,"3","0","0","0.3",28.6,0,0,"0.185","0.211","0.178",0
"Yoshida, Masataka",807799,"BOS","SL","Slider",4.4,1,"23",9.5,"3","0.5","1","0.65",33.3,33.3,20,"0.102","0.163","0.309",0
"Wong, Connor",657136,"BOS","CH","Changeup",2.5,0,"12",7.1,"3","0.333","0.667","0.417",62.5,33.3,33.3,"0.292","0.323","0.272",50
"Kiner-Falefa, Isiah",643396,"BOS","SL","Slider",7.5,1,"12",9.4,"3","1","1","0.9",33.3,0,0,"0.925","1.013","0.848",33.3
"Monasterio, Andruw",655316,"BOS","CH","Changeup",1.9,0,"25",10.4,"3","0.333","1.333","0.667",41.7,33.3,11.1,"0.474","1.275","0.726",100
"Rafaela, Ceddanne",678882,"BOS","FS","Split-Finger",1.3,0,"10",2.2,"3","0.333","0.333","0.3",28.6,0,0,"0.344","0.487","0.359",33.3
"Wong, Connor",657136,"BOS","ST","Sweeper",-6.2,-1,"11",6.5,"3","0","0","0",66.7,33.3,50,"0.046","0.081","0.054",0
"Mayer, Marcelo",691785,"BOS","ST","Sweeper",-6.3,-1,"13",3.5,"3","0","0","0",50,66.7,40,"0.003","0.006","0.004",0
"Monasterio, Andruw",655316,"BOS","CU","Curveball",-3.4,-1,"24",10,"3","0","0","0",28.6,33.3,12.5,"0.064","0.174","0.097",0
"Palacios, Richie",680700,"TB","CU","Curveball",-0.1,0,"17",7,"3","0","0","0.233",80,66.7,33.3,,,"0.233",
"Díaz, Yandy",650490,"TB","FS","Split-Finger",1,0,"13",2.6,"3","0","0","0.233",25,0,0,"0.292","0.331","0.418",50
"Palacios, Richie",680700,"TB","ST","Sweeper",-4.1,-1,"19",7.9,"3","0","0","0",0,0,0,"0.087","0.104","0.081",0
"O'Neill, Tyler",641933,"BAL","FC","Cutter",0.7,0,"14",6.6,"3","0.5","0.5","0.533",25,0,,"0.178","0.209","0.348",0
"Fortes, Nick",663743,"TB","FS","Split-Finger",17.8,1,"5",1.6,"3","0.667","0.667","0.6",0,0,0,"0.618","0.737","0.595",33.3
"Fraley, Jake",641584,"TB","CU","Curveball",3.3,1,"28",9.1,"3","0.667","0.667","0.6",12.5,0,0,"0.535","0.602","0.497",33.3
"Huff, Sam",669087,"BAL","FF","4-Seam Fastball",-1,0,"21",55.3,"3","0.333","0.333","0.3",41.7,66.7,40,"0.092","0.099","0.083",100
"Wilson, Weston",642215,"BAL","FC","Cutter",6.7,0,"7",7.4,"3","0.5","0.5","0.533",40,33.3,50,"0.171","0.195","0.34",100
"Mountcastle, Ryan",663624,"BAL","FF","4-Seam Fastball",-4.3,0,"9",16.7,"3","0","0","0.233",0,0,0,"0.126","0.29","0.35",50
"Wilson, Weston",642215,"BAL","ST","Sweeper",-11.7,-1,"7",7.4,"3","0","0","0",0,33.3,25,"0.001","0.001","0.001",0
"Ward, Taylor",621493,"BAL","FS","Split-Finger",-2.2,0,"17",2.5,"3","0","0","0.233",50,33.3,20,"0.262","0.281","0.392",0
"Taveras, Leody",665750,"BAL","ST","Sweeper",-3.1,-1,"19",5.4,"3","0","0","0",57.1,33.3,16.7,"0.015","0.024","0.016",0
"Mountcastle, Ryan",663624,"BAL","SL","Slider",-17.7,-1,"5",9.3,"3","0","0","0",25,0,0,"0.256","0.368","0.265",33.3
"Rodríguez, Johnathan",671286,"BAL","FF","4-Seam Fastball",-0.7,0,"15",27.3,"3","0","0","0.233",0,0,0,"0.209","0.781","0.574",100
"Feduccia, Hunter",676439,"TB","SL","Slider",0.3,0,"15",8.9,"3","0.333","0.333","0.3",28.6,33.3,100,"0.384","0.434","0.358",0
"Williamson, Ben",810938,"TB","FS","Split-Finger",8.8,1,"13",3.2,"3","0.667","1","0.717",0,33.3,14.3,"0.212","0.265","0.207",50
"Cowser, Colton",681297,"BAL","FS","Split-Finger",-1.8,0,"21",6.6,"3","0","0","0.233",63.6,66.7,28.6,,,"0.233",
"Carter, Evan",694497,"TEX","FC","Cutter",2.2,1,"24",4.8,"3",,,"0.7",57.1,0,0,,,"0.7",
"Duran, Ezequiel",677649,"TEX","FS","Split-Finger",-7.4,-1,"11",3.8,"3","0","0","0",42.9,33.3,16.7,"0.254","0.279","0.23",100
"Lawlar, Jordan",691783,"AZ","CH","Changeup",7.6,1,"10",11,"3","0.5","0.5","0.533",0,0,0,"0.269","0.345","0.412",50
"Higashioka, Kyle",543309,"TEX","CH","Changeup",2,0,"17",7.8,"3","0.333","0.333","0.3",28.6,0,0,"0.402","0.451","0.374",0
"Lawlar, Jordan",691783,"AZ","SI","Sinker",0.5,0,"11",12.1,"3","0.5","0.5","0.533",28.6,0,0,"0.391","0.436","0.481",50
"Langford, Wyatt",694671,"TEX","FS","Split-Finger",1.2,0,"14",4.2,"3","0.333","0.333","0.3",50,66.7,22.2,"0.17","0.182","0.154",0
"Osuna, Alejandro",696030,"TEX","FC","Cutter",20.1,1,"4",4.4,"3","0.5","1","0.65",0,0,0,"0.064","0.071","0.271",0
"Fernandez, Jose",699912,"AZ","CU","Curveball",2.3,0,"15",3.9,"3","0.667","0.667","0.6",44.4,0,0,"0.284","0.306","0.261",33.3
"Langford, Wyatt",694671,"TEX","ST","Sweeper",1.5,0,"29",8.8,"3","0.5","0.5","0.533",40,0,0,"0.374","0.522","0.488",50
"Pederson, Joc",592626,"TEX","FC","Cutter",-0.4,0,"28",7.4,"3","0.5","0.5","0.533",0,0,0,"0.541","0.642","0.578",0
"Haggerty, Sam",664059,"TEX","SL","Slider",-2.7,0,"12",11.4,"3","0.333","0.333","0.3",25,33.3,25,"0.142","0.202","0.15",0
"McCutchen, Andrew",457705,"TEX","SL","Slider",-1.2,0,"23",10.3,"3","0.333","0.333","0.3",53.8,33.3,12.5,"0.251","0.778","0.425",100
"McCann, James",543510,"AZ","FS","Split-Finger",-5.6,-1,"13",6.2,"3","0","0","0",57.1,33.3,33.3,"0.072","0.075","0.065",0
"McCann, James",543510,"AZ","FC","Cutter",-4.7,-1,"16",7.7,"3","0","0","0",28.6,33.3,16.7,"0.158","0.245","0.17",50
"Nimmo, Brandon",607043,"TEX","ST","Sweeper",9.9,3,"31",5.7,"3","0.667","2","1.083",12.5,0,0,"0.685","1.882","1.066",100
"Jiménez, Eloy",650391,"TOR","CU","Curveball",0.1,0,"22",16.9,"3","0","0","0.233",42.9,0,0,"0.205","0.354","0.39",50
"Lukes, Nathan",664770,"TOR","SL","Slider",3.2,1,"20",8.9,"3","0","0","0.467",22.2,0,0,"0.023","0.035","0.475",0
"Heineman, Tyler",623168,"TOR","SL","Slider",-4.7,-1,"18",9.2,"3","0","0","0",30.8,0,0,"0.073","0.074","0.066",0
"Barger, Addison",680718,"TOR","FC","Cutter",-2,0,"13",13.8,"3","0","0","0.233",16.7,33.3,50,"0.004","0.009","0.237",0
"Springer, George",543807,"TOR","FS","Split-Finger",-6.8,-1,"14",5,"3","0","0","0",0,0,0,"0.221","0.249","0.206",33.3
"Sánchez, Jesús",660821,"TOR","SV","Slurve",-4.4,0,"4",0.9,"3","0.333","0.333","0.3",0,0,0,"0.447","0.62","0.457",66.7
"Sosa, Lenyn",672820,"TOR","FS","Split-Finger",-0.4,0,"7",2.4,"3","0.333","0.333","0.3",20,0,0,"0.367","0.469","0.363",33.3
"Mateo, Jorge",622761,"ATL","ST","Sweeper",1.8,0,"12",6.2,"3","0.333","0.333","0.3",25,33.3,16.7,"0.148","0.156","0.133",50
"Kirk, Alejandro",672386,"TOR","CU","Curveball",3.1,0,"8",10.8,"3","0.333","0.667","0.417",25,33.3,33.3,"0.431","0.474","0.395",0
"Springer, George",543807,"TOR","CU","Curveball",2,0,"20",7.1,"3","0.333","0.667","0.417",11.1,33.3,12.5,"0.167","0.274","0.184",100
"Olson, Matt",621566,"ATL","FS","Split-Finger",0.6,0,"22",3.1,"3","0.333","0.333","0.3",50,33.3,16.7,"0.062","0.072","0.058",0
"Giménez, Andrés",665926,"TOR","FS","Split-Finger",-0.8,0,"19",4.4,"3","0.333","0.333","0.3",55.6,33.3,16.7,"0.193","0.31","0.213",50
"Farmer, Kyle",571657,"ATL","CH","Changeup",-2,0,"9",21.4,"3","0.333","0.333","0.3",0,0,0,"0.376","0.408","0.345",0
"Straw, Myles",664702,"TOR","CH","Changeup",6.9,2,"22",9.4,"3","0.333","1.333","0.667",25,0,0,"0.242","0.574","0.339",33.3
"Kirk, Alejandro",672386,"TOR","ST","Sweeper",17.5,1,"7",9.5,"3","0.333","1.333","0.667",0,0,0,"0.192","0.461","0.272",33.3
"White, Eli",642201,"ATL","FC","Cutter",-5.9,-1,"14",6.5,"3","0","0","0",14.3,0,0,"0.104","0.12","0.095",0
"Mateo, Jorge",622761,"ATL","FC","Cutter",-4,-1,"21",10.8,"3","0","0","0",45.5,33.3,14.3,"0.245","0.279","0.235",0
"Mead, Curtis",678554,"WSH","FS","Split-Finger",-8.2,-1,"8",2.4,"3","0","0","0",40,33.3,25,"0.154","0.167","0.141",100
"Lile, Daylen",695734,"WSH","SV","Slurve",-5.8,-1,"10",2,"3","0","0","0",25,0,0,"0.067","0.073","0.06",0
"Wiemer, Joey",686894,"WSH","SV","Slurve",-16.9,-1,"4",1.5,"3","0","0","0",0,33.3,50,"0.018","0.023","0.018",0
"Millas, Drew",686452,"WSH","ST","Sweeper",-6.1,-1,"12",5.2,"3","0","0","0",25,33.3,33.3,"0.213","0.461","0.283",50
"Call, Alex",669743,"LAD","ST","Sweeper",12.7,2,"13",7.3,"3","0.667","0.667","0.6",0,33.3,16.7,"0.29","0.321","0.272",0
"Betts, Mookie",605141,"LAD","CH","Changeup",-10.2,-1,"9",8.5,"3","0","0","0",0,0,0,"0.268","0.294","0.247",33.3
"Espinal, Santiago",669289,"LAD","CH","Changeup",-5,-1,"17",15.3,"3","0","0","0",14.3,0,0,"0.105","0.115","0.095",0
"Muncy, Max",571970,"LAD","ST","Sweeper",-2.2,-1,"36",6.7,"3","0","0","0",36.4,0,0,"0.08","0.174","0.105",33.3
"Smith, Will",669257,"LAD","FS","Split-Finger",-7.9,-1,"9",1.8,"3","0","0","0",20,33.3,33.3,"0.071","0.132","0.088",0
"Call, Alex",669743,"LAD","SL","Slider",-3.9,-1,"26",14.6,"3","0","0","0",12.5,0,0,"0.198","0.283","0.205",0
"Espinal, Santiago",669289,"LAD","FC","Cutter",-10,-1,"7",6.3,"3","0","0","0",25,33.3,100,"0.27","0.302","0.251",50
"Betts, Mookie",605141,"LAD","CU","Curveball",-8.2,-1,"10",9.4,"3","0","0","0",25,33.3,100,"0.03","0.034","0.029",0
"Rojas, Miguel",500743,"LAD","FS","Split-Finger",-15.4,-1,"4",2.1,"3","0","0","0",33.3,33.3,50,"0.127","0.148","0.116",0
"Conine, Griffin",665052,"MIA","ST","Sweeper",-8.7,-1,"8",8.9,"3","0","0","0",75,66.7,100,"0.113","0.113","0.102",0
"Conine, Griffin",665052,"MIA","CU","Curveball",0.6,0,"11",12.2,"3","0","0","0.233",25,0,0,"0.156","0.379","0.381",50
"Hernández, Heriberto",681715,"MIA","CH","Changeup",-0.6,0,"30",11.4,"3","0","0","0",50,66.7,20,"0.033","0.034","0.03",0
"Ruiz, Esteury",665923,"MIA","CH","Changeup",-8.9,-1,"8",16,"3","0","0","0",50,33.3,50,"0.103","0.25","0.145",50
"Teodosio, Bryce",669326,"LAA","SL","Slider",1.5,0,"10",7.9,"3","0.5","0.5","0.45",14.3,0,0,"0.407","0.844","0.526",33.3
"Lowe, Josh",666139,"LAA","FS","Split-Finger",0.1,0,"15",3.6,"3","0.333","0.333","0.3",36.4,33.3,10,"0.261","0.285","0.241",0
"Candelario, Jeimer",600869,"LAA","CU","Curveball",1.4,0,"8",9.6,"2","0","0","0.35",100,50,100,,,"0.35",
"Betts, Mookie",605141,"LAD","ST","Sweeper",4.3,0,"9",8.5,"2","0.5","0.5","0.45",0,50,25,"0.456","0.566","0.443",100
"Susac, Daniel",691740,"SF","ST","Sweeper",0.8,0,"18",21.2,"2","0.5","0.5","0.45",60,50,16.7,"0.39","0.476","0.373",0
"Andujar, Miguel",609280,"SD","FS","Split-Finger",-6.7,0,"6",1.9,"2","0","0","0",33.3,50,33.3,"0.179","0.199","0.162",100
"Johnson, Bryce",669369,"SD","FC","Cutter",-6.9,-1,"10",10.5,"2","0","0","0",60,50,100,"0.004","0.006","0.005",0
"Marte, Noelvi",682622,"CIN","ST","Sweeper",-5.5,0,"8",6.4,"2","0","0","0",40,100,33.3,,,"0",
"Yelich, Christian",592885,"MIL","CU","Curveball",-1.2,0,"20",8.1,"2","0","0","0",40,100,25,,,"0",
"Susac, Daniel",691740,"SF","SL","Slider",4.8,0,"10",11.8,"2","0.5","1","0.625",0,0,0,"0.275","0.308","0.259",0
"Johnson, Bryce",669369,"SD","ST","Sweeper",-6.2,0,"7",7.4,"2","0","0","0",75,100,66.7,,,"0",
"Johnson, Bryce",669369,"SD","FS","Split-Finger",-8.7,-1,"6",6.3,"2","0","0","0",100,100,40,,,"0",
"Suzuki, Seiya",673548,"CHC","FS","Split-Finger",4.6,0,"9",2.3,"2","0.5","0.5","0.45",50,0,0,"0.452","0.48","0.411",0
"Beck, Jordan",687597,"COL","FS","Split-Finger",-4,0,"10",3.6,"2","0","0","0",33.3,100,25,,,"0",
"Ritter, Ryan",690022,"COL","FC","Cutter",-13.5,0,"3",12,"2","0","0","0",100,100,66.7,,,"0",
"Bauers, Jake",641343,"MIL","SV","Slurve",-0.2,0,"3",0.6,"2","0","0","0.35",100,50,50,,,"0.35",
"Freeman, Tyler",671289,"COL","FC","Cutter",-6.5,-1,"9",3.5,"2","0","0","0",0,0,0,"0.197","0.211","0.18",0
"Karros, Kyle",691720,"COL","FS","Split-Finger",-4.9,0,"9",1.7,"2","0","0","0",0,0,0,"0.627","0.692","0.584",0
"Castro, Willi",650489,"COL","KN","Knuckleball",-2.4,0,"4",1,"2","0","0","0.35",0,0,0,"0.02","0.03","0.359",0
"Conforto, Michael",624424,"CHC","SL","Slider",-3.3,0,"15",9.7,"2","0","0","0",33.3,50,33.3,"0.154","0.171","0.139",0
"Susac, Daniel",691740,"SF","CH","Changeup",13.4,1,"10",11.8,"2","1","1.5","1.075",25,0,0,"0.404","0.454","0.383",50
"Conforto, Michael",624424,"CHC","FS","Split-Finger",-7.4,-1,"7",4.5,"2","0","0","0",60,50,100,"0.308","0.347","0.288",0
"Griffin, Konnor",804606,"PIT","SV","Slurve",2.3,0,"9",2.1,"2","0.5","1","0.625",75,50,33.3,"0.456","1.5","0.804",100
"Castro, Willi",650489,"COL","ST","Sweeper",-2.6,0,"18",4.4,"2","0","0","0",16.7,50,12.5,"0.116","0.235","0.146",100
"Fermín, José",665877,"STL","CU","Curveball",-8.2,0,"5",2.9,"2","0","0","0",0,50,50,"0.01","0.012","0.009",0
"Mangum, Jake",663968,"PIT","FS","Split-Finger",3.9,0,"8",2.8,"2","0.5","0.5","0.45",50,0,0,"0.56","0.666","0.533",50
"Cook, Billy",695257,"PIT","SL","Slider",7.8,0,"2",5.1,"2","0.5","0.5","0.45",0,0,,"0.388","0.433","0.362",0
"Pozo, Yohel",650968,"STL","CU","Curveball",-10.2,-1,"5",8.5,"2","0","0","0",0,0,0,"0.416","0.447","0.379",100
"Ruiz, Keibert",660688,"WSH","FC","Cutter",4,0,"10",4.3,"2","1","2","0.625",0,0,0,"0.477","1.142","0.382",50
"Pozo, Yohel",650968,"STL","SL","Slider",-13.4,-1,"4",6.8,"2","0","0","0",0,0,,"0.111","0.134","0.108",50
"Pozo, Yohel",650968,"STL","ST","Sweeper",-5.9,-1,"9",15.3,"2","0","0","0",0,0,0,"0.032","0.032","0.029",0
"Winn, Masyn",691026,"STL","SV","Slurve",-11.5,0,"3",0.6,"2","0","0","0",0,0,0,"0.027","0.037","0.027",0
"Pagés, Pedro",686780,"STL","FS","Split-Finger",-10.4,0,"4",1.2,"2","0","0","0",50,50,50,"0.025","0.028","0.022",0
"Kelly, Carson",608348,"CHC","CU","Curveball",-4.3,-1,"13",3.4,"2","0","0","0",40,0,0,"0.573","0.639","0.536",50
"Kelly, Carson",608348,"CHC","FS","Split-Finger",-9.1,0,"4",1,"2","0","0","0",50,50,50,"0.198","0.22","0.178",100
"Murphy, Sean",669221,"ATL","FF","4-Seam Fastball",-12.1,0,"4",30.8,"2","0","0","0",0,50,50,"0.285","0.327","0.272",100
"Shaw, Matt",807713,"CHC","FC","Cutter",-4.9,-1,"11",3.2,"2","0","0","0",20,0,0,"0.564","0.784","0.582",50
"Shaw, Matt",807713,"CHC","FS","Split-Finger",-7.8,0,"6",1.7,"2","0","0","0",0,0,0,"0.2","0.202","0.183",0
"Crow-Armstrong, Pete",691718,"CHC","SV","Slurve",-10.1,0,"4",0.8,"2","0","0","0",50,50,100,"0.063","0.081","0.063",0
"Moniak, Mickey",666160,"COL","KN","Knuckleball",46.2,2,"5",1.3,"2","1","3","1.625",0,0,,"0.407","1.051","0.607",100
"Conforto, Michael",624424,"CHC","ST","Sweeper",-2.1,0,"14",9,"2","0","0","0.35",50,50,33.3,,,"0.35",
"Walker, Jordan",691023,"STL","FS","Split-Finger",6.5,1,"13",2.4,"2","0.5","2","1",33.3,50,20,"0.345","0.736","0.453",100
"Gelof, Zack",680869,"ATH","FS","Split-Finger",32.3,2,"7",4.3,"2","0.5","2","1",25,50,20,"0.449","1.702","0.881",100
"Lopez, Nicky",670032,"CHC","FF","4-Seam Fastball",-7,0,"7",36.8,"2","0","0","0",0,100,33.3,,,"0",
"Sullivan, Brett",664954,"COL","KN","Knuckleball",8.9,0,"3",1.6,"2","0.5","0.5","0.45",0,0,,"0.511","0.597","0.488",0
"Hill, Derek",656537,"CWS","ST","Sweeper",-0.5,0,"10",6.1,"2","0","0","0.35",20,50,33.3,,,"0.35",
"Griffin, Konnor",804606,"PIT","FS","Split-Finger",-5.7,-1,"10",2.3,"2","0","0","0",37.5,0,0,"0.174","0.35","0.253",0
"Narváez, Carlos",665966,"BOS","FS","Split-Finger",4.2,0,"8",2.6,"2","0.5","1","0.625",25,0,0,"0.054","0.064","0.051",50
"Durbin, Caleb",702332,"BOS","FS","Split-Finger",2.5,0,"15",3.4,"2","0.5","1","0.625",0,0,0,"0.501","0.657","0.502",50
"Mangum, Jake",663968,"PIT","SV","Slurve",-9.9,0,"4",1.4,"2","0","0","0",33.3,50,50,"0.137","0.154","0.124",0
"Kiner-Falefa, Isiah",643396,"BOS","FS","Split-Finger",18.7,1,"6",4.7,"2","1","1","0.9",0,0,0,"0.33","0.348","0.299",0
"Neto, Zach",687263,"LAA","FS","Split-Finger",10.1,1,"8",1.2,"2",,,"0.7",0,0,0,,,"0.7",
"Horwitz, Spencer",687462,"PIT","FS","Split-Finger",3.1,0,"8",1.8,"2","0","0","0.35",100,50,50,,,"0.35",
"Bart, Joey",663698,"PIT","CU","Curveball",-4,-1,"14",7.6,"2","0","0","0",100,100,50,,,"0",
"Pozo, Yohel",650968,"STL","CH","Changeup",2.5,0,"8",13.6,"2","0.5","0.5","0.45",0,0,0,"0.386","0.431","0.366",0
"Kiner-Falefa, Isiah",643396,"BOS","CU","Curveball",-2.1,0,"12",9.4,"2","0","0","0",25,50,20,"0.09","0.092","0.081",0
"Fermín, José",665877,"STL","FC","Cutter",-0.4,0,"10",5.8,"2","0.5","0.5","0.45",20,0,0,"0.323","0.349","0.304",50
"Lowe, Josh",666139,"LAA","KN","Knuckleball",-7.5,-1,"7",1.7,"2","0","0","0",16.7,50,33.3,"0.005","0.011","0.007",0
"Romo, Drew",691011,"CWS","SL","Slider",2.1,0,"7",9,"2","0","0","0.35",50,50,100,,,"0.35",
"Grichuk, Randal",545341,"CWS","CU","Curveball",-6.8,0,"5",4.1,"2","0","0","0",100,100,100,,,"0",
"McGuire, Reese",624512,"CWS","SL","Slider",-3.3,-1,"17",15.5,"2","0","0","0",28.6,50,25,"0.124","0.124","0.112",0
"Contreras, Willson",575929,"BOS","FS","Split-Finger",-0.4,0,"17",2.9,"2","0","0","0.35",50,0,0,"0.276","0.291","0.474",100
"Kiner-Falefa, Isiah",643396,"BOS","ST","Sweeper",-2.5,0,"7",5.5,"2","0","0","0",33.3,50,20,"0.007","0.009","0.006",0
"Murray, Tanner",695020,"CWS","ST","Sweeper",-11,-1,"6",5.8,"2","0","0","0",40,0,0,"0.132","0.143","0.119",0
"Hill, Derek",656537,"CWS","CU","Curveball",-7.9,-1,"7",4.3,"2","0","0","0",0,50,33.3,"0.165","0.183","0.152",0
"Trevino, Jose",624431,"CIN","CU","Curveball",-13.4,0,"3",4.7,"2","0","0","0",0,0,0,"0.076","0.081","0.07",0
"McGuire, Reese",624512,"CWS","SI","Sinker",-6.3,-1,"10",9.1,"2","0","0","0",0,50,100,"0.102","0.114","0.096",0
"Jackson, Jeremiah",669236,"BAL","FS","Split-Finger",3.8,0,"9",2.4,"2","0","0","0.45",16.7,0,0,"0.111","0.121","0.1",50
"Harper, Bryce",547180,"PHI","SV","Slurve",58.7,2,"3",0.5,"2","1","3","1.625",0,0,,"0.762","2.051","1.165",50
"Ward, Ryan",669899,"LAD","FF","4-Seam Fastball",6.2,0,"2",11.1,"2","0.5","0.5","0.45",0,0,,"0.486","0.522","0.438",0
"Feduccia, Hunter",676439,"TB","ST","Sweeper",0.6,0,"11",6.5,"2","0","0","0.35",16.7,0,0,"0.043","0.043","0.369",0
"Realmuto, J.T.",592663,"PHI","CH","Changeup",3,1,"18",6.7,"2","0.5","0.5","0.45",66.7,50,16.7,"0.463","0.544","0.437",0
"Turner, Trea",607208,"PHI","SV","Slurve",18.2,0,"2",0.3,"2","0.5","0.5","0.45",0,50,50,"0.273","0.286","0.245",0
"Williams, Carson",700246,"TB","FC","Cutter",-5.4,0,"5",5.4,"2","0","0","0",0,0,0,"0.001","0.001","0",0
"Stubbs, Garrett",596117,"PHI","FC","Cutter",39.9,1,"2",3.2,"2","1","1","0.9",0,0,,"0.369","0.407","0.339",100
"Huff, Sam",669087,"BAL","FC","Cutter",31.8,1,"2",5.3,"2","0.5","1","0.625",0,0,,"0.316","0.726","0.432",100
"Meidroth, Chase",805367,"CWS","SV","Slurve",22,1,"3",0.5,"2","0.5","0.5","0.45",50,50,50,"0.144","0.164","0.13",0
"Call, Alex",669743,"LAD","CH","Changeup",3.9,1,"13",7.3,"2","0.5","0.5","0.45",0,0,0,"0.2","0.228","0.18",0
"Jackson, Jeremiah",669236,"BAL","SV","Slurve",16.1,1,"4",1,"2","0.5","1","0.625",0,0,0,"0.55","0.736","0.554",50
"Kelenic, Jarred",672284,"CWS","FF","4-Seam Fastball",10.7,1,"7",17.1,"2","1","1","0.8",0,0,,"0.654","0.934","0.69",100
"Peters, Tristan",671976,"CWS","ST","Sweeper",4.1,0,"11",3.5,"2","1","1","0.8",0,0,0,"0.31","0.313","0.489",0
"Murray, Tanner",695020,"CWS","SI","Sinker",9.7,1,"15",14.6,"2","1","1","0.8",0,0,0,"0.454","0.5","0.56",0
"Moore, Dylan",664238,"PHI","SL","Slider",-1.1,0,"14",17.3,"2","0","0","0",33.3,50,25,"0.065","0.21","0.116",0
"Kemp, Otto",805249,"PHI","FS","Split-Finger",-5.5,0,"8",7.9,"2","0","0","0",80,50,50,"0.01","0.023","0.015",0
"Reyes, Felix",694025,"PHI","FS","Split-Finger",-9.9,0,"4",4.4,"2","0","0","0",50,50,100,"0.257","0.299","0.235",0
"Kemp, Otto",805249,"PHI","CU","Curveball",-5.6,0,"8",7.9,"2","0","0","0",40,50,50,"0.145","0.214","0.143",0
"Fraley, Jake",641584,"TB","ST","Sweeper",8.2,1,"16",5.2,"2","0","0","0.8",0,0,0,"0.249","0.249","0.462",0
"Vilade, Ryan",668723,"TB","SL","Slider",1.5,0,"24",12.4,"2","0","0","0.9",62.5,0,0,"0.41","0.46","0.371",50
"Kemp, Otto",805249,"PHI","CH","Changeup",-2.2,0,"17",16.8,"2","0","0","0",50,50,33.3,"0.056","0.063","0.053",0
"García, Adolis",666969,"PHI","SV","Slurve",-11.2,-1,"6",1,"2","0","0","0",60,50,50,"0.185","0.682","0.358",100
"Crawford, Justin",702222,"PHI","SV","Slurve",28.9,1,"2",0.5,"2",,,"0.7",,0,0,,,"0.7",
"Wilson, Weston",642215,"BAL","SI","Sinker",0.9,0,"4",4.2,"2","0","0","0.35",0,0,0,"0.252","0.262","0.463",100
"Sanoja, Javier",691594,"MIA","SV","Slurve",-10.6,0,"3",1.1,"2","0","0","0",0,0,0,"0.144","0.161","0.135",50
"Stowers, Kyle",669065,"MIA","FC","Cutter",3.7,0,"11",5.3,"2","0.5","0.5","0.45",40,0,0,"0.625","0.777","0.609",100
"Candelario, Jeimer",600869,"LAA","CH","Changeup",11,1,"8",9.6,"2","0.5","1","0.625",0,0,0,"0.402","0.472","0.378",0
"Benintendi, Andrew",643217,"CWS","SV","Slurve",1.6,0,"14",3.3,"2","0.5","0.5","0.45",12.5,0,0,"0.573","0.815","0.596",100
"Stanton, Giancarlo",519317,"NYY","FS","Split-Finger",21.7,2,"7",1.8,"2","1","1.5","1.075",0,0,0,"0.936","1.188","0.925",50
"Murray, Tanner",695020,"CWS","FC","Cutter",-2.2,0,"6",5.8,"2","0.5","0.5","0.45",0,0,,"0.392","0.587","0.422",100
"Huff, Sam",669087,"BAL","SL","Slider",-6.2,0,"7",18.4,"2","0","0","0",50,50,33.3,"0.025","0.068","0.037",0
"Escarra, J.C.",641555,"NYY","SL","Slider",3.4,0,"14",9.5,"2","0.5","1","0.625",50,50,50,"0.335","0.817","0.48",100
"Carpenter, Kerry",681481,"DET","FS","Split-Finger",-1.9,0,"12",2.7,"2","0","0","0",50,100,40,,,"0",
"Mack, Joe",691788,"MIA","CU","Curveball",-8.6,-1,"6",40,"2","0","0","0",40,50,25,"0.025","0.027","0.022",0
"Alonso, Pete",624413,"BAL","SV","Slurve",-3.7,0,"5",0.8,"2","0","0","0",0,0,0,"0.145","0.169","0.139",50
"DeLuca, Jonny",676356,"TB","FS","Split-Finger",-1.2,0,"8",3,"2","0.5","0.5","0.45",33.3,0,0,"0.76","0.835","0.704",50
"O'Neill, Tyler",641933,"BAL","CU","Curveball",0.3,0,"15",7.1,"2","0","0","0",50,50,16.7,"0.257","0.461","0.302",100
"Dingler, Dillon",693307,"DET","SV","Slurve",-9.6,-1,"6",1.3,"2","0","0","0",60,100,66.7,,,"0",
"Walls, Taylor",670764,"TB","FS","Split-Finger",6.2,1,"9",2.7,"2","0.5","1","0.625",50,50,100,"0.141","0.186","0.143",0
"Rogers, Jake",668670,"DET","CH","Changeup",-8,-1,"7",4.9,"2","0","0","0",100,100,66.7,,,"0",
"Alonso, Pete",624413,"BAL","FS","Split-Finger",-4.8,-1,"14",2.3,"2","0","0","0",33.3,0,0,"0.165","0.621","0.324",100
"Domínguez, Jasson",691176,"NYY","CU","Curveball",7,1,"8",9.6,"2","0.5","1","0.625",20,0,0,"0.535","0.594","0.489",50
"Escarra, J.C.",641555,"NYY","CH","Changeup",8.4,1,"9",6.1,"2","0.5","1","0.625",0,0,0,"0.375","0.406","0.342",50
"Clarke, Denzel",672016,"ATH","ST","Sweeper",-1.4,0,"16",6.6,"2","0","0","0",50,50,20,"0.001","0.001","0",0
"Mountcastle, Ryan",663624,"BAL","CH","Changeup",-7.5,0,"5",9.3,"2","0","0","0",25,50,33.3,"0.067","0.079","0.06",0
"Carpenter, Kerry",681481,"DET","SV","Slurve",-4,0,"12",2.7,"2","0","0","0",60,50,20,"0.225","0.263","0.21",100
"Rodríguez, Johnathan",671286,"BAL","SI","Sinker",2.5,0,"7",12.7,"2","0","0","0.35",0,50,20,,,"0.35",
"Jones, Jahmai",663330,"DET","FC","Cutter",-4.2,0,"12",8.2,"2","0","0","0",0,0,,"0.165","0.198","0.154",0
"Osuna, Alejandro",696030,"TEX","SI","Sinker",1.6,0,"11",12.2,"2","0","0","0.35",0,50,14.3,,,"0.35",
"Jansen, Danny",643376,"TEX","FS","Split-Finger",-9.7,0,"4",1.2,"2","0","0","0",100,100,66.7,,,"0",
"Haggerty, Sam",664059,"TEX","ST","Sweeper",0.4,0,"10",9.5,"2","0","0","0.35",60,50,50,,,"0.35",
"McCutchen, Andrew",457705,"TEX","FC","Cutter",0.5,0,"16",7.1,"2","0","0","0.35",16.7,0,0,"0.009","0.01","0.354",0
"Domínguez, Jasson",691176,"NYY","SI","Sinker",21.3,1,"4",4.8,"2","1","1","0.8",0,0,,"0.94","1.084","0.791",100
"Short, Zack",670097,"DET","FF","4-Seam Fastball",-7.5,0,"4",40,"2","0","0","0",50,50,100,"0.121","0.122","0.113",0
"Haggerty, Sam",664059,"TEX","FC","Cutter",-9.2,-1,"7",6.7,"2","0","0","0",40,50,100,"0.013","0.033","0.019",0
"Higashioka, Kyle",543309,"TEX","CU","Curveball",-3.5,-1,"21",9.6,"2","0","0","0",42.9,50,12.5,"0.326","1.112","0.59",100
"Tena, José",677588,"WSH","FS","Split-Finger",1.7,0,"14",5.4,"2","0.5","0.5","0.45",62.5,50,25,"0.487","0.551","0.453",0
"Keith, Colt",690993,"DET","ST","Sweeper",2.7,0,"11",2.8,"2","0.5","0.5","0.45",60,50,20,"0.297","0.328","0.272",100
"Meadows, Parker",678009,"DET","ST","Sweeper",19.2,1,"5",3.1,"2","1","1","0.8",0,0,0,"0.877","1.017","0.762",0
"Torres, Gleyber",650402,"DET","FS","Split-Finger",12.6,1,"6",1,"2","1","1","0.8",0,0,0,"0.974","1.024","0.789",0
"Arenado, Nolan",571448,"AZ","SV","Slurve",7,0,"5",1.1,"2","0.5","0.5","0.45",0,0,0,"0.174","0.182","0.157",50
"Greene, Riley",682985,"DET","SV","Slurve",7.1,1,"10",1.6,"2","1","1","0.9",25,0,0,"0.785","0.99","0.784",50
"Baker, Luken",663609,"AZ","FF","4-Seam Fastball",0.6,0,"6",25,"2","0.5","0.5","0.45",0,0,0,"0.33","0.374","0.307",50
"Hernández, Heriberto",681715,"MIA","FS","Split-Finger",-4.4,0,"6",2.3,"2","0","0","0",50,50,50,"0.036","0.041","0.033",0
"McCann, James",543510,"AZ","SV","Slurve",9.2,0,"4",1.9,"2","0.5","0.5","0.45",0,0,0,"0.257","0.28","0.234",100
"Wood, James",695578,"WSH","SV","Slurve",2,0,"12",1.7,"2","0","0","0.45",40,50,20,"0.043","0.048","0.039",0
"Peraza, Oswald",672724,"LAA","KN","Knuckleball",2.9,0,"3",0.8,"2","0.5","0.5","0.45",0,0,,"0.136","0.143","0.126",0
"Whitcomb, Shay",694376,"HOU","CU","Curveball",-5.8,0,"6",11.3,"2","0","0","0",100,100,66.7,,,"0",
"Matthews, Brice",694728,"HOU","FS","Split-Finger",-6.6,0,"7",2,"2","0","0","0",75,100,66.7,,,"0",
"Whitcomb, Shay",694376,"HOU","FS","Split-Finger",-14.4,0,"3",5.7,"2","0","0","0",100,100,100,,,"0",
"Ibáñez, Andy",628451,"NYM","SL","Slider",3.7,0,"9",14.1,"2","0.5","0.5","0.45",33.3,50,50,"0.165","0.175","0.15",100
"Johnson, Daniel",669288,"HOU","CU","Curveball",-3,0,"4",7.5,"2","0","0","0.35",100,50,100,,,"0.35",
"Tawa, Tim",694374,"AZ","CU","Curveball",7.7,1,"9",3.9,"2","1","1","0.9",0,0,0,"0.8","0.892","0.742",0
"Betts, Mookie",605141,"LAD","FC","Cutter",-12.1,-1,"5",4.7,"2","0","0","0",0,50,100,"0.003","0.009","0.005",0
"Whitcomb, Shay",694376,"HOU","CH","Changeup",-5.8,0,"5",9.4,"2","0","0","0",50,50,25,"0.004","0.007","0.005",0
"Young, Jared",676724,"NYM","CH","Changeup",-3,0,"13",14.9,"2","0","0","0",42.9,0,0,"0.195","0.196","0.644",50
"Wiemer, Joey",686894,"WSH","FS","Split-Finger",31.8,2,"5",1.9,"2","0.5","2","1",0,0,0,"0.361","0.965","0.546",50
"Ibáñez, Andy",628451,"NYM","FC","Cutter",-12.2,0,"4",6.3,"2","0","0","0",0,0,,"0.035","0.051","0.034",0
"Ibáñez, Andy",628451,"NYM","ST","Sweeper",-9.9,0,"4",6.3,"2","0","0","0",66.7,50,33.3,"0.126","0.17","0.117",0
"Ibáñez, Andy",628451,"NYM","CU","Curveball",-8.1,-1,"7",10.9,"2","0","0","0",40,50,50,"0.023","0.054","0.031",0
"Ibáñez, Andy",628451,"NYM","FF","4-Seam Fastball",-5.5,-1,"12",18.8,"2","0","0","0",11.1,0,0,"0.053","0.198","0.104",50
"Schanuel, Nolan",694384,"LAA","KN","Knuckleball",28,1,"3",0.5,"2","1","1","0.9",0,0,0,"0.856","0.989","0.8",50
"Mauricio, Ronny",677595,"NYM","FS","Split-Finger",-7.3,-1,"7",5.7,"2","0","0","0",20,50,100,"0.002","0.002","0.002",0
"Mauricio, Ronny",677595,"NYM","ST","Sweeper",-9.9,0,"5",4.1,"2","0","0","0",33.3,50,100,"0.205","0.751","0.387",100
"Neto, Zach",687263,"LAA","KN","Knuckleball",11.2,1,"6",0.9,"2","0.5","0.5","0.45",0,50,50,"0.252","0.281","0.231",100
"Espinal, Santiago",669289,"LAD","FS","Split-Finger",-6,-1,"9",8.1,"2","0","0","0",25,0,0,"0.112","0.146","0.112",50
"Higashioka, Kyle",543309,"TEX","FC","Cutter",-4.2,-1,"12",5.5,"2","0","0","0.45",37.5,0,,"0.196","0.241","0.186",0
"Lawlar, Jordan",691783,"AZ","ST","Sweeper",-5.3,0,"7",7.7,"2","0","0","0",75,50,33.3,"0.002","0.003","0.002",0
"Moncada, Yoán",660162,"LAA","FS","Split-Finger",9.4,1,"9",2,"2","1","1","0.9",0,0,0,"0.683","0.829","0.661",50
"Lawlar, Jordan",691783,"AZ","SL","Slider",-3.4,-1,"21",23.1,"2","0","0","0",37.5,50,14.3,"0.25","0.3","0.241",0
"Smith, Pavin",656976,"AZ","FF","4-Seam Fastball",-2.1,0,"18",38.3,"2","0","0","0",0,50,16.7,"0.001","0.001","0",0
"Tawa, Tim",694374,"AZ","FS","Split-Finger",-5.9,0,"7",3.1,"2","0","0","0",25,0,0,"0.062","0.069","0.056",50
"Barger, Addison",680718,"TOR","SL","Slider",-6.8,0,"5",5.3,"2","0","0","0",100,100,66.7,,,"0",
"Jiménez, Eloy",650391,"TOR","FC","Cutter",-5.3,-1,"12",9.2,"2","0","0","0",66.7,100,50,,,"0",
"Neto, Zach",687263,"LAA","SV","Slurve",6.2,0,"6",0.9,"2","0.5","1","0.625",66.7,50,50,"0.243","0.309","0.237",0
"Kirk, Alejandro",672386,"TOR","CH","Changeup",-10.9,0,"4",5.4,"2","0","0","0",33.3,0,0,"0.352","0.392","0.325",100
"d'Arnaud, Travis",518595,"LAA","SL","Slider",7,1,"12",8.8,"2","1","2","0.975",20,0,0,"0.797","2.816","1.09",100
"Allen, Nick",669397,"HOU","SL","Slider",-4.6,0,"10",14.9,"2","0","0","0",75,50,33.3,"0.087","0.102","0.082",0
"Cole, Zach",805904,"HOU","FC","Cutter",42.8,1,"3",20,"2","0.5","2","1",33.3,0,0,"0.542","2.101","1.081",50
"Valenzuela, Brandon",678218,"TOR","ST","Sweeper",-12.6,-1,"4",2,"2","0","0","0",33.3,50,33.3,"0.05","0.059","0.045",0
"Allen, Nick",669397,"HOU","CH","Changeup",6.8,0,"5",7.5,"2","0.5","1","0.625",25,0,0,"0.514","0.565","0.474",0
"Kirk, Alejandro",672386,"TOR","FC","Cutter",-4.8,0,"7",9.5,"2","0","0","0",0,0,0,"0.086","0.088","0.079",0
"Santana, Carlos",467793,"AZ","SI","Sinker",-6.7,0,"7",6.6,"2","0","0","0",0,50,50,"0.122","0.13","0.11",100
"Outman, James",681546,"MIN","SI","Sinker",2.5,0,"12",9.2,"2","1","1","0.8",16.7,0,0,"0.971","1.091","0.801",0
"Lewis, Royce",668904,"MIN","FS","Split-Finger",9.9,1,"8",2.4,"2","0","0","0.8",50,0,0,"0.409","0.444","0.535",100
"Soler, Jorge",624585,"LAA","SV","Slurve",16.9,1,"5",0.9,"2","1","1","0.9",0,0,0,"0.777","0.91","0.734",0
"Meyers, Jake",676694,"HOU","CH","Changeup",2.4,0,"14",9.3,"2","0","0","0.45",28.6,0,0,"0.177","0.186","0.163",0
"Keaschall, Luke",807712,"MIN","FS","Split-Finger",-5.2,0,"8",1.4,"2","0","0","0",33.3,50,50,"0.319","0.363","0.3",100
"Smith, Pavin",656976,"AZ","SL","Slider",-6.1,0,"8",17,"2","0","0","0",0,0,0,"0.055","0.199","0.104",50
"Kreidler, Ryan",668952,"MIN","SL","Slider",-6.2,0,"8",10.4,"2","0","0","0",33.3,50,50,"0.004","0.008","0.006",0
"Santana, Carlos",467793,"AZ","CU","Curveball",-5,0,"8",7.5,"2","0","0","0",50,50,50,"0.059","0.065","0.057",0
"Okamoto, Kazuma",672960,"TOR","FS","Split-Finger",7.3,1,"19",3.1,"2","0.5","2","1",33.3,50,14.3,"0.477","1.706","0.893",100
"Kreidler, Ryan",668952,"MIN","CU","Curveball",-6.8,0,"6",7.8,"2","0","0","0",50,100,66.7,,,"0",
"De Los Santos, Deyvison",691277,"MIA","FF","4-Seam Fastball",-4.8,0,"9",26.5,"2","0","0","0",33.3,100,50,,,"0",
"Loftin, Nick",679845,"KC","CU","Curveball",-7.7,-1,"7",4.5,"2","0","0","0",50,50,33.3,"0.026","0.029","0.025",0
"India, Jonathan",663697,"KC","FS","Split-Finger",-9.6,0,"4",1.7,"2","0","0","0",33.3,50,33.3,"0.037","0.084","0.048",0
"Smith, Pavin",656976,"AZ","CH","Changeup",14.6,1,"4",8.5,"2",,,"0.7",100,0,0,,,"0.7",
"Moreno, Gabriel",672515,"AZ","CU","Curveball",1.3,0,"9",3.8,"2","0","0","0.35",50,50,20,,,"0.35",
"Del Castillo, Adrian",680728,"AZ","ST","Sweeper",-3.8,0,"13",4.6,"2","0","0","0",50,100,28.6,,,"0",
"Fernandez, Jose",699912,"AZ","FS","Split-Finger",-2.7,0,"13",3.4,"2","0","0","0",50,100,40,,,"0",
"Piñango, Yohendrick",682818,"TOR","SI","Sinker",12.8,1,"8",11.8,"2","1","1","0.9",0,0,,"0.67","0.778","0.635",100
"Piñango, Yohendrick",682818,"TOR","ST","Sweeper",0,0,"6",8.8,"2","0.5","0.5","0.45",66.7,50,100,"0.397","0.426","0.364",0
"Piñango, Yohendrick",682818,"TOR","FS","Split-Finger",9.1,1,"8",11.8,"2","0.5","0.5","0.9",0,0,0,"0.176","0.195","0.159",50
"Garcia, Maikel",672580,"KC","FS","Split-Finger",-2.2,0,"9",1.6,"2","0","0","0",25,0,0,"0.263","0.46","0.303",50
"India, Jonathan",663697,"KC","FC","Cutter",-1.7,0,"23",9.7,"2","0","0","0",28.6,0,0,"0.315","0.358","0.293",100
"Santana, Carlos",467793,"AZ","FC","Cutter",-0.4,0,"9",8.5,"2","0","0","0.35",50,50,33.3,,,"0.35",
"Pasquantino, Vinnie",686469,"KC","FC","Cutter",0.1,0,"32",5.5,"2","0","0","0.35",20,0,0,"0.014","0.038","0.36",100
"Perez, Salvador",521692,"KC","SV","Slurve",-8.9,-1,"6",1.1,"2","0","0","0",0,0,0,"0.187","0.199","0.169",0
"White, Eli",642201,"ATL","FS","Split-Finger",-8.3,0,"6",2.8,"2","0","0","0",33.3,50,50,"0.234","0.313","0.226",100
"White, Eli",642201,"ATL","CU","Curveball",1.8,0,"22",10.3,"2","0","0","0.45",28.6,0,0,"0.076","0.093","0.195",50
"Tolbert, Tyler",686475,"KC","SI","Sinker",-11.9,-1,"5",35.7,"2","0","0","0",0,0,,"0.181","0.185","0.167",0
"Chourio, Jackson",694192,"MIL","SL","Slider",15.2,1,"7",33.3,"2","1","2","0.975",50,0,0,"0.914","2.931","1.143",100
"Matos, Luis",682641,"MIL","SI","Sinker",4,0,"5",6.9,"2","0.5","0.5","0.45",0,0,,"0.262","0.287","0.24",50
"Farmer, Kyle",571657,"ATL","SI","Sinker",3.1,0,"5",11.9,"2","0.5","0.5","0.45",0,0,0,"0.41","0.465","0.398",100
"Albies, Ozzie",645277,"ATL","SV","Slurve",9.7,1,"6",1.1,"2","0.5","1","0.625",33.3,0,0,"0.35","0.409","0.315",0
"Heim, Jonah",641680,"ATL","ST","Sweeper",8,1,"11",6.9,"2","0.5","1","0.625",50,0,0,"0.102","0.232","0.137",50
"Massey, Michael",686681,"KC","FS","Split-Finger",-10.5,-1,"5",1.9,"2","0","0","0",66.7,50,50,"0.445","0.524","0.43",0
"Springer, George",543807,"TOR","FC","Cutter",20.5,3,"14",5,"2","1","2.5","1.45",14.3,0,0,"0.746","1.99","1.141",50
"Black, Tyler",672012,"MIL","ST","Sweeper",4.1,0,"6",7.9,"2","0.5","0.5","0.45",33.3,50,33.3,"0.382","0.417","0.356",0
"Chourio, Jackson",694192,"MIL","SI","Sinker",12.6,1,"5",23.8,"2","1","1","0.9",0,0,0,"0.725","1.099","0.774",100
"Rivero, Sebastián",665861,"LAA","FF","4-Seam Fastball",14.4,1,"5",27.8,"2","1","1","0.9",25,0,0,"0.698","0.785","0.651",0
"Mateo, Jorge",622761,"ATL","FS","Split-Finger",5.7,0,"6",3.1,"2","0.5","0.5","0.45",50,50,20,"0.027","0.031","0.025",0
"Yelich, Christian",592885,"MIL","FS","Split-Finger",36,1,"4",1.6,"2","0.5","2","1",0,0,0,"0.537","1.925","1.014",50
"Loftin, Nick",679845,"KC","CH","Changeup",2.3,0,"12",7.6,"2","0.5","0.5","0.45",0,0,0,"0.304","0.377","0.302",50
"Pasquantino, Vinnie",686469,"KC","SV","Slurve",3.1,0,"7",1.2,"2","0.5","0.5","0.45",40,0,0,"0.445","0.505","0.416",0
"Black, Tyler",672012,"MIL","CU","Curveball",-8.2,0,"5",6.6,"2","0","0","0",33.3,50,100,"0.087","0.098","0.079",0
"Vaughn, Andrew",683734,"MIL","ST","Sweeper",-6.3,0,"5",20.8,"2","0","0","0",0,50,50,"0.02","0.029","0.021",0
"Conine, Griffin",665052,"MIA","CH","Changeup",-3.4,-1,"17",18.9,"2","0","0","0",85.7,50,14.3,"0.143","0.144","0.129",0
"Ramírez, Agustín",682663,"MIA","SV","Slurve",-0.1,0,"4",0.8,"2","0.5","0.5","0.45",50,50,50,"0.47","0.563","0.449",100
"Sánchez, Gary",596142,"MIL","FS","Split-Finger",-0.1,0,"17",4.3,"2","0","0","0",50,0,0,"0.139","0.526","0.276",50
"Heim, Jonah",641680,"ATL","SI","Sinker",-3.1,0,"12",7.5,"2","0","0","0",33.3,50,50,"0.003","0.004","0.004",0
"Hamilton, David",666152,"MIL","SV","Slurve",-2.5,0,"6",1.5,"2","0","0","0.35",0,0,0,"0.077","0.128","0.396",0
"Pauley, Graham",688363,"MIA","FS","Split-Finger",-4,0,"10",3.1,"2","0","0","0",20,0,0,"0.218","0.222","0.197",0
"Chaparro, Andrés",665953,"WSH","FS","Split-Finger",-8.2,0,"6",18.2,"2","0","0","0",75,100,66.7,,,"0",
"Matos, Luis",682641,"MIL","SL","Slider",-4.3,0,"10",13.9,"2","0","0","0",50,50,33.3,"0.004","0.005","0.004",0
"Jiménez, Leo",677870,"MIA","CU","Curveball",-8.9,-1,"6",7.8,"2","0","0","0",25,0,0,"0.654","0.715","0.606",0
"Ruiz, Keibert",660688,"WSH","ST","Sweeper",1,0,"14",6.1,"2","0","0","0.35",0,0,0,"0.36","0.378","0.512",0
"Ortiz, Joey",687401,"MIL","FS","Split-Finger",-6.9,0,"5",1.6,"2","0","0","0",0,0,0,"0.105","0.116","0.095",0
"Stowers, Kyle",669065,"MIA","CU","Curveball",1.3,0,"29",14,"2","0","0","0.35",50,0,0,"0.58","0.639","0.617",100
"Riley, Austin",663586,"ATL","SV","Slurve",-5.9,0,"7",1.1,"2","0","0","0",33.3,50,16.7,"0.178","0.198","0.163",100
"Frelick, Sal",686217,"MIL","SV","Slurve",-24.8,0,"2",0.4,"2","0","0","0",0,0,0,"0.328","0.368","0.304",50
"Ruiz, Keibert",660688,"WSH","FS","Split-Finger",-7.5,-1,"9",3.9,"2","0","0","0",16.7,0,0,"0.042","0.05","0.037",0
"Jones, Greg",675659,"MIL","CH","Changeup",-8.4,-1,"9",12.2,"2","0","0","0",60,50,50,"0.025","0.038","0.029",0
"Trevino, Jose",624431,"CIN","SL","Slider",6.1,1,"10",15.6,"2","0.5","1","0.625",20,0,0,"0.353","0.392","0.329",50
"Steer, Spencer",668715,"CIN","FS","Split-Finger",3.7,0,"13",2.8,"2","0.5","1","0.625",16.7,0,0,"0.558","1.576","0.889",100
"Wilson, Will",669717,"SEA","FF","4-Seam Fastball",14.3,1,"8",32,"2","0.5","2","1",0,0,0,"0.483","1.859","0.964",50
"Bleday, JJ",668709,"CIN","CU","Curveball",6.8,1,"12",12.2,"2","0.5","2","1",33.3,0,0,"0.854","2.347","1.329",100
"Kayfus, CJ",692216,"CLE","SL","Slider",-7.3,-1,"8",7.4,"2","0","0","0",66.7,50,100,"0.033","0.035","0.029",0
"Halpin, Petey",690984,"CLE","CU","Curveball",-15,-1,"4",21.1,"2","0","0","0",25,50,50,"0.009","0.015","0.009",0
"Millas, Drew",686452,"WSH","FS","Split-Finger",5.8,1,"9",3.9,"2","0.5","0.5","0.45",0,0,0,"0.233","0.27","0.222",0
"Ruiz, Keibert",660688,"WSH","CU","Curveball",-3.8,-1,"24",10.4,"2","0","0","0",0,0,0,"0.083","0.098","0.079",0
"Robles, Victor",645302,"SEA","SI","Sinker",-8.7,-1,"7",13.2,"2","0","0","0",25,0,,"0.079","0.081","0.07",0
"Jones, Greg",675659,"MIL","SI","Sinker",-2.8,0,"8",10.8,"2","0","0","0",0,0,0,"0.104","0.109","0.094",0
"Arias, Gabriel",672356,"CLE","FS","Split-Finger",-11.4,-1,"5",3.9,"2","0","0","0",50,0,0,"0.148","0.176","0.142",0
"De Los Santos, Deyvison",691277,"MIA","SL","Slider",0.9,0,"11",32.4,"2","0.5","0.5","0.45",28.6,50,25,"0.027","0.027","0.025",0
"Bleday, JJ",668709,"CIN","ST","Sweeper",22.2,2,"9",9.2,"2","0.5","2","1",50,50,33.3,"0.133","0.36","0.2",100
"Joe, Connor",656582,"SEA","CH","Changeup",-1.1,0,"15",15.8,"2","0","0","0",50,0,0,"0.216","0.557","0.323",50
"Trevino, Jose",624431,"CIN","CH","Changeup",-6.1,0,"8",12.5,"2","0","0","0",66.7,50,50,"0.327","0.353","0.301",0
"Hinds, Rece",677956,"CIN","CU","Curveball",-3.8,-1,"14",9.5,"2","0","0","0",37.5,50,33.3,"0.005","0.006","0.005",0
"Trevino, Jose",624431,"CIN","ST","Sweeper",-14.8,0,"3",4.7,"2","0","0","0",0,0,0,"0.162","0.324","0.203",0
"Morel, Christopher",666624,"MIA","FC","Cutter",12.2,0,"4",8.3,"2","1","1","0.8",0,0,,"0.74","0.895","0.71",100
"Refsnyder, Rob",608701,"SEA","SL","Slider",-3,0,"13",7.4,"2","0","0","0",25,50,16.7,"0.035","0.119","0.059",100
"Joe, Connor",656582,"SEA","FC","Cutter",-12.8,-1,"4",4.2,"2","0","0","0",0,50,100,"0.245","0.269","0.227",100
"Higgins, P.J.",664731,"CIN","ST","Sweeper",-8.6,0,"5",10.6,"2","0","0","0",50,50,33.3,"0.24","0.276","0.233",0
"McLain, Matt",680574,"CIN","FS","Split-Finger",-1.8,0,"10",1.8,"2","0","0","0",50,50,33.3,"0.134","0.147","0.12",100
"Marte, Noelvi",682622,"CIN","FS","Split-Finger",-4.7,0,"5",4,"2","0","0","0",50,50,25,"0.111","0.128","0.1",0
"Bader, Harrison",664056,"SF","FS","Split-Finger",-6.3,0,"6",2.9,"2","0","0","0",66.7,100,50,,,"0",
"Devers, Rafael",646240,"SF","SV","Slurve",-0.1,0,"5",0.9,"2","0","0","0.35",0,0,,"0.104","0.104","0.397",0
"Koss, Christian",683766,"SF","ST","Sweeper",-12.3,0,"4",13.8,"2","0","0","0",66.7,50,50,"0.051","0.057","0.045",0
"Raley, Luke",670042,"SEA","ST","Sweeper",-1.7,0,"16",4.2,"2","0","0","0",83.3,100,50,,,"0",
"Haase, Eric",606992,"SF","CH","Changeup",-11.6,0,"4",12.5,"2","0","0","0",25,50,33.3,"0.108","0.12","0.097",0
"Bliss, Ryan",669208,"SEA","FF","4-Seam Fastball",-7,-1,"8",88.9,"2","0","0","0",80,100,100,,,"0",
"Haase, Eric",606992,"SF","SL","Slider",-5.5,0,"5",15.6,"2","0","0","0",25,0,0,"0.392","0.448","0.362",0
"Benson, Will",666181,"CIN","ST","Sweeper",-1.4,0,"13",5.3,"2","0","0","0",40,50,16.7,"0.005","0.009","0.005",0
"Kayfus, CJ",692216,"CLE","FC","Cutter",-13.4,-1,"5",4.6,"2","0","0","0",20,0,0,"0.032","0.036","0.029",0
"Bleday, JJ",668709,"CIN","CH","Changeup",-2.1,0,"20",20.4,"2","0","0","0",40,50,11.1,"0.06","0.075","0.056",0
"Bazzana, Travis",683953,"CLE","SL","Slider",-5.5,-1,"11",11.5,"2","0","0","0",66.7,50,25,"0.126","0.126","0.114",0
"Johnson, Bryce",669369,"SD","SL","Slider",10.1,1,"9",9.5,"2","1","1.5","1.075",40,0,0,"0.542","0.708","0.547",50
"Halpin, Petey",690984,"CLE","CH","Changeup",-21.6,0,"2",10.5,"2","0","0","0",0,0,0,"0.259","0.299","0.245",0
"Fry, David",681807,"CLE","CU","Curveball",-1.6,0,"16",6.8,"2","0","0","0",0,50,20,"0.004","0.007","0.004",0
"Valera, George",671655,"CLE","SV","Slurve",-18.7,-1,"3",2.5,"2","0","0","0",33.3,0,,"0.118","0.124","0.108",0
"Hernaiz, Darell",687231,"ATH","CU","Curveball",0.8,0,"18",7.5,"2","0.5","0.5","0.45",14.3,50,11.1,"0.113","0.128","0.101",0
"Hinds, Rece",677956,"CIN","FS","Split-Finger",-3.4,0,"12",8.1,"2","0","0","0",28.6,50,25,"0","0","0.005",100
"Bazzana, Travis",683953,"CLE","CU","Curveball",4.2,0,"6",6.3,"2","0.5","0.5","0.45",33.3,50,50,"0.345","0.415","0.318",0
"Thomas, Colby",687515,"ATH","CU","Curveball",2.6,0,"11",16.9,"2","0.5","0.5","0.45",60,50,33.3,"0.443","0.566","0.438",100
"Valera, George",671655,"CLE","SI","Sinker",4.3,0,"9",7.6,"2","0.5","1","0.625",20,0,,"0.257","0.36","0.271",50
"Campusano, Luis",669134,"SD","FS","Split-Finger",26.6,1,"5",2.4,"2","0.5","2","1",0,0,0,"0.455","1.435","0.778",50
"Fry, David",681807,"CLE","ST","Sweeper",5,1,"11",4.7,"2","0.5","0.5","0.45",0,0,0,"0.641","1.073","0.738",50
"Marte, Noelvi",682622,"CIN","SI","Sinker",-3.5,-1,"22",17.6,"2","0","0","0",50,50,25,"0.173","0.197","0.158",100
"Hayes, Ke'Bryan",663647,"CIN","FS","Split-Finger",-8.7,0,"5",1.6,"2","0","0","0",33.3,50,100,"0.027","0.04","0.027",0
"Huff, Sam",669087,"BAL","CH","Changeup",-5.9,0,"6",15.8,"1","0","0","0",66.7,100,25,,,"0",
"Espinal, Santiago",669289,"LAD","CU","Curveball",-2.3,0,"8",7.2,"1","0","0","0",0,0,0,"0.268","0.307","0.285",0
"Garver, Mitch",641598,"SEA","CU","Curveball",0.2,0,"18",7.8,"1","0","0","0",33.3,100,11.1,,,"0",
"Rodríguez, Johnathan",671286,"BAL","CU","Curveball",-5,0,"7",12.7,"1","0","0","0",50,100,50,,,"0",
"Huff, Sam",669087,"BAL","CU","Curveball",-6.3,0,"2",5.3,"1","0","0","0",100,100,50,,,"0",
"Ward, Ryan",669899,"LAD","SL","Slider",-4.4,0,"4",22.2,"1","0","0","0",0,0,,"0.003","0.003","0.003",0
"O'Neill, Tyler",641933,"BAL","FS","Split-Finger",-5.4,0,"3",1.4,"1","0","0","0",100,100,100,,,"0",
"Rodríguez, Johnathan",671286,"BAL","FC","Cutter",-9.7,0,"4",7.3,"1","0","0","0",33.3,100,100,,,"0",
"Wilson, Weston",642215,"BAL","CU","Curveball",16.7,1,"3",3.2,"1",,,"0.7",100,0,0,,,"0.7",
"Wilson, Will",669717,"SEA","CU","Curveball",-3.8,0,"3",12,"1","0","0","0",0,0,0,"0.051","0.051","0.046",0
"Rengifo, Luis",650859,"MIL","SV","Slurve",32.3,1,"3",0.7,"1","1","2","1.25",0,0,0,"0.78","0.952","0.746",0
"Tena, José",677588,"WSH","FC","Cutter",8.1,1,"12",4.6,"1","1","3","1.6",40,0,0,"0.477","1.166","0.683",100
"Higashioka, Kyle",543309,"TEX","FS","Split-Finger",-2.4,0,"4",1.8,"1","0","0","0",100,100,33.3,,,"0",
"Osuna, Alejandro",696030,"TEX","ST","Sweeper",3.3,0,"8",8.9,"1",,,"0.7",66.7,0,0,,,"0.7",
"Duran, Ezequiel",677649,"TEX","CU","Curveball",-0.8,0,"15",5.2,"1","0","0","0",100,100,33.3,,,"0",
"Morel, Christopher",666624,"MIA","CU","Curveball",-6.2,0,"2",4.2,"1","0","0","0",100,100,100,,,"0",
"Osuna, Alejandro",696030,"TEX","FS","Split-Finger",-18.9,0,"1",1.1,"1","0","0","0",100,100,100,,,"0",
"Chourio, Jackson",694192,"MIL","ST","Sweeper",30.4,1,"2",9.5,"1","1","2","1.25",0,0,,"0.911","3","1.608",100
"Farmer, Kyle",571657,"ATL","ST","Sweeper",-9.9,0,"3",7.1,"1","0","0","0",0,0,0,"0.041","0.046","0.039",0
"Rodriguez, Jesus",683679,"SF","SI","Sinker",-23.9,0,"2",18.2,"1","0","0","0",0,0,,"0.446","0.53","0.423",0
"Short, Zack",670097,"DET","SL","Slider",-9.7,0,"2",20,"1","0","0","0",0,0,,"0.254","0.953","0.502",100
"Williams, Luke",663897,"ATL","FF","4-Seam Fastball",3.8,0,"2",50,"1",,,"0.7",,0,,,,"0.7",
"McGonigle, Kevin",805808,"DET","SV","Slurve",-3.5,0,"6",1,"1","0","0","0",0,0,0,"0.477","0.568","0.46",100
"Harris, Brett",695391,"ATH","SL","Slider",-5.2,0,"4",66.7,"1","0","0","0",33.3,100,33.3,,,"0",
"Seager, Corey",608369,"TEX","SV","Slurve",-10.2,0,"2",0.4,"1","0","0","0",0,0,0,"0.423","1.103","0.637",100
"Sanoja, Javier",691594,"MIA","FS","Split-Finger",5.5,0,"2",0.7,"1",,,"0.7",,0,,,,"0.7",
"Chaparro, Andrés",665953,"WSH","SI","Sinker",7.7,0,"4",12.1,"1","1","1","0.9",0,0,,"0.551","0.62","0.518",0
"Meadows, Parker",678009,"DET","SV","Slurve",-13.8,0,"3",1.8,"1","0","0","0",0,0,0,"0.094","0.305","0.163",0
"McCutchen, Andrew",457705,"TEX","SV","Slurve",-13,0,"2",0.9,"1","0","0","0",0,0,,"0.065","0.072","0.058",0
"Morel, Christopher",666624,"MIA","CH","Changeup",-7.9,0,"2",4.2,"1","0","0","0",100,100,100,,,"0",
"Pérez, Wenceel",672761,"DET","FS","Split-Finger",-8.6,0,"2",0.9,"1","0","0","0",0,0,0,"0.001","0.001","0",0
"Ruiz, Esteury",665923,"MIA","SI","Sinker",-2.6,0,"8",16,"1","0","0","0",80,100,50,,,"0",
"Haggerty, Sam",664059,"TEX","SI","Sinker",-3.5,0,"9",8.6,"1","0","0","0",0,0,,"0.282","0.285","0.254",0
"Rogers, Jake",668670,"DET","CU","Curveball",22.4,1,"5",3.5,"1","1","3","1.6",0,0,0,"0.617","0.707","0.555",0
"Schuemann, Max",680474,"NYY","FF","4-Seam Fastball",-4.7,0,"5",38.5,"1","0","0","0",50,0,0,"0.001","0.001","0",0
"Ward, Ryan",669899,"LAD","ST","Sweeper",-25.9,0,"1",5.6,"1","0","0","0",0,0,,"0.051","0.146","0.08",0
"Witt Jr., Bobby",677951,"KC","FS","Split-Finger",-2.3,0,"9",1.5,"1","0","0","0",33.3,0,0,"0.006","0.006","0.005",0
"Rosario, Amed",642708,"NYY","FS","Split-Finger",-9.2,0,"3",1.3,"1","0","0","0",50,0,,"0.089","0.164","0.098",0
"Schuemann, Max",680474,"NYY","FS","Split-Finger",8.1,0,"4",30.8,"1",,,"0.7",0,0,0,,,"0.7",
"Tolbert, Tyler",686475,"KC","FF","4-Seam Fastball",-19.9,0,"2",14.3,"1","0","0","0",0,0,,"0.42","0.473","0.391",100
"Meadows, Parker",678009,"DET","FC","Cutter",4.6,0,"10",6.1,"1","1","1","0.9",0,0,0,"0.84","0.933","0.789",0
"Meadows, Parker",678009,"DET","SL","Slider",9.9,1,"7",4.3,"1","1","1","0.9",0,0,0,"0.426","0.453","0.384",100
"Oliva, Jared",666931,"SF","FF","4-Seam Fastball",-5,0,"4",14.8,"1","0","0","0",33.3,0,0,"0.957","1.122","0.907",100
"Moreno, Gabriel",672515,"AZ","ST","Sweeper",5.6,1,"15",6.4,"1","1","2","1.25",12.5,0,0,"0.586","1.898","1.025",100
"Rodriguez, Jesus",683679,"SF","FF","4-Seam Fastball",-14.9,0,"2",18.2,"1","0","0","0",50,0,0,"0.163","0.176","0.147",0
"Díaz, Elias",553869,"KC","FC","Cutter",-20.8,0,"1",2.3,"1","0","0","0",0,0,,"0.14","0.157","0.126",0
"Jung, Jace",690291,"DET","FC","Cutter",14,0,"3",11.1,"1","1","1","0.9",0,0,,"0.697","1.065","0.748",100
"Trout, Mike",545361,"LAA","KN","Knuckleball",-8.5,0,"4",0.6,"1","0","0","0",0,0,0,"0.177","0.211","0.168",0
"Black, Tyler",672012,"MIL","SL","Slider",-5.8,0,"2",2.6,"1","0","0","0",,100,50,,,"0",
"Marte, Starling",516782,"KC","CU","Curveball",4.7,0,"10",7.2,"1","1","1","0.9",0,0,0,"0.963","1.074","0.893",0
"Halpin, Petey",690984,"CLE","FS","Split-Finger",-9.9,0,"2",10.5,"1","0","0","0",0,0,,"0.06","0.111","0.067",0
"Torrens, Luis",620443,"NYM","CH","Changeup",10.7,1,"8",5.6,"1","1","2","1.25",0,0,0,"0.531","0.58","0.483",0
"Tolbert, Tyler",686475,"KC","FC","Cutter",47.7,0,"1",7.1,"1","1","1","0.9",0,0,,"0.423","0.474","0.396",100
"Betts, Mookie",605141,"LAD","FS","Split-Finger",-4.9,0,"4",3.8,"1","0","0","0",0,0,0,"0.001","0.001","0",0
"Wynns, Austin",642851,"ATH","FC","Cutter",-3.6,-1,"15",10.7,"1","0","0","0",40,100,33.3,,,"0",
"Kayfus, CJ",692216,"CLE","CH","Changeup",9.8,1,"14",13,"1","1","4","2",66.7,0,0,"0.674","2.659","1.362",100
"Refsnyder, Rob",608701,"SEA","FS","Split-Finger",-13.5,0,"2",1.1,"1","0","0","0",0,0,,"0.037","0.057","0.041",0
"Matos, Luis",682641,"MIL","FS","Split-Finger",22.6,0,"2",2.8,"1","1","1","0.9",0,0,,"0.583","0.664","0.543",100
"Meyers, Jake",676694,"HOU","CU","Curveball",2.2,0,"15",10,"1",,,"0.7",40,0,0,,,"0.7",
"Murphy, Sean",669221,"ATL","SL","Slider",-3.5,0,"7",53.8,"1","0","0","0",50,100,50,,,"0",
"Osuna, Alejandro",696030,"TEX","CU","Curveball",12.3,1,"7",7.8,"1","1","1","0.9",0,0,0,"0.963","1.074","0.893",0
"De Los Santos, Deyvison",691277,"MIA","CH","Changeup",-3.6,0,"8",23.5,"1","0","0","0",50,0,0,"0.629","0.674","0.568",0
"McCutchen, Andrew",457705,"TEX","FS","Split-Finger",20.9,0,"2",0.9,"1","0","0","0.9",0,0,0,"0.048","0.052","0.043",0
"Contreras, William",661388,"MIL","SV","Slurve",13.3,0,"3",0.6,"1","1","1","0.9",0,0,0,"0.989","1.035","0.895",0
"Walker, Christian",572233,"HOU","FS","Split-Finger",-1,0,"6",1.1,"1","0","0","0",100,100,25,,,"0",
"Whitcomb, Shay",694376,"HOU","ST","Sweeper",-5.4,0,"4",7.5,"1","0","0","0",0,100,100,,,"0",
"Trammell, Taylor",666211,"HOU","FS","Split-Finger",-16,0,"1",0.9,"1","0","0","0",100,100,100,,,"0",
"Cole, Zach",805904,"HOU","SL","Slider",-11.5,0,"2",13.3,"1","0","0","0",100,100,100,,,"0",
"Peña, Jeremy",665161,"HOU","CU","Curveball",-3.7,0,"9",5,"1","0","0","0",50,100,33.3,,,"0",
"Shewmake, Braden",669699,"HOU","CU","Curveball",-9.5,0,"3",7,"1","0","0","0",66.7,100,50,,,"0",
"Young, Jared",676724,"NYM","FS","Split-Finger",19,0,"2",2.3,"1","1","1","0.9",0,0,,"0.357","0.422","0.345",0
"Thomas, Colby",687515,"ATH","SL","Slider",-4.1,0,"4",6.2,"1","0","0","0",0,0,0,"0.389","1.422","0.743",100
"Cole, Zach",805904,"HOU","FF","4-Seam Fastball",-4.9,0,"6",40,"1","0","0","0",66.7,100,33.3,,,"0",
"Loperfido, Joey",694388,"HOU","FS","Split-Finger",-5.4,0,"6",2.2,"1","0","0","0",100,100,50,,,"0",
"Allen, Nick",669397,"HOU","CU","Curveball",-3.7,0,"4",6,"1","0","0","0",100,100,50,,,"0",
"Harris II, Michael",671739,"ATL","SV","Slurve",7,0,"5",1.2,"1","1","1","0.9",0,0,0,"0.437","0.445","0.393",100
"Smith, Pavin",656976,"AZ","CU","Curveball",9.3,1,"10",21.3,"1","1","1","0.9",0,0,0,"0.511","0.572","0.48",100
"Garcia, Aramis",605244,"AZ","SI","Sinker",47.7,0,"1",11.1,"1","1","1","0.9",0,0,,"0.986","1.118","0.921",0
"Lawlar, Jordan",691783,"AZ","CU","Curveball",9.8,0,"4",4.4,"1","1","1","0.9",0,0,,"0.834","1.005","0.802",100
"Wilson, Jacob",805779,"ATH","CU","Curveball",-0.3,0,"18",3.8,"1","0","0","0",0,0,0,"0.271","0.29","0.249",100
"Fernandez, Jose",699912,"AZ","SV","Slurve",10.9,1,"7",1.8,"1","1","1","0.9",0,0,0,"0.078","0.081","0.072",0
"Trammell, Taylor",666211,"HOU","FC","Cutter",2.1,0,"6",5.5,"1",,,"0.7",33.3,0,,,,"0.7",
"Joe, Connor",656582,"SEA","ST","Sweeper",-1,0,"9",9.5,"1","0","0","0",0,0,0,"0.001","0.001","0",0
"Allen, Nick",669397,"HOU","ST","Sweeper",-30.5,0,"1",1.5,"1","0","0","0",0,0,,"0.001","0.001","0",0
"Taylor, Tyrone",621438,"NYM","FS","Split-Finger",26.9,2,"6",2.5,"1","1","4","2",33.3,0,0,"0.814","3.237","1.66",100
"Pereda, Jhonny",640902,"SEA","FF","4-Seam Fastball",-7.2,0,"5",45.5,"1","0","0","0",0,0,0,"0.174","0.387","0.228",100
"Pereda, Jhonny",640902,"SEA","SL","Slider",-18.2,0,"1",9.1,"1","0","0","0",0,0,0,"0.11","0.137","0.103",0
"Quero, Jeferson",691620,"MIL","FC","Cutter",-29.7,0,"1",12.5,"1","0","0","0",0,0,,"0.306","0.355","0.291",0
"Hicks, Liam",689414,"MIA","SV","Slurve",39.9,1,"2",0.5,"1","1","1","0.9",0,0,,"0.649","0.727","0.608",0
"Koss, Christian",683766,"SF","SL","Slider",-3.7,0,"3",10.3,"1","0","0","0",0,0,0,"0.19","0.217","0.171",100
"Bichette, Bo",666182,"NYM","SV","Slurve",-10.9,0,"2",0.4,"1","0","0","0",0,0,0,"0.009","0.009","0.008",0
"Olson, Matt",621566,"ATL","SV","Slurve",43.2,2,"4",0.6,"1","1","4","2",0,0,0,"0.849","3.171","1.646",100
"Jones, Greg",675659,"MIL","CU","Curveball",-3.8,0,"5",6.8,"1","0","0","0",0,0,0,"0.179","0.179","0.161",0
"Pham, Tommy",502054,"NYM","CH","Changeup",-5.2,0,"4",6.7,"1","0","0","0",50,0,0,"0.103","0.166","0.108",0
"Semien, Marcus",543760,"NYM","SV","Slurve",-1.6,0,"5",1,"1","0","0","0",0,0,0,"0.081","0.096","0.079",0
"Wilson, Will",669717,"SEA","FC","Cutter",-6.1,0,"5",20,"1","0","0","0",75,100,50,,,"0",
"Smith, Dominic",642086,"ATL","SV","Slurve",-2.5,0,"6",2.4,"1","0","0","0",0,0,0,"0.037","0.079","0.051",0
"White, Eli",642201,"ATL","SV","Slurve",-10.9,0,"2",0.9,"1","0","0","0",100,100,100,,,"0",
"Trevino, Jose",624431,"CIN","FS","Split-Finger",-9.4,0,"3",4.7,"1","0","0","0",0,0,0,"0.211","0.22","0.19",0
"Hedges, Austin",595978,"CLE","FS","Split-Finger",31.1,1,"2",1.1,"1","1","2","1.25",0,0,,"0.531","1.053","0.66",100
"Arias, Gabriel",672356,"CLE","FC","Cutter",12.9,1,"4",3.1,"1","1","2","1.25",33.3,0,0,"0.729","1.63","0.998",100
"Gelof, Zack",680869,"ATH","CH","Changeup",3.9,1,"16",9.8,"1","1","1","0.9",42.9,0,0,"0.426","0.453","0.384",100
"Nuñez, Nasim",683083,"WSH","SV","Slurve",-19.1,0,"2",0.4,"1","0","0","0",0,0,0,"0.302","0.344","0.286",0
"Lee, Jung Hoo",808982,"SF","FS","Split-Finger",7.2,1,"9",1.8,"1","1","1","0.9",0,0,0,"0.834","0.967","0.802",0
"Haase, Eric",606992,"SF","FC","Cutter",20.3,0,"2",6.3,"1","1","1","0.9",50,0,,"0.201","0.202","0.182",0
"Chapman, Matt",656305,"SF","SV","Slurve",-16.8,0,"2",0.3,"1","0","0","0",0,0,0,"0.098","0.113","0.089",0
"Myers, Dane",667472,"CIN","FS","Split-Finger",1.1,0,"4",1.7,"1","0","0","0",0,0,0,"0.066","0.207","0.111",0
"Trevino, Jose",624431,"CIN","FC","Cutter",-12.9,0,"3",4.7,"1","0","0","0",0,0,,"0.142","0.171","0.132",0
"France, Ty",664034,"SD","FS","Split-Finger",-8.9,0,"2",1.1,"1","0","0","0",0,0,0,"0.369","0.411","0.332",100
"Fermin, Freddy",666023,"SD","FS","Split-Finger",-4.3,0,"7",2.6,"1","0","0","0",0,0,0,"0.049","0.089","0.055",0
"Johnson, Bryce",669369,"SD","SI","Sinker",-2.5,0,"13",13.7,"1","0","0","0",40,0,0,"0.02","0.027","0.021",100
"Bogaerts, Xander",593428,"SD","FS","Split-Finger",-21.7,0,"1",0.2,"1","0","0","0",0,0,,"0.06","0.078","0.056",0
"Perkins, Blake",663368,"MIL","ST","Sweeper",-3.2,0,"3",1.4,"1","0","0","0",0,0,0,"0.523","0.588","0.482",0
"Quero, Jeferson",691620,"MIL","FF","4-Seam Fastball",11.1,0,"3",37.5,"1",,,"0.7",,0,,,,"0.7",
"Higgins, P.J.",664731,"CIN","FC","Cutter",-32.8,0,"1",2.1,"1","0","0","0",100,100,100,,,"0",
"Lowe, Nathaniel",663993,"CIN","ST","Sweeper",2,0,"18",5.8,"1",,,"0.7",16.7,0,0,,,"0.7",
"Marsee, Jakob",805300,"MIA","SV","Slurve",15.3,1,"6",0.9,"1","1","3","1.6",33.3,0,0,"0.129","0.421","0.231",0
"Bleday, JJ",668709,"CIN","SL","Slider",3.7,0,"13",13.3,"1",,,"0.7",25,0,0,,,"0.7",
"Ortiz, Joey",687401,"MIL","SV","Slurve",-5,0,"6",1.9,"1","0","0","0",50,100,33.3,,,"0",
"Johnson, Daniel",669288,"HOU","CH","Changeup",-22.9,0,"1",1.9,"1","0","0","0",0,0,,"0.02","0.03","0.022",0
"Higgins, P.J.",664731,"CIN","FS","Split-Finger",-6.8,0,"3",6.4,"1","0","0","0",,100,50,,,"0",
"Chaparro, Andrés",665953,"WSH","FC","Cutter",-29.7,0,"1",3,"1","0","0","0",0,0,,"0.063","0.125","0.074",0
"Hinds, Rece",677956,"CIN","CH","Changeup",-0.3,0,"20",13.5,"1","0","0","0",53.8,100,12.5,,,"0",
"Freeman, Freddie",518692,"LAD","SV","Slurve",23.9,0,"2",0.4,"1","1","1","0.9",50,0,0,"0.954","1.133","0.907",100
"Machado, Manny",592518,"SD","FS","Split-Finger",-1,0,"7",1.3,"1","0","0","0",0,0,0,"0.086","0.095","0.089",0
"Torrens, Luis",620443,"NYM","ST","Sweeper",-7.8,0,"4",2.8,"1","0","0","0",66.7,0,,"0.059","0.064","0.053",0
"Marte, Noelvi",682622,"CIN","FC","Cutter",-5,0,"7",5.6,"1","0","0","0",20,100,100,,,"0",
"Robert Jr., Luis",673357,"NYM","FS","Split-Finger",-0.5,0,"13",3.4,"1","0","0","0",50,100,14.3,,,"0",
"Castellanos, Nick",592206,"SD","FS","Split-Finger",-2,0,"8",3.3,"1","0","0","0",100,100,100,,,"0",
"Young, Jacob",696285,"WSH","FS","Split-Finger",19.8,1,"3",0.7,"1","1","2","1.25",0,0,0,"0.276","0.301","0.258",0
"Ritter, Ryan",690022,"COL","FF","4-Seam Fastball",-5.1,0,"8",32,"1","0","0","0",16.7,100,33.3,,,"0",
"Ohtani, Shohei",660271,"LAD","SV","Slurve",12.3,0,"4",0.7,"1","0","0","0.9",0,0,0,"0.18","0.198","0.162",0
"Johnston, Troy",687859,"COL","SV","Slurve",5.7,0,"5",1.2,"1",,,"0.7",0,0,0,,,"0.7",
"Ward, Ryan",669899,"LAD","CH","Changeup",26.2,1,"2",11.1,"1","1","1","0.9",0,0,,"0.86","1.019","0.836",0
"Eldridge, Bryce",805811,"SF","CU","Curveball",-27.2,0,"1",10,"1","0","0","0",0,0,,"0.006","0.008","0.005",100
"Black, Tyler",672012,"MIL","FS","Split-Finger",-9.5,0,"2",2.6,"1","0","0","0",,100,100,,,"0",
"Thomas, Colby",687515,"ATH","SI","Sinker",-10.8,0,"2",3.1,"1","0","0","0",0,0,,"0.053","0.056","0.048",0
"Tovar, Ezequiel",678662,"COL","SV","Slurve",-8.9,0,"2",0.4,"1","0","0","0",50,100,50,,,"0",
"Fulford, Braxton",690924,"COL","FF","4-Seam Fastball",-8.4,0,"3",15.8,"1","0","0","0",50,100,100,,,"0",
"Johnston, Troy",687859,"COL","KN","Knuckleball",1.6,0,"3",0.7,"1",,,"0.7",,0,,,,"0.7",
"Fulford, Braxton",690924,"COL","ST","Sweeper",-6.2,0,"4",21.1,"1","0","0","0",100,100,100,,,"0",
"Azocar, José",640492,"ATL","ST","Sweeper",-10.2,0,"2",25,"1","0","0","0",0,0,0,"0.483","0.524","0.446",100
"Gurriel Jr., Lourdes",666971,"AZ","CU","Curveball",-2.5,0,"6",3.8,"1","0","0","0",50,0,0,"0.034","0.044","0.036",0
"Bregman, Alex",608324,"CHC","KN","Knuckleball",7.6,1,"7",1.1,"1","1","1","0.9",50,0,,"0.227","0.258","0.21",100
"Kingery, Scott",664068,"CHC","FC","Cutter",14.6,0,"3",20,"1","1","1","0.9",0,0,0,"0.591","0.67","0.554",0
"Beck, Jordan",687597,"COL","FC","Cutter",-3.1,0,"14",5,"1","0","0","0",42.9,0,0,"0.011","0.012","0.01",0
"Slater, Austin",596103,"NYM","SV","Slurve",-18,0,"1",0.7,"1","0","0","0",100,100,100,,,"0",
"Garcia, Aramis",605244,"AZ","FC","Cutter",-25.6,0,"1",11.1,"1","0","0","0",0,0,,"0.003","0.003","0.003",0
"McCarthy, Jake",664983,"COL","FC","Cutter",-4.9,-1,"14",5.5,"1","0","0","0",0,0,0,"0.168","0.193","0.153",0
"Tovar, Ezequiel",678662,"COL","FS","Split-Finger",-3.8,0,"9",1.8,"1","0","0","0",12.5,0,0,"0.149","0.288","0.183",0
"Ortiz, Joey",687401,"MIL","KN","Knuckleball",-23.2,0,"1",0.3,"1","0","0","0",100,100,100,,,"0",
"Gurriel Jr., Lourdes",666971,"AZ","SV","Slurve",-5.3,0,"4",2.5,"1","0","0","0",0,0,0,"0.059","0.061","0.053",0
"Pham, Tommy",502054,"NYM","CU","Curveball",-4.6,0,"6",10,"1","0","0","0",33.3,100,25,,,"0",
"Lopez, Nicky",670032,"CHC","FC","Cutter",-25.1,0,"1",5.3,"1","0","0","0",0,0,,"0.426","0.453","0.384",100
"Ward, Ryan",669899,"LAD","CU","Curveball",-5.7,0,"6",33.3,"1","0","0","0",0,100,100,,,"0",
"Sullivan, Brett",664954,"COL","FS","Split-Finger",-0.2,0,"9",4.8,"1","0","0","0",0,0,0,"0.065","0.072","0.058",0
"Dubón, Mauricio",643289,"ATL","SV","Slurve",-5.7,0,"5",1,"1","0","0","0",0,0,0,"0.44","0.54","0.41",0
"Conforto, Michael",624424,"CHC","KN","Knuckleball",-11.2,0,"2",1.3,"1","0","0","0",0,0,,"0.074","0.087","0.07",0
"Freeman, Tyler",671289,"COL","SV","Slurve",-21.5,0,"1",0.4,"1","0","0","0",0,0,,"0.183","0.561","0.306",0
"Carlson, Dylan",666185,"CHC","SL","Slider",-12.2,0,"2",10,"1","0","0","0",0,0,0,"0.163","0.265","0.184",0
"Haase, Eric",606992,"SF","ST","Sweeper",-11.1,0,"3",9.4,"1","0","0","0",0,0,0,"0.451","0.522","0.444",0
"Lopez, Nicky",670032,"CHC","SI","Sinker",1,0,"1",5.3,"1","0","0","0",0,0,,"0.287","0.288","0.258",0
"Busch, Michael",683737,"CHC","SV","Slurve",-22,0,"1",0.2,"1","0","0","0",0,0,,"0.268","0.281","0.241",100
"Amaya, Miguel",665804,"CHC","KN","Knuckleball",-8.1,0,"3",1.1,"1","0","0","0",0,0,0,"0.118","0.139","0.116",0
"Saggese, Thomas",695336,"STL","FS","Split-Finger",-19.3,0,"1",0.4,"1","0","0","0",100,100,100,,,"0",
"Rojas, Miguel",500743,"LAD","CU","Curveball",-1.9,0,"15",7.8,"1","0","0","0",50,100,33.3,,,"0",
"Ritter, Ryan",690022,"COL","SL","Slider",-11,0,"2",8,"1","0","0","0",0,0,0,"0.017","0.042","0.027",0
"Slater, Austin",596103,"NYM","ST","Sweeper",-5.8,0,"7",4.6,"1","0","0","0",,100,50,,,"0",
"Johnson, Daniel",669288,"HOU","SL","Slider",-5.9,0,"5",9.4,"1","0","0","0",33.3,0,,"0.274","0.395","0.272",0
"Pozo, Yohel",650968,"STL","FC","Cutter",-3.5,0,"6",10.2,"1","0","0","0",0,0,0,"0.494","0.548","0.456",100
"Marte, Ketel",606466,"AZ","SV","Slurve",-9.5,0,"3",0.6,"1","0","0","0",0,0,0,"0.329","0.35","0.301",100
"Brito, Juan",682877,"CLE","ST","Sweeper",-1.5,0,"14",6,"1","0","0","0",25,0,0,"0.003","0.003","0.003",0
"Ritter, Ryan",690022,"COL","CH","Changeup",-8,0,"2",8,"1","0","0","0",0,0,0,"0.134","0.257","0.165",0
"Matos, Luis",682641,"MIL","FC","Cutter",-5.3,0,"8",11.1,"1","0","0","0",40,100,100,,,"0",
"Urías, Ramón",602104,"STL","FS","Split-Finger",-10.4,0,"2",0.8,"1","0","0","0",0,0,0,"0.006","0.008","0.007",0
"McCarthy, Jake",664983,"COL","KN","Knuckleball",-16,0,"1",0.4,"1","0","0","0",0,0,0,"0.295","0.343","0.274",0
"Julien, Edouard",666397,"COL","KN","Knuckleball",27,1,"3",0.7,"1","1","3","1.6",50,0,,"0.534","0.871","0.591",100
"Moreno, Gabriel",672515,"AZ","FC","Cutter",-2.5,0,"10",4.3,"1","0","0","0",60,0,0,"0.034","0.105","0.053",100
"Heineman, Tyler",623168,"TOR","SV","Slurve",-11,0,"2",1,"1","0","0","0",50,100,100,,,"0",
"Jones, Greg",675659,"MIL","FS","Split-Finger",-8.1,0,"3",4.1,"1","0","0","0",50,100,100,,,"0",
"Candelario, Jeimer",600869,"LAA","FS","Split-Finger",-12.2,0,"2",2.4,"1","0","0","0",100,100,100,,,"0",
"Gilbert, Drew",687551,"SF","FC","Cutter",-4.7,0,"5",2.4,"1","0","0","0",0,0,,"0.227","0.243","0.217",0
"Smith, Dominic",642086,"ATL","SL","Slider",-1.1,0,"29",11.4,"1","0","0","0",38.5,0,0,"0.36","0.759","0.464",100
"Fulford, Braxton",690924,"COL","SI","Sinker",36,1,"2",10.5,"1","1","1","0.9",0,0,0,"0.363","0.409","0.337",100
"Heineman, Tyler",623168,"TOR","FC","Cutter",-0.2,0,"6",3.1,"1",,,,0,0,,,,,0
"Canzone, Dominic",686527,"SEA","ST","Sweeper",-0.8,0,"13",4.1,"1","0","0","0",33.3,0,0,"0.014","0.025","0.019",0
"Busch, Michael",683737,"CHC","KN","Knuckleball",-7.2,0,"2",0.4,"1","0","0","0",0,0,0,"0.62","0.697","0.577",100
"Rodriguez, Jesus",683679,"SF","SL","Slider",-13.8,0,"2",18.2,"1","0","0","0",0,0,,"0.297","0.568","0.36",100
"Piñango, Yohendrick",682818,"TOR","FC","Cutter",-6.1,0,"3",4.4,"1","0","0","0",0,0,0,"0.034","0.07","0.046",0
"Tena, José",677588,"WSH","ST","Sweeper",-1.3,0,"17",6.5,"1","0","0","0",25,100,33.3,,,"0",
"Paredes, Isaac",670623,"HOU","FS","Split-Finger",1.4,0,"11",1.9,"1","0","0","0",0,0,0,"0.072","0.075","0.065",0
"Cook, Billy",695257,"PIT","FC","Cutter",-10.5,0,"2",5.1,"1","0","0","0",50,100,100,,,"0",
"Karros, Kyle",691720,"COL","KN","Knuckleball",8.8,1,"6",1.1,"1","1","1","0.9",33.3,0,0,"0.771","0.805","0.696",0
"Goodman, Hunter",696100,"COL","KN","Knuckleball",21.9,0,"2",0.4,"1","1","1","0.9",0,0,,"0.629","0.7","0.581",100
"Shewmake, Braden",669699,"HOU","ST","Sweeper",-11.4,0,"2",4.7,"1","0","0","0",0,0,0,"0.031","0.04","0.028",0
"Loperfido, Joey",694388,"HOU","SV","Slurve",-6.4,0,"3",1.1,"1","0","0","0",0,0,0,"0.594","0.643","0.538",100
"Conforto, Michael",624424,"CHC","CU","Curveball",5,1,"15",9.7,"1",,,"0.7",50,0,0,,,"0.7",
"Johnson, Daniel",669288,"HOU","FC","Cutter",-10.5,0,"3",5.7,"1","0","0","0",0,0,0,"0.003","0.003","0.003",0
"Lowe, Brandon",664040,"PIT","SV","Slurve",10.3,1,"6",1.1,"1","1","1","0.9",50,0,0,"0.849","1.018","0.812",100
"Shewmake, Braden",669699,"HOU","FS","Split-Finger",63.7,3,"4",9.3,"1","1","4","2",25,0,0,"0.8","3.089","1.594",100
"O'Hoppe, Logan",681351,"LAA","SV","Slurve",-8.4,0,"3",0.8,"1","0","0","0",50,100,50,,,"0",
"Alvarez, Yordan",670541,"HOU","SV","Slurve",31,1,"4",0.7,"1","1","4","2",0,0,0,"0.866","2.819","1.517",100
"Cook, Billy",695257,"PIT","ST","Sweeper",-1,0,"4",10.3,"1","1","1","0.9",0,0,0,"0.167","0.17","0.15",0
"Vaughn, Andrew",683734,"MIL","CH","Changeup",-26,0,"1",4.2,"1","0","0","0",0,0,,"0.067","0.067","0.06",0
"Amaya, Miguel",665804,"CHC","FS","Split-Finger",2.1,0,"7",2.5,"1",,,"0.7",33.3,0,0,,,"0.7",
"McCarthy, Jake",664983,"COL","FS","Split-Finger",22.1,1,"4",1.6,"1","1","2","1.25",0,0,0,"0.237","0.351","0.269",0
"Rumfield, TJ",681198,"COL","KN","Knuckleball",29,1,"4",0.8,"1","1","2","1.25",0,0,0,"0.543","1.134","0.699",100
"Candelario, Jeimer",600869,"LAA","FC","Cutter",14.2,1,"5",6,"1","1","2","1.25",0,0,0,"0.651","0.756","0.609",0
"Reynolds, Bryan",668804,"PIT","FS","Split-Finger",7.6,1,"11",1.7,"1","1","3","1.6",33.3,0,0,"0.994","1.107","0.926",0
"Horwitz, Spencer",687462,"PIT","SV","Slurve",-32.7,0,"1",0.2,"1","0","0","0",0,0,,"0.054","0.055","0.053",0
"Cook, Billy",695257,"PIT","CH","Changeup",-13.8,0,"2",5.1,"1","0","0","0",0,0,0,"0.295","0.298","0.266",0
"Cook, Billy",695257,"PIT","SI","Sinker",-5.7,0,"4",10.3,"1","0","0","0",0,0,0,"0.037","0.118","0.063",0
"Grissom, Vaughn",687093,"LAA","SV","Slurve",-8.4,0,"2",1,"1","0","0","0",50,100,50,,,"0",
"Valenzuela, Brandon",678218,"TOR","SV","Slurve",-21.6,0,"1",0.5,"1","0","0","0",0,0,0,"0.02","0.046","0.029",0
"Muncy, Max",571970,"LAD","SV","Slurve",83.5,2,"2",0.4,"1","1","4","2",0,0,,"0.463","1.75","0.909",100
"Johnson, Daniel",669288,"HOU","FS","Split-Finger",14.8,0,"3",5.7,"1","1","1","0.9",0,0,,"0.849","1.012","0.803",100
"Straw, Myles",664702,"TOR","ST","Sweeper",-1.7,0,"19",8.1,"1","0","0","0",20,0,0,"0.043","0.088","0.059",0
"Pereira, Everson",677592,"CWS","FS","Split-Finger",-5.1,0,"3",1.3,"1","0","0","0",100,100,33.3,,,"0",
"Triolo, Jared",669707,"PIT","CU","Curveball",-21.3,0,"1",1,"1","0","0","0",0,0,0,"0.02","0.025","0.021",0
"Wilson, Will",669717,"SEA","SL","Slider",4.1,0,"3",12,"1",,,"0.7",100,0,,,,"0.7",
"Antonacci, Sam",803011,"CWS","FS","Split-Finger",-4.2,0,"7",2.7,"1","0","0","0",75,100,50,,,"0",
"Trammell, Taylor",666211,"HOU","CH","Changeup",9.2,1,"8",7.3,"1","1","1","0.9",0,0,0,"0.065","0.075","0.058",0
"Rivero, Sebastián",665861,"LAA","CU","Curveball",-16.5,0,"1",5.6,"1","0","0","0",100,100,100,,,"0",
"Yoshida, Masataka",807799,"BOS","FS","Split-Finger",2.8,0,"13",5.3,"1","0","0","0.9",20,0,0,"0.036","0.039","0.032",0
"Monasterio, Andruw",655316,"BOS","FS","Split-Finger",7.8,1,"7",2.9,"1","1","1","0.9",50,0,0,"0.466","0.722","0.494",100
"Trout, Mike",545361,"LAA","SV","Slurve",-6.3,0,"5",0.7,"1","0","0","0",,100,50,,,"0",
"Cook, Billy",695257,"PIT","CU","Curveball",-11.9,0,"3",7.7,"1","0","0","0",66.7,100,100,,,"0",
"Altuve, Jose",514888,"HOU","FS","Split-Finger",4.2,1,"12",2.4,"1","1","1","0.9",25,0,0,"0.971","1.125","0.921",0
"O'Hearn, Ryan",656811,"PIT","SV","Slurve",0.6,0,"6",1,"1","0","0","0",100,100,50,,,"0",
"Schmitt, Casey",669477,"SF","FS","Split-Finger",-2.3,0,"8",1.9,"1","0","0","0",0,100,25,,,"0",
"Ozuna, Marcell",542303,"PIT","KN","Knuckleball",-6.4,0,"4",0.8,"1","0","0","0",,100,100,,,"0",
"Wong, Connor",657136,"BOS","FC","Cutter",-2,0,"12",7.1,"1","0","0","0",25,0,0,"0.198","0.202","0.178",100
"Cook, Billy",695257,"PIT","SV","Slurve",-3.5,0,"4",10.3,"1","0","0","0",50,100,33.3,,,"0",
"Eldridge, Bryce",805811,"SF","ST","Sweeper",-9.3,0,"2",20,"1","0","0","0",100,100,50,,,"0",
"Kirk, Alejandro",672386,"TOR","FS","Split-Finger",-30.1,0,"1",1.4,"1","0","0","0",0,0,,"0.1","0.117","0.09",0
"Schanuel, Nolan",694384,"LAA","SV","Slurve",-4.8,0,"3",0.5,"1","0","0","0",50,100,50,,,"0",
"Haase, Eric",606992,"SF","FF","4-Seam Fastball",-4.1,0,"5",15.6,"1","0","0","0",100,100,100,,,"0",
"Mack, Joe",691788,"MIA","ST","Sweeper",-8.1,0,"2",13.3,"1","0","0","0",0,0,0,"0.003","0.003","0.003",0
"Gonzales, Nick",693304,"PIT","SV","Slurve",-7.3,0,"4",0.9,"1","0","0","0",33.3,100,33.3,,,"0",
"O'Hearn, Ryan",656811,"PIT","FS","Split-Finger",3.8,1,"14",2.4,"1",,,"0.7",50,0,0,,,"0.7",
"Mayer, Marcelo",691785,"BOS","FC","Cutter",-4.7,-1,"12",3.2,"1","0","0","0",50,0,0,"0.143","0.164","0.129",0
"Pagés, Pedro",686780,"STL","SV","Slurve",81.1,1,"1",0.3,"1","1","2","1.25",0,0,0,"0.771","1.028","0.773",100
"Kelenic, Jarred",672284,"CWS","ST","Sweeper",-4.1,0,"6",14.6,"1","0","0","0",100,100,100,,,"0",
"Murray, Tanner",695020,"CWS","FS","Split-Finger",-17.8,0,"1",1,"1","0","0","0",100,100,100,,,"0",
"Okamoto, Kazuma",672960,"TOR","SV","Slurve",-2.9,0,"13",2.1,"1","0","0","0",40,0,0,"0.229","0.25","0.206",0
"Pereira, Everson",677592,"CWS","SV","Slurve",-20.1,0,"1",0.4,"1","0","0","0",100,100,100,,,"0",
"Caratini, Victor",605170,"MIN","FS","Split-Finger",3.8,0,"13",3.6,"1","1","1","0.9",0,0,0,"0.469","0.5","0.422",100
"Hill, Derek",656537,"CWS","FS","Split-Finger",-7,0,"3",1.8,"1","0","0","0",100,100,50,,,"0",
"Murakami, Munetaka",808959,"CWS","SV","Slurve",-0.5,0,"5",0.8,"1","0","0","0",100,100,50,,,"0",
"Lee, Jung Hoo",808982,"SF","SV","Slurve",-24.3,0,"1",0.2,"1","0","0","0",0,0,,"0.006","0.009","0.007",0
"Montgomery, Colson",695657,"CWS","SV","Slurve",-8.4,0,"3",0.6,"1","0","0","0",33.3,100,50,,,"0",
"Conine, Griffin",665052,"MIA","FS","Split-Finger",-2.3,0,"4",4.4,"1","0","0","0",100,100,100,,,"0",
"Vaughn, Andrew",683734,"MIL","SV","Slurve",-25.1,0,"1",4.2,"1","0","0","0",0,0,,"0.248","0.301","0.258",0
"Lukes, Nathan",664770,"TOR","FS","Split-Finger",-0.3,0,"15",6.7,"1","0","0","0",20,0,0,"0.145","0.145","0.134",0
"Yoshida, Masataka",807799,"BOS","FC","Cutter",-5,0,"9",3.7,"1","0","0","0",33.3,0,0,"0.113","0.119","0.102",0
"Guerrero Jr., Vladimir",665489,"TOR","SV","Slurve",-4,0,"5",0.9,"1","0","0","0",0,0,0,"0.252","0.279","0.247",0
"Hays, Austin",669720,"CWS","CH","Changeup",-3.3,0,"11",6.6,"1","0","0","0",50,0,0,"0.155","0.156","0.14",0
"Schmitt, Casey",669477,"SF","SV","Slurve",-18.3,0,"1",0.2,"1","0","0","0",100,100,100,,,"0",
"Grissom, Vaughn",687093,"LAA","FS","Split-Finger",-7.5,0,"2",1,"1","0","0","0",0,0,0,"0.194","0.741","0.381",100
"Garcia, Maikel",672580,"KC","SV","Slurve",-3.8,0,"6",1.1,"1","0","0","0",50,100,50,,,"0",
"Wong, Connor",657136,"BOS","FS","Split-Finger",10,0,"3",1.8,"1",,,"0.7",0,0,0,,,"0.7",
"Kelenic, Jarred",672284,"CWS","SL","Slider",-11.4,0,"2",4.9,"1","0","0","0",0,0,,"0.003","0.003","0.003",0
"Romo, Drew",691011,"CWS","FS","Split-Finger",-0.7,0,"8",10.3,"1","0","0","0",50,0,0,"0.254","0.287","0.229",0
"Ward, Taylor",621493,"BAL","SV","Slurve",19.6,1,"4",0.6,"1","1","2","1.25",0,0,0,"0.971","1.089","0.903",0
"Oliva, Jared",666931,"SF","SL","Slider",-7.7,0,"4",14.8,"1","0","0","0",100,100,100,,,"0",
"Brennan, Will",686823,"SF","CU","Curveball",-5,0,"4",13.8,"1","0","0","0",50,100,50,,,"0",
"Romo, Drew",691011,"CWS","FC","Cutter",-4.5,0,"5",6.4,"1","0","0","0",0,0,0,"0.142","0.161","0.128",0
"Acuña, Luisangel",682668,"CWS","SV","Slurve",-25.9,0,"1",0.3,"1","0","0","0",0,0,,"0.537","1.076","0.673",100
"Díaz, Elias",553869,"KC","ST","Sweeper",-10.6,0,"2",4.7,"1","0","0","0",100,100,100,,,"0",
"Palacios, Richie",680700,"TB","FS","Split-Finger",-1.3,0,"5",2.1,"1","0","0","0",50,100,50,,,"0",
"DeLuca, Jonny",676356,"TB","SV","Slurve",-4.9,0,"3",1.1,"1","0","0","0",,100,100,,,"0",
"Williams, Carson",700246,"TB","SL","Slider",-5.1,0,"6",6.5,"1","0","0","0",33.3,100,100,,,"0",
"Williams, Carson",700246,"TB","ST","Sweeper",0.8,0,"12",13,"1","0","0","0",100,100,33.3,,,"0",
"Williams, Carson",700246,"TB","CU","Curveball",-4.4,0,"3",3.3,"1","0","0","0",0,100,100,,,"0",
"Eldridge, Bryce",805811,"SF","FF","4-Seam Fastball",5,0,"3",30,"1",,,"0.7",,0,,,,"0.7",
"Aranda, Jonathan",666018,"TB","SV","Slurve",5.8,0,"5",0.8,"1",,,"0.7",0,0,0,,,"0.7",
"Kelenic, Jarred",672284,"CWS","SI","Sinker",-6.1,0,"6",14.6,"1","0","0","0",33.3,0,,"0.946","3.289","1.745",100
"Williamson, Ben",810938,"TB","SV","Slurve",-10.4,0,"3",0.7,"1","0","0","0",0,0,,"0.18","0.193","0.162",100
"Tolbert, Tyler",686475,"KC","ST","Sweeper",-6,0,"4",28.6,"1","0","0","0",66.7,100,50,,,"0",
"Simpson, Chandler",802415,"TB","SV","Slurve",-12,0,"3",0.6,"1","0","0","0",0,0,,"0.146","0.168","0.131",0
"Vilade, Ryan",668723,"TB","ST","Sweeper",-2.6,0,"10",5.2,"1","0","0","0",0,0,0,"0.003","0.003","0.003",0
"Rooker, Brent",667670,"ATH","FS","Split-Finger",-2.7,0,"7",2.7,"1","0","0","0",100,100,100,,,"0",
"Outman, James",681546,"MIN","ST","Sweeper",-4.3,0,"2",1.5,"1","0","0","0",,100,50,,,"0",
"Susac, Daniel",691740,"SF","FS","Split-Finger",-22.4,0,"1",1.2,"1","0","0","0",100,100,100,,,"0",
"Caminero, Junior",691406,"TB","SV","Slurve",-9.4,0,"2",0.3,"1","0","0","0",0,0,0,"0.463","0.576","0.442",0
"Walls, Taylor",670764,"TB","SV","Slurve",-29.8,0,"1",0.3,"1","0","0","0",0,0,,"0.24","0.241","0.216",0
"Smith, Pavin",656976,"AZ","SI","Sinker",-10.6,0,"4",8.5,"1","0","0","0",100,100,100,,,"0",
"Adell, Jo",666176,"LAA","FS","Split-Finger",-8.3,0,"3",0.5,"1","0","0","0",50,0,,"0.001","0.001","0",0
"Carroll, Corbin",682998,"AZ","SV","Slurve",-22.8,0,"1",0.2,"1","0","0","0",,100,100,,,"0",
"Rivero, Sebastián",665861,"LAA","SL","Slider",-7.5,0,"4",22.2,"1","0","0","0",0,0,0,"0.259","0.307","0.244",0
"Hernaiz, Darell",687231,"ATH","FS","Split-Finger",-16.3,0,"1",0.4,"1","0","0","0",,100,100,,,"0",
"Vargas, Miguel",678246,"CWS","SV","Slurve",7.1,1,"9",1.5,"1","1","1","0.9",0,0,0,"0.494","0.549","0.458",0
"Santana, Carlos",467793,"AZ","FS","Split-Finger",-3.6,0,"5",4.7,"1","0","0","0",25,100,33.3,,,"0",
"Gurriel Jr., Lourdes",666971,"AZ","FS","Split-Finger",-2.6,0,"7",4.4,"1","0","0","0",75,100,33.3,,,"0",
"Barrosa, Jorge",678489,"AZ","SV","Slurve",20.5,0,"2",0.6,"1",,,"0.7",,0,0,,,"0.7",
"De Los Santos, Deyvison",691277,"MIA","CU","Curveball",17.1,1,"5",14.7,"1","1","2","1.25",0,0,0,"0.626","1.362","0.835",100
"Moreno, Gabriel",672515,"AZ","SV","Slurve",-7.6,0,"2",0.9,"1","0","0","0",100,100,100,,,"0",
"Kelenic, Jarred",672284,"CWS","FS","Split-Finger",11.6,1,"5",12.2,"1","1","1","0.9",0,0,0,"0.611","0.689","0.587",0
"Thomas, Colby",687515,"ATH","FC","Cutter",35,1,"3",4.6,"1","1","4","2",0,0,,"0.66","2.125","1.144",100
"Baker, Luken",663609,"AZ","ST","Sweeper",-9.7,0,"5",20.8,"1","0","0","0",100,100,100,,,"0",
"Kelenic, Jarred",672284,"CWS","FC","Cutter",5,0,"5",12.2,"1","1","1","0.9",50,0,0,"0.044","0.048","0.04",0
"Gilbert, Drew",687551,"SF","FS","Split-Finger",1,0,"10",4.8,"1","0","0","0",100,100,25,,,"0",
"Rodríguez, Julio",677594,"SEA","SV","Slurve",50.8,1,"1",0.2,"1","1","1","0.9",0,0,0,"0.433","0.464","0.39",100
"Kreidler, Ryan",668952,"MIN","FC","Cutter",6.5,1,"8",10.4,"1",,,"0.7",100,0,0,,,"0.7",
"Mead, Curtis",678554,"WSH","SV","Slurve",1.1,0,"10",3,"1","0","0","0",0,0,0,"0.003","0.003","0.003",0
"Caratini, Victor",605170,"MIN","ST","Sweeper",-3.2,0,"8",2.2,"1","0","0","0",25,100,33.3,,,"0",
"Donovan, Brendan",680977,"SEA","FS","Split-Finger",6.7,0,"5",1.9,"1","1","1","0.9",0,0,0,"0.241","0.264","0.217",100
"Mountcastle, Ryan",663624,"BAL","FC","Cutter",4.9,0,"6",11.1,"1","1","1","0.9",0,0,0,"0.274","0.278","0.247",0
"Marte, Starling",516782,"KC","FS","Split-Finger",-5.3,0,"7",5.1,"1","0","0","0",66.7,0,0,"0.206","0.209","0.192",0
"Realmuto, J.T.",592663,"PHI","SV","Slurve",-8.4,0,"3",1.1,"1","0","0","0",0,0,0,"0.229","0.252","0.219",0
"Jiménez, Leo",677870,"MIA","ST","Sweeper",5,1,"11",14.3,"1",,,"0.7",25,0,0,,,"0.7",
"Feduccia, Hunter",676439,"TB","FC","Cutter",4.7,0,"9",5.3,"1","1","1","0.9",33.3,0,0,"0.317","0.366","0.285",0
"Díaz, Elias",553869,"KC","SI","Sinker",-7,0,"7",16.3,"1","0","0","0",0,0,0,"0.706","0.848","0.684",100
"Moore, Dylan",664238,"PHI","SI","Sinker",-4.9,0,"8",9.9,"1","0","0","0",25,0,0,"0.003","0.003","0.003",0
"Rivero, Sebastián",665861,"LAA","ST","Sweeper",9.6,0,"3",16.7,"1","1","1","0.9",0,0,0,"0.883","0.957","0.802",0
"Mountcastle, Ryan",663624,"BAL","SI","Sinker",1.5,0,"14",25.9,"1","1","1","0.9",0,0,0,"0.983","1.048","0.895",0
"Stubbs, Garrett",596117,"PHI","CH","Changeup",-2,0,"3",4.8,"1","0","0","0",33.3,0,,"0.228","0.235","0.205",0
"Kemp, Otto",805249,"PHI","SI","Sinker",-2.4,0,"12",11.9,"1","0","0","0",20,0,0,"0.011","0.016","0.014",0
"De Los Santos, Deyvison",691277,"MIA","SI","Sinker",-25.9,0,"1",2.9,"1","0","0","0",0,0,,"0.1","0.109","0.094",0
"Reyes, Felix",694025,"PHI","CU","Curveball",-7,0,"3",3.3,"1","0","0","0",50,0,0,"0.186","0.491","0.276",0
"Baker, Luken",663609,"AZ","CU","Curveball",-16.5,0,"1",4.2,"1","0","0","0",100,100,100,,,"0",
"Schwarber, Kyle",656941,"PHI","SV","Slurve",-6,0,"5",0.8,"1","0","0","0",100,100,100,,,"0",
"Reyes, Felix",694025,"PHI","CH","Changeup",-2.3,0,"8",8.8,"1","0","0","0",60,100,33.3,,,"0",
"Ruiz, Keibert",660688,"WSH","SV","Slurve",-2.9,0,"6",2.6,"1","0","0","0",0,0,0,"0.144","0.159","0.136",100
"Stubbs, Garrett",596117,"PHI","ST","Sweeper",-7.2,0,"5",8.1,"1","0","0","0",33.3,100,33.3,,,"0",
"Moore, Dylan",664238,"PHI","CH","Changeup",-3.7,0,"5",6.2,"1","0","0","0",33.3,100,100,,,"0",
"Moore, Dylan",664238,"PHI","FS","Split-Finger",-11.4,0,"3",3.7,"1","0","0","0",66.7,100,100,,,"0",
"Stott, Bryson",681082,"PHI","SV","Slurve",22.1,0,"2",0.5,"1",,,"0.7",,0,,,,"0.7",
"Marsh, Brandon",669016,"PHI","SV","Slurve",-6.7,0,"3",0.7,"1","0","0","0",0,100,100,,,"0",
"Marchán, Rafael",665561,"PHI","ST","Sweeper",-2,0,"9",4.4,"1","0","0","0",0,100,20,,,"0",
"Alexander, Blaze",677942,"BAL","SV","Slurve",-21.5,0,"1",0.3,"1","0","0","0",0,0,,"0.04","0.069","0.041",0
"Koss, Christian",683766,"SF","FC","Cutter",-10.1,0,"3",10.3,"1","0","0","0",33.3,0,,"0.8","0.917","0.754",100
"Fry, David",681807,"CLE","FS","Split-Finger",-0.2,0,"8",3.4,"1",,,"0.7",66.7,0,0,,,"0.7",
"Moore, Dylan",664238,"PHI","FC","Cutter",-5.7,0,"7",8.6,"1","0","0","0",33.3,100,33.3,,,"0",
"Conine, Griffin",665052,"MIA","FC","Cutter",11.8,1,"6",6.7,"1","1","2","1.25",33.3,0,,"0.934","1.113","0.9",100
"Del Castillo, Adrian",680728,"AZ","SV","Slurve",8.8,0,"5",1.8,"1",,,"0.7",50,0,0,,,"0.7",
"Cowser, Colton",681297,"BAL","SV","Slurve",-8.3,0,"3",0.9,"1","0","0","0",0,0,0,"0.386","0.438","0.368",0
"Kayfus, CJ",692216,"CLE","FS","Split-Finger",-6.7,0,"3",2.8,"1","0","0","0",100,100,100,,,"0",
"Stubbs, Garrett",596117,"PHI","CU","Curveball",-1.1,0,"8",12.9,"1","0","0","0",100,100,33.3,,,"0",
"Varsho, Daulton",662139,"TOR","SV","Slurve",-0.9,0,"5",1.1,"1","0","0","0",0,100,50,,,"0",
"Cowser, Colton",681297,"BAL","ST","Sweeper",-1.7,0,"19",6,"1","0","0","0",50,0,0,"0.414","1.599","0.814",100
"Rushing, Dalton",687221,"LAD","SI","Sinker",-1.8,0,"22",11.4,"1","0","0","0",0,0,0,"0.049","0.049","0.044",0
"Mayo, Coby",691723,"BAL","SV","Slurve",-9,0,"4",1.1,"1","0","0","0",50,0,0,"0.206","0.788","0.41",100
"Rutschman, Adley",668939,"BAL","SV","Slurve",-11.1,0,"2",0.6,"1","0","0","0",0,0,0,"0.397","0.404","0.357",100
"Garcia, Aramis",605244,"AZ","SL","Slider",-4.4,0,"7",77.8,"1","0","0","0",66.7,100,33.3,,,"0",
"Rivero, Sebastián",665861,"LAA","SI","Sinker",-6.8,0,"4",22.2,"1","0","0","0",0,0,0,"0.043","0.062","0.046",0
"Mountcastle, Ryan",663624,"BAL","SV","Slurve",-9.1,0,"3",5.6,"1","0","0","0",0,0,0,"0.384","0.415","0.346",100
"Sosa, Lenyn",672820,"TOR","SV","Slurve",36.8,0,"1",0.3,"1","1","1","0.9",0,0,,"0.546","0.639","0.516",0
"Grichuk, Randal",545341,"CWS","ST","Sweeper",12.8,1,"6",5,"1","1","2","1.25",0,0,0,"0.503","0.577","0.477",0
"Arias, Gabriel",672356,"CLE","CH","Changeup",-3.8,0,"7",5.5,"1","0","0","0",100,100,50,,,"0",
"Black, Tyler",672012,"MIL","SI","Sinker",-31.8,0,"1",1.3,"1","0","0","0",0,0,,"0.055","0.068","0.05",0
"Pereda, Jhonny",640902,"SEA","CH","Changeup",-5.2,0,"3",27.3,"1","0","0","0",50,100,50,,,"0",
"Lawlar, Jordan",691783,"AZ","FS","Split-Finger",-5.5,0,"4",4.4,"1","0","0","0",50,100,33.3,,,"0",
"Thomas, Lane",657041,"KC","SV","Slurve",-1.9,0,"5",1.5,"1","0","0","0",0,0,0,"0.003","0.003","0.003",0
"Jones, Jahmai",663330,"DET","ST","Sweeper",-5.6,0,"6",4.1,"1","0","0","0",25,100,100,,,"0",
"Brennan, Will",686823,"SF","SL","Slider",-6.3,0,"3",10.3,"1","0","0","0",0,0,0,"0.052","0.053","0.047",0
"Jung, Jace",690291,"DET","SL","Slider",-29.5,0,"1",3.7,"1","0","0","0",100,100,100,,,"0",
"Wisdom, Patrick",621550,"SEA","FF","4-Seam Fastball",-11,0,"2",66.7,"1","0","0","0",100,100,100,,,"0",
"Jones, Jahmai",663330,"DET","FS","Split-Finger",-3.4,0,"8",5.4,"1","0","0","0",60,100,20,,,"0",
"Encarnacion, Jerar",666464,"SF","FS","Split-Finger",-3.4,0,"5",3.1,"1","0","0","0",0,0,0,"0.006","0.006","0.005",0
"Rogers, Jake",668670,"DET","FS","Split-Finger",-7.3,0,"3",2.1,"1","0","0","0",100,100,100,,,"0",
"Baker, Luken",663609,"AZ","FS","Split-Finger",-23.2,0,"1",4.2,"1","0","0","0",100,100,100,,,"0",
"India, Jonathan",663697,"KC","SV","Slurve",-2.3,0,"4",1.7,"1","0","0","0",0,0,0,"0.286","0.297","0.257",0
"Vierling, Matt",663837,"DET","FS","Split-Finger",-10.8,0,"2",0.6,"1","0","0","0",100,100,100,,,"0",
"Lee, Hao-Yu ",701678,"DET","CH","Changeup",2.2,0,"15",10,"1",,,"0.7",100,0,0,,,"0.7",
"Robles, Victor",645302,"SEA","FC","Cutter",-12.1,0,"3",5.7,"1","0","0","0",0,0,,"0.006","0.007","0.005",0
"Pérez, Wenceel",672761,"DET","SV","Slurve",-12.5,0,"2",0.9,"1","0","0","0",50,100,100,,,"0",
"Farmer, Kyle",571657,"ATL","CU","Curveball",25.7,1,"4",9.5,"1","1","2","1.25",0,0,0,"0.92","1.141","0.895",100
"Rutschman, Adley",668939,"BAL","FS","Split-Finger",-0.3,0,"14",4.4,"1","0","0","0",0,0,0,"0.147","0.155","0.132",0
"Brito, Juan",682877,"CLE","FS","Split-Finger",-2.6,0,"5",2.1,"1","0","0","0",50,0,0,"0.249","0.262","0.224",0
"Azocar, José",640492,"ATL","FF","4-Seam Fastball",-12.4,0,"2",25,"1","0","0","0",50,100,100,,,"0",
"Wilson, Will",669717,"SEA","FS","Split-Finger",-4.8,0,"3",12,"1","0","0","0",0,0,0,"0.041","0.041","0.037",0
"McKinstry, Zach",656716,"DET","FS","Split-Finger",-21.6,0,"1",0.5,"1","0","0","0",,100,100,,,"0",