pitches,player_id,player_name,total_pitches,pitch_percent,ba,iso,babip,slg,woba,xwoba,xba,hits,abs,launch_speed,launch_angle,spin_rate,velocity,effective_speed,whiffs,swings,takes,eff_min_vel,release_extension,pos3_int_start_distance,pos4_int_start_distance,pos5_int_start_distance,pos6_int_start_distance,pos7_int_start_distance,pos8_int_start_distance,pos9_int_start_distance,pitcher_run_exp,run_exp,bat_speed,swing_length,pa,bip,singles,doubles,triples,hrs,so,k_percent,bb,bb_percent,api_break_z_with_gravity,api_break_z_induced,api_break_x_arm,api_break_x_batter_in,hyper_speed,bbdist,hardhit_percent,barrels_per_bbe_percent,barrels_per_pa_percent,release_pos_z,release_pos_x,plate_x,plate_z,obp,barrels_total,batter_run_value_per_100,xobp,xslg,pitcher_run_value_per_100,xbadiff,xobpdiff,xslgdiff,wobadiff,swing_miss_percent,arm_angle,attack_angle,attack_direction,swing_path_tilt,rate_ideal_attack_angle,intercept_ball_minus_batter_pos_x_inches,intercept_ball_minus_batter_pos_y_inches
390,667755,"Soriano, José",756,51.6,0.146,0.037,0.204,0.183,0.207,0.28,0.209,12,82,88.3,7,2175,93,93.69,56,169,221,0.7000000000000028,6.82,109,152,117,149,306,327,294,8.987,-8.987,68.7,7.5,92,55,11,0,0,1,27,29.3,10,10.9,2.50177,0.17351,0.30967,0.30967,91.1,130,29.09090909090909,7.2727272727272725,4.3478260869565215,5.75,-2.34,0.22,1.87,0.239,4,-2.304358974,0.295,0.323,2.304358974,-0.063,-0.055999999999999994,-0.14,-0.073,33.1,34.2,11.525101597963562,-3.5478716105952905,33.10810984352294,0.5818181818181818,37.47587410776261,31.650993796588477
346,801403,"Dollander, Chase",626,55.3,0.19,0.165,0.25,0.354,0.263,0.261,0.19,15,79,89,3.3,2440,93.6,93.93,55,172,174,0.30000000000001137,6.45,109,152,122,146,299,327,296,3.127,-3.127,70.5,7.2,87,51,8,4,0,3,30,34.5,5,5.7,2.15494,0.48805,0.56988,0.56988,91.7,144,54.90196078431373,11.76470588235294,6.896551724137931,5.17,-1.83,0.3,2.33,0.241,6,-0.903757225,0.249,0.334,0.903757225,0,-0.008000000000000007,0.02,0.002,32,23.6,4.632117797054293,5.3182371043284595,30.63309190631309,0.3902439024390244,37.52578535702151,25.129977646168182
336,671737,"Bradley, Taj",708,47.5,0.243,0.122,0.286,0.365,0.311,0.342,0.271,18,74,93.4,13.9,2158,91.5,91.69,36,165,171,0.20000000000000284,6.46,110,153,123,147,299,324,285,1.072,-1.072,68.7,7.3,84,58,13,3,0,2,17,20.2,7,8.3,2.02259,0.73253,0.10979,0.10979,91.9,164,44.827586206896555,5.172413793103448,3.571428571428571,6.17,-1.16,0.08,2.17,0.321,3,-0.319047619,0.351,0.415,0.319047619,-0.028,-0.02999999999999997,-0.05,-0.031,21.8,58.4,6.588916670039749,-1.2123290316364599,30.201682476012767,0.5123456790123457,37.4050819740462,28.74500444675122
334,622491,"Castillo, Luis",661,50.5,0.366,0.085,0.455,0.451,0.394,0.389,0.339,26,71,91.5,11.1,2181,92,90.57,40,169,165,-1.4000000000000057,5.5,107,148,115,143,302,318,295,-4.428,4.428,72.4,7.3,78,56,22,3,0,1,15,19.2,6,7.7,2.13946,0.58087,0.89318,0.89318,92.5,151,50,8.928571428571429,6.41025641025641,5.16,-2.31,0.28,2.33,0.423,5,1.325748503,0.398,0.49,-1.325748503,0.027,0.024999999999999967,-0.039,0.005,23.7,18.2,8.924621298103146,-0.4273987273760016,31.41398914396047,0.5060975609756098,36.691052869174555,28.651307992867206
333,676440,"Bibee, Tanner",693,48.1,0.307,0.093,0.361,0.4,0.337,0.311,0.274,23,75,92.1,9.4,2383,87.9,88.32,32,151,182,0.3999999999999915,6.66,108,153,124,147,301,327,296,-0.438,0.438,70.6,8.0,80,62,18,4,0,1,13,16.3,5,6.3,2.43943,0.57429,0.05799,0.05799,92.5,138,46.774193548387096,6.451612903225806,5,6.42,-2.02,0.43,2.19,0.35,4,0.131531532,0.319,0.385,-0.131531532,0.033,0.030999999999999972,0.015,0.026,21.2,59.6,10.538224568463633,-4.637433105808512,30.19057172595704,0.45714285714285713,38.64094122731891,33.14929160622722
327,657746,"Ryan, Joe",637,51.3,0.185,0.077,0.255,0.262,0.245,0.257,0.171,12,65,87,22,2382,87.9,88.38,36,149,178,0.5,6.81,108,149,119,143,299,322,284,3.736,-3.736,68.8,7.2,75,47,7,5,0,0,20,26.7,8,10.7,2.44554,0.5789,0.36314,0.36314,90.8,153,31.914893617021278,6.382978723404255,4,4.78,-2.52,0.33,2.45,0.267,3,-1.142507645,0.265,0.269,1.142507645,0.014,0.0020000000000000018,-0.007,-0.012,24.2,24.7,10.055203309685025,-1.5704020874644211,31.876515051908655,0.5724137931034483,36.11448069893241,30.97185120133183
325,686799,"Kochanowicz, Jack",661,49.2,0.171,0.092,0.186,0.263,0.242,0.332,0.251,13,76,89.2,3.6,2331,92.1,92.22,33,137,188,0.10000000000000853,6.34,109,152,116,148,309,330,296,4.983,-4.983,70.0,7.2,86,61,10,1,0,2,16,18.6,9,10.5,2.4648,0.24074,0.59486,0.59486,93.3,119,42.3728813559322,10.16949152542373,6.976744186046512,6.26,-1.45,0.19,2.15,0.256,6,-1.533230769,0.33,0.427,1.533230769,-0.08,-0.07400000000000001,-0.164,-0.09,24.1,36.4,8.764276687356018,0.18043369235110718,33.869782771367966,0.5454545454545454,35.36368990824295,27.770399489929712
323,547179,"Lorenzen, Michael",615,52.5,0.266,0.076,0.303,0.342,0.306,0.302,0.265,21,79,89.6,9.2,2346,87.9,87.28,30,150,173,-0.6000000000000085,5.83,104,152,120,145,302,328,295,-0.248,0.248,69.6,7.4,86,67,17,3,0,1,12,14,5,5.8,2.58975,0.38447,0.43263,0.43263,92.8,131,48.484848484848484,1.5151515151515151,1.1627906976744187,5.79,-1.53,0.21,2.14,0.326,1,0.076780186,0.326,0.347,-0.076780186,0.001,0,-0.005,0.004,20,42.0,11.630593394928919,-1.7499643955156234,31.54083673148365,0.4897959183673469,37.23342291422188,30.516404250910387
321,656302,"Cease, Dylan",708,45.3,0.214,0.057,0.341,0.271,0.272,0.242,0.183,15,70,84.5,7.2,2610,92.4,92.47,55,145,176,0.09999999999999432,6.42,102,151,116,146,299,320,285,1.983,-1.983,67.8,7.3,79,42,13,1,0,1,28,35.4,8,10.1,1.98495,0.71941,0.0833,0.0833,90.3,139,26.82926829268293,2.4390243902439024,1.2658227848101267,6.11,-1.56,0.43,2.22,0.304,1,-0.617757009,0.278,0.234,0.617757009,0.031,0.025999999999999968,0.037,0.03,37.9,51.9,7.862723930059093,1.188889630337405,32.42247923738611,0.5625,39.93026924408657,28.160692165969603
311,641927,"Ober, Bailey",605,51.4,0.241,0.089,0.305,0.329,0.293,0.319,0.274,19,79,85.7,10.4,2187,83.3,84.31,34,145,166,1,7.08,109,153,122,146,297,323,285,1.413,-1.413,70.6,7.8,87,60,14,4,0,1,19,21.8,7,8,2.64727,0.68755,0.47868,0.47868,91.8,130,31.666666666666664,5,3.4482758620689653,5.91,-1.45,0.37,2.34,0.31,3,-0.454340836,0.341,0.37,0.454340836,-0.033,-0.031000000000000028,-0.041,-0.026,23.4,27.5,14.367560654633575,-10.724708277425549,29.579956107143545,0.6527777777777778,39.82528516863548,37.43015682084804
308,645261,"Alcantara, Sandy",670,46,0.209,0.07,0.25,0.279,0.248,0.241,0.213,18,86,86.2,10.3,2275,92.2,91.39,36,145,163,-0.7999999999999972,6.06,106,153,119,146,305,324,294,4.249,-4.249,70.6,7.4,92,69,14,3,0,1,17,18.5,5,5.4,2.1364,0.60446,0.6948,0.6948,91.8,116,34.78260869565217,1.4492753623188406,1.0869565217391304,5.93,-1.92,0.19,2.07,0.261,1,-1.379545455,0.265,0.265,1.379545455,-0.004,-0.0040000000000000036,0.014,0.007,24.8,34.0,9.024954764276044,0.10550891024099596,32.895010192559084,0.49295774647887325,35.62971998646675,29.09123234493094
305,701542,"Warren, Will",616,49.5,0.239,0.085,0.327,0.324,0.274,0.285,0.245,17,71,90.7,8.5,2633,91.3,91.41,36,147,158,0.10000000000000853,6.65,104,151,127,149,295,323,284,2.646,-2.646,70.5,7.1,75,50,13,3,0,1,21,28,3,4,2.10577,0.67787,0.33685,0.33685,92.2,141,44,4,2.666666666666667,5.51,-3.35,0.29,2.21,0.28,2,-0.867540984,0.286,0.36,0.867540984,-0.006,-0.00599999999999995,-0.036,-0.011,24.5,28.1,9.41550817844968,-1.8550611695068706,32.49932158571865,0.4965034965034965,36.9127182279167,29.09057482969463
305,608372,"Sugano, Tomoyuki",578,52.8,0.243,0.189,0.234,0.432,0.301,0.367,0.28,18,74,89.9,7.5,2350,88.6,88.57,19,140,165,0,6.2,108,152,121,146,307,334,297,-0.034,0.034,72.1,7.5,79,67,10,5,0,3,9,11.4,3,3.8,2.27859,0.63089,0.30349,0.30349,92.8,175,46.26865671641791,14.925373134328357,12.658227848101266,5.94,-2.51,0.43,2,0.266,10,0.011147541,0.313,0.528,-0.011147541,-0.037,-0.046999999999999986,-0.096,-0.066,13.6,41.2,9.263077080712787,-0.6823063323610371,31.539959076909884,0.609375,39.505383825358386,30.3514865937037
304,641816,"Mahle, Tyler",619,49.1,0.338,0.246,0.37,0.585,0.446,0.425,0.339,22,65,92.3,2.8,2257,89.2,89.71,26,121,183,0.5,6.73,108,152,124,147,296,323,292,-7.863,7.863,72.3,7.5,76,51,16,1,0,5,14,18.4,11,14.5,1.89026,1.0067,0.63106,0.63106,92.8,154,44,14.000000000000002,9.210526315789473,5.51,-1.85,0.49,2.13,0.434,7,2.586513158,0.436,0.542,-2.586513158,-0.001,-0.0020000000000000018,0.043,0.021,21.5,43.2,10.94063646157059,-0.49950635094669754,30.614678623110017,0.5128205128205128,37.81242718243491,30.452963115059248
300,808967,"Yamamoto, Yoshinobu",667,45,0.184,0.105,0.241,0.289,0.223,0.273,0.221,14,76,86.3,12.6,2205,90.6,91.04,54,153,147,0.4000000000000057,6.58,111,155,124,148,300,320,290,7.315,-7.315,70.3,7.4,80,55,8,5,0,1,22,27.5,3,3.8,2.35107,0.47651,0.42557,0.42557,91.9,138,36.36363636363637,9.090909090909092,6.25,5.48,-1.78,0.13,2.05,0.212,5,-2.438333333,0.248,0.386,2.438333333,-0.037,-0.036000000000000004,-0.097,-0.05,35.3,41.8,10.343918085562636,-2.8288000925905656,33.05645005005485,0.5675675675675675,36.21855062412802,30.74485985033533
299,668678,"Gallen, Zac",575,52,0.323,0.138,0.38,0.462,0.371,0.33,0.285,21,65,89.6,9.7,2284,89.7,90.05,30,146,153,0.3999999999999915,6.58,108,148,119,145,299,319,292,-1.235,1.235,69.9,7.6,71,53,16,3,0,2,13,18.3,5,7,2.20873,0.65224,0.12502,0.12502,91.9,148,45.28301886792453,5.660377358490567,4.225352112676056,6.03,-2.54,0.09,1.9,0.371,3,0.413043478,0.336,0.416,-0.413043478,0.038,0.034999999999999976,0.046,0.041,20.5,45.2,10.565006601802727,-5.929513472130305,34.63958159202634,0.578125,36.0775191826093,31.962257166745818
298,680573,"Woods Richardson, Simeon",594,50.2,0.342,0.274,0.317,0.616,0.441,0.374,0.293,25,73,89.1,20.2,1926,88.2,88.6,14,133,165,0.3999999999999915,6.69,108,150,120,144,297,322,285,-7.926,7.926,72.6,7.5,81,69,15,5,0,5,5,6.2,7,8.6,2.11869,0.84517,0.32747,0.32747,92.4,153,42.028985507246375,11.594202898550725,9.876543209876543,6.43,-1.21,0.07,1.93,0.4,8,2.659731544,0.355,0.508,-2.659731544,0.049,0.04500000000000004,0.108,0.067,10.5,46.5,9.278100099474962,-3.2531782549991988,30.631988118108083,0.552,35.465689273242546,31.717598136852295
297,677944,"Cecconi, Slade",605,49.1,0.324,0.282,0.31,0.606,0.42,0.395,0.302,23,71,84.7,14.2,2306,87.7,87.88,31,144,153,0.20000000000000284,6.56,106,152,119,146,303,325,303,-6.536,6.536,68.5,7.1,78,63,13,5,0,5,9,11.5,5,6.4,2.44603,0.59209,0.19483,0.19483,91.3,165,34.92063492063492,14.285714285714285,11.538461538461538,5.86,-2.08,0.34,2.52,0.372,9,2.200673401,0.356,0.571,-2.200673401,0.022,0.016000000000000014,0.035,0.025,21.5,39.1,8.858170069252623,-2.661965163185927,29.248354949329265,0.48936170212765956,36.98023878140249,31.403164513698396
296,676106,"Hancock, Emerson",647,45.7,0.23,0.162,0.28,0.392,0.293,0.29,0.235,17,74,87.7,13.4,2457,89.2,88.72,40,167,129,-0.5,6.19,113,151,116,145,305,320,295,3.641,-3.641,71.4,7.3,78,53,11,3,0,3,21,26.9,3,3.8,2.59402,0.37109,0.39838,0.39838,90.9,142,27.450980392156865,7.8431372549019605,5.128205128205128,5.12,-2.79,0.15,2.22,0.269,4,-1.230067568,0.276,0.392,1.230067568,-0.005,-0.007000000000000006,0,0.003,24,12.3,10.11847358189182,-3.24394479900775,32.034432367638644,0.4666666666666667,35.18771289026928,30.977859360042945
295,665795,"Cabrera, Edward",637,46.3,0.25,0.125,0.356,0.375,0.297,0.266,0.226,18,72,90.2,11.9,2193,91.3,91.39,56,156,139,0.10000000000000853,6.4,106,153,122,150,304,327,297,2.013,-2.013,70.3,7.6,76,47,13,3,0,2,25,32.9,4,5.3,2.42573,0.33586,0.70795,0.70795,92.5,141,38.297872340425535,12.76595744680851,7.894736842105263,5.95,-1.19,0.04,2.15,0.289,6,-0.682372881,0.267,0.336,0.682372881,0.024,0.021999999999999964,0.039,0.031,35.9,33.9,12.552836536429943,-4.4669940229033145,32.85054669090853,0.4966887417218543,36.85925172162767,31.10148088658133
294,669302,"Gilbert, Logan",732,40.2,0.282,0.205,0.317,0.487,0.343,0.349,0.316,22,78,91.3,14,1929,87.6,89.51,41,151,143,1.9000000000000057,7.53,108,150,114,144,299,317,291,-1.632,1.632,71.9,7.4,80,63,12,7,0,3,15,18.8,1,1.3,2.60728,0.42177,-0.13122,-0.13122,92.7,159,49.2063492063492,9.523809523809524,7.5,6.02,-0.73,-0.02,2.13,0.3,6,0.555102041,0.333,0.473,-0.555102041,-0.034,-0.03300000000000003,0.014,-0.006,27.2,45.5,11.317681156802415,-7.658486534323473,31.451028068143692,0.5694444444444444,36.54596055926124,34.72734200308018
291,681347,"Burrows, Mike",636,45.8,0.292,0.125,0.388,0.417,0.343,0.232,0.184,21,72,85.2,11.7,2311,90.3,90.14,51,162,129,-0.20000000000000284,6.4,111,151,119,148,292,330,294,-0.296,0.296,69.9,7.5,78,51,16,3,0,2,21,26.9,4,5.1,2.28773,0.56445,0.47856,0.47856,90.4,134,27.450980392156865,1.9607843137254901,1.282051282051282,5.94,-2.64,0.11,2.12,0.346,1,0.101718213,0.247,0.261,-0.101718213,0.108,0.09899999999999998,0.156,0.111,31.5,39.3,11.296094398399568,-6.555167943848774,31.043929800320242,0.54,36.1172172465211,33.25993947869218
288,669923,"Kirby, George",643,44.8,0.277,0.12,0.323,0.398,0.307,0.274,0.238,23,83,89.1,7.9,2254,93.2,93.59,37,165,123,0.3999999999999915,6.63,109,150,115,145,306,319,295,2.298,-2.298,69.6,7.1,85,65,19,1,0,3,18,21.2,1,1.2,2.24021,0.41851,0.39194,0.39194,92.3,141,41.53846153846154,6.153846153846154,4.705882352941177,5.75,-1.54,0.3,2.45,0.294,4,-0.797916667,0.256,0.373,0.797916667,0.039,0.03799999999999998,0.025,0.033,22.4,33.5,5.603183775318727,4.617549046103249,29.40413324362532,0.41358024691358025,38.64173500648451,25.672668764304916
287,683004,"Leiter, Jack",652,44,0.242,0.182,0.317,0.424,0.319,0.281,0.217,16,66,90.8,14.2,2356,92.7,92.99,48,144,143,0.29999999999999716,6.64,109,152,118,148,303,326,303,-0.932,0.932,69.5,7.2,71,44,11,1,1,3,22,31,4,5.6,1.92199,0.77558,0.3838,0.3838,92.1,171,50,9.090909090909092,5.633802816901409,5.67,-1.24,0.23,2.38,0.296,4,0.324738676,0.272,0.365,-0.324738676,0.025,0.023999999999999966,0.059,0.038,33.3,47.3,9.914535519108263,0.03295713629189782,32.31555213449204,0.5467625899280576,36.924025020446656,29.20269403766467
282,676974,"Meyer, Max",590,47.8,0.185,0.077,0.229,0.262,0.25,0.336,0.262,12,65,88.5,12.6,2533,91.2,90.43,48,148,134,-0.7999999999999972,6.01,106,152,121,145,306,325,295,2.711,-2.711,69.9,7.4,74,49,9,2,0,1,17,23,6,8.1,2.55074,0.21811,0.21061,0.21061,91.9,134,38.775510204081634,10.204081632653061,6.756756756756757,5.86,-1.08,0.28,1.97,0.27,5,-0.961347518,0.339,0.423,0.961347518,-0.077,-0.069,-0.161,-0.086,32.4,42.5,9.271153031677137,1.4078312687628927,31.75899502805147,0.5714285714285714,38.462328990789274,29.09556926671853
281,605400,"Nola, Aaron",640,43.9,0.236,0.194,0.318,0.431,0.299,0.267,0.215,17,72,86.5,8.5,2334,86.1,87.12,33,120,161,1,6.96,104,149,118,145,292,324,297,2.234,-2.234,71.0,7.6,74,47,10,3,1,3,25,33.8,2,2.7,2.83964,0.2842,0.30161,0.30161,91.4,119,31.914893617021278,10.638297872340425,6.756756756756757,4.97,-1.85,0.36,1.91,0.257,5,-0.795017794,0.236,0.384,0.795017794,0.021,0.02100000000000002,0.047,0.032,27.5,19.7,12.989188500163241,-9.97352295832896,32.1688074963551,0.680672268907563,37.65857979003007,36.37743735940881
281,677952,"Ashcraft, Braxton",604,46.5,0.214,0.1,0.255,0.314,0.251,0.248,0.2,15,70,89.2,8.9,2527,92.6,92.5,43,136,145,-0.09999999999999432,6.26,107,150,118,147,303,321,291,5.141,-5.141,70.6,7.4,76,56,10,4,0,1,16,21.1,4,5.3,2.27356,0.41171,0.3763,0.3763,91.8,116,36.36363636363637,7.2727272727272725,5.263157894736842,6.14,-0.94,0.24,2.13,0.25,4,-1.829537367,0.247,0.293,1.829537367,0.014,0.0030000000000000027,0.021,0.003,31.6,38.4,11.406342564045536,-1.4547453668048353,31.382713897653293,0.5864661654135338,37.78106654149928,30.26060015389303
278,605280,"Holmes, Clay",630,44.1,0.176,0.044,0.216,0.221,0.227,0.282,0.223,12,68,85,3.7,2380,89.2,88.24,36,152,126,-1,5.89,103,152,117,148,304,318,290,5.818,-5.818,69.3,7.5,75,52,11,0,0,1,16,21.3,6,8,2.98586,-0.06957,0.35112,0.35112,91.3,106,32.69230769230769,3.8461538461538463,2.666666666666667,6.41,-1.55,0.22,2.05,0.253,2,-2.092805755,0.296,0.329,2.092805755,-0.047,-0.04299999999999998,-0.108,-0.055,23.7,41.6,12.126015208998425,-5.3437399461912225,33.88625886630052,0.58,38.478665290462686,31.159547613441188
277,669358,"Baz, Shane",673,41.2,0.235,0.221,0.26,0.456,0.311,0.293,0.24,16,68,88.7,7.2,2456,90.9,91.37,29,136,141,0.5,6.55,108,151,120,144,305,319,291,0.812,-0.812,69.9,7.3,72,53,7,6,0,3,16,22.2,2,2.8,2.42238,0.35354,0.01513,0.01513,91.3,144,39.62264150943396,7.547169811320755,5.555555555555555,5.75,-1.31,0.52,2.15,0.264,4,-0.293140794,0.274,0.4,0.293140794,-0.005,-0.010000000000000009,0.056,0.018,21.3,37.8,7.097146708111123,1.9154138993186602,30.65832184194655,0.5,39.530668421724144,28.277114299767565
277,694477,"Patrick, Chad",537,51.6,0.204,0.111,0.244,0.315,0.295,0.327,0.233,11,54,87.9,17.7,2322,90.7,90.33,33,121,156,-0.4000000000000057,6.05,106,151,116,148,303,325,293,2.219,-2.219,70.2,7.3,63,42,7,3,0,1,12,19,9,14.3,1.88368,0.89805,0.37736,0.37736,91.4,161,42.857142857142854,9.523809523809524,6.349206349206349,5.57,-1.03,0.5,2.34,0.317,4,-0.801083032,0.342,0.384,0.801083032,-0.029,-0.025000000000000022,-0.069,-0.032,27.3,34.8,7.717848454323902,-1.6333113380070408,29.962552034114474,0.5371900826446281,38.96103567548648,29.011661931046284
276,656427,"Flaherty, Jack",593,46.5,0.245,0.17,0.333,0.415,0.355,0.339,0.231,13,53,90,26.3,2313,87.9,88.3,28,116,160,0.3999999999999915,6.66,110,151,119,145,302,327,293,-1.499,1.499,69.4,7.3,63,35,8,3,0,2,18,28.6,7,11.1,2.33844,0.66895,0.02761,0.02761,91.2,166,51.42857142857142,11.428571428571429,6.349206349206349,5.33,-2.31,0.45,1.87,0.365,4,0.543115942,0.353,0.397,-0.543115942,0.014,0.01200000000000001,0.018,0.016,24.1,27.5,8.590471159993129,-3.5917642303063606,32.217463828904904,0.5478260869565217,37.73859209942441,32.5196328722925
275,690997,"McLean, Nolan",640,43,0.197,0.098,0.324,0.295,0.239,0.193,0.164,12,61,83.8,13.1,2473,91.7,91.21,32,111,164,-0.5,6.33,105,152,123,147,305,323,288,3.479,-3.479,69.4,7.1,64,35,8,3,0,1,26,40.6,2,3.1,2.55215,0.22407,0.38876,0.38876,90.3,139,25.71428571428571,5.714285714285714,3.125,5.35,-3.82,0.07,2.29,0.234,2,-1.265090909,0.203,0.226,1.265090909,0.033,0.031,0.069,0.046,28.8,33.0,5.586966024202092,3.1494944221479866,34.41483035281414,0.4774774774774775,34.92074873817715,26.84611864035375
271,592332,"Gausman, Kevin",624,43.4,0.203,0.188,0.222,0.391,0.269,0.258,0.219,14,69,89.4,15.6,2007,88.9,89.28,40,148,123,0.3999999999999915,6.65,104,152,120,148,300,322,287,3.518,-3.518,70.9,7.4,71,49,9,1,0,4,20,28.2,2,2.8,2.04085,0.88837,0.88524,0.88524,92.1,147,40.816326530612244,10.204081632653061,7.042253521126761,5.89,-2.41,0.02,1.93,0.225,5,-1.298154982,0.241,0.357,1.298154982,-0.016,-0.015999999999999986,0.034,0.011,27,38.7,9.619196171396306,-5.395346487732178,35.16777729132307,0.36363636363636365,34.44598397893812,31.18996245560267
270,696149,"Chandler, Bubba",509,53,0.182,0.109,0.237,0.291,0.298,0.307,0.2,10,55,89.3,20.1,2407,94.7,95.29,32,127,143,0.5999999999999943,6.66,110,151,121,148,306,324,289,0.672,-0.672,68.7,7.1,69,39,6,3,0,1,17,24.6,12,17.4,1.63741,0.92967,0.24526,0.24526,91.1,176,33.33333333333333,2.564102564102564,1.4492753623188406,5.76,-1.11,0.02,2.6,0.333,1,-0.248888889,0.348,0.302,0.248888889,-0.018,-0.014999999999999958,-0.011,-0.009,25.2,48.8,6.590253229009035,3.958761579083739,27.681517262868695,0.5238095238095238,36.675883792696,27.23198139675508
268,693645,"Schlittler, Cam",695,38.6,0.145,0.058,0.196,0.203,0.176,0.211,0.175,10,69,80.7,4.1,2381,95.5,96.27,49,155,113,0.7999999999999972,6.82,105,151,125,150,295,321,285,6.485,-6.485,69.7,6.8,73,48,8,1,0,1,22,30.1,3,4.1,1.53765,0.97765,0.36716,0.36716,90.4,128,25,4.166666666666666,2.73972602739726,6.14,-1.7,0,2.59,0.181,2,-2.419776119,0.209,0.265,2.419776119,-0.03,-0.027999999999999997,-0.062,-0.035,31.6,43.7,5.223811970009704,2.6177026255818996,28.708871477641708,0.5460526315789473,35.50143656412799,26.92397037641901
267,657277,"Webb, Logan",669,39.9,0.194,0.045,0.26,0.239,0.228,0.29,0.255,13,67,93.7,1.9,1994,89.9,90.59,30,131,136,0.6999999999999886,6.79,107,151,127,145,296,323,292,6.269,-6.269,70.7,7.2,73,50,10,3,0,0,17,23.3,5,6.8,2.79446,0.04766,0.74169,0.74169,93.8,119,52.94117647058824,3.9215686274509802,2.73972602739726,4.94,-1.82,0.11,2.25,0.25,2,-2.347940075,0.307,0.343,2.347940075,-0.061,-0.056999999999999995,-0.104,-0.062,22.9,22.0,5.622347004270787,5.399687706462045,33.70905281504989,0.48360655737704916,35.58083135364927,25.210979768773132
264,680732,"Burke, Sean",625,42.2,0.172,0.109,0.222,0.281,0.228,0.257,0.221,11,64,89.3,15.2,2450,89.5,90.34,33,136,128,0.7999999999999972,6.88,107,152,123,145,303,327,295,5.13,-5.13,69.8,7.3,68,46,6,4,0,1,18,26.5,3,4.4,2.12958,0.76345,0.20313,0.20313,91.8,161,36.95652173913043,4.3478260869565215,2.941176470588235,6.31,-2.18,-0.03,2.59,0.221,2,-1.943181818,0.267,0.308,1.943181818,-0.049,-0.04600000000000001,-0.027,-0.029,24.3,42.6,8.900604763262397,1.1053416055192193,28.828281681738527,0.6106870229007634,38.03050287372051,28.426265230914694
262,669387,"Mlodzinski, Carmen",606,43.2,0.211,0.053,0.308,0.263,0.26,0.295,0.231,12,57,88.9,12.8,2110,90.3,90.52,21,105,157,0.20000000000000284,6.48,106,151,118,147,303,322,292,3.968,-3.968,69.4,7.0,65,39,9,3,0,0,19,29.2,7,10.8,2.47832,0.35234,0.53718,0.53718,91.7,133,46.15384615384615,5.128205128205128,3.076923076923077,5.26,-1.5,0.13,2.21,0.292,2,-1.514503817,0.314,0.331,1.514503817,-0.02,-0.02200000000000002,-0.068,-0.035,20,31.8,7.433210537739918,1.6462025758281342,32.87608006593399,0.42718446601941745,36.468853436288114,28.6918696244118
262,695505,"Burns, Chase",632,41.5,0.147,0.059,0.188,0.206,0.164,0.277,0.231,10,68,89.8,13.7,2627,94.6,94.55,50,132,130,-0.09999999999999432,6.35,106,153,116,148,303,325,286,8.454,-8.454,71.0,7.5,69,49,8,1,0,1,19,27.5,1,1.4,1.76511,0.80727,0.04513,0.04513,92.9,166,46.666666666666664,8.88888888888889,5.797101449275362,6.45,-1.28,0.43,2.21,0.159,4,-3.226717557,0.243,0.405,3.226717557,-0.084,-0.08399999999999999,-0.199,-0.113,37.9,53.3,9.288848392410038,-0.2364416675376365,29.543951514530708,0.5153846153846153,40.29472222199161,29.25036443462523
260,592791,"Taillon, Jameson",554,46.9,0.214,0.257,0.208,0.471,0.316,0.287,0.207,15,70,84.3,18.4,2515,85.7,86.31,35,134,126,0.5999999999999943,6.84,110,153,121,149,304,324,296,-2.337,2.337,70.7,7.9,74,53,7,3,0,5,17,23,3,4.1,2.42904,0.72638,-0.33,-0.33,91.5,153,32.075471698113205,13.20754716981132,9.45945945945946,6.05,-1.2,0.36,2.16,0.257,7,0.898846154,0.25,0.416,-0.898846154,0.007,0.007000000000000006,0.055,0.029,26.1,45.2,14.214511446059468,-10.457102873483434,31.296511718479987,0.5488721804511278,39.89033321909971,37.15504021013391
259,681517,"Leahy, Kyle",595,43.5,0.246,0.148,0.277,0.393,0.325,0.327,0.258,15,61,86.3,8,2309,90,91.29,24,125,134,1.2999999999999972,7.18,107,150,116,145,306,321,288,0.421,-0.421,67.7,7.1,69,49,10,3,0,2,12,17.4,4,5.8,2.19799,0.65109,-0.0617,-0.0617,92.0,146,38,10,7.246376811594203,5.6,-1.99,0.32,2.34,0.324,5,-0.162548263,0.334,0.402,0.162548263,-0.012,-0.010000000000000009,-0.009,-0.002,19.2,43.7,6.774501735871121,3.8516976445809745,29.774868861511656,0.5454545454545454,38.17427369807912,27.631365304097486
258,669194,"Nelson, Ryne",553,46.7,0.27,0.222,0.318,0.492,0.367,0.322,0.24,17,63,89.9,20.3,2343,93.4,93.93,38,135,123,0.5,6.54,111,150,121,148,301,320,294,-3.327,3.327,69.3,7.1,71,47,9,5,0,3,16,22.5,7,9.9,1.54136,1.085,0.02613,0.02613,92.5,196,50,12.5,8.450704225352112,6.32,-1.1,0.19,2.52,0.343,6,1.289534884,0.317,0.413,-1.289534884,0.03,0.026000000000000023,0.079,0.045,28.1,54.3,6.023667096929322,6.674588388957831,31.01322139140383,0.5436893203883495,37.742060913993114,24.41126262423348
258,681190,"Vásquez, Randy",629,41,0.233,0.2,0.25,0.433,0.339,0.411,0.294,14,60,87.3,13.7,2635,91.4,90.99,35,130,128,-0.4000000000000057,6.04,114,152,121,148,304,327,295,-1.275,1.275,71.4,8.1,68,47,8,3,0,3,13,19.1,6,8.8,1.90043,0.84136,0.28767,0.28767,92.0,171,42.5531914893617,19.148936170212767,13.23529411764706,5.98,-1.91,0.43,2.21,0.324,9,0.494186047,0.377,0.581,-0.494186047,-0.061,-0.05299999999999999,-0.148,-0.072,26.9,33.5,8.757013184724308,-1.7185088518168132,30.51832371036943,0.6033057851239669,38.8955438397865,29.832708900962412
257,668909,"Williams, Gavin",660,38.9,0.179,0.143,0.229,0.321,0.291,0.322,0.221,10,56,94,6.2,2233,90.9,91.66,32,102,155,0.7999999999999972,6.94,110,152,127,147,312,329,294,1.364,-1.364,69.5,7.5,66,37,6,2,0,2,19,28.8,10,15.2,2.46599,0.34759,0.12237,0.12237,94.1,151,59.45945945945946,13.513513513513514,7.575757575757576,5.82,-2.8,0.43,2.22,0.303,5,-0.5307393,0.339,0.375,0.5307393,-0.042,-0.03600000000000003,-0.054,-0.031,31.4,31.0,7.192904119540948,-1.6214616603985141,30.275985777368067,0.31868131868131866,38.781231520042844,30.96523081155973
255,694738,"Roupp, Landen",660,38.6,0.18,0.016,0.268,0.197,0.218,0.221,0.179,11,61,82.4,5.5,2406,86.5,86.21,33,112,143,-0.29999999999999716,6.29,107,153,126,147,295,325,293,5.921,-5.921,69.7,7.4,67,41,10,1,0,0,20,29.9,5,7.5,3.27039,-0.12957,0.23714,0.23714,90.3,114,20,0,0,5.28,-1.5,0.29,1.79,0.254,0,-2.321960784,0.254,0.215,2.321960784,0.001,0,-0.018,-0.003,29.5,23.7,9.279588021842292,-4.7203220716286935,34.26390556508939,0.49056603773584906,37.57184288563704,33.705361376580534
254,650633,"King, Michael",646,39.3,0.26,0.16,0.355,0.42,0.383,0.358,0.235,13,50,86.2,17.3,2393,89.1,88.11,34,107,147,-1,5.87,112,151,119,147,301,325,296,-3.538,3.538,70.7,7.5,63,33,9,2,0,2,17,27,11,17.5,2.47268,0.45953,0.45252,0.45252,91.1,162,36.36363636363637,9.090909090909092,4.761904761904762,5.44,-3.08,0.32,2.18,0.413,3,1.392913386,0.393,0.388,-1.392913386,0.025,0.019999999999999962,0.032,0.025,31.8,26.2,10.46318286600512,-3.0014608183257923,33.4471491375515,0.4827586206896552,37.63253774878174,31.857425989660832
254,656550,"Holmes, Grant",578,43.9,0.227,0.136,0.26,0.364,0.301,0.285,0.215,15,66,87.4,17.1,2544,89.6,89.23,41,125,129,-0.3999999999999915,6.01,105,150,124,146,312,324,297,2.015,-2.015,70.3,7.5,73,52,10,3,0,2,14,19.2,7,9.6,2.54169,0.31528,0.25679,0.25679,91.8,139,32.69230769230769,5.769230769230769,4.10958904109589,5.85,-2.27,0.37,1.83,0.301,3,-0.793307087,0.29,0.348,0.793307087,0.012,0.01100000000000001,0.016,0.016,32.8,41.4,11.371051529323015,-6.890853955045122,32.54892988133148,0.5203252032520326,38.43837854757126,33.674327048215936
253,693433,"Woo, Bryan",567,44.6,0.264,0.125,0.304,0.389,0.299,0.281,0.232,19,72,88.7,19.4,2292,92.7,92.73,36,140,113,0,6.42,108,148,116,143,308,322,296,1.715,-1.715,70.9,7.0,76,58,15,1,1,2,15,19.7,2,2.6,1.99644,0.69571,0.59526,0.59526,92.5,155,44.827586206896555,6.896551724137931,5.263157894736842,5.04,-1.68,0.07,2.59,0.289,4,-0.677865613,0.262,0.379,0.677865613,0.032,0.02699999999999997,0.01,0.018,25.7,24.8,6.8509695864446245,3.7235735299943222,29.86938256647183,0.43795620437956206,36.56605178229047,26.890108508249114
253,622663,"Severino, Luis",666,38,0.25,0.179,0.286,0.429,0.34,0.312,0.237,14,56,87.6,8.8,2317,91.8,91.96,28,112,141,0.20000000000000284,6.56,107,151,116,147,310,327,294,-1.169,1.169,70.3,7.1,64,45,8,4,0,2,12,18.8,7,10.9,1.96676,0.79618,-0.02809,-0.02809,91.8,157,42.22222222222222,6.666666666666667,4.6875,5.81,-2.12,0.3,2.43,0.333,3,0.462055336,0.322,0.371,-0.462055336,0.013,0.01100000000000001,0.058,0.028,25,39.7,5.30692023219638,2.24846545107123,30.572627595628806,0.45535714285714285,37.080723232702034,25.86625312720514
252,663978,"Paddack, Chris",585,43.1,0.317,0.233,0.372,0.55,0.381,0.352,0.279,19,60,91.5,17.8,2062,86.8,87.38,31,137,115,0.6000000000000085,6.8,108,150,122,144,307,328,299,-2.968,2.968,72.1,7.6,63,46,11,5,0,3,15,23.8,1,1.6,2.4373,0.64829,0.27464,0.27464,91.6,175,46.666666666666664,17.77777777777778,12.698412698412698,6.1,-2.13,0.28,2.27,0.333,8,1.177777778,0.3,0.527,-1.177777778,0.038,0.03300000000000003,0.023,0.029,22.6,46.4,11.235335844689278,-3.015323319119656,32.448740276576814,0.5149253731343284,37.59875125778871,32.50631768030432
252,676917,"Cavalli, Cade",576,43.8,0.189,0.057,0.263,0.245,0.274,0.318,0.236,10,53,88,9.7,2238,91.5,91.57,23,100,152,0.09999999999999432,6.44,105,149,120,149,304,322,298,0.359,-0.359,68.6,7.2,63,38,7,3,0,0,15,23.8,9,14.3,2.49698,0.2704,0.05667,0.05667,91.2,148,39.473684210526315,7.894736842105263,4.761904761904762,6.09,-2.23,0.39,2.1,0.317,3,-0.142460317,0.357,0.329,0.142460317,-0.047,-0.03999999999999998,-0.084,-0.044,23,38.9,5.590273170107268,4.325294490758553,30.661940843658012,0.4742268041237113,37.52453667580569,27.63461826010468
252,656605,"Keller, Mitch",616,40.9,0.113,0,0.156,0.113,0.147,0.232,0.201,7,62,84.6,9.5,2452,88.8,89.22,36,124,128,0.4000000000000057,6.63,106,150,118,147,302,320,289,9.272,-9.272,69.8,7.2,67,45,7,0,0,0,17,25.4,5,7.5,2.28698,0.64681,0.07413,0.07413,90.9,134,40,0,0,5.66,-2.03,0.31,2.3,0.179,0,-3.679365079,0.261,0.246,3.679365079,-0.088,-0.08200000000000002,-0.133,-0.085,29,35.4,8.154846149527868,3.0229299352166974,30.117027827920932,0.5245901639344263,37.265375051684686,28.24914090117198
252,694819,"Misiorowski, Jacob",640,39.4,0.203,0.102,0.256,0.305,0.269,0.287,0.226,12,59,86.7,10.7,2520,96.3,98.09,35,111,141,1.7999999999999972,7.43,108,152,116,149,301,320,292,3.155,-3.155,69.7,6.9,65,41,10,0,0,2,18,27.7,5,7.7,1.57349,0.91258,0.47816,0.47816,91.8,171,36.58536585365854,4.878048780487805,3.076923076923077,5.27,-1.82,0.34,2.57,0.277,2,-1.251984127,0.297,0.34,1.251984127,-0.023,-0.019999999999999962,-0.035,-0.018,31.5,30.2,2.9037419285074453,7.552365149435318,26.069699619157813,0.4036697247706422,37.36237808457385,25.172255896837452
245,642547,"Peralta, Freddy",651,37.6,0.208,0.019,0.289,0.226,0.27,0.309,0.238,11,53,89.4,6.4,2309,89.7,89.78,31,112,133,0.09999999999999432,6.55,102,150,121,147,305,321,290,3.445,-3.445,70.6,7.4,62,38,10,1,0,0,15,24.2,7,11.3,2.1009,0.79742,0.49216,0.49216,92.1,150,47.368421052631575,2.631578947368421,1.6129032258064515,5.17,-3.43,0.03,2.14,0.323,1,-1.406122449,0.349,0.313,1.406122449,-0.03,-0.025999999999999968,-0.087,-0.039,27.7,32.8,9.06906474741747,-6.388861225676486,32.32517580196663,0.5,34.67607722658758,33.189864806168934
245,669467,"Pallante, Andre",539,45.5,0.218,0.091,0.262,0.309,0.293,0.323,0.241,12,55,82.6,6.7,2286,89.3,89.74,27,107,138,0.4000000000000057,6.56,105,150,116,146,304,321,287,0.883,-0.883,69.5,7.1,63,43,9,2,0,1,12,19,6,9.5,2.4782,0.42771,0.17914,0.17914,90.3,134,27.906976744186046,2.3255813953488373,1.5873015873015872,6,-1.63,0.12,2.22,0.317,1,-0.360408163,0.337,0.375,0.360408163,-0.023,-0.020000000000000018,-0.066,-0.03,25.2,57.8,7.034336759028348,3.8712402495047433,33.05825709911882,0.46153846153846156,35.35907913823419,27.750091727401518
244,678394,"Bello, Brayan",504,48.4,0.333,0.105,0.375,0.439,0.37,0.352,0.29,19,57,87.4,2.1,2156,90.7,90.57,30,116,128,-0.10000000000000853,6.26,109,151,120,145,301,317,281,-2.641,2.641,70.3,7.5,64,49,15,3,0,1,9,14.1,6,9.4,2.45205,0.3428,0.65487,0.65487,93.0,104,36.734693877551024,8.16326530612245,6.25,5.75,-1.46,0.09,1.93,0.391,4,1.082377049,0.353,0.458,-1.082377049,0.043,0.038000000000000034,-0.019,0.018,25.9,41.9,11.505681324349611,-2.0418823626155027,32.808116971037705,0.5,36.21944897438784,31.332422667313683
244,663436,"Martin, Davis",628,38.9,0.254,0.03,0.378,0.284,0.267,0.263,0.232,17,67,88.3,13.2,2463,90.1,89.95,48,132,112,-0.09999999999999432,6.3,106,153,124,146,309,328,295,3.859,-3.859,71.3,7.5,71,45,15,2,0,0,22,31,2,2.8,2.35672,0.51835,0.30008,0.30008,92.0,134,37.77777777777778,2.2222222222222223,1.4084507042253522,5.85,-2.01,0.31,2.02,0.296,1,-1.581557377,0.275,0.311,1.581557377,0.022,0.020999999999999963,-0.027,0.004,36.4,36.5,10.915767417396536,-5.005135466350413,33.72158504234291,0.6183206106870229,37.91458273871245,30.90266829739804
241,607625,"Lugo, Seth",657,36.7,0.25,0.141,0.288,0.391,0.294,0.329,0.273,16,64,90.9,18.1,2535,85.4,84.62,21,124,117,-0.8000000000000114,5.82,106,149,121,146,295,319,285,3.086,-3.086,71.0,7.3,68,53,9,6,0,1,12,17.6,3,4.4,2.84091,0.36121,-0.00946,-0.00946,92.0,166,39.62264150943396,11.320754716981133,8.823529411764707,5.48,-1.95,0.32,2.38,0.279,6,-1.280497925,0.301,0.471,1.280497925,-0.023,-0.021999999999999964,-0.08,-0.035,16.9,30.0,9.348434050269766,-0.7819443775646714,31.33729048949401,0.49586776859504134,38.178230913793456,29.46144359032983
239,607200,"Fedde, Erick",520,46,0.233,0.217,0.227,0.45,0.322,0.257,0.203,14,60,86.8,14.3,2255,87.5,87.92,20,110,129,0.4000000000000057,6.57,109,153,124,145,307,329,296,-0.131,0.131,70.1,7.4,64,48,9,1,0,4,12,18.8,3,4.7,2.58381,0.4313,-0.31849,-0.31849,92.1,161,37.5,6.25,4.6875,5.89,-1.31,0.46,2.25,0.281,3,0.054811715,0.253,0.326,-0.054811715,0.03,0.028000000000000025,0.124,0.065,18.2,35.8,9.746283921364787,-3.1657734220310223,33.58353650531165,0.5754716981132075,39.93316313906937,31.37317966439461
236,691587,"Pérez, Eury",623,37.9,0.233,0.283,0.238,0.517,0.357,0.36,0.251,14,60,88.7,22.5,2512,92.2,92.37,36,131,105,0.20000000000000284,6.66,104,151,121,146,301,325,297,-1.725,1.725,70.1,7.5,66,46,5,5,0,4,14,21.2,4,6.1,1.6839,1.06419,0.30077,0.30077,92.0,165,45.65217391304348,15.217391304347828,10.606060606060606,5.88,-1.84,0.2,2.05,0.303,7,0.730932203,0.32,0.517,-0.730932203,-0.018,-0.017000000000000015,0,-0.003,27.5,30.1,11.65282137081138,-7.752163101920183,31.865055515302114,0.5193798449612403,36.18390399368077,33.50807254696553
235,605135,"Bassitt, Chris",533,44.1,0.281,0,0.34,0.281,0.291,0.279,0.253,16,57,82.8,4.6,2181,83.1,82.78,22,106,129,-0.29999999999999716,6.27,105,152,120,146,305,320,290,2.194,-2.194,69.1,7.2,62,47,16,0,0,0,10,16.1,3,4.8,3.44557,0.03328,0.15072,0.15072,90.7,115,27.659574468085108,0,0,5.37,-1.69,0.19,2.17,0.339,0,-0.933617021,0.314,0.298,0.933617021,0.028,0.025000000000000022,-0.017,0.012,20.8,29.6,7.663844340589613,-5.191727958677004,32.9187079134958,0.3113207547169811,34.47419035754133,33.07037490172713
234,608379,"Wacha, Michael",640,36.6,0.228,0.193,0.268,0.421,0.321,0.315,0.236,13,57,88.5,18.2,2053,88.2,88.67,29,116,118,0.5,6.7,111,153,125,148,297,321,283,0.999,-0.999,69.9,7.2,64,44,6,5,0,2,14,21.9,6,9.4,2.06179,0.91795,0.32197,0.32197,92.1,168,40.909090909090914,6.8181818181818175,4.6875,6.51,-1.98,0.08,2.38,0.302,3,-0.426923077,0.309,0.409,0.426923077,-0.008,-0.007000000000000006,0.012,0.006,25,51.7,10.884929772713612,-0.29291394299207907,31.21572338019314,0.5636363636363636,36.87589362360929,30.49065852717958
233,571945,"Mikolas, Miles",479,48.6,0.286,0.268,0.267,0.554,0.384,0.335,0.253,16,56,86.3,5.9,2241,87.7,87.41,14,109,124,-0.29999999999999716,6.24,104,150,120,148,308,323,297,-4.002,4.002,68.1,7.1,62,49,9,3,0,4,8,12.9,5,8.1,2.55991,0.46789,0.32996,0.32996,91.5,158,42.5531914893617,10.638297872340425,8.064516129032258,6.56,-1.61,0.27,2.23,0.339,5,1.717596567,0.312,0.466,-1.717596567,0.033,0.027000000000000024,0.088,0.049,12.8,43.9,6.496867010084592,4.3143024667142775,32.093996160186904,0.5887850467289719,34.49603057485694,27.138631193451953
230,641793,"Littell, Zack",514,44.7,0.274,0.177,0.275,0.452,0.331,0.381,0.284,17,62,92.8,21.8,1923,86.8,86.68,18,114,116,-0.09999999999999432,6.13,103,150,118,149,310,325,300,-0.906,0.906,70.6,7.4,70,54,12,2,0,3,11,15.7,5,7.1,2.41074,0.6377,0.29909,0.29909,92.7,169,44.44444444444444,11.11111111111111,8.571428571428571,6.12,-0.75,0.22,2.4,0.314,6,0.393913043,0.343,0.494,-0.393913043,-0.01,-0.029000000000000026,-0.042,-0.05,15.8,38.7,9.98417861038845,-1.1817216927997665,30.638496453027212,0.6363636363636364,35.782114418085115,31.251224791145166
230,621121,"McCullers Jr., Lance",536,42.9,0.224,0.143,0.278,0.367,0.334,0.287,0.196,11,49,90.9,15.4,2281,87.5,86.93,24,92,138,-0.5999999999999943,6.04,111,151,120,148,298,330,293,0.132,-0.132,71.1,7.5,59,37,6,4,0,1,12,20.3,9,15.3,2.61413,0.4003,0.26404,0.26404,92.9,137,43.24324324324324,2.7027027027027026,1.694915254237288,5.39,-1.21,0.38,2.09,0.356,1,-0.057391304,0.332,0.268,0.057391304,0.028,0.023999999999999966,0.099,0.047,26.1,31.9,9.56427520190489,-0.711795417245012,31.403080738052076,0.6590909090909091,37.23063380591457,30.518672114323458
229,676083,"Junk, Janson",583,39.3,0.148,0.066,0.16,0.213,0.184,0.251,0.195,9,61,89.3,12.2,2238,86.5,86.38,19,115,114,-0.09999999999999432,6.37,107,152,123,147,307,327,297,5.524,-5.524,70.1,7.4,65,51,7,1,0,1,10,15.4,3,4.6,2.63454,0.4678,-0.17489,-0.17489,91.7,142,36.53846153846153,5.769230769230769,4.615384615384616,5.69,-0.76,0.25,2.06,0.188,3,-2.412227074,0.233,0.337,2.412227074,-0.047,-0.04500000000000001,-0.124,-0.067,16.5,50.7,9.856430451049114,0.6907035251821988,31.7628940264522,0.5446428571428571,38.57008696828824,31.464618459075965
227,691725,"Painter, Andrew",533,42.6,0.349,0.14,0.424,0.488,0.414,0.363,0.279,15,43,87.5,11.9,2306,91.2,91.34,23,104,123,0.09999999999999432,6.45,104,150,119,146,298,323,289,-2.955,2.955,68.9,7.3,52,34,12,1,1,1,10,19.2,7,13.5,1.96203,0.81991,0.01176,0.01176,90.8,141,29.411764705882355,5.88235294117647,3.8461538461538463,6.45,-2.24,0.36,2.36,0.442,2,1.301762115,0.387,0.43,-1.301762115,0.07,0.05499999999999999,0.058,0.051,22.1,47.6,8.617386984995353,1.6742166186914025,30.485322373263724,0.4158415841584158,38.54108079545062,29.52442863292528
226,694297,"Pfaadt, Brandon",472,47.9,0.204,0.167,0.256,0.37,0.301,0.293,0.215,11,54,89.4,13.1,2499,88.4,88.54,33,109,117,0.09999999999999432,6.5,108,151,121,147,304,321,291,0.201,-0.201,69.0,7.6,61,40,4,6,0,1,14,23,6,9.8,2.55177,0.40518,0.07298,0.07298,92.7,132,40,7.5,4.918032786885246,5.56,-2.7,0.34,1.87,0.295,3,-0.088938053,0.305,0.345,0.088938053,-0.011,-0.010000000000000009,0.025,0.008,30.3,28.6,11.507463431396868,-5.619473885179093,32.434103783337655,0.6129032258064516,37.760351662672974,32.707076328190354
224,663903,"Singer, Brady",563,39.8,0.288,0.288,0.26,0.576,0.403,0.432,0.34,17,59,90,10.3,2369,87,87.63,19,99,125,0.5999999999999943,6.82,101,152,115,147,304,322,286,-5.178,5.178,71.0,7.4,65,54,9,3,1,4,5,7.7,5,7.7,2.52688,0.52839,0.52862,0.52862,93.8,160,48,14.000000000000002,10.76923076923077,5.17,-1.25,0.38,2.09,0.354,7,2.311607143,0.405,0.604,-2.311607143,-0.052,-0.051000000000000045,-0.028,-0.029,19.2,24.4,9.071194449904771,-0.30939006263355584,34.09005205298243,0.38144329896907214,37.033714897950944,29.663540090206276
223,650644,"Civale, Aaron",622,35.9,0.269,0.154,0.317,0.423,0.298,0.36,0.299,14,52,91.2,15.6,2641,86.2,85.22,24,108,115,-1,5.66,104,149,114,146,309,327,292,1.822,-1.822,70.2,7.3,56,42,9,3,1,1,12,21.4,1,1.8,2.67372,0.43833,-0.11565,-0.11565,92.5,178,54.761904761904766,11.904761904761903,8.928571428571429,6.25,-0.35,0.39,2.43,0.273,5,-0.817040359,0.317,0.52,0.817040359,-0.03,-0.043999999999999984,-0.097,-0.062,22.2,42.6,9.062653118902832,-2.3239259263151335,30.109875219115448,0.5283018867924528,37.874779563627335,30.081381255867374
221,680694,"Bradish, Kyle",639,34.6,0.396,0.188,0.472,0.583,0.461,0.393,0.3,19,48,88.1,9.1,2433,89.9,89.98,22,96,125,0.09999999999999432,6.43,103,150,114,144,306,324,288,-6.549,6.549,69.0,7.2,54,38,14,3,0,2,10,18.5,6,11.1,2.45579,0.39235,-0.24412,-0.24412,92.5,157,44.73684210526316,18.421052631578945,12.962962962962962,6.23,-1.3,0.44,2.05,0.463,7,2.963348416,0.378,0.531,-2.963348416,0.096,0.08500000000000002,0.052,0.068,22.9,52.3,7.913973236825356,0.873052714578769,32.57973907908018,0.4838709677419355,38.771464762997404,29.636429414938124
221,695076,"Lowder, Rhett",593,37.3,0.267,0.067,0.333,0.333,0.28,0.307,0.301,16,60,91.9,10.6,2419,89.6,89.06,24,111,110,-0.5,6.13,102,151,115,145,303,323,285,2.785,-2.785,71.2,7.4,62,48,12,4,0,0,12,19.4,2,3.2,2.41294,0.46247,0.82534,0.82534,92.9,139,34.78260869565217,0,0,5.59,-2.38,0.14,2.18,0.29,0,-1.260180995,0.325,0.373,1.260180995,-0.034,-0.03500000000000003,-0.04,-0.027,21.6,28.6,8.5639779038477,-1.1351162506741521,29.93843377368178,0.5779816513761468,36.79588865961166,30.315100062589085
218,670245,"Watson, Ryan",360,60.6,0.232,0.25,0.225,0.482,0.334,0.357,0.264,13,56,87.2,16.2,2194,89.2,90.34,24,102,116,1.0999999999999943,7.09,109,152,122,146,290,316,283,-0.505,0.505,67.8,7.2,60,44,7,2,0,4,12,20,3,5,2.32592,0.57151,0.08412,0.08412,91.6,155,34.883720930232556,13.953488372093023,10,5.45,-1.08,0.24,2.06,0.283,6,0.231651376,0.314,0.518,-0.231651376,-0.032,-0.031000000000000028,-0.036,-0.023,23.5,34.4,9.493326648199687,0.6896941740243525,31.774852540745183,0.57,37.73279470214088,28.892468364002543
218,675848,"Mejia, Juan",339,64.3,0.256,0.023,0.367,0.279,0.289,0.284,0.237,11,43,90.5,17.5,2603,92,91.71,31,107,111,-0.29999999999999716,6.02,109,152,122,146,301,327,296,1.583,-1.583,69.5,7.2,48,30,10,1,0,0,13,27.1,4,8.3,2.27899,0.44963,-0.19705,-0.19705,90.8,168,36.666666666666664,0,0,5.91,-2.16,0.31,2.46,0.333,0,-0.726146789,0.316,0.304,0.726146789,0.019,0.017000000000000015,-0.025,0.005,29,36.4,7.375315471810397,3.6223686208802244,30.244678367864605,0.4423076923076923,39.56797066498356,26.670819311188907
215,676962,"Brown, Ben",401,53.6,0.216,0.078,0.244,0.294,0.247,0.279,0.222,11,51,89.4,1.9,2210,92.9,93.24,21,99,116,0.29999999999999716,6.6,106,152,118,150,304,320,294,2.069,-2.069,70.4,7.2,55,42,9,1,0,1,10,18.2,3,5.5,2.03386,0.63837,0.56767,0.56767,91.5,125,40.476190476190474,7.142857142857142,5.454545454545454,6.36,-1.43,0.01,2.27,0.255,3,-0.962325581,0.272,0.327,0.962325581,-0.006,-0.017000000000000015,-0.033,-0.032,21.2,43.4,6.960942273588314,3.9360786788024904,31.482904425649576,0.4421052631578947,36.65284705182199,27.34778007336117
213,607192,"Glasnow, Tyler",585,36.4,0.146,0.167,0.192,0.313,0.217,0.201,0.156,7,48,91.7,19.4,2615,91,93.02,35,100,113,2,7.41,111,154,123,148,308,321,293,1.384,-1.384,68.5,7.2,50,28,3,2,0,2,20,40,2,4,2.3462,0.43726,0.09854,0.09854,91.4,156,42.857142857142854,7.142857142857142,4,6.13,-1.37,0.39,2.16,0.18,2,-0.649765258,0.189,0.271,0.649765258,-0.01,-0.009000000000000008,0.042,0.016,35,56.9,8.863204709117133,-0.3063014420873491,31.820428180788767,0.55,38.05915668312501,29.01132008443935
211,647336,"Soroka, Michael",547,38.6,0.216,0.176,0.281,0.392,0.288,0.27,0.217,11,51,87.2,12.8,2619,88.6,88.04,28,111,100,-0.5999999999999943,6.05,109,150,120,148,303,322,292,1.705,-1.705,70.1,7.5,55,35,6,3,0,2,17,30.9,3,5.5,2.61076,0.34654,0.15967,0.15967,91.1,160,37.142857142857146,11.428571428571429,7.2727272727272725,5.61,-2.58,0.23,2.49,0.259,4,-0.808056872,0.26,0.354,0.808056872,-0.001,-0.0010000000000000009,0.038,0.018,25.2,28.6,12.133722891271844,-4.804573630746971,30.478380424772826,0.6238532110091743,38.695925178161275,32.96753523022273
211,607259,"Martinez, Nick",589,35.8,0.2,0.073,0.222,0.273,0.222,0.348,0.307,11,55,84.6,17.5,2204,87.5,86.82,14,112,99,-0.7000000000000028,5.96,97,152,119,146,304,329,290,5.979,-5.979,71.2,7.3,58,46,9,1,0,1,10,17.2,2,3.4,2.25796,0.77607,0.7921,0.7921,91.3,150,21.73913043478261,8.695652173913043,6.896551724137931,6.1,-1.69,-0.16,2.15,0.224,4,-2.833649289,0.326,0.489,2.833649289,-0.107,-0.10200000000000001,-0.216,-0.126,12.5,56.4,9.444765147890113,-1.2648542082018137,34.38241306993585,0.5321100917431193,33.079167826911316,30.160890904030648
208,660271,"Ohtani, Shohei",473,44,0.174,0.065,0.296,0.239,0.243,0.217,0.15,8,46,88.1,15,2510,90.9,91.31,41,103,105,0.3999999999999915,6.56,109,153,125,148,301,317,291,3.936,-3.936,70.1,7.3,52,27,5,3,0,0,19,36.5,5,9.6,2.16971,0.65427,-0.21207,-0.21207,91.6,153,37.03703703703704,0,0,5.67,-1.97,0.39,2.31,0.269,0,-1.892307692,0.248,0.202,1.892307692,0.024,0.02100000000000002,0.037,0.026,39.8,34.0,9.729489262452361,-0.15996793917921792,30.47152529132281,0.4174757281553398,38.868212246348484,28.465647856515066
206,680802,"Weiss, Ryan",530,38.9,0.267,0.289,0.308,0.556,0.395,0.397,0.267,12,45,92.5,21.3,2438,90.5,90.47,25,95,111,0,6.43,106,151,121,147,303,330,290,-3.444,3.444,68.8,7.2,51,30,7,1,0,4,15,29.4,6,11.8,2.08859,0.744,0.00286,0.00286,93.1,193,56.666666666666664,20,11.76470588235294,5.95,-2.22,0.31,2.16,0.353,6,1.67184466,0.353,0.578,-1.67184466,0,0,-0.022,-0.002,26.3,42.3,8.53403089220269,-0.40133185755641076,32.15670621319304,0.44565217391304346,37.61909922503968,29.532280822915247
205,621111,"Buehler, Walker",463,44.3,0.233,0.14,0.29,0.372,0.302,0.322,0.254,10,43,90.9,14.2,2284,88.3,89.01,16,81,124,0.7000000000000028,6.67,114,152,119,148,305,328,291,2.121,-2.121,68.6,7.0,47,32,6,3,0,1,11,23.4,3,6.4,2.40966,0.56064,-0.14966,-0.14966,91.5,166,40.625,6.25,4.25531914893617,5.58,-0.9,0.72,2.35,0.298,2,-1.034634146,0.317,0.416,1.034634146,-0.021,-0.019000000000000017,-0.044,-0.02,19.8,47.0,8.362613838802334,2.064252643775653,28.901008336350586,0.5571428571428572,41.755928041214226,29.219966744157595
204,608566,"Márquez, Germán",501,40.7,0.259,0.185,0.279,0.444,0.32,0.295,0.256,14,54,86.1,16.6,2293,90.3,88.54,22,107,97,-1.7999999999999972,5.28,113,152,120,148,308,329,298,1.442,-1.442,70.4,7.3,56,45,8,4,0,2,9,16.1,2,3.6,2.12431,0.72069,0.60222,0.60222,91.9,142,42.22222222222222,6.666666666666667,5.357142857142857,6,-1.19,0.29,2.14,0.286,3,-0.706862745,0.283,0.396,0.706862745,0.003,0.0030000000000000027,0.048,0.025,20.6,37.1,11.633596303820317,-0.3309169874641831,33.86446718447798,0.5176470588235295,36.560114513887676,30.341381418190384
202,805123,"Blubaugh, AJ",393,51.4,0.233,0.233,0.241,0.465,0.344,0.323,0.212,10,43,81.6,15.4,2396,89.4,89.5,34,101,101,0.09999999999999432,6.49,107,150,118,148,292,327,291,-0.42,0.42,67.4,7.3,51,33,6,1,0,3,12,23.5,5,9.8,2.14406,0.75801,0.27,0.27,92.0,152,30.303030303030305,15.151515151515152,9.803921568627452,6.05,-2.36,0.35,2.19,0.32,5,0.207920792,0.307,0.42,-0.207920792,0.021,0.013000000000000012,0.045,0.021,33.7,43.1,9.803444961825551,-3.1261637782054237,33.023857541856174,0.4479166666666667,37.78503971886729,32.73928960467605
201,543135,"Eovaldi, Nathan",628,32,0.214,0.071,0.289,0.286,0.25,0.245,0.204,12,56,87.7,5,1895,88.7,89.42,38,110,91,0.7000000000000028,6.79,107,152,118,148,305,324,299,3.449,-3.449,70.8,7.2,61,39,10,1,0,1,18,29.5,3,4.9,2.63323,0.30851,0.63165,0.63165,92.1,127,43.58974358974359,0,0,5.66,-2.33,0,2.12,0.262,0,-1.715920398,0.259,0.272,1.715920398,0.01,0.0030000000000000027,0.014,0.005,34.5,36.2,9.33184417080765,-2.5155896838527756,32.00179586603786,0.49038461538461536,34.90940644576456,31.723522403168754
199,607067,"Rea, Colin",551,36.1,0.188,0.063,0.222,0.25,0.234,0.324,0.245,9,48,91.5,8.2,2180,89.4,90.03,19,94,105,0.5999999999999943,6.73,106,153,119,150,304,324,293,4.373,-4.373,69.9,7.5,52,37,8,0,0,1,11,21.2,3,5.8,2.27231,0.62,0.12226,0.12226,92.2,162,48.64864864864865,10.81081081081081,7.6923076923076925,5.5,-1.5,0.28,2.32,0.25,4,-2.197487437,0.303,0.442,2.197487437,-0.057,-0.05299999999999999,-0.192,-0.09,20.2,30.5,6.27193442850067,1.0364626818323994,28.9229550914008,0.4222222222222222,39.76221203225812,29.19926246496076
197,663623,"Irvin, Jake",617,31.9,0.273,0.091,0.344,0.364,0.304,0.288,0.259,12,44,85.5,14.1,2382,88.3,89.82,20,82,115,1.5,7.24,105,151,123,148,310,323,299,-0.372,0.372,69.4,7.4,48,33,10,1,0,1,12,25,1,2.1,2.32523,0.6431,0.30579,0.30579,91.2,127,39.39393939393939,3.0303030303030303,2.083333333333333,5.37,-2.07,0.48,2.3,0.313,1,0.188832487,0.304,0.331,-0.188832487,0.014,0.009000000000000008,0.033,0.016,24.4,25.6,9.293051146422773,-1.074208365501996,30.698077847831843,0.38271604938271603,38.24717141672543,32.35801698625853
196,663372,"Feltner, Ryan",326,60.1,0.34,0.319,0.351,0.66,0.462,0.424,0.3,16,47,89.9,17.7,2451,89.4,90.1,21,99,97,0.6999999999999886,6.58,109,151,121,144,305,332,299,-6.486,6.486,70.6,7.3,53,40,7,6,0,3,7,13.2,6,11.3,2.41311,0.45742,-0.01082,-0.01082,92.0,164,50,17.5,13.20754716981132,5.47,-1.39,0.16,2.26,0.415,7,3.309183673,0.379,0.624,-3.309183673,0.04,0.035999999999999976,0.036,0.038,21.2,43.3,8.801583047878653,-0.22686211012158358,30.869947922172276,0.40625,38.35103160313527,30.491596694203707
196,808963,"Sasaki, Roki",543,36.1,0.286,0.357,0.286,0.643,0.443,0.391,0.287,12,42,91.2,10.5,1637,90.6,92.09,21,91,105,1.5,7.16,108,154,123,148,307,318,293,-3.583,3.583,70.1,7.3,49,32,5,3,0,4,10,20.4,4,8.2,2.41495,0.39321,0.4134,0.4134,93.1,151,40.625,12.5,8.16326530612245,6.26,-1.71,-0.1,2.03,0.388,4,1.828061224,0.388,0.507,-1.828061224,-0.001,0,0.136,0.052,23.1,51.3,8.469591800720895,-2.2668421839072352,29.814687974794612,0.5681818181818182,34.90855787594814,32.08515021545613
195,688642,"Agnos, Zach",338,57.7,0.364,0.182,0.417,0.545,0.434,0.383,0.327,16,44,85.1,8.2,2254,90.4,90.35,26,98,97,-0.10000000000000853,6.1,110,153,122,145,307,332,296,-7.492,7.492,70.3,7.4,50,37,11,3,1,1,7,14,6,12,2.23369,0.56041,0.15809,0.15809,91.6,155,40.54054054054054,8.108108108108109,6,5.81,-1.78,0.3,2.3,0.44,3,3.842051282,0.407,0.46,-3.842051282,0.037,0.03300000000000003,0.085,0.051,26.5,40.5,11.673590926092471,-1.5532030533607015,31.84311264765352,0.6105263157894737,38.919135874909536,30.45956418107376
194,686218,"Sheehan, Emmet",534,36.3,0.229,0.042,0.314,0.271,0.264,0.269,0.231,11,48,87.8,19.2,2280,89,89.63,35,100,94,0.5999999999999943,6.61,110,154,121,149,306,318,293,3.687,-3.687,70.6,7.6,54,35,9,2,0,0,14,25.9,4,7.4,2.19397,0.70335,0.2466,0.2466,91.4,148,34.285714285714285,0,0,5.52,-0.98,0.49,2.38,0.296,0,-1.900515464,0.299,0.294,1.900515464,-0.002,-0.0030000000000000027,-0.023,-0.005,35,34.4,12.350082860981352,-6.351693945616926,29.856517117019866,0.6464646464646465,40.147501628144674,34.21672142591929
193,693821,"Elder, Bryce",607,31.8,0.3,0.05,0.383,0.35,0.296,0.272,0.269,18,60,89,5.1,2187,88.7,88.52,21,98,95,-0.20000000000000284,6.18,110,152,126,147,313,322,295,1.679,-1.679,70.3,7.3,61,47,16,1,1,0,13,21.3,0,0,2.54585,0.36896,0.61318,0.61318,93.1,128,42.5531914893617,2.127659574468085,1.639344262295082,6.25,-1.52,0.1,1.99,0.311,1,-0.869948187,0.281,0.339,0.869948187,0.031,0.02999999999999997,0.011,0.024,21.4,48.8,8.879708617424528,-1.014118059367223,32.94152001121235,0.46938775510204084,36.16901462357263,31.241000807708183
191,605288,"Houser, Adrian",496,38.5,0.222,0.13,0.217,0.352,0.267,0.281,0.246,12,54,88.8,-0.1,2156,91.8,92.46,17,93,98,0.7000000000000028,6.75,107,152,125,147,296,320,292,2.359,-2.359,70.2,7.2,56,48,9,1,0,2,6,10.7,2,3.6,2.17827,0.55105,0.83,0.83,93.1,105,41.66666666666667,8.333333333333332,7.142857142857142,5.79,-1.41,0.07,2.06,0.25,4,-1.235078534,0.273,0.373,1.235078534,-0.024,-0.02300000000000002,-0.021,-0.014,18.3,38.6,6.768651480249921,1.4517552526813624,32.7429071967779,0.47191011235955055,35.78292769242619,27.975475889121807
190,695418,"Lord, Brad",413,46,0.191,0.149,0.179,0.34,0.237,0.265,0.23,9,47,87.1,-3.7,2375,91.3,89.74,20,104,86,-1.5999999999999943,5.41,105,151,120,149,304,321,294,2.558,-2.558,68.5,6.9,49,41,6,1,0,2,7,14.3,0,0,2.43084,0.33508,0.91137,0.91137,92.0,116,43.90243902439025,2.4390243902439024,2.0408163265306123,5.42,-2.62,-0.05,2.32,0.204,1,-1.346315789,0.244,0.364,1.346315789,-0.039,-0.04000000000000001,-0.024,-0.028,19.2,18.0,1.89898155889051,11.034614653390067,33.0446730056544,0.3076923076923077,34.591483246510855,23.23134221799995
189,694973,"Skenes, Paul",548,34.5,0.17,0.149,0.2,0.319,0.247,0.245,0.186,8,47,89.4,13.3,2227,92.8,93.41,21,91,98,0.6000000000000085,6.78,107,151,116,147,304,322,287,3.522,-3.522,68.7,7.1,52,32,5,1,0,2,16,30.8,2,3.8,2.00704,0.68973,0.77571,0.77571,92.0,138,40.625,6.25,3.8461538461538463,5.57,-2.83,0.07,2.34,0.231,2,-1.863492063,0.245,0.303,1.863492063,-0.016,-0.013999999999999985,0.016,0.002,23.1,25.1,5.271317433895398,5.478301503978417,30.16915043968136,0.4222222222222222,34.54876525149977,27.252376897371583
189,677958,"Rocker, Kumar",477,39.6,0.259,0.093,0.295,0.352,0.293,0.289,0.243,14,54,86.6,1.7,2139,90.5,91.19,25,98,91,0.7000000000000028,6.77,106,151,117,147,307,327,303,0.448,-0.448,71.1,7.3,57,45,11,2,0,1,9,15.8,2,3.5,2.4545,0.36495,0.75026,0.75026,92.3,100,35.55555555555556,6.666666666666667,5.263157894736842,5.95,-2.19,-0.18,2.09,0.298,3,-0.237037037,0.283,0.379,0.237037037,0.016,0.015000000000000013,-0.027,0.004,25.5,36.4,11.048879106743037,-3.203637876139213,35.17352165487266,0.45263157894736844,34.29645273627573,32.56630478404199
188,672456,"Montero, Keider",485,38.8,0.226,0.189,0.262,0.415,0.301,0.282,0.22,12,53,89.7,19,2380,91.3,91.24,20,93,95,-0.09999999999999432,6.44,109,150,115,143,306,328,291,0.812,-0.812,71.8,7.2,58,43,5,5,1,1,11,19,4,6.9,2.02745,0.75074,0.49085,0.49085,92.0,181,38.095238095238095,7.142857142857142,5.172413793103448,5.76,-2.31,0.18,2.26,0.276,3,-0.431914894,0.285,0.336,0.431914894,0.006,-0.008999999999999952,0.079,0.019,21.5,41.8,8.671083540056543,-1.7317045931390609,29.477970986591572,0.5934065934065934,36.07719514877748,32.07320257113251
188,669372,"Ginn, J.T.",477,39.4,0.227,0.136,0.265,0.364,0.28,0.265,0.222,10,44,88.2,13.8,2068,92.3,92.66,23,86,102,0.4000000000000057,6.68,110,151,118,148,308,326,293,2.201,-2.201,72.3,7.3,48,35,6,3,0,1,10,20.8,3,6.3,2.41,0.29742,0.63258,0.63258,92.5,135,34.285714285714285,8.571428571428571,6.25,5.58,-1.24,0.19,2.12,0.271,3,-1.170744681,0.267,0.337,1.170744681,0.005,0.0040000000000000036,0.027,0.015,26.7,44.1,8.711562958501661,1.602719432286561,31.57932377353585,0.524390243902439,36.95869737169549,28.67932954462481
187,669160,"May, Dustin",593,31.5,0.26,0.1,0.333,0.36,0.281,0.27,0.266,13,50,88.5,3.7,2571,93,93.32,18,90,97,0.29999999999999716,6.69,102,149,117,145,309,322,289,1.909,-1.909,72.5,7.3,51,39,8,5,0,0,11,21.6,0,0,2.29278,0.39344,0.42749,0.42749,92.6,130,47.368421052631575,0,0,5.29,-2.33,0.22,2.15,0.275,0,-1.020855615,0.28,0.331,1.020855615,-0.006,-0.0050000000000000044,0.029,0.011,20,30.0,6.268373634434251,3.7859212890993454,32.20817303784906,0.5280898876404494,37.65595122067362,28.023337818053133
186,678906,"Teng, Kai-Wei",353,52.7,0.158,0,0.222,0.158,0.208,0.262,0.204,6,38,90,14.9,2589,89.7,89.36,14,76,110,-0.29999999999999716,6.34,110,152,118,149,297,327,289,4.266,-4.266,69.6,7.2,43,27,6,0,0,0,11,25.6,5,11.6,2.54274,0.34951,-0.04935,-0.04935,90.6,151,37.03703703703704,3.7037037037037033,2.3255813953488373,5.46,-2.28,0.49,2.32,0.256,1,-2.293548387,0.296,0.267,2.293548387,-0.046,-0.03999999999999998,-0.109,-0.054,18.4,22.7,7.527128783918524,-0.02760387064866282,31.786606386984708,0.4861111111111111,38.178766543367466,29.89547023549929
184,666171,"Zeferjahn, Ryan",323,57,0.194,0.056,0.269,0.25,0.27,0.236,0.153,7,36,85.1,20.4,2385,91.1,91.44,21,82,102,0.30000000000001137,6.64,109,151,117,147,307,329,296,1.507,-1.507,68.9,7.1,42,26,5,2,0,0,10,23.8,5,11.9,2.16196,0.62913,-0.1162,-0.1162,90.2,163,24,0,0,5.7,-1.88,0.26,2.4,0.31,0,-0.819021739,0.277,0.202,0.819021739,0.041,0.032999999999999974,0.048,0.034,25.6,37.0,7.675337356984133,2.1060711541540202,31.056726031689507,0.49382716049382713,36.689275374416155,27.83068294999396
183,663554,"Mize, Casey",473,38.7,0.362,0.319,0.455,0.681,0.47,0.413,0.305,17,47,90.4,12.5,2049,90.2,90.91,28,88,95,0.7000000000000028,6.83,110,150,118,144,301,327,296,-8.394,8.394,68.9,7.1,54,35,6,9,0,2,13,24.1,5,9.3,2.00202,0.82699,0.67495,0.67495,93.6,175,54.285714285714285,20,12.962962962962962,5.82,-2.16,0.15,2.23,0.426,7,4.586885246,0.377,0.598,-4.586885246,0.057,0.04899999999999999,0.083,0.057,31.8,44.1,10.81436653181265,1.749199450952613,31.375251459824522,0.5232558139534884,35.8301452632656,30.960398533981014
183,592773,"Stanek, Ryne",346,52.9,0.29,0.032,0.45,0.323,0.363,0.348,0.233,9,31,92.7,11.3,2271,94.2,93.51,35,85,98,-0.7000000000000028,6.05,108,150,121,148,309,325,293,-1.282,1.282,71.5,7.5,40,20,8,1,0,0,11,27.5,8,20,1.80191,0.80412,0.47339,0.47339,92.7,168,50,10,5,6.35,-0.58,0.27,2.16,0.436,2,0.700546448,0.39,0.367,-0.700546448,0.057,0.045999999999999985,-0.044,0.015,41.2,46.6,10.384451871565945,-0.5608197124687055,30.799603273670137,0.6,39.20533930073152,29.260189184090397
182,669711,"Weissert, Greg",243,74.9,0.244,0.244,0.318,0.488,0.326,0.281,0.215,10,41,90.4,7.4,2361,89.8,88.65,24,86,96,-1.2000000000000028,5.9,107,151,121,145,290,317,283,-1.142,1.142,69.0,7.3,45,25,6,1,0,3,17,37.8,2,4.4,2.38912,0.51461,0.39885,0.39885,92.9,172,52,8,4.444444444444445,5.02,-3.45,0.16,2.3,0.273,2,0.627472527,0.263,0.373,-0.627472527,0.029,0.010000000000000009,0.115,0.045,27.9,17.1,11.110736187099493,-2.739439534571634,29.149094342528947,0.5833333333333334,38.62490489499034,30.402587664005257
182,687075,"Sproat, Brandon",455,40,0.271,0.208,0.294,0.479,0.348,0.347,0.282,13,48,87.1,19.5,2186,92.1,92.16,23,88,94,0.10000000000000853,6.36,108,152,118,149,302,321,294,-0.674,0.674,68.2,7.4,51,37,9,1,0,3,11,21.6,3,5.9,2.27137,0.44632,0.18181,0.18181,91.7,163,40.54054054054054,10.81081081081081,7.8431372549019605,5.48,-2.56,0.24,2.09,0.314,4,0.37032967,0.324,0.477,-0.37032967,-0.011,-0.010000000000000009,0.002,0.001,26.1,32.4,8.134668544910646,-0.5765472016548397,31.972420888904008,0.5681818181818182,37.66930651462865,29.435742075627736
182,673540,"Senga, Kodai",368,49.5,0.262,0.214,0.333,0.476,0.369,0.286,0.187,11,42,87.4,16.9,2081,90.5,90.29,24,86,96,-0.20000000000000284,6.33,106,150,119,146,306,322,288,-1.35,1.35,70.3,7.3,48,29,6,3,0,2,13,27.1,5,10.4,2.07665,0.76392,0.48335,0.48335,91.7,184,34.48275862068966,13.793103448275861,8.333333333333332,6.01,-1.89,-0.03,2.22,0.354,4,0.741758242,0.288,0.339,-0.741758242,0.075,0.066,0.137,0.083,27.9,48.1,7.475097311498322,-0.3712779379078275,31.395244711718824,0.46511627906976744,36.515809461570726,30.91266805116797
180,605540,"Woodruff, Brandon",419,43,0.265,0.163,0.289,0.429,0.321,0.296,0.231,13,49,90.1,17.3,2314,90.1,90.28,17,97,83,0.20000000000000284,6.46,107,150,116,145,299,319,296,-1.104,1.104,71.2,7.2,53,40,9,2,0,2,10,18.9,2,3.8,1.70167,1.13461,0.53197,0.53197,91.7,172,37.5,5,3.7735849056603774,5.94,-1.43,0.03,2.32,0.302,2,0.613333333,0.277,0.403,-0.613333333,0.034,0.024999999999999967,0.026,0.025,17.5,43.1,6.236972794265533,3.3502547235012266,29.092143887791394,0.4270833333333333,36.251052287769426,27.9261035671714
178,690953,"Abel, Mick",361,49.3,0.25,0.05,0.357,0.3,0.306,0.362,0.287,10,40,84.2,18.1,2516,89.9,90.92,29,86,92,1,6.93,111,150,121,145,299,320,279,0.507,-0.507,68.5,7.2,46,28,8,2,0,0,12,26.1,4,8.7,2.1464,0.70775,-0.05831,-0.05831,90.6,180,32.142857142857146,7.142857142857142,4.3478260869565215,5.45,-1.78,0.35,2.43,0.348,2,-0.284831461,0.38,0.426,0.284831461,-0.037,-0.03200000000000003,-0.126,-0.056,33.7,27.2,6.193679409479968,4.387870414135904,30.440491644837266,0.5697674418604651,39.386589068671974,28.233173471135714
176,700241,"McGreevy, Michael",615,28.6,0.179,0.179,0.192,0.359,0.266,0.335,0.264,7,39,85,9.4,2259,86.5,86.94,16,80,96,0.4000000000000057,6.66,109,152,122,146,311,324,293,1.491,-1.491,71.9,7.4,42,28,4,1,0,2,11,26.2,3,7.1,2.83119,0.2533,0.15676,0.15676,92.1,134,32.142857142857146,10.714285714285714,7.142857142857142,5.65,-2.12,0.38,1.95,0.238,3,-0.847159091,0.317,0.456,0.847159091,-0.085,-0.07900000000000001,-0.097,-0.069,20,32.2,7.753587440505133,1.106264640360926,33.83845151164664,0.4625,37.30325479067233,29.361282267517108
176,669947,"Scholtens, Jesse",352,50,0.256,0.14,0.323,0.395,0.322,0.309,0.251,11,43,84,14.3,2324,89.1,89.42,22,85,91,0.30000000000001137,6.67,99,151,120,146,306,339,293,0.466,-0.466,70.6,7.2,47,32,7,3,0,1,11,23.4,2,4.3,2.07443,0.84753,0.2654,0.2654,90.8,138,31.25,6.25,4.25531914893617,5.78,-1.07,0.09,2.17,0.319,2,-0.264772727,0.315,0.379,0.264772727,0.005,0.0040000000000000036,0.016,0.013,25.9,40.5,8.560761245437977,-0.7943626853154866,32.867147738254324,0.5647058823529412,33.550736834994936,29.839856158182744
175,670990,"Ramírez, Yohan",338,51.8,0.163,0.047,0.219,0.209,0.211,0.25,0.207,7,43,83.9,8.2,2441,90,90.7,21,78,97,0.7000000000000028,6.92,109,148,115,145,295,318,288,3.929,-3.929,66.7,6.9,47,32,5,2,0,0,11,23.4,3,6.4,2.3904,0.48309,0.03,0.03,91.5,122,40.625,3.125,2.127659574468085,5.08,-3.28,0.05,2.44,0.234,1,-2.245142857,0.274,0.269,2.245142857,-0.044,-0.04000000000000001,-0.06,-0.039,26.9,22.8,4.444232423305649,1.1435647257882309,31.564244996433658,0.3783783783783784,35.677719024309745,28.797223002741777
173,700712,"Ureña, Walbert",307,56.4,0.325,0.125,0.414,0.45,0.382,0.317,0.25,13,40,87.6,4.6,2186,94.6,93.97,22,85,88,-0.5999999999999943,6.04,112,152,118,149,308,331,296,-3.319,3.319,69.8,7.5,45,30,10,2,0,1,10,22.2,5,11.1,2.09636,0.48613,0.82896,0.82896,92.0,108,36.666666666666664,6.666666666666667,4.444444444444445,6.35,-1.17,-0.19,1.96,0.4,2,1.91849711,0.333,0.373,-1.91849711,0.075,0.067,0.077,0.065,25.9,41.7,9.928121524888745,-3.4838055598458073,33.267146676393196,0.5,34.986416591969295,29.495556783127743
172,543243,"Gray, Sonny",390,44.1,0.341,0.25,0.342,0.591,0.423,0.414,0.339,15,44,87.7,7.6,2558,88.8,89.08,12,79,93,0.29999999999999716,6.51,109,151,121,146,288,319,284,-4.403,4.403,68.9,7.5,47,40,9,3,1,2,4,8.5,3,6.4,2.64401,0.26907,-0.125,-0.125,92.1,143,39.473684210526315,10.526315789473683,8.51063829787234,5.59,-0.74,0.49,1.92,0.383,4,2.559883721,0.383,0.586,-2.559883721,0.002,0,0.005,0.009,15.2,47.9,9.124096671914883,-1.2690051305454424,31.96794569788108,0.5844155844155844,40.377929997581944,30.95793789869827
171,623437,"Topa, Justin",250,68.4,0.325,0.175,0.333,0.5,0.393,0.39,0.315,13,40,89.7,3.2,2284,90.2,89.24,9,76,95,-1,5.78,106,152,121,147,296,323,283,-3.571,3.571,69.8,7.2,44,35,10,1,0,2,5,11.4,4,9.1,2.6724,0.17283,0.71737,0.71737,92.0,140,35.294117647058826,8.823529411764707,6.8181818181818175,4.96,-2.5,0.23,2.22,0.386,3,2.088304094,0.379,0.519,-2.088304094,0.01,0.007000000000000006,-0.019,0.003,11.8,11.3,6.182184074432348,4.218125070271751,30.80228202418057,0.581081081081081,36.41131565555621,26.39986210263088
171,661563,"Gil, Luis",337,50.7,0.237,0.421,0.138,0.658,0.442,0.457,0.301,9,38,94,17.7,2330,91.6,91.96,11,63,108,0.4000000000000057,6.77,103,152,127,149,289,323,288,-7.058,7.058,71.8,7.4,47,34,3,1,0,5,4,8.5,8,17,1.87006,0.89424,0.42041,0.42041,94.2,155,55.88235294117647,11.76470588235294,8.51063829787234,5.65,-2.8,0.24,2.49,0.383,4,4.12748538,0.435,0.643,-4.12748538,-0.064,-0.05199999999999999,0.015,-0.015,17.5,34.2,12.072489772246728,-4.804059825824618,28.651156718852942,0.6774193548387096,36.87608299598927,32.10697113624871
170,623454,"Anderson, Drew",329,51.7,0.282,0.256,0.375,0.538,0.408,0.401,0.271,11,39,94.5,19.2,2158,89,89,26,74,96,0,6.49,110,151,119,146,304,324,289,-3.646,3.646,68.7,7.1,46,26,5,4,0,2,13,28.3,6,13,2.75006,0.18818,0.27781,0.27781,94.2,168,56.00000000000001,12,6.521739130434782,5.78,-2.02,0.02,2.26,0.391,3,2.144705882,0.385,0.549,-2.144705882,0.011,0.006000000000000005,-0.011,0.007,35.1,43.3,9.277585807716903,1.844387639834255,30.551011195012496,0.6027397260273972,36.08185079955749,29.562804635057475
168,622608,"Senzatela, Antonio",304,55.3,0.146,0.024,0.207,0.171,0.192,0.274,0.228,6,41,88.8,9,2310,93.4,93.48,23,84,84,0.09999999999999432,6.24,107,153,120,146,304,330,295,4.698,-4.698,66.4,7.0,45,29,5,1,0,0,12,26.7,4,8.9,1.93429,0.68774,0.3022,0.3022,91.0,138,41.37931034482759,3.4482758620689653,2.2222222222222223,5.9,-2.81,0.25,2.35,0.222,1,-2.796428571,0.297,0.308,2.796428571,-0.082,-0.07499999999999998,-0.137,-0.082,27.4,40.1,7.027739841711617,5.935811436787558,30.40418323294542,0.5609756097560976,37.82662644355195,25.050535207143554
168,686993,"Sterner, Justin",310,54.2,0.317,0.195,0.393,0.512,0.385,0.249,0.211,13,41,87.8,6.8,2524,87.7,87.91,28,88,80,0.20000000000000284,6.64,104,148,116,146,309,327,292,-3.068,3.068,68.8,7.4,44,30,9,2,0,2,11,25,3,6.8,2.19446,0.81988,-0.23065,-0.23065,92.1,137,53.333333333333336,3.3333333333333335,2.272727272727273,5.43,-2.82,0.55,2.22,0.364,1,1.826190476,0.265,0.287,-1.826190476,0.106,0.09899999999999998,0.225,0.136,31.8,39.1,10.622263460328272,-3.484322833569708,30.313579430565106,0.43209876543209874,40.41222951734924,32.187609185001996
164,592836,"Walker, Taijuan",424,38.7,0.286,0.229,0.32,0.514,0.392,0.323,0.22,10,35,84.7,18.7,2128,87.1,86.69,15,75,89,-0.3999999999999915,5.97,101,149,120,146,295,330,296,-2.88,2.88,69.8,7.4,40,27,7,0,1,2,8,20,4,10,2.29177,0.73976,0.31116,0.31116,90.9,149,30.76923076923077,11.538461538461538,7.5,6.57,-1.69,0.31,2.19,0.375,3,1.756097561,0.32,0.403,-1.756097561,0.066,0.05499999999999999,0.111,0.069,20,44.4,10.808226523660764,-3.5312037817502704,31.094147141334588,0.5633802816901409,37.93451630501627,32.24257099275915
164,664875,"Lawrence, Justin",243,67.5,0.171,0.171,0.217,0.343,0.282,0.335,0.243,6,35,88.6,8,2701,89,88.95,21,70,94,-0.09999999999999432,6.52,108,151,118,147,301,322,291,-0.659,0.659,66.4,7.1,40,24,2,3,0,1,11,27.5,4,10,2.71049,0.2516,0.0525,0.0525,92.2,146,37.5,12.5,7.5,4.39,-2.92,0.45,2.2,0.275,3,0.401829268,0.337,0.419,-0.401829268,-0.072,-0.062,-0.076,-0.053,30,4.9,7.5143696285134585,-2.6852032929310576,31.971377927697414,0.4927536231884058,36.97396325534689,31.09878570152122
160,663969,"Phillips, Tyler",368,43.5,0.237,0.105,0.286,0.342,0.307,0.327,0.232,9,38,89.1,15.3,2188,89.5,89.47,17,69,91,0,6.5,106,152,121,146,305,321,288,1.277,-1.277,70.7,7.8,43,29,7,1,0,1,9,20.9,5,11.6,2.60806,0.29904,0.19587,0.19587,91.4,150,37.93103448275862,13.793103448275861,9.30232558139535,5.99,-1.07,0.26,1.79,0.326,4,-0.798125,0.321,0.419,0.798125,0.005,0.0050000000000000044,-0.077,-0.02,24.6,32.8,12.641112206299205,-5.064480959191831,34.35364436955926,0.5384615384615384,38.60386629350836,32.34322706665924
158,680755,"Fisher, Braydon",283,55.8,0.2,0.143,0.261,0.343,0.274,0.289,0.218,7,35,88.1,14.1,2265,88.7,87.36,23,72,86,-1.2999999999999972,5.43,103,150,117,145,296,320,283,0.551,-0.551,68.7,7.4,38,24,4,2,0,1,11,28.9,2,5.3,2.54962,0.36278,-0.01135,-0.01135,91.4,150,37.5,8.333333333333332,5.263157894736842,6.6,0.52,0.27,2.41,0.263,2,-0.348734177,0.28,0.371,0.348734177,-0.018,-0.017000000000000015,-0.028,-0.015,31.9,49.6,10.739396022742556,-8.419466865921578,30.353282582084418,0.6285714285714286,40.637622872333054,32.3467318321576
158,691799,"Taylor, Grant",307,51.5,0.324,0.088,0.458,0.412,0.356,0.267,0.214,11,34,89.9,13.7,2477,94.9,96.3,19,79,79,1.3999999999999915,7.16,106,153,126,146,309,326,293,-1.384,1.384,69.8,7.0,37,24,8,3,0,0,10,27,3,8.1,1.82532,0.73519,0.00411,0.00411,90.9,168,43.47826086956522,4.3478260869565215,2.7027027027027026,5.87,-0.77,0.1,2.44,0.378,1,0.875949367,0.279,0.314,-0.875949367,0.11,0.09899999999999998,0.098,0.089,24.1,55.6,3.1803803932757098,6.4362794475828915,29.926916265007996,0.3246753246753247,36.760954695373165,24.886668478617988
153,676760,"Marinaccio, Ron",337,45.4,0.278,0.139,0.3,0.417,0.315,0.32,0.282,10,36,89.4,20.1,2207,87.3,87.67,20,78,75,0.4000000000000057,6.7,115,151,122,147,306,326,299,0.646,-0.646,71.7,7.2,37,31,7,2,0,1,5,13.5,1,2.7,2.42673,0.62059,0.60569,0.60569,92.2,160,38.70967741935484,3.225806451612903,2.7027027027027026,5.03,-3.15,0.21,2.25,0.297,1,-0.422222222,0.302,0.441,0.422222222,-0.004,-0.0050000000000000044,-0.024,-0.005,25.6,28.0,7.547399862175665,-1.3695041654959788,31.358576382946357,0.4857142857142857,35.76493677243117,30.688006985894486
152,594798,"deGrom, Jacob",523,29.1,0.324,0.108,0.524,0.432,0.345,0.304,0.269,12,37,91,10.1,2502,94.4,94.8,30,88,64,0.3999999999999915,6.59,111,152,119,148,305,325,303,0.105,-0.105,69.9,7.3,38,22,10,1,0,1,15,39.5,1,2.6,1.73086,0.84788,0.2702,0.2702,90.7,177,45.45454545454545,13.636363636363635,7.894736842105263,5.66,-1.54,0.66,2.09,0.342,3,-0.069078947,0.288,0.414,0.069078947,0.055,0.05400000000000005,0.018,0.041,34.1,33.4,6.011042558302923,2.743648981837864,32.734518820566365,0.38095238095238093,41.734477721915944,26.148912322892723
152,679358,"Orze, Eric",268,56.7,0.241,0.034,0.333,0.276,0.315,0.292,0.209,7,29,85.8,19.8,2062,85.2,86.27,21,64,88,1.0999999999999943,7.13,110,151,121,145,295,321,283,0.434,-0.434,71.9,8.0,37,21,6,1,0,0,9,24.3,7,18.9,2.79309,0.38593,0.69487,0.69487,90.6,138,33.33333333333333,0,0,5.78,-1.69,0.22,2.11,0.378,0,-0.285526316,0.354,0.252,0.285526316,0.032,0.02400000000000002,0.024,0.023,32.8,43.0,13.636972297530164,-9.601055627893434,31.280593885232232,0.49206349206349204,39.037759987172436,36.89150696863869
151,663765,"Woodford, Jake",255,59.2,0.167,0.024,0.233,0.19,0.184,0.289,0.252,7,42,91.3,16.6,2118,89.9,90.52,20,72,79,0.5999999999999943,6.63,110,152,122,149,299,318,290,4.353,-4.353,70.6,7.2,44,30,6,1,0,0,12,27.3,2,4.5,2.37954,0.4566,0.35886,0.35886,92.9,155,53.333333333333336,6.666666666666667,4.545454545454546,4.94,-2.1,0.51,2.16,0.205,2,-2.882781457,0.286,0.37,2.882781457,-0.085,-0.08099999999999999,-0.18,-0.105,27.8,24.6,7.771716763322936,2.903334901558746,31.910044745454815,0.5492957746478874,38.744177403456426,28.966924663533142
151,683175,"Phillips, Connor",342,44.2,0.156,0.125,0.19,0.281,0.304,0.374,0.248,5,32,87.5,25.9,2489,89.4,88.64,26,66,85,-0.8000000000000114,6.07,103,150,115,146,300,323,284,0.43,-0.43,70.4,7.8,41,22,3,1,0,1,10,24.4,8,19.5,2.33411,0.5784,-0.69252,-0.69252,92.0,183,40.909090909090914,9.090909090909092,4.878048780487805,5.64,-1.69,0.44,1.94,0.341,2,-0.284768212,0.413,0.407,0.284768212,-0.092,-0.07199999999999995,-0.126,-0.07,39.4,37.1,14.872903545582648,-11.865039534635146,30.88407522321185,0.3076923076923077,41.24773778743135,37.3595178714356
151,680767,"Vodnik, Victor",249,60.6,0.448,0.103,0.52,0.552,0.482,0.37,0.282,13,29,89.3,7,2267,95.2,96.15,16,65,86,0.8999999999999915,6.71,109,151,121,145,303,330,295,-4.516,4.516,69.7,7.2,37,25,10,3,0,0,5,13.5,6,16.2,1.90364,0.62073,0.38384,0.38384,91.9,150,40,4,2.7027027027027026,5.44,-1.85,0.28,2.43,0.541,1,2.990728477,0.411,0.415,-2.990728477,0.166,0.13000000000000006,0.137,0.112,24.6,47.1,6.668947662355896,7.956883179968676,27.799071631742553,0.5,39.314243728592665,25.042881532673455
151,673929,"Leasure, Jordan",261,57.9,0.188,0.188,0.19,0.375,0.306,0.411,0.267,6,32,91.9,22.9,2365,91.5,92.56,21,76,75,1.0999999999999943,6.81,105,152,124,145,305,324,294,0.907,-0.907,68.8,7.2,37,23,4,0,0,2,9,24.3,5,13.5,1.79391,0.94172,-0.10293,-0.10293,92.0,193,47.82608695652174,30.434782608695656,18.91891891891892,5.96,-0.94,0.27,2.43,0.297,7,-0.600662252,0.366,0.604,0.600662252,-0.079,-0.069,-0.229,-0.105,27.6,54.9,7.455059246215753,0.008782509256067939,30.355186924321867,0.5066666666666667,38.51992299698682,29.451645726079555
151,664141,"Brubaker, JT",260,58.1,0.286,0.143,0.321,0.429,0.362,0.42,0.361,10,35,89.8,17.8,2389,90.5,89.52,20,71,80,-1,5.73,107,152,127,146,296,321,291,-0.74,0.74,70.1,7.4,40,29,7,2,0,1,6,15,5,12.5,2.30086,0.50318,0.67733,0.67733,92.7,163,41.37931034482759,6.896551724137931,5,6.32,-2.24,0.29,2.07,0.375,2,0.490066225,0.441,0.515,-0.490066225,-0.075,-0.066,-0.086,-0.058,28.2,47.1,9.695022481866376,0.42040527729848837,32.04097732596327,0.5294117647058824,37.90402031480282,29.10461873237669
150,625643,"López, Reynaldo",420,35.7,0.19,0.214,0.167,0.405,0.271,0.319,0.249,8,42,85,18.5,2121,89.8,90.26,12,76,74,0.5,6.51,107,151,125,147,315,323,297,1.487,-1.487,70.3,7.1,45,33,5,0,0,3,10,22.2,1,2.2,2.01813,0.84933,0.15507,0.15507,91.2,170,39.39393939393939,9.090909090909092,6.666666666666667,5.7,-1.59,0.11,2.11,0.222,3,-0.991333333,0.279,0.469,0.991333333,-0.059,-0.05700000000000002,-0.064,-0.048,15.8,40.6,8.462213052882987,-3.747932908555065,34.974325046901924,0.38666666666666666,33.55851829035797,30.272293432745883
149,686973,"Varland, Louis",295,50.5,0.276,0.034,0.533,0.31,0.295,0.216,0.178,8,29,84.6,3.4,2335,93.3,94.21,22,64,85,0.9000000000000057,6.9,109,151,121,148,297,322,286,0.059,-0.059,68.7,6.9,33,15,7,1,0,0,15,45.5,3,9.1,2.0949,0.55221,0.18933,0.18933,89.8,155,13.333333333333334,0,0,5.43,-2.89,0.43,2.08,0.333,0,-0.039597315,0.25,0.209,0.039597315,0.098,0.08300000000000002,0.101,0.079,34.4,40.3,5.197940320160144,6.611739152979427,32.097996034672526,0.4126984126984127,38.00548952184981,26.145839865853215
149,693686,"Miles, Spencer",290,51.4,0.161,0,0.217,0.161,0.21,0.28,0.242,5,31,80.6,0.3,2417,91.4,91.94,11,62,87,0.5,6.75,107,151,117,148,297,316,280,3.084,-3.084,69.0,6.8,35,23,5,0,0,0,8,22.9,4,11.4,2.44168,0.34095,0.38966,0.38966,89.6,126,17.391304347826086,0,0,5.89,-1.21,0.35,2.56,0.257,0,-2.069798658,0.328,0.273,2.069798658,-0.081,-0.07100000000000001,-0.112,-0.07,17.7,38.6,3.0062765083580176,13.073343489744904,31.35125221121626,0.4666666666666667,36.96484768388144,23.10130464447737
148,518876,"Kelly, Merrill",385,38.4,0.303,0.121,0.36,0.424,0.362,0.376,0.313,10,33,87.1,18.6,2329,89.2,88.75,25,71,77,-0.4000000000000057,6.12,107,148,117,146,303,322,289,-3.161,3.161,69.4,7.5,40,27,8,1,0,1,8,20,5,12.5,2.39115,0.49588,0.52367,0.52367,91.4,160,25.925925925925924,7.4074074074074066,5,5.42,-1.83,0.24,1.82,0.385,2,2.135810811,0.394,0.473,-2.135810811,-0.01,-0.009000000000000008,-0.049,-0.014,35.2,24.1,13.167993808863663,-9.413926369690778,32.90440289471972,0.42857142857142855,37.52356586509782,34.07590850465766
148,640448,"Finnegan, Kyle",267,55.4,0.129,0.065,0.19,0.194,0.233,0.234,0.141,4,31,92.3,5,1968,91.9,92.27,23,64,84,0.3999999999999915,6.59,109,152,119,147,303,326,292,3.018,-3.018,70.5,7.2,37,21,2,2,0,0,10,27,6,16.2,1.73264,1.0017,0.50885,0.50885,92.5,136,42.857142857142854,4.761904761904762,2.7027027027027026,5.71,-1.73,0.18,2.16,0.27,1,-2.039189189,0.28,0.188,2.039189189,-0.012,-0.010000000000000009,0.006,-0.001,35.9,52.9,9.87384171870406,-2.0488795947344416,30.701762681104107,0.5079365079365079,35.60586807181628,30.72466859897403
148,677161,"Kelly, Zack",197,75.1,0.242,0,0.276,0.242,0.258,0.347,0.278,8,33,81.8,6.7,2428,89.9,91.2,17,66,82,1.2999999999999972,7.19,110,151,121,144,289,317,283,1.929,-1.929,68.4,7.3,39,29,8,0,0,0,6,15.4,4,10.3,2.23189,0.63735,-0.19446,-0.19446,90.2,143,17.24137931034483,6.896551724137931,5.128205128205128,5.41,-3.19,0.15,2.31,0.308,2,-1.303378378,0.362,0.358,1.303378378,-0.036,-0.05399999999999999,-0.116,-0.089,25.8,36.1,8.093868578767264,0.9144871896380011,30.69762976714176,0.5230769230769231,38.29914410525334,29.501852672851122
147,696147,"Bachman, Sam",267,55.1,0.167,0.028,0.231,0.194,0.203,0.258,0.211,6,36,82.1,3.6,2560,92.6,92.51,23,64,83,-0.09999999999999432,6.2,110,152,118,149,303,327,292,3.934,-3.934,69.6,7.4,39,26,5,1,0,0,10,25.6,3,7.7,2.44048,0.23766,0.41898,0.41898,90.5,146,20,8,5.128205128205128,5.51,-1.53,0.23,2.11,0.231,2,-2.676190476,0.273,0.298,2.676190476,-0.044,-0.04200000000000001,-0.104,-0.055,35.9,36.3,10.33215592686844,-1.1521697307828727,32.67582616901735,0.3968253968253968,39.018214589221316,30.93517509137279
146,688883,"Pallette, Peyton",301,48.5,0.083,0,0.105,0.083,0.234,0.375,0.257,2,24,91.6,26.7,2403,90.3,88.95,13,51,95,-1.2999999999999972,5.69,106,152,121,146,300,326,301,2.207,-2.207,70.3,7.3,32,19,2,0,0,0,5,15.6,7,21.9,2.37842,0.47541,0.2487,0.2487,91.7,184,42.10526315789473,10.526315789473683,6.25,5.94,-2.66,0.52,2.26,0.313,2,-1.511643836,0.443,0.355,1.511643836,-0.174,-0.13,-0.272,-0.141,25.5,39.1,5.145649507020606,4.974115660143184,29.568807366093463,0.5106382978723404,40.24157916004256,27.103793579437113
146,674370,"Bido, Osvaldo",290,50.3,0.29,0.097,0.333,0.387,0.348,0.396,0.318,9,31,89.1,10.4,2392,89.8,89.74,16,67,79,-0.09999999999999432,6.27,108,152,124,145,307,327,297,-1.893,1.893,68.6,7.4,35,25,8,0,0,1,6,17.1,2,5.7,2.40123,0.45861,0.19733,0.19733,91.9,135,44,8,5.714285714285714,5.88,-2.14,0.22,2.23,0.371,2,1.296575342,0.396,0.51,-1.296575342,-0.028,-0.025000000000000022,-0.123,-0.048,23.9,33.0,10.713019415505352,-3.43845775404816,33.05494766765883,0.46875,36.909924581544544,31.401062236815267
145,668933,"Ashcraft, Graham",290,50,0.129,0.065,0.2,0.194,0.206,0.246,0.172,4,31,93.8,11.7,2766,93.9,92.72,24,72,73,-1.2000000000000028,5.55,104,151,116,146,299,322,282,4.072,-4.072,67.2,7.1,35,20,2,2,0,0,11,31.4,4,11.4,2.18103,0.42546,-0.3751,-0.3751,91.3,158,57.89473684210527,5.263157894736842,2.857142857142857,6.37,-0.03,0.2,2.14,0.229,1,-2.808275862,0.27,0.257,2.808275862,-0.043,-0.04100000000000001,-0.063,-0.04,33.3,53.9,5.8713718129139645,3.471066702718242,32.11654351644294,0.45714285714285713,40.43887884203172,25.74341220041411
144,671922,"Smith, Cade",295,48.8,0.286,0.143,0.364,0.429,0.338,0.38,0.314,8,28,93.1,14.6,1958,92.4,93.9,15,69,75,1.5,7.35,112,151,125,147,302,323,292,-0.689,0.689,66.6,6.7,30,22,4,4,0,0,6,20,2,6.7,1.87604,0.84194,0.1984,0.1984,92.3,169,45.45454545454545,18.181818181818183,13.333333333333334,5.75,-2.35,0.2,2.3,0.333,4,0.478472222,0.359,0.525,-0.478472222,-0.028,-0.025999999999999968,-0.096,-0.042,21.7,39.7,3.621162765024006,6.206465191940001,30.790406748258643,0.48333333333333334,36.684947270206784,26.092044617053602
144,623211,"Brazobán, Huascar",243,59.3,0.152,0.121,0.174,0.273,0.215,0.268,0.226,5,33,84.2,4.5,2183,93.5,92.1,24,78,66,-1.4000000000000057,5.76,104,151,123,148,305,322,288,3.414,-3.414,69.4,7.3,35,24,3,1,0,1,9,25.7,1,2.9,2.06618,0.58104,1.44618,1.44618,91.4,104,29.166666666666668,4.166666666666666,2.857142857142857,5.95,-1.43,-0.03,2.13,0.2,1,-2.370833333,0.27,0.33,2.370833333,-0.074,-0.07,-0.057,-0.053,30.8,38.0,9.02251808076548,-8.85700522525543,34.52199566490405,0.44155844155844154,33.23769595471463,30.85981479968514
144,688158,"Morgan, David",264,54.5,0.3,0.2,0.4,0.5,0.417,0.303,0.211,9,30,82.1,-0.1,2358,92.3,91.66,22,74,70,-0.5999999999999943,5.99,110,150,119,145,307,327,295,-2.513,2.513,68.3,7.2,37,21,5,3,0,1,9,24.3,5,13.5,2.47257,0.25708,0.47618,0.47618,90.8,123,23.809523809523807,0,0,5.25,-2.02,-0.25,2.19,0.432,0,1.745138889,0.36,0.267,-1.745138889,0.089,0.07200000000000001,0.233,0.114,29.7,33.0,7.504282331845507,-0.24693171055766872,34.11663671021568,0.5223880597014925,33.4257714394489,28.34390881098164
143,669330,"Wells, Tyler",289,49.5,0.303,0.242,0.375,0.545,0.364,0.344,0.284,10,33,93.3,22.7,2446,89.5,89.44,21,73,70,-0.09999999999999432,6.18,107,152,120,145,305,319,287,-1.34,1.34,69.4,7.6,35,25,5,3,1,1,9,25.7,1,2.9,1.95608,0.89378,-0.12315,-0.12315,91.9,176,56.00000000000001,8,5.714285714285714,7.01,-0.76,0.37,2.25,0.314,2,0.937062937,0.301,0.515,-0.937062937,0.019,0.013000000000000012,0.03,0.02,28.8,53.0,11.230991946496978,-3.8961019553393816,30.180784685447467,0.5616438356164384,39.617506295948075,31.658872997036077
142,677961,"Wilcox, Cole",274,51.8,0.391,0.043,0.529,0.435,0.474,0.474,0.33,9,23,89.5,3.5,2104,92.3,92.31,18,58,84,0,6.44,109,149,115,143,300,317,291,-4.951,4.951,69.8,7.5,33,17,8,1,0,0,6,18.2,8,24.2,2.36423,0.34577,0.67184,0.67184,92.3,119,52.94117647058824,17.647058823529413,9.090909090909092,5.76,-2.3,0.17,2.28,0.576,3,3.486619718,0.533,0.531,-3.486619718,0.061,0.04299999999999993,-0.096,0,31,28.3,13.409492515845976,-8.361603077428589,32.11511514306916,0.46296296296296297,38.62503260528952,33.86786939061916
140,676477,"Whitlock, Garrett",254,55.1,0.25,0.188,0.304,0.438,0.322,0.304,0.249,8,32,81.6,8.8,2078,89.6,91.12,18,79,61,1.5,7.27,108,153,121,147,292,317,281,-0.827,0.827,68.5,7.2,35,25,4,3,0,1,8,22.9,2,5.7,2.33507,0.53471,0.55403,0.55403,90.3,152,24,4,2.857142857142857,5.98,-1.03,0.27,2.12,0.294,1,0.590714286,0.294,0.4,-0.590714286,0.001,0,0.038,0.018,22.8,43.0,8.45482306515314,0.6696737273154922,31.856754497302397,0.4266666666666667,39.45394910667686,30.718464611520837
139,694335,"Svanson, Matt",333,41.7,0.4,0.367,0.474,0.767,0.542,0.452,0.343,12,30,94.2,6.7,2255,93.1,93.43,14,59,80,0.30000000000001137,6.56,108,151,120,146,308,322,289,-5.366,5.366,68.3,7.2,37,22,7,2,0,3,8,21.6,7,18.9,2.14295,0.51165,0.58928,0.58928,93.9,163,68.18181818181817,9.090909090909092,5.405405405405405,5.56,-1.69,0.26,2.2,0.514,2,3.860431655,0.467,0.579,-3.860431655,0.057,0.046999999999999986,0.188,0.09,23.7,28.0,6.2104813524069336,6.657200475361508,32.67906654338429,0.4915254237288136,38.31536549994827,25.53415408419827
139,663855,"Hicks, Jordan",238,58.4,0.313,0.125,0.333,0.438,0.389,0.329,0.268,10,32,87.8,5.1,1954,94.5,94.08,8,55,84,-0.4000000000000057,6.16,103,149,121,144,307,315,290,-1.14,1.14,69.8,7.0,38,30,6,4,0,0,2,5.3,6,15.8,2.10302,0.47748,0.77791,0.77791,91.3,144,26.666666666666668,0,0,5.75,-1.92,-0.03,2.5,0.421,0,0.820143885,0.386,0.317,-0.820143885,0.045,0.034999999999999976,0.121,0.06,14.5,31.2,5.928648452191789,4.280588130921128,30.19868949230254,0.3137254901960784,35.039430063805234,26.75212649575423
139,672782,"Gómez, Yoendrys",308,45.1,0.161,0,0.179,0.161,0.205,0.366,0.283,5,31,83.4,26.8,2475,90.8,91.26,12,65,74,0.5,6.72,98,150,119,147,306,330,290,3.144,-3.144,68.5,7.0,37,29,5,0,0,0,4,10.8,3,8.1,1.92712,0.88261,0.28688,0.28688,90.8,189,27.586206896551722,6.896551724137931,5.405405405405405,5.35,-1.91,0.08,2.21,0.25,2,-2.261870504,0.368,0.432,2.261870504,-0.122,-0.118,-0.271,-0.161,18.5,32.0,6.679288556733211,6.598161875180865,33.03343486874406,0.5238095238095238,35.453780772345006,29.049243459061508
139,676755,"Mattson, Isaac",293,47.4,0.273,0,0.321,0.273,0.285,0.41,0.361,9,33,89.5,19.4,2311,92.4,92.81,10,68,71,0.3999999999999915,6.71,107,150,116,148,298,321,288,1.659,-1.659,69.2,6.7,36,28,9,0,0,0,5,13.9,3,8.3,1.3636,1.33727,0.64266,0.64266,92.9,179,57.14285714285714,10.714285714285714,8.333333333333332,5.85,-1.31,0.01,2.7,0.333,3,-1.19352518,0.414,0.531,1.19352518,-0.088,-0.08099999999999996,-0.258,-0.125,14.7,46.1,2.4630255956012554,7.496806895924641,30.947646391089815,0.4696969696969697,34.125911810614056,23.157788166162366
138,656638,"Lange, Alex",286,48.3,0.167,0.042,0.267,0.208,0.303,0.3,0.143,4,24,89.2,14.3,2199,91.9,91.99,26,61,77,0.09999999999999432,6.36,111,151,123,148,295,318,283,1.11,-1.11,69.0,7.4,32,15,3,1,0,0,9,28.1,7,21.9,2.31783,0.39949,0.71667,0.71667,91.6,174,33.33333333333333,6.666666666666667,3.125,5.89,-1.87,0.1,2.08,0.375,1,-0.804347826,0.357,0.236,0.804347826,0.024,0.018000000000000016,-0.028,0.003,42.6,43.4,11.96342674094593,-2.321418502662872,32.07446835599454,0.5901639344262295,37.364214158821156,31.22941175310498
138,518585,"Cruz, Fernando",235,58.7,0.207,0.103,0.333,0.31,0.311,0.329,0.202,6,29,90.2,20.3,1559,84.5,85.22,25,53,85,0.7000000000000028,6.86,103,151,125,148,294,325,285,0.611,-0.611,67.8,7.8,35,16,5,0,0,1,13,37.1,5,14.3,2.6563,0.59365,0.19584,0.19584,93.1,179,43.75,12.5,5.714285714285714,6,-2.25,0.19,1.81,0.343,2,-0.442753623,0.339,0.386,0.442753623,0.005,0.0040000000000000036,-0.076,-0.018,47.2,47.4,17.3304753717133,-19.998978088846098,30.188839322737174,0.42,35.729585459333194,42.52830992239222
138,685299,"Gordon, Tanner",239,57.7,0.212,0.061,0.28,0.273,0.243,0.27,0.213,7,33,81.1,19.3,2183,88.9,88.97,15,65,73,0.09999999999999432,6.27,108,153,120,145,299,329,290,2.897,-2.897,71.5,7.5,37,27,5,2,0,0,8,21.6,2,5.4,2.1379,0.76101,0.47715,0.47715,90.8,174,18.51851851851852,11.11111111111111,8.108108108108109,6.25,-2.71,0.02,2.16,0.257,3,-2.099275362,0.258,0.359,2.099275362,-0.001,-0.0010000000000000009,-0.086,-0.027,23.1,45.1,10.633083517501458,-5.58401336648207,33.554734941790855,0.5333333333333333,35.83284293709456,33.33649848218089
137,601713,"Pivetta, Nick",283,48.4,0.143,0.036,0.235,0.179,0.197,0.148,0.088,4,28,83.6,27,2409,89.7,90.15,17,72,65,0.3999999999999915,6.83,113,152,120,147,307,330,297,3.545,-3.545,70.0,7.5,31,17,3,1,0,0,11,35.5,3,9.7,1.83255,1.07625,-0.24708,-0.24708,89.3,161,17.647058823529413,0,0,6.59,-0.85,0.37,2.76,0.226,0,-2.587591241,0.176,0.115,2.587591241,0.055,0.05000000000000002,0.064,0.049,23.6,56.6,10.707346906111129,-3.7732480827398476,28.62272619171145,0.5633802816901409,39.01265735988223,30.757117662003356
137,669199,"Bachar, Lake",290,47.2,0.071,0.107,0.053,0.179,0.16,0.202,0.134,2,28,91.3,21.3,2729,89.5,88.74,27,69,68,-0.7999999999999972,6,106,153,125,147,302,328,300,4.332,-4.332,70.8,7.8,33,20,1,0,0,1,9,27.3,3,9.1,2.3135,0.56912,0.05346,0.05346,91.2,152,25,5,3.0303030303030303,5.73,-1.65,0.47,1.97,0.156,1,-3.162043796,0.211,0.231,3.162043796,-0.063,-0.05499999999999999,-0.052,-0.042,39.1,38.4,14.115724725335879,-9.218135282360446,31.908518270911802,0.6716417910447762,39.73232915383266,35.04018559748521
137,623474,"Herget, Jimmy",245,55.9,0.355,0.097,0.524,0.452,0.378,0.305,0.242,11,31,90,22.3,2666,85.3,83.65,23,72,65,-1.7000000000000028,5.13,106,152,119,144,304,327,295,-1.442,1.442,69.3,7.5,35,21,8,3,0,0,11,31.4,2,5.7,2.87328,0.29358,0.02197,0.02197,92.1,170,42.857142857142854,9.523809523809524,5.714285714285714,4.93,-2.62,0.27,2.21,0.4,2,1.052554745,0.32,0.343,-1.052554745,0.113,0.08000000000000002,0.109,0.073,31.9,3.0,11.987456774873452,-11.002261244084838,31.264495645320416,0.4583333333333333,39.752413783776504,36.07299078828056
134,642121,"Sulser, Cole",317,42.3,0.357,0.214,0.391,0.571,0.443,0.436,0.326,10,28,91.8,17.7,2153,87.6,88.04,11,59,75,0.4000000000000057,6.66,99,151,117,145,306,332,291,-4.367,4.367,71.6,7.3,32,24,6,3,0,1,4,12.5,4,12.5,2.10321,0.90263,0.62821,0.62821,93.8,166,50,16.666666666666664,12.5,5.69,-1.69,0.22,2.11,0.438,4,3.258955224,0.41,0.611,-3.258955224,0.031,0.028000000000000025,-0.04,0.007,18.6,41.9,10.190543336747256,-3.4551804465573674,30.084226906880726,0.5862068965517241,35.51238989077332,32.3949134986386
134,681982,"Anderson, Grant",250,53.6,0.235,0.088,0.308,0.324,0.283,0.298,0.254,8,34,86.5,2.9,2405,87,87.27,17,66,68,0.29999999999999716,6.6,110,152,119,148,295,317,290,1.454,-1.454,67.3,7.2,37,26,5,3,0,0,8,21.6,3,8.1,2.57724,0.50579,0.16978,0.16978,92.2,130,50,7.6923076923076925,5.405405405405405,4.3,-2.09,0.35,2.31,0.297,2,-1.085074627,0.315,0.35,1.085074627,-0.019,-0.018000000000000016,-0.026,-0.015,25.8,7.0,8.321509135293171,-0.8784303181833437,28.73915822148833,0.4696969696969697,38.48293379345324,29.96859276674412
134,687064,"Young, Brandon",241,55.6,0.333,0.091,0.385,0.424,0.367,0.37,0.297,11,33,90.2,5.7,2058,87.9,87.97,14,63,71,0.09999999999999432,6.33,105,153,119,145,309,322,290,-1.905,1.905,69.6,7.1,36,27,10,0,0,1,6,16.7,3,8.3,2.39836,0.60424,0.42466,0.42466,92.1,146,44.44444444444444,3.7037037037037033,2.7777777777777777,6.02,-1.42,0.18,2.25,0.389,1,1.421641791,0.356,0.501,-1.421641791,0.036,0.03300000000000003,-0.077,-0.003,22.2,43.4,7.071835991267347,2.3821261198926122,30.249544561860752,0.4838709677419355,36.89504672180124,30.45801391867356
133,670280,"Bednar, David",277,48,0.385,0.154,0.5,0.538,0.411,0.293,0.26,10,26,88.3,0,2167,88.1,88.12,15,72,61,0,6.48,103,151,127,148,291,319,287,-2.668,2.668,69.7,7.2,29,20,7,2,1,0,7,24.1,2,6.9,2.56008,0.48376,0.29632,0.29632,90.9,123,50,0,0,5.88,-1.82,0.24,2.25,0.414,0,2.006015038,0.31,0.329,-2.006015038,0.125,0.10399999999999998,0.209,0.118,20.8,38.7,10.069221025838202,-4.094990400415854,27.385020489099663,0.49295774647887325,37.82191910464246,30.5815555157751
133,656876,"Rasmussen, Drew",491,27.1,0.086,0.114,0.077,0.2,0.122,0.193,0.174,3,35,84.7,4.4,2534,92.9,93.51,10,61,72,0.5999999999999943,6.64,100,152,118,146,305,330,292,4.451,-4.451,68.1,7.0,35,27,1,1,0,1,8,22.9,0,0,1.89368,0.76624,0.36316,0.36316,91.3,118,33.33333333333333,7.4074074074074066,5.714285714285714,5.76,-1.97,0.04,2.17,0.086,2,-3.346616541,0.174,0.276,3.346616541,-0.088,-0.088,-0.076,-0.071,16.4,50.2,5.393590848543142,-0.41679923920761985,31.671533745194047,0.5737704918032787,34.760722750522746,27.583278127786112
132,666277,"Soriano, George",273,48.4,0.217,0.174,0.211,0.391,0.331,0.39,0.248,5,23,89,22,2372,91.3,91.38,15,58,74,0.10000000000000853,6.39,105,151,119,147,307,323,289,-0.186,0.186,70.7,7.7,29,20,3,1,0,1,4,13.8,5,17.2,2.41455,0.34977,0.35183,0.35183,91.1,133,25,10,6.896551724137931,5.48,-2.52,0.4,2.15,0.345,2,0.140909091,0.39,0.495,-0.140909091,-0.031,-0.04500000000000004,-0.104,-0.059,25.9,32.2,12.665172514999819,-7.134829851738557,32.644096224431564,0.5789473684210527,39.23071866442195,32.499805028810876
132,650556,"Abreu, Bryan",264,50,0.261,0.174,0.455,0.435,0.407,0.362,0.189,6,23,86.1,15.2,2446,91.4,91.41,20,56,76,0,6.48,111,151,120,148,300,328,290,-0.52,0.52,67.8,7.2,32,13,4,1,0,1,11,34.4,8,25,2.23697,0.52977,0.07758,0.07758,91.7,140,53.84615384615385,15.384615384615385,6.25,5.65,-2.26,0.22,2.15,0.452,2,0.393939394,0.398,0.379,-0.393939394,0.072,0.05399999999999999,0.056,0.045,35.7,41.3,7.984091514620167,-2.1273543672150117,30.7199683808966,0.509090909090909,37.32243975926959,31.068548129428684
131,689296,"Nunez, Anthony",236,55.5,0.25,0.063,0.421,0.313,0.289,0.218,0.169,8,32,83.6,6.3,2684,89.4,89.35,24,64,67,0,6.44,103,149,118,143,307,318,289,-0.134,0.134,66.6,7.4,35,19,6,2,0,0,13,37.1,3,8.6,2.66962,0.22977,-0.39771,-0.39771,90.1,123,31.57894736842105,0,0,5.66,-1.06,0.45,2.01,0.314,0,0.102290076,0.24,0.23,-0.102290076,0.081,0.07400000000000001,0.083,0.071,37.5,37.4,8.890383489445831,-6.161771343420512,32.78169379380492,0.515625,39.9217047018503,32.21638199470568
131,689147,"Kerkering, Orion",216,60.6,0.148,0.074,0.182,0.222,0.247,0.221,0.136,4,27,75.3,27.8,2569,92.1,91.69,8,59,72,-0.3999999999999915,6.17,106,151,120,146,296,323,290,2.127,-2.127,68.0,7.2,33,23,3,0,1,0,5,15.2,4,12.1,2.16328,0.562,0.16008,0.16008,89.1,148,8.695652173913043,0,0,5.82,-1.66,0.26,2.33,0.281,0,-1.623664122,0.271,0.158,1.623664122,0.012,0.010000000000000009,0.064,0.026,13.6,33.7,5.704384845569065,0.5806318726284958,32.578422976313426,0.4915254237288136,36.74989167415908,27.51276926060376
131,656234,"Bird, Jake",187,70.1,0.2,0.167,0.263,0.367,0.287,0.276,0.188,6,30,89.6,-2.5,2530,88.7,87.73,15,50,81,-1,5.92,103,152,128,149,295,324,283,0.698,-0.698,71.4,7.2,33,20,3,2,0,1,10,30.3,3,9.1,2.65198,0.30954,-0.13855,-0.13855,91.8,128,35,10,6.0606060606060606,5.21,-3.14,-0.09,2.39,0.273,2,-0.532824427,0.262,0.364,0.532824427,0.012,0.01100000000000001,0.003,0.011,30,17.5,9.223460126726977,-1.3093160682951055,31.796378881632176,0.58,36.54129657915202,28.773951258959013
131,700669,"Graceffo, Gordon",255,51.4,0.235,0.029,0.308,0.265,0.276,0.347,0.279,8,34,95.7,2.4,2269,92,91.9,12,61,70,-0.09999999999999432,6.3,109,152,119,147,306,320,290,0.97,-0.97,72.4,7.5,38,26,7,1,0,0,8,21.1,2,5.3,2.17092,0.55092,0.27725,0.27725,93.5,149,57.692307692307686,3.8461538461538463,2.631578947368421,5.99,-1.66,0.05,2.28,0.316,1,-0.740458015,0.355,0.425,0.740458015,-0.044,-0.03899999999999998,-0.16,-0.071,19.7,47.2,10.286630145982702,-1.1540856020630126,29.766884838846618,0.5573770491803278,36.981644487784784,30.585126765146505
131,660825,"Bazardo, Eduard",244,53.7,0.182,0.091,0.222,0.273,0.193,0.206,0.203,6,33,91.1,24.3,2313,91.2,90.2,13,60,71,-1,5.75,109,148,112,143,304,319,291,3.899,-3.899,70.9,7.3,34,27,3,3,0,0,7,20.6,0,0,2.24168,0.54023,0.58412,0.58412,92.5,186,44.44444444444444,3.7037037037037033,2.941176470588235,5.79,-1.85,0.39,2.61,0.176,1,-2.976335878,0.201,0.279,2.976335878,-0.021,-0.025000000000000022,-0.006,-0.013,21.7,41.6,8.208208149817581,0.616381787574253,30.316835545504283,0.55,37.689209608068204,29.55509166352752
130,676254,"Walker, Ryan",246,52.8,0.25,0,0.333,0.25,0.24,0.267,0.247,8,32,78,-2.4,2455,91.4,91.35,7,52,78,-0.10000000000000853,6.35,108,151,122,145,293,321,289,2.148,-2.148,66.2,6.8,35,26,8,0,0,0,8,22.9,1,2.9,2.49362,0.29617,0.51792,0.51792,91.2,136,19.230769230769234,3.8461538461538463,2.857142857142857,4.97,-3.65,0.11,2.44,0.273,1,-1.652307692,0.27,0.339,1.652307692,0.003,0.0030000000000000027,-0.089,-0.027,13.5,16.6,4.422301891439165,10.806713525191956,32.47000092153843,0.42857142857142855,35.03178445983002,26.239557968658584
130,656730,"Megill, Trevor",205,63.4,0.269,0.115,0.438,0.385,0.343,0.325,0.221,7,26,90.3,15.6,2518,93.3,93.67,25,62,68,0.4000000000000057,6.55,110,152,121,147,304,324,295,-0.148,0.148,69.0,7.5,30,16,4,3,0,0,10,33.3,4,13.3,1.76992,0.8882,0.16875,0.16875,93.2,202,50,12.5,6.666666666666667,6.59,0.01,0.34,2.08,0.367,2,0.113846154,0.325,0.403,-0.113846154,0.048,0.04199999999999998,-0.018,0.018,40.3,55.6,11.62677704000692,-2.1446171426593312,30.361627088029433,0.5333333333333333,39.18538865887859,31.1961635533363
129,572955,"Johnson, Pierce",212,60.8,0.3,0.167,0.333,0.467,0.336,0.415,0.322,9,30,88.6,16.5,2684,88.5,87.38,11,60,69,-1.0999999999999943,5.7,100,146,109,141,300,321,283,0.262,-0.262,68.1,7.5,33,26,6,2,0,1,6,18.2,1,3,2.78287,0.15853,-0.1486,-0.1486,91.6,171,38.46153846153847,15.384615384615385,12.121212121212121,6.21,-1.3,0.31,2.23,0.313,4,-0.203100775,0.335,0.655,0.203100775,-0.022,-0.02200000000000002,-0.188,-0.079,18.3,41.7,8.970649113425072,-5.628161992964802,32.15077986851894,0.559322033898305,38.78948070362175,30.21071796220811
128,677955,"Hill, Jaden",239,53.6,0.346,0.231,0.471,0.577,0.427,0.315,0.265,9,26,88.1,16.2,2278,92.1,91.44,19,57,71,-0.6999999999999886,5.89,109,150,120,143,300,327,297,-2.063,2.063,67.0,7.1,31,18,6,1,1,1,9,29,4,12.9,2.22414,0.49452,0.58156,0.58156,91.2,156,33.33333333333333,0,0,5.65,-1.22,0.42,2.37,0.419,0,1.61171875,0.351,0.35,-1.61171875,0.081,0.068,0.227,0.112,33.3,25.2,9.5784570571738,2.6424706611115636,30.11484745469084,0.4,38.81693060881129,27.71118621257859
128,605130,"Barlow, Scott",245,52.2,0.207,0.241,0.2,0.448,0.345,0.333,0.211,6,29,89.1,19.3,2400,81,81.37,17,49,79,0.4000000000000057,6.63,107,151,117,148,308,323,291,0.218,-0.218,67.5,7.7,34,22,3,1,0,2,7,20.6,3,8.8,3.23961,0.28835,-0.58227,-0.58227,92.4,141,45.45454545454545,9.090909090909092,5.88235294117647,5.2,-2.47,0.23,1.84,0.324,2,-0.1703125,0.327,0.418,0.1703125,-0.004,-0.0030000000000000027,0.03,0.012,34.7,24.7,15.437646918765488,-13.733822656271842,30.828114047641904,0.5531914893617021,39.04236873204676,39.15107915523314
128,702193,"Morris, Andrew",267,47.9,0.355,0,0.44,0.355,0.344,0.295,0.281,11,31,81.4,11.7,2237,89,88.6,18,65,63,-0.4000000000000057,6.14,108,151,121,145,297,324,285,-0.322,0.322,69.6,7.2,34,26,11,0,0,0,6,17.6,2,5.9,1.99773,0.93469,-0.23305,-0.23305,90.4,161,30.76923076923077,0,0,6.52,-1.47,0.39,2.44,0.394,0,0.2515625,0.324,0.339,-0.2515625,0.074,0.07,0.016,0.049,27.7,61.0,9.507847813741272,0.18672662429354636,28.36955002187382,0.4666666666666667,38.70577657857445,30.18202959780158
127,693312,"Nicolas, Kyle",198,64.1,0.167,0.222,0.133,0.389,0.394,0.417,0.18,3,18,85.2,35.8,2470,92.4,93.38,7,37,90,1,6.95,104,149,114,143,298,322,285,-1.577,1.577,71.5,7.3,27,16,1,1,0,1,2,7.4,9,33.3,2.02677,0.66969,0.10142,0.10142,90.7,189,28.57142857142857,7.142857142857142,3.7037037037037033,5.76,-1,0.35,2.66,0.444,1,1.241732283,0.475,0.422,-1.241732283,-0.013,-0.030999999999999972,-0.033,-0.023,18.9,45.2,11.738388131418807,-2.76062345290038,31.57479425499464,0.5945945945945946,38.40082046798984,29.088672102177533
127,668964,"Myers, Tobias",302,42.1,0.263,0.132,0.281,0.395,0.309,0.305,0.271,10,38,89.7,23.7,2068,86.2,86.68,13,67,60,0.5,6.66,103,151,122,147,303,318,290,0.808,-0.808,70.9,7.4,40,33,7,2,0,1,5,12.5,2,5,2.20079,0.90787,-0.00512,-0.00512,92.4,163,39.39393939393939,3.0303030303030303,2.5,6,-0.76,0.27,2.22,0.3,1,-0.636220472,0.308,0.391,0.636220472,-0.008,-0.008000000000000007,0.004,0.004,19.4,64.6,11.773718768497675,-6.314815393825538,32.30358767486184,0.484375,36.97797296387871,33.373135900939616
127,670036,"Festa, Matt",251,50.6,0.189,0.162,0.188,0.351,0.251,0.233,0.185,7,37,87.3,28.3,2539,86.3,86.43,14,64,63,0.10000000000000853,6.45,103,150,121,144,301,322,299,0.684,-0.684,71.2,7.5,40,33,3,3,0,1,5,12.5,2,5,2.57913,0.52016,-0.63945,-0.63945,92.4,186,42.42424242424242,3.0303030303030303,2.5,5.05,-2.18,0.27,2.42,0.225,1,-0.538582677,0.221,0.318,0.538582677,0.004,0.0040000000000000036,0.033,0.018,21.9,33.3,6.9865657278360604,-4.09499383665688,32.17944671795626,0.5573770491803278,37.14439581306327,31.58894783072634
127,665622,"Medina, Luis",224,56.7,0.269,0.154,0.316,0.423,0.38,0.418,0.311,7,26,88.7,11.1,2397,95.2,94.99,16,59,68,-0.20000000000000284,6.2,109,151,119,148,310,324,290,-1.894,1.894,67.7,6.8,32,20,5,1,0,1,6,18.8,5,15.6,1.58677,0.94661,0.69874,0.69874,92.5,166,42.10526315789473,10.526315789473683,6.25,6.07,-1.38,0.27,2.39,0.406,2,1.491338583,0.444,0.502,-1.491338583,-0.042,-0.03799999999999998,-0.079,-0.038,27.1,40.4,4.310479737685347,3.250509653798048,30.695118413581532,0.47368421052631576,35.75315551309252,25.620615565912424
125,665871,"Assad, Javier",321,38.9,0.294,0.059,0.323,0.353,0.291,0.35,0.337,10,34,88.3,11.3,2103,89.7,89.95,8,53,72,0.29999999999999716,6.52,106,151,119,149,306,324,290,0.725,-0.725,72.0,7.5,37,32,8,2,0,0,4,10.8,1,2.7,2.26752,0.60323,0.5268,0.5268,94.0,161,50,3.125,2.7027027027027026,5.94,-1.75,0.15,2.1,0.306,1,-0.58,0.359,0.42,0.58,-0.043,-0.05299999999999999,-0.067,-0.059,15.1,51.1,5.58551882555801,2.771407611117082,30.990149264654328,0.36538461538461536,36.56564718530973,27.928461737416956
125,596133,"Weaver, Luke",225,55.6,0.12,0.04,0.158,0.16,0.161,0.201,0.149,3,25,89.4,25.2,2285,91.9,91.19,15,54,71,-0.7000000000000028,6.13,108,152,119,148,302,320,292,3.549,-3.549,69.6,7.1,28,19,2,1,0,0,7,25,2,7.1,1.52592,1.20848,0.52952,0.52952,91.4,150,36.84210526315789,10.526315789473683,7.142857142857142,5.56,-1.5,0.34,2.4,0.179,2,-2.8392,0.205,0.246,2.8392,-0.029,-0.025999999999999995,-0.086,-0.04,27.8,46.6,9.053670589175312,-1.3056901425001066,31.679406966926,0.6666666666666666,36.077354570172055,28.861701091128
124,641312,"Anderson, Shaun",284,43.7,0.37,0.148,0.474,0.519,0.423,0.442,0.361,10,27,91,7.4,2527,89.1,89.68,15,55,69,0.6000000000000085,6.67,110,150,115,146,308,330,299,-3.386,3.386,70.8,7.6,30,20,8,1,0,1,7,23.3,3,10,2.38774,0.51944,-0.11548,-0.11548,92.2,163,55.00000000000001,10,6.666666666666667,6.06,-2.02,0.23,2.23,0.433,2,2.730645161,0.425,0.602,-2.730645161,0.009,0.008000000000000007,-0.083,-0.019,27.3,45.5,10.873421190209156,-2.384327523234256,32.09738595157524,0.4716981132075472,38.809820394579624,31.22030032549078
124,641401,"Brogdon, Connor",232,53.4,0.194,0.226,0.19,0.419,0.263,0.3,0.255,6,31,85.4,5.9,2219,89.7,90.08,19,63,61,0.3999999999999915,6.79,105,152,121,146,301,325,299,-0.382,0.382,68.5,7.3,34,26,3,1,0,2,8,23.5,0,0,1.82097,1.07185,0.82935,0.82935,92.1,161,38.46153846153847,11.538461538461538,8.823529411764707,5.84,-2.67,0.21,2.33,0.194,3,0.308064516,0.255,0.443,-0.308064516,-0.061,-0.061,-0.024,-0.037,30.2,33.7,7.946740025818999,2.1851397524435834,30.775325140439687,0.34545454545454546,38.12467649693506,29.250617140556347
124,699134,"Rodriguez, Bradgley",261,47.5,0.276,0.034,0.32,0.31,0.291,0.258,0.242,8,29,90.8,3.4,2179,92.8,92.5,17,63,61,-0.29999999999999716,6.24,113,152,122,147,305,326,293,0.891,-0.891,72.6,7.7,31,25,7,1,0,0,4,12.9,2,6.5,1.86895,0.81048,0.86702,0.86702,92.5,113,44,0,0,5.97,-0.63,0.15,2.23,0.323,0,-0.718548387,0.291,0.279,0.718548387,0.034,0.03200000000000003,0.031,0.033,27,43.8,11.352258497068082,-6.073998605609706,33.49928271850058,0.42592592592592593,35.45578443529296,31.633830647684363
124,669622,"Bender, Anthony",239,51.9,0.179,0.036,0.263,0.214,0.236,0.21,0.15,5,28,84.2,16.4,2643,88.4,86.84,10,40,84,-1.6000000000000085,5.63,106,150,117,145,305,323,290,2.639,-2.639,68.1,7.4,33,19,4,1,0,0,10,30.3,2,6.1,2.775,0.22154,-0.39403,-0.39403,90.6,138,15.789473684210526,0,0,5.4,-2.14,0.25,2.4,0.273,0,-2.128225806,0.249,0.182,2.128225806,0.029,0.02400000000000002,0.032,0.026,25,15.0,10.876060179832452,-0.6224213357164285,30.92730949366054,0.5,40.70795754624536,31.6936419291323
124,676775,"Winn, Keaton",214,57.9,0.103,0,0.143,0.103,0.133,0.194,0.153,3,29,87.4,14,1863,92.1,92.15,15,56,68,0,6.31,110,154,125,148,294,320,291,4.069,-4.069,72.6,7.6,31,21,3,0,0,0,8,25.8,2,6.5,2.40774,0.29048,1.07315,1.07315,91.3,141,28.57142857142857,0,0,6.17,-1.46,0.2,1.99,0.161,0,-3.281451613,0.208,0.22,3.281451613,-0.05,-0.046999999999999986,-0.117,-0.061,26.8,38.6,9.706953109772217,-3.4880136495373537,31.777160351929574,0.6296296296296297,36.811335221069044,30.919088018317026
123,657044,"Thompson, Ryan",177,69.5,0.133,0.067,0.16,0.2,0.213,0.265,0.202,4,30,88.4,13,2063,85.9,86.04,10,58,65,0.09999999999999432,6.68,110,149,120,147,301,318,290,2.239,-2.239,67.8,7.3,34,25,2,2,0,0,5,14.7,3,8.8,3.41829,-0.25447,0.46024,0.46024,91.2,126,24,8,5.88235294117647,3.66,-3.84,-0.08,2.05,0.235,2,-1.820325203,0.296,0.276,1.820325203,-0.069,-0.061,-0.076,-0.052,17.2,-9.9,6.995398756541189,-8.787061388541305,34.822344371172015,0.47058823529411764,34.34244311291945,31.740577841542716
123,687330,"Kelly, Kevin",221,55.7,0.172,0.138,0.222,0.31,0.242,0.262,0.204,5,29,88.1,-7.4,2148,86.8,87.59,19,61,62,0.7999999999999972,7.05,102,151,116,146,303,332,293,0.668,-0.668,72.4,7.4,31,19,3,1,0,1,10,32.3,1,3.2,3.27911,-0.17179,0.47813,0.47813,91.6,99,41.17647058823529,11.76470588235294,6.451612903225806,3.67,-1.73,0.18,2.12,0.226,2,-0.543089431,0.259,0.324,0.543089431,-0.032,-0.033,-0.014,-0.02,31.1,0.5,7.662201408811097,-1.6705753362840094,34.41622496072291,0.47540983606557374,34.68743160091649,28.977842730691034
123,668674,"Erceg, Lucas",258,47.7,0.143,0,0.2,0.143,0.24,0.264,0.166,3,21,81.3,1.3,1982,92.1,92.44,11,58,65,0.30000000000001137,6.54,111,150,122,148,298,320,285,1.468,-1.468,68.8,7.1,26,15,3,0,0,0,6,23.1,5,19.2,2.07797,0.65301,0.65393,0.65393,90.2,126,33.33333333333333,0,0,5.98,-1.59,0.12,2.18,0.308,0,-1.193495935,0.326,0.192,1.193495935,-0.023,-0.018000000000000016,-0.049,-0.024,19,44.9,9.3304634247805,3.1263010152095467,32.17303713568278,0.49122807017543857,36.354099400225195,27.83778680242085
121,671212,"Boyle, Joe",263,46,0.179,0.179,0.182,0.357,0.253,0.335,0.278,5,28,90.6,18.9,2539,92.8,93.11,8,54,67,0.29999999999999716,6.65,100,148,115,143,307,330,289,0.474,-0.474,66.6,7.0,31,23,2,2,0,1,6,19.4,2,6.5,2.31471,0.3705,0.35554,0.35554,92.4,146,52.17391304347826,4.3478260869565215,3.225806451612903,5.55,-1.45,-0.04,2.52,0.233,1,-0.391735537,0.326,0.447,0.391735537,-0.099,-0.093,-0.09,-0.082,14.8,27.2,8.24174772221355,2.9416466495119886,29.8283388811288,0.5283018867924528,35.68276859302253,27.275103051033913
121,664208,"Maton, Phil",173,69.9,0.3,0.1,0.5,0.4,0.402,0.297,0.183,6,20,87,4.2,2759,83.2,83.83,16,57,64,0.5999999999999943,6.94,99,148,117,145,303,323,295,-1.65,1.65,71.2,7.5,26,12,5,0,1,0,8,30.8,4,15.4,3.16281,0.22107,-0.74017,-0.74017,90.9,141,41.66666666666667,0,0,5.12,-1.38,0.33,2.18,0.462,0,1.363636364,0.371,0.206,-1.363636364,0.117,0.09100000000000003,0.194,0.105,28.1,25.8,7.253100251827253,-3.9345163485638857,31.526097366432314,0.4807692307692308,38.253137904680926,33.7897770232491
120,662253,"Muñoz, Andrés",249,48.2,0.192,0.038,0.417,0.231,0.217,0.251,0.193,5,26,86.8,19.1,2282,91.8,92.23,25,58,62,0.4000000000000057,6.65,113,150,114,145,305,319,294,1.556,-1.556,67.1,7.6,29,12,4,1,0,0,15,51.7,2,6.9,2.419,0.32647,0.099,0.099,91.7,126,50,8.333333333333332,3.4482758620689653,5.33,-2.84,0.14,1.99,0.241,1,-1.296666667,0.261,0.266,1.296666667,-0.001,-0.020000000000000018,-0.035,-0.034,43.1,28.7,11.059219826786064,-7.08078183176669,33.17403979428483,0.38181818181818183,36.80462842077655,32.36380427779906
120,621112,"Blackburn, Paul",221,54.3,0.3,0.067,0.36,0.367,0.322,0.343,0.31,9,30,90.3,6.1,2358,91,90.55,11,60,60,-0.5,6.2,106,150,126,146,295,321,281,0.37,-0.37,72.3,7.3,32,25,7,2,0,0,5,15.6,2,6.3,2.17925,0.61308,0.19358,0.19358,92.5,144,44,8,6.25,5.97,-2.18,0.36,2.08,0.344,2,-0.308333333,0.353,0.431,0.308333333,-0.01,-0.009000000000000008,-0.064,-0.021,18.3,45.7,9.562167000638292,1.0567046726742946,29.78640480191692,0.576271186440678,39.20258334401339,29.301157284437803
119,681293,"Arrighetti, Spencer",379,31.4,0.167,0.133,0.182,0.3,0.242,0.326,0.223,5,30,83,23.3,2480,86.1,87.53,15,64,55,1.4000000000000057,7.42,111,149,116,147,286,325,293,0.963,-0.963,72.0,7.5,34,23,3,1,0,1,8,23.5,2,5.9,2.66134,0.50613,0.07034,0.07034,90.7,171,21.73913043478261,13.043478260869565,8.823529411764707,4.77,-2.4,0.12,2.35,0.235,3,-0.809243697,0.304,0.386,0.809243697,-0.056,-0.069,-0.086,-0.084,23.4,17.9,12.374991085229835,-7.117871274072954,30.609430202358958,0.5645161290322581,37.61641678483899,33.604661133459906
118,668390,"Winn, Cole",245,48.2,0.267,0.3,0.294,0.567,0.347,0.319,0.244,8,30,89.1,27.3,2423,90.4,91.3,27,73,45,0.8999999999999915,6.92,107,151,117,146,305,328,303,-0.05,0.05,70.9,7.4,31,20,5,0,0,3,11,35.5,0,0,2.2211,0.59254,0.1881,0.1881,91.8,175,50,10,6.451612903225806,5.5,-1.74,-0.06,2.32,0.258,2,0.042372881,0.254,0.487,-0.042372881,0.023,0.0040000000000000036,0.08,0.028,37,40.4,10.32948304164969,-3.55475227091596,33.448324799975964,0.6197183098591549,36.33411711464183,31.817127860933454
118,544150,"Suárez, Albert",258,45.7,0.192,0.154,0.2,0.346,0.287,0.337,0.224,5,26,87.5,21.7,2218,88.1,88.51,15,62,56,0.4000000000000057,6.6,106,150,120,144,301,319,288,-0.019,0.019,67.9,7.1,31,21,3,1,0,1,6,19.4,4,12.9,2.04314,0.93356,0.06368,0.06368,91.8,188,57.14285714285714,4.761904761904762,3.225806451612903,6.34,-1.33,0.52,2.63,0.29,1,0.016101695,0.328,0.403,-0.016101695,-0.032,-0.038000000000000034,-0.057,-0.05,24.2,43.9,7.286160896270361,-0.49409430516133135,30.122750876153788,0.5666666666666667,39.82969885314025,29.00049434000283
118,678368,"Bellozo, Valente",178,66.3,0.28,0.36,0.222,0.64,0.447,0.484,0.322,7,25,86.6,17.9,2258,84.3,84.31,12,52,66,0,6.1,103,152,123,144,307,327,299,-3.041,3.041,69.2,7.5,31,22,4,0,0,3,4,12.9,4,12.9,2.60941,0.61169,0.14274,0.14274,93.7,186,45.45454545454545,13.636363636363635,9.67741935483871,5.73,-0.99,0.27,1.9,0.4,3,2.577118644,0.435,0.72,-2.577118644,-0.042,-0.034999999999999976,-0.08,-0.037,23.1,37.0,12.97739881419693,-8.450099175106951,33.565745052423836,0.46153846153846156,37.56528769732949,35.44372939377916
115,666974,"Cano, Yennier",161,71.4,0.069,0.034,0.095,0.103,0.096,0.193,0.17,2,29,89.2,-5,2011,91.2,90.16,16,54,61,-1,5.91,109,150,117,143,303,318,289,4.457,-4.457,70.2,7.4,30,21,1,1,0,0,8,26.7,1,3.3,2.95704,-0.176,0.62252,0.62252,92.3,59,47.61904761904761,4.761904761904762,3.3333333333333335,5.51,-2.39,0.12,1.84,0.1,1,-3.875652174,0.197,0.239,3.875652174,-0.101,-0.097,-0.136,-0.097,29.6,17.3,10.474987400924855,-5.1069277203525125,34.69448213640894,0.5660377358490566,34.13996784323307,30.907360692906508
115,641941,"Pagán, Emilio",229,50.2,0.192,0.077,0.227,0.269,0.262,0.323,0.231,5,26,89.8,20.3,2309,90.6,91.25,17,59,56,0.6000000000000085,6.85,107,149,113,144,297,320,286,1.305,-1.305,69.2,7.4,31,22,3,2,0,0,5,16.1,3,9.7,1.72504,1.09174,0.40078,0.40078,92.2,149,45.45454545454545,9.090909090909092,6.451612903225806,5.54,-1.31,0.09,2.43,0.29,2,-1.134782609,0.333,0.389,1.134782609,-0.039,-0.04300000000000004,-0.12,-0.061,28.8,41.5,11.851939367531669,-7.458284866460004,30.09531061705593,0.603448275862069,36.558741313215265,31.99129146454377
112,681402,"Varland, Gus",206,54.4,0.25,0.107,0.292,0.357,0.286,0.339,0.275,7,28,89.8,18,2221,90.4,91.05,12,57,55,0.5999999999999943,6.62,101,149,119,148,314,321,297,1.477,-1.477,70.9,7.3,32,25,4,3,0,0,5,15.6,2,6.3,2.09473,0.70901,0.19661,0.19661,92.9,173,44,16,12.5,5.35,-1.19,0.26,2.53,0.29,4,-1.31875,0.325,0.439,1.31875,-0.025,-0.03500000000000003,-0.082,-0.053,21.1,52.0,9.487848937223253,-0.13726163384877266,32.10678327554689,0.5357142857142857,35.750640027588005,30.859536230302805
111,686613,"Brown, Hunter",180,61.7,0.174,0.043,0.308,0.217,0.235,0.215,0.152,4,23,83.9,10,2293,92.6,92.89,9,43,68,0.30000000000001137,6.76,109,153,123,149,294,328,289,1.654,-1.654,69.0,7.1,26,13,3,1,0,0,10,38.5,3,11.5,2.16586,0.54928,0.57333,0.57333,90.3,116,30.76923076923077,0,0,6.18,-1.95,0.1,2.64,0.269,0,-1.49009009,0.25,0.194,1.49009009,0.022,0.019000000000000017,0.023,0.02,20.9,54.7,9.36284392322704,6.8471120559124925,29.238345625812517,0.4878048780487805,36.08210573159753,26.766677029854254
111,643377,"Jax, Griffin",267,41.6,0.19,0.143,0.2,0.333,0.293,0.387,0.255,4,21,90.8,16.1,2694,92.8,92.52,16,45,66,-0.29999999999999716,6.41,103,152,121,147,309,339,297,-0.716,0.716,70.0,7.4,26,16,3,0,0,1,6,23.1,4,15.4,2.01793,0.68064,0.30685,0.30685,92.6,157,43.75,18.75,11.538461538461538,5.41,-0.95,0.16,2.04,0.308,3,0.645045045,0.363,0.545,-0.645045045,-0.065,-0.05499999999999999,-0.212,-0.094,35.6,41.8,8.097605879992408,1.3326898338216782,32.0708529691596,0.5454545454545454,37.50091064068539,27.029706833660374
111,666808,"Doval, Camilo",205,54.1,0.107,0.143,0.111,0.25,0.166,0.187,0.144,3,28,88.8,8.1,2598,94.9,94.68,17,51,60,-0.20000000000000284,6.26,104,150,126,148,294,323,284,2.437,-2.437,71.1,7.5,30,19,1,1,0,1,10,33.3,1,3.3,2.21216,0.33577,0.19378,0.19378,92.7,114,47.368421052631575,5.263157894736842,3.3333333333333335,5.41,-1.66,0.27,2.08,0.133,1,-2.195495495,0.168,0.271,2.195495495,-0.037,-0.035,-0.021,-0.021,33.3,18.5,8.696613456854854,-0.39868016818588947,32.03706693004854,0.5510204081632653,38.0345510571913,28.126280426265694
111,641755,"Kinley, Tyler",278,39.9,0.217,0.043,0.294,0.261,0.302,0.3,0.208,5,23,77.2,16.8,2564,87.9,86.96,11,44,67,-0.9000000000000057,5.53,108,150,124,145,311,322,296,0.212,-0.212,69.7,8.0,28,17,4,1,0,0,6,21.4,4,14.3,2.6718,0.27664,-0.15072,-0.15072,89.5,167,11.76470588235294,0,0,6.48,-0.83,0.35,2.03,0.357,0,-0.190990991,0.35,0.277,0.190990991,0.009,0.007000000000000006,-0.016,0.002,25,44.9,14.549691382637985,-10.730675201940805,32.864097365637555,0.5454545454545454,39.71893215219955,36.230536513323585
110,667297,"Nance, Tommy",239,46,0.214,0.036,0.316,0.25,0.255,0.318,0.269,6,28,88.8,17.2,2578,89.5,89.11,13,54,56,-0.4000000000000057,6.06,108,153,119,149,298,319,285,1.555,-1.555,68.7,7.5,31,19,5,1,0,0,9,29,3,9.7,2.84664,0.01527,0.19074,0.19074,91.0,131,36.84210526315789,5.263157894736842,3.225806451612903,6.37,-1.24,0.4,2.15,0.29,1,-1.413636364,0.34,0.369,1.413636364,-0.055,-0.050000000000000044,-0.119,-0.063,24.1,44.6,13.063765670996913,-4.2658305475188785,31.984777391866636,0.6666666666666666,39.62206137845532,34.28730728997369
110,641745,"Keller, Brad",241,45.6,0.208,0.125,0.25,0.333,0.291,0.339,0.276,5,24,91.5,16.2,2481,92.3,92.12,14,54,56,-0.20000000000000284,6.1,103,149,120,146,295,325,292,0.672,-0.672,69.1,7.0,27,17,4,0,0,1,7,25.9,2,7.4,2.07036,0.63445,-0.13773,-0.13773,92.0,173,58.82352941176471,11.76470588235294,7.4074074074074066,6.29,-1.38,0.14,2.41,0.296,2,-0.610909091,0.356,0.401,0.610909091,-0.068,-0.06,-0.068,-0.048,25.9,49.3,4.60459540202785,5.529378556097519,31.946747268881538,0.4528301886792453,38.031065894052155,26.75443017614706
110,670167,"Schreiber, John",234,47,0.261,0.217,0.217,0.478,0.311,0.305,0.279,6,23,84.9,12.4,2469,87.7,87.64,5,48,62,-0.10000000000000853,6.41,103,148,120,146,298,318,283,0.02,-0.02,66.4,6.7,27,25,3,2,0,1,1,3.7,0,0,2.87918,0.14352,0.05191,0.05191,91.5,152,40,4,3.7037037037037033,4.38,-2.89,0.26,2.33,0.269,1,-0.018181818,0.286,0.45,0.018181818,-0.018,-0.01699999999999996,0.028,0.006,10.4,5.7,3.2846693811069785,3.829175121856719,33.337536888523005,0.4583333333333333,36.33387467896569,27.45490994717437
110,664299,"Javier, Cristian",176,62.5,0.381,0.333,0.333,0.714,0.533,0.464,0.346,8,21,89.5,15.6,2372,87.6,86.92,9,51,59,-0.6999999999999886,6.02,109,150,121,145,297,327,295,-6.277,6.277,70.9,7.1,28,20,5,1,0,2,1,3.6,6,21.4,2.21927,0.82727,0.063,0.063,93.3,193,45,15,10.714285714285714,5.48,-1.58,0.22,2.54,0.536,3,5.706363636,0.509,0.548,-5.706363636,0.035,0.027000000000000024,0.166,0.069,17.6,33.1,12.583692923352073,-3.781625444151311,31.921037237890005,0.574468085106383,36.474431813383404,31.90902946615901
110,542888,"Armstrong, Shawn",200,55,0.227,0.045,0.294,0.273,0.313,0.3,0.203,5,22,87.9,16.9,2299,89.8,90.33,10,45,65,0.5,6.65,108,152,125,146,306,323,292,0.035,-0.035,69.8,7.2,27,17,4,1,0,0,5,18.5,4,14.8,1.86191,0.98782,0.09582,0.09582,91.4,171,47.05882352941176,0,0,5.8,-1.43,0.37,2.23,0.37,0,-0.031818182,0.351,0.272,0.031818182,0.024,0.019000000000000017,0.001,0.013,22.2,41.0,7.747008745421416,0.49973869182395503,31.30574759219138,0.5227272727272727,35.28502039408785,29.082923018359846
109,642701,"Santana, Dennis",241,45.2,0.208,0.208,0.211,0.417,0.344,0.381,0.304,5,24,83.5,15.3,2456,88.7,88.4,11,48,61,-0.29999999999999716,6.14,107,149,116,146,295,319,292,-1.104,1.104,69.3,7.5,29,20,2,2,0,1,4,13.8,5,17.2,2.32165,0.60925,0.4289,0.4289,90.0,141,15,5,3.4482758620689653,5.62,-1.97,0.15,2.18,0.345,1,1.012844037,0.424,0.425,-1.012844037,-0.096,-0.07900000000000001,-0.008,-0.037,22.9,31.5,11.72559326252718,-6.532585703508316,30.84468887186185,0.5333333333333333,35.99623244852092,33.572672070968395
109,642528,"Loáisiga, Jonathan",247,44.1,0.154,0.115,0.158,0.269,0.223,0.277,0.21,4,26,87.8,16.8,2405,93.4,93.25,14,52,57,-0.10000000000000853,6.37,106,148,118,145,302,320,289,2.59,-2.59,71.4,7.3,28,20,3,0,0,1,6,21.4,1,3.6,2.16202,0.47862,0.68676,0.68676,91.2,138,35,5,3.571428571428571,5.44,-2.21,0.12,2.14,0.214,1,-2.376146789,0.266,0.357,2.376146789,-0.056,-0.05200000000000002,-0.088,-0.054,26.9,42.7,9.181878822131177,1.8822449095897107,33.51765583137123,0.6190476190476191,34.662633467819845,27.960994098742766
107,682842,"Uribe, Abner",203,52.7,0.217,0.174,0.364,0.391,0.315,0.316,0.236,5,23,91.7,15.3,2385,92.7,92.67,11,35,72,0,6.4,110,153,117,148,303,323,292,0.074,-0.074,68.1,7.6,26,12,3,1,0,1,11,42.3,3,11.5,2.1815,0.51804,0.23477,0.23477,92.9,162,41.66666666666667,16.666666666666664,7.6923076923076925,5.9,-1.27,0.47,2.23,0.308,2,-0.069158879,0.324,0.383,0.069158879,-0.019,-0.016000000000000014,0.008,-0.001,31.4,38.4,11.358540280867143,-2.1740528443324854,28.951728174828496,0.5714285714285714,39.803804379100626,31.283159082643703
107,668984,"Legumina, Casey",254,42.1,0.429,0.143,0.48,0.571,0.431,0.391,0.356,12,28,91.2,18.6,2517,88.8,89.28,10,48,59,0.5,6.83,109,148,115,142,301,320,293,-2.268,2.268,71.0,7.3,32,25,8,4,0,0,5,15.6,1,3.1,2.12364,0.84682,0.51757,0.51757,92.9,175,52,12,9.375,4.64,-2.08,0.2,2.28,0.438,3,2.119626168,0.376,0.559,-2.119626168,0.073,0.062,0.012,0.04,20.8,18.8,8.984339988420952,-1.5310886660679763,31.825271781045267,0.44680851063829785,37.35276727694408,29.86666123655291
106,453286,"Scherzer, Max",344,30.8,0.261,0.261,0.25,0.522,0.367,0.364,0.274,6,23,91.3,19.5,2309,88.9,88.47,9,56,50,-0.4000000000000057,6.13,101,151,119,148,298,325,287,-1.655,1.655,70.3,7.6,25,18,4,0,0,2,5,20,2,8,2.0917,0.82858,0.30877,0.30877,91.4,167,44.44444444444444,11.11111111111111,8,5.65,-3.18,0.24,1.99,0.32,2,1.561320755,0.333,0.519,-1.561320755,-0.013,-0.013000000000000012,0.003,0.003,16.1,32.3,11.348840426114045,-8.663952427640325,35.290828997163906,0.42857142857142855,37.00597556118004,33.980406743914386
106,695243,"Miller, Mason",230,46.1,0.083,0,0.25,0.083,0.146,0.14,0.074,2,24,84.3,1.6,2470,94.1,94.7,33,49,57,0.6000000000000085,6.79,114,152,119,147,305,326,289,3.783,-3.783,64.7,7.6,27,8,2,0,0,0,16,59.3,3,11.1,2.14623,0.48292,-0.14887,-0.14887,89.9,134,12.5,0,0,6.27,-1.6,0.49,2.27,0.185,0,-3.568867925,0.177,0.084,3.568867925,0.009,0.008000000000000007,-0.001,0.006,67.3,40.8,12.35364730465089,-8.551960270942523,28.600481650900605,0.46938775510204084,42.194723595993,35.13527019188029
105,683742,"Franco, Jose",201,52.2,0.28,0.28,0.278,0.56,0.385,0.379,0.251,7,25,85.9,13.1,2413,89.4,89.43,10,57,48,0,6.34,99,147,112,141,300,318,284,-1.112,1.112,69.8,7.4,29,20,4,1,0,2,6,20.7,3,10.3,2.21895,0.66471,0.22314,0.22314,91.1,171,36.84210526315789,15.789473684210526,10.344827586206897,5.84,-1.02,0.35,2.1,0.345,3,1.059047619,0.343,0.493,-1.059047619,0.029,0.0019999999999999463,0.067,0.006,17.5,38.6,7.34382870240276,-0.5435441105740656,30.002036041365407,0.42592592592592593,39.86845677941761,29.717212998829783
105,663362,"Waldron, Matt",246,42.7,0.24,0,0.273,0.24,0.272,0.196,0.137,6,25,80.9,18.3,1549,85.4,85.87,7,53,52,0.5,6.68,116,152,122,148,307,325,293,1.038,-1.038,66.9,7.1,29,23,6,0,0,0,3,10.3,1,3.4,2.76743,0.40762,0.18924,0.18924,89.8,109,17.391304347826086,0,0,5.57,-0.93,0.35,2.44,0.321,0,-0.988571429,0.229,0.163,0.988571429,0.103,0.092,0.077,0.076,13.2,32.1,9.69595956945183,-7.118832257520718,33.662800291686736,0.5471698113207547,37.14661111322219,30.224465181015162
105,676617,"O'Brien, Riley",257,40.9,0.24,0,0.353,0.24,0.236,0.265,0.24,6,25,92.9,5.8,2302,93.7,94.13,10,47,58,0.3999999999999915,6.78,104,151,119,147,309,326,291,1.836,-1.836,69.7,7.2,26,17,6,0,0,0,8,30.8,1,3.8,2.42171,0.24106,0.5179,0.5179,93.5,130,64.70588235294117,5.88235294117647,3.8461538461538463,5.67,-1.64,0.16,2.13,0.269,1,-1.748571429,0.269,0.331,1.748571429,0,0,-0.091,-0.029,21.3,31.9,7.882063513231241,4.834872507910123,31.603025358799844,0.3829787234042553,35.424801051247805,27.299562985052187
104,656546,"Hoffman, Jeff",285,36.5,0.375,0.167,0.533,0.542,0.424,0.394,0.29,9,24,88.8,22,2505,92.1,92.51,28,62,42,0.4000000000000057,6.56,103,149,118,144,296,321,284,-1.862,1.862,70.2,7.3,28,16,7,1,0,1,9,32.1,1,3.6,2.04538,0.67216,0.69097,0.69097,90.8,172,40,13.333333333333334,7.142857142857142,5.62,-2.74,0.2,2.2,0.429,2,1.790384615,0.383,0.435,-1.790384615,0.085,0.045999999999999985,0.107,0.03,45.2,31.9,10.682782406906545,-1.8380670832639052,32.46323463094,0.5423728813559322,37.98001362687212,32.07047023831858
104,663485,"Sands, Cole",181,57.5,0.333,0.1,0.435,0.433,0.36,0.29,0.247,10,30,94.6,11,2306,88.6,87.74,10,50,54,-0.8999999999999915,5.85,109,153,123,147,296,319,284,-0.704,0.704,71.0,7.5,32,23,8,1,1,0,7,21.9,2,6.3,2.35692,0.58212,0.35106,0.35106,93.5,164,56.52173913043478,4.3478260869565215,3.125,5.62,-2.54,0.34,2.4,0.375,1,0.676923077,0.294,0.36,-0.676923077,0.086,0.08100000000000002,0.073,0.07,20,24.6,9.075021862308404,-0.11023113896962078,28.4034679984726,0.5918367346938775,40.003142223390704,30.008219221922577
103,641329,"Baker, Bryan",227,45.4,0.227,0.182,0.333,0.409,0.294,0.288,0.248,5,22,91.3,28.2,2171,91.2,91.13,20,52,51,-0.10000000000000853,6.39,102,153,121,146,310,339,299,-0.626,0.626,72.1,7.7,23,13,3,1,0,1,9,39.1,1,4.3,1.71505,1.07786,0.56408,0.56408,92.0,152,46.15384615384615,7.6923076923076925,4.3478260869565215,6.6,-0.72,-0.27,2.21,0.261,1,0.60776699,0.281,0.377,-0.60776699,-0.021,-0.020000000000000018,0.032,0.006,38.5,56.8,11.085848399245737,-4.134049232407278,32.21698069108522,0.5918367346938775,33.75248172668069,28.350032965689078
102,657756,"Seabold, Connor",200,51,0.25,0.167,0.333,0.417,0.337,0.256,0.191,6,24,89,22.2,2283,88.8,88.57,17,54,48,-0.20000000000000284,6.28,112,152,122,147,304,323,289,-0.49,0.49,69.3,7.1,27,16,4,1,0,1,8,29.6,3,11.1,2.15451,0.7952,0.53265,0.53265,90.4,180,31.25,6.25,3.7037037037037033,5.32,-2.76,0.31,2.49,0.333,1,0.480392157,0.281,0.274,-0.480392157,0.059,0.05199999999999999,0.143,0.081,31.5,33.8,7.779239054365244,2.1796359963551675,29.909400821765704,0.4423076923076923,40.33215169933273,28.86293197245431
102,669438,"Englert, Mason",221,46.2,0.345,0.345,0.364,0.69,0.453,0.509,0.379,10,29,94.9,17.9,2223,87.6,87.26,13,53,49,-0.29999999999999716,6.31,97,152,118,145,307,334,294,-2.095,2.095,69.3,7.5,30,24,4,4,0,2,5,16.7,1,3.3,2.54029,0.49717,0.83078,0.83078,95.9,192,62.5,25,20,6,-1.42,0.03,2.06,0.367,6,2.053921569,0.399,0.819,-2.053921569,-0.034,-0.03200000000000003,-0.129,-0.056,24.5,41.3,11.588659127890217,-7.385433257303211,33.32927335374521,0.5660377358490566,35.347190531254704,32.76087015499688
101,668873,"Kilian, Caleb",240,42.1,0.174,0.261,0.182,0.435,0.327,0.343,0.22,4,23,95.5,16.3,2472,91.4,91.94,20,45,56,0.5,6.64,108,150,122,146,294,318,292,0.998,-0.998,70.6,7.7,27,13,2,0,0,2,10,37,3,11.1,2.31455,0.4698,-0.0166,-0.0166,93.9,166,69.23076923076923,15.384615384615385,7.4074074074074066,5.99,-2.42,0.17,2.05,0.296,2,-0.988118812,0.335,0.438,0.988118812,-0.046,-0.039000000000000035,-0.003,-0.016,44.4,47.9,6.238234480261527,0.9494181380753088,31.397960950715213,0.5238095238095238,36.39855602207262,27.84271671500279
101,622554,"Domínguez, Seranthony",260,38.8,0.095,0.143,0.083,0.238,0.233,0.257,0.155,2,21,89.4,27.9,2339,92.2,92.26,12,40,61,0.09999999999999432,6.39,107,153,126,145,305,325,296,0.745,-0.745,71.1,7.5,25,13,1,0,0,1,8,32,4,16,1.98693,0.73822,0.19257,0.19257,91.1,153,30.76923076923077,7.6923076923076925,4,5.51,-1.86,0.27,2.21,0.24,1,-0.737623762,0.29,0.246,0.737623762,-0.06,-0.04999999999999999,-0.008,-0.024,30,28.0,8.88562608915946,-2.3666884316206342,30.752673982269446,0.6756756756756757,39.36244157910378,30.82091469639494
100,681217,"Silseth, Chase",222,45,0.318,0.182,0.353,0.5,0.4,0.313,0.231,7,22,88.6,19.4,2226,91.1,90.28,16,48,52,-0.7999999999999972,5.92,104,151,115,148,306,328,295,-0.88,0.88,69.4,7.3,25,18,5,1,0,1,4,16,3,12,2.2617,0.52202,0.4105,0.4105,91.1,179,27.77777777777778,11.11111111111111,8,5.78,-2.03,0.21,2.34,0.4,2,0.88,0.324,0.376,-0.88,0.087,0.07600000000000001,0.124,0.087,33.3,34.1,10.586268054795891,-1.1334369671985411,31.820943461892792,0.5625,38.09545293949898,31.602313313239527
100,608371,"Sims, Lucas",171,58.5,0.368,0.211,0.375,0.579,0.456,0.357,0.245,7,19,82.7,14.3,2779,88.8,88.18,9,40,60,-0.5999999999999943,5.86,104,151,123,143,303,320,292,-3.248,3.248,68.0,7.3,26,18,5,1,0,1,3,11.5,5,19.2,2.1153,0.79929,-0.3316,-0.3316,91.9,164,38.88888888888889,5.555555555555555,3.8461538461538463,5.73,-1.39,0.38,2.41,0.48,1,3.248,0.398,0.384,-3.248,0.123,0.08199999999999996,0.195,0.099,22.5,39.7,8.354450260638352,-9.39371251079958,29.59946940055602,0.525,40.88175661273182,33.283262887320156
99,660853,"De Los Santos, Enyel",237,41.8,0.273,0.273,0.385,0.545,0.381,0.325,0.253,6,22,94.6,14.6,2172,90.7,90.63,18,57,42,-0.10000000000000853,6.3,109,152,120,149,300,330,291,-0.892,0.892,70.8,7.3,24,14,2,3,0,1,8,33.3,2,8.3,2.01778,0.77788,0.4749,0.4749,91.9,207,64.28571428571429,14.285714285714285,8.333333333333332,5.29,-2.1,0.28,2.35,0.333,2,0.901010101,0.315,0.424,-0.901010101,0.02,0.018000000000000016,0.121,0.056,31.6,21.6,8.97820886265325,-0.8368264813820387,31.14247231025717,0.39285714285714285,37.54491650626825,28.807449965020375
99,596001,"Junis, Jakob",199,49.7,0.083,0,0.095,0.083,0.147,0.314,0.23,2,24,85.4,14,2208,85.9,85.36,6,49,50,-0.5,6.02,110,151,117,148,300,325,298,3.842,-3.842,70.1,7.5,27,21,2,0,0,0,3,11.1,2,7.4,2.9004,0.22735,-0.2597,-0.2597,91.1,164,28.57142857142857,4.761904761904762,3.7037037037037033,5.67,-1.83,0.33,2.27,0.185,1,-3.880808081,0.315,0.385,3.880808081,-0.147,-0.13,-0.302,-0.167,12.2,31.2,12.69110908714852,-3.82672863143363,31.644036597049684,0.48936170212765956,39.780730460763564,33.35427733404372
99,663574,"Santillan, Tony",219,45.2,0.192,0.154,0.286,0.346,0.251,0.286,0.2,5,26,87.5,10.1,2305,89.8,88.89,16,48,51,-0.8999999999999915,5.94,102,152,115,148,300,322,285,1.881,-1.881,67.6,7.2,27,15,3,1,0,1,11,40.7,1,3.7,2.44576,0.43202,0.11253,0.11253,91.4,182,33.33333333333333,13.333333333333334,7.4074074074074066,5.18,-2.38,0.28,2.27,0.222,2,-1.9,0.23,0.444,1.9,-0.008,-0.008000000000000007,-0.098,-0.035,33.3,21.6,5.7797066984858745,2.287175648999055,30.8015442268745,0.43478260869565216,38.38212348477402,28.286286734910004
98,681343,"Smith, Shane",225,43.6,0.294,0.118,0.357,0.412,0.415,0.391,0.296,5,17,81.2,7.6,2098,89.8,90.32,9,40,58,0.5,6.78,101,150,116,143,307,327,293,-2.639,2.639,64.1,6.9,23,14,3,2,0,0,3,13,5,21.7,2.61816,0.26378,0.35245,0.35245,91.0,120,28.57142857142857,0,0,5.88,-1.92,0.21,2.19,0.478,0,2.692857143,0.48,0.338,-2.692857143,-0.002,-0.0020000000000000018,0.074,0.024,22.5,39.3,6.844632901195079,5.121056425579175,29.78208398752379,0.4358974358974359,35.84432352556102,27.629617080293006
98,676684,"Vest, Will",230,42.6,0.174,0.13,0.176,0.304,0.229,0.272,0.218,4,23,86.1,-5.9,2338,92.7,92.74,12,47,51,0,6.42,109,150,117,147,304,323,290,1.689,-1.689,67.3,7.0,24,18,3,0,0,1,5,20.8,1,4.2,1.90612,0.77327,0.44041,0.44041,91.6,118,23.52941176470588,5.88235294117647,4.166666666666666,5.7,-1.9,0.15,1.91,0.208,1,-1.723469388,0.252,0.372,1.723469388,-0.044,-0.04400000000000001,-0.068,-0.043,25.5,51.6,7.1886334076747325,8.20425022915811,34.619066223397944,0.5555555555555556,36.53188088493989,27.98000549954548
98,694361,"Klein, Will",244,40.2,0.208,0.042,0.294,0.25,0.224,0.246,0.224,5,24,88.8,1.2,2298,93,93.82,9,47,51,0.7999999999999972,6.75,109,153,121,149,309,322,294,1.961,-1.961,67.3,6.7,25,17,4,1,0,0,7,28,1,4,2.24439,0.41,-0.10092,-0.10092,91.3,170,29.411764705882355,5.88235294117647,4,5.54,-2.28,0.37,2.58,0.24,1,-2.001020408,0.255,0.301,2.001020408,-0.016,-0.015000000000000013,-0.051,-0.022,19.1,41.8,2.226164836013505,9.985194267747994,28.859030188854547,0.2222222222222222,39.42785199038612,24.090477728900336
98,595014,"Treinen, Blake",173,56.6,0.208,0.167,0.267,0.375,0.288,0.297,0.235,5,24,80.4,1.3,2419,89.7,88.66,13,46,52,-1,5.71,105,153,120,148,301,314,291,0.697,-0.697,67.5,7.3,26,16,3,1,0,1,8,30.8,2,7.7,2.55857,0.32258,0.14423,0.14423,91.2,126,26.666666666666668,6.666666666666667,3.8461538461538463,6.27,-2.85,0.36,1.92,0.269,1,-0.71122449,0.296,0.376,0.71122449,-0.027,-0.02699999999999997,-0.001,-0.009,28.3,33.6,9.623479022998454,-4.5545485218038895,35.318046357679634,0.35555555555555557,37.0828756879301,32.67055524407727
96,683232,"Mears, Nick",202,47.5,0.111,0.056,0.154,0.167,0.228,0.404,0.255,2,18,95.4,7.1,2369,89.5,89.81,12,41,55,0.29999999999999716,6.5,110,152,123,149,296,319,284,1.361,-1.361,65.1,6.9,23,14,1,1,0,0,5,21.7,4,17.4,2.30646,0.56927,0.31505,0.31505,93.1,172,76.92307692307693,23.076923076923077,13.043478260869565,6.22,-1.78,0.4,2.27,0.273,3,-1.417708333,0.391,0.547,1.417708333,-0.144,-0.118,-0.38,-0.176,29.3,54.4,9.579215184025498,-3.4134678168529753,32.52149691684188,0.5121951219512195,36.659092977665495,28.731931363072917
96,663158,"Suarez, Robert",211,45.5,0.308,0,0.4,0.308,0.294,0.312,0.314,8,26,87.6,9.4,2311,97,97.76,13,55,41,0.7999999999999972,6.75,110,152,125,148,313,326,295,-0.221,0.221,71.4,7.4,27,20,8,0,0,0,6,22.2,1,3.7,1.23656,1.19708,0.52448,0.52448,91.0,148,25,0,0,6.21,-1.46,0.28,2.32,0.333,0,0.230208333,0.339,0.368,-0.230208333,-0.006,-0.006000000000000005,-0.06,-0.018,23.6,45.1,9.635749429300983,-0.9441629223914301,30.716290659386054,0.5555555555555556,38.550340850394825,28.56575290543042
95,685801,"Bigge, Hunter",168,56.5,0.2,0.15,0.25,0.35,0.316,0.275,0.197,4,20,85,16.9,2390,93.7,94.22,9,34,61,0.5,6.77,101,150,119,144,308,342,295,0.463,-0.463,70.0,7.1,24,16,1,3,0,0,4,16.7,4,16.7,1.52137,1.10568,0.03579,0.03579,91.6,172,12.5,0,0,5.67,-1.08,-0.34,2.36,0.333,0,-0.487368421,0.331,0.238,0.487368421,0.003,0.0020000000000000018,0.112,0.041,26.5,53.9,8.241039517269813,1.49133726647203,33.47642816459848,0.6176470588235294,33.312897129007375,27.292053960121414
94,666661,"Morillo, Juan",251,37.5,0.143,0.143,0.133,0.286,0.221,0.214,0.121,3,21,84.2,13.4,2362,94.3,94.2,12,47,47,-0.09999999999999432,6.37,103,148,122,146,304,318,290,0.337,-0.337,68.8,7.0,24,16,2,0,0,1,6,25,2,8.3,1.95106,0.66968,0.31202,0.31202,91.3,170,25,12.5,8.333333333333332,5.76,-1.53,0.06,2.16,0.208,2,-0.358510638,0.189,0.3,0.358510638,0.022,0.01899999999999999,-0.014,0.007,25.5,47.7,3.7675355005886044,7.31102681432887,31.35027004419566,0.43902439024390244,35.68984864069607,26.02179862311106
94,675989,"Bolton, Cody",234,40.2,0.3,0.2,0.417,0.5,0.349,0.329,0.265,6,20,86.9,10.9,2382,90.2,89.74,6,41,53,-0.5,6.15,109,150,121,147,299,327,293,-0.498,0.498,71.0,7.1,22,13,4,1,0,1,8,36.4,1,4.5,2.37543,0.48681,0.17989,0.17989,91.0,162,38.46153846153847,15.384615384615385,9.090909090909092,5.65,-2.31,0.45,2.51,0.318,2,0.529787234,0.302,0.462,-0.529787234,0.035,0.016000000000000014,0.038,0.02,14.6,37.6,6.962747633356706,3.3819412599978187,28.79979320874636,0.55,39.571039382362784,28.196910878981274
94,837227,"Imai, Tatsuya",206,45.6,0.316,0.053,0.5,0.368,0.361,0.262,0.196,6,19,85.5,12,2130,90.9,89.98,17,39,55,-0.9000000000000057,6,107,150,122,144,297,329,297,-1.087,1.087,72.5,7.5,22,12,5,1,0,0,7,31.8,2,9.1,2.22426,0.57957,0.8017,0.8017,90.5,125,41.66666666666667,0,0,5.2,-1.91,0.27,2.3,0.409,0,1.156382979,0.305,0.246,-1.156382979,0.12,0.10399999999999998,0.122,0.099,43.6,25.6,11.832329169743984,-7.920151176059318,34.12037692518267,0.3783783783783784,37.27347085262487,33.751280976857714
93,656464,"Ginkel, Kevin",249,37.3,0.136,0.182,0.133,0.318,0.194,0.235,0.22,3,22,87.5,11.9,2381,89.3,89.87,15,50,43,0.6000000000000085,6.66,106,148,117,145,305,319,292,2.236,-2.236,65.8,7.3,22,16,1,1,0,1,6,27.3,0,0,2.45731,0.42753,0.15323,0.15323,90.5,155,18.75,6.25,4.545454545454546,6.53,-2.13,0.33,2.11,0.136,1,-2.404301075,0.22,0.33,2.404301075,-0.084,-0.08399999999999999,-0.012,-0.041,30,41.9,9.07561733752486,-0.3161441135756152,32.13190599458125,0.5227272727272727,38.755229864780915,30.18753399601684
93,694851,"Hoffmann, Andrew",230,40.4,0.381,0.429,0.333,0.81,0.53,0.394,0.255,8,21,85.2,12.9,2102,90.6,91.08,7,40,53,0.5,6.58,108,150,121,147,302,318,291,-4.354,4.354,71.7,7.5,27,18,5,0,0,3,4,14.8,4,14.8,2.11505,0.67839,0.17796,0.17796,91.1,128,33.33333333333333,16.666666666666664,11.11111111111111,6.01,-0.54,0.26,2.02,0.481,3,4.68172043,0.383,0.543,-4.68172043,0.126,0.09799999999999998,0.267,0.136,17.5,52.4,6.581919860698899,-0.14899339416774948,34.931095850605644,0.4666666666666667,36.89324714461555,29.214318432204557
92,663767,"Shugart, Chase",146,63,0.273,0.136,0.313,0.409,0.365,0.352,0.255,6,22,90.5,9.1,2319,90.6,90.37,7,35,57,-0.19999999999998863,6.23,101,149,118,144,292,320,293,-0.068,0.068,71.0,7.0,26,17,5,0,0,1,5,19.2,2,7.7,2.15424,0.66533,0.16837,0.16837,92.3,143,41.17647058823529,5.88235294117647,3.8461538461538463,5.49,-2.8,0.21,2.5,0.385,1,0.073913043,0.37,0.408,-0.073913043,0.018,0.015000000000000013,0.001,0.013,20,39.0,4.840313356808252,6.189537740493618,31.542211945408507,0.38235294117647056,35.31967402488814,27.292539371794746
92,643511,"Rogers, Tyler",210,43.8,0.074,0,0.091,0.074,0.067,0.168,0.18,2,27,80,-12.7,2144,79.5,78.59,10,56,36,-0.9000000000000057,6.13,111,148,114,150,297,312,281,5.753,-5.753,68.6,6.8,28,23,2,0,0,0,5,17.9,0,0,3.93641,-0.23261,-0.2456,-0.2456,89.8,124,17.391304347826086,0,0,1.33,-3.75,0.43,2.33,0.074,0,-6.25326087,0.18,0.203,6.25326087,-0.106,-0.106,-0.129,-0.101,17.9,-60.2,-3.123023490482365,7.256594712532936,33.24902834366737,0.24528301886792453,40.401468814241525,22.91057752750294
92,663567,"Lambert, Peter",277,33.2,0.333,0.167,0.4,0.5,0.414,0.406,0.316,6,18,93.6,19.5,2399,90,89.45,8,41,51,-0.5999999999999943,6.1,109,152,118,149,302,328,290,-2.023,2.023,71.1,7.4,21,15,3,3,0,0,3,14.3,2,9.5,2.05728,0.817,0.14283,0.14283,94.1,188,60,13.333333333333334,9.523809523809524,6.1,-2.4,0.14,2.36,0.429,2,2.198913043,0.414,0.511,-2.198913043,0.017,0.015000000000000013,-0.011,0.008,19.5,50.1,6.86630630333668,0.29786041256889106,31.134394452839956,0.6097560975609756,36.65185362365502,29.33846471707276
92,676534,"Faucher, Calvin",235,39.1,0.176,0.059,0.25,0.235,0.319,0.387,0.226,3,17,91.1,10.6,2745,91.2,90.43,13,34,58,-0.7999999999999972,5.87,99,145,113,140,307,320,290,0.287,-0.287,66.9,7.0,23,12,2,1,0,0,5,21.7,6,26.1,2.53696,0.22744,-0.31859,-0.31859,92.6,166,50,16.666666666666664,8.695652173913043,5.63,-1.34,0.45,1.98,0.391,2,-0.311956522,0.428,0.427,0.311956522,-0.05,-0.03699999999999998,-0.192,-0.068,38.2,39.9,4.163945657654993,10.199418746585465,31.555205051252248,0.5294117647058824,40.53559064562539,25.650219478096375
91,690925,"Beeter, Clayton",185,49.2,0.235,0.353,0.167,0.588,0.419,0.472,0.336,4,17,94.7,4.5,2572,92.1,91.57,10,39,52,-0.5,5.87,103,150,120,150,307,324,297,-0.448,0.448,68.6,7.1,21,14,2,0,0,2,3,14.3,4,19,2.11736,0.59264,-0.01769,-0.01769,93.4,174,71.42857142857143,14.285714285714285,9.523809523809524,6.03,-1.15,0,2.44,0.381,2,0.492307692,0.462,0.647,-0.492307692,-0.101,-0.08100000000000002,-0.059,-0.053,25.6,52.2,3.7576193205320516,3.7976041848058824,32.98085794021933,0.34210526315789475,37.0310020528793,27.523851314564006
91,643410,"Leiter Jr., Mark",246,37,0.346,0.231,0.368,0.577,0.403,0.37,0.319,9,26,83.7,18.2,1781,86.6,86.91,11,48,43,0.30000000000001137,6.64,107,150,116,146,312,327,292,-0.808,0.808,70.8,7.5,26,21,7,0,0,2,5,19.2,0,0,2.71626,0.41077,0.43478,0.43478,91.7,165,33.33333333333333,9.523809523809524,7.6923076923076925,5.81,-1.11,0.22,2.24,0.346,2,0.887912088,0.319,0.551,-0.887912088,0.027,0.02699999999999997,0.026,0.033,22.9,47.4,12.437831672101748,-6.572682963359169,30.69661230018812,0.4791666666666667,35.726529758113195,34.994930513799645
90,670329,"Garcia, Rico",191,47.1,0,0,0,0,0.082,0.243,0.183,0,23,86.8,18.1,2467,90.1,89.53,11,39,51,-0.5999999999999943,5.92,108,152,118,146,305,319,285,5.4,-5.4,69.8,7.4,26,16,0,0,0,0,7,26.9,3,11.5,2.10733,0.71167,0.29875,0.29875,91.0,129,25,0,0,5.91,-1.43,0.62,2.25,0.115,0,-6,0.278,0.237,6,-0.183,-0.16300000000000003,-0.237,-0.161,28.2,46.6,10.851372410514257,-2.6621298493717225,28.414619806419132,0.48717948717948717,39.45444006332176,33.03349034634609
90,592094,"Adam, Jason",159,56.6,0.222,0.167,0.2,0.389,0.331,0.28,0.203,4,18,76.2,-0.3,2397,86.8,86.66,15,51,39,-0.09999999999999432,6.32,113,153,120,148,305,324,293,-0.75,0.75,69.9,7.8,21,16,3,0,0,1,2,9.5,2,9.5,2.65178,0.41511,0.46205,0.46205,91.0,112,25,6.25,4.761904761904762,6.32,-1.02,-0.04,2.51,0.333,1,0.833333333,0.317,0.277,-0.833333333,0.019,0.016000000000000014,0.112,0.051,29.4,36.0,15.450979174181736,-12.152384895544706,32.99026205302179,0.4318181818181818,36.694490501703285,36.524818507082834
90,681867,"Criswell, Cooper",227,39.6,0.19,0,0.211,0.19,0.189,0.264,0.244,4,21,92.1,4.7,2162,85.9,86.1,12,47,43,0.19999999999998863,6.64,110,149,115,143,306,319,294,1.801,-1.801,69.4,7.3,23,19,4,0,0,0,3,13,0,0,3.08556,0.06,0.285,0.285,92.5,95,52.63157894736842,5.263157894736842,4.3478260869565215,4.76,-1.75,0.27,2.28,0.217,1,-2.001111111,0.272,0.323,2.001111111,-0.054,-0.05500000000000002,-0.133,-0.075,25.5,7.8,7.924030256246075,-1.6839856533003508,31.86872248383941,0.4146341463414634,36.975707548784904,28.83345227131425
90,664199,"Clarke, Taylor",232,38.8,0.174,0.13,0.13,0.304,0.191,0.284,0.242,4,23,90,10.6,2174,90.9,90.67,7,44,46,-0.20000000000000284,6.08,107,150,118,148,303,320,291,1.988,-1.988,70.5,7.6,25,24,3,0,0,1,1,4,0,0,2.24289,0.53124,0.23844,0.23844,92.5,141,29.166666666666668,8.333333333333332,8,6.2,-0.73,0.24,2.11,0.16,2,-2.208888889,0.243,0.433,2.208888889,-0.068,-0.08299999999999999,-0.129,-0.093,15.9,46.0,9.87038919839523,-2.1290674263934934,29.77550657598504,0.6578947368421053,40.31248871338486,30.513840623006693
89,642207,"Williams, Devin",218,40.8,0.35,0.05,0.538,0.4,0.369,0.241,0.178,7,20,88,9.2,2412,88.7,89.75,15,42,47,1.0999999999999943,7.34,107,149,118,145,305,323,291,-0.753,0.753,69.9,7.4,22,13,6,1,0,0,7,31.8,2,9.1,2.34742,0.62816,1.39517,1.39517,91.1,135,23.076923076923077,15.384615384615385,9.090909090909092,5.28,-2.33,0.15,2.25,0.409,2,0.846067416,0.252,0.271,-0.846067416,0.172,0.15699999999999997,0.129,0.128,35.7,20.1,13.225431794822478,-8.576786890699239,32.91386710103178,0.4634146341463415,34.93129462795242,33.84050589345957
88,680704,"Sandlin, Nick",157,56.1,0.263,0.316,0.2,0.579,0.376,0.365,0.236,5,19,87.1,16.9,2549,81.9,82.05,11,38,50,0.19999999999998863,6.63,99,147,117,142,309,328,296,-1.879,1.879,70.8,7.7,22,17,3,0,0,2,3,13.6,2,9.1,2.89534,0.59068,-0.62261,-0.62261,91.6,188,35.294117647058826,11.76470588235294,9.090909090909092,4.27,-3.21,0.19,2.27,0.318,2,2.135227273,0.301,0.575,-2.135227273,0.027,0.017000000000000015,0.004,0.011,28.9,11.9,16.411665685098555,-16.014127170214607,33.533081564261124,0.6052631578947368,34.84953141588207,38.98234894210164
88,657097,"Webb, Jacob",249,35.3,0.391,0.217,0.4,0.609,0.441,0.443,0.377,9,23,93.5,16.4,2450,88.8,88.33,10,46,42,-0.5,6.33,102,154,117,150,305,324,294,-4.484,4.484,71.1,7.7,26,21,6,2,0,1,3,11.5,2,7.7,2.10102,0.86253,0.52205,0.52205,95.1,156,57.14285714285714,9.523809523809524,7.6923076923076925,5.54,-2.96,0.18,2.33,0.423,2,5.095454545,0.418,0.626,-5.095454545,0.014,0.0050000000000000044,-0.017,-0.002,21.7,32.8,12.823634348194112,-2.8812779375999478,31.433091207569934,0.5555555555555556,38.09110632574504,33.11309718367331
86,678022,"Perkins, Jack",208,41.3,0.25,0.05,0.357,0.3,0.305,0.324,0.259,5,20,90.5,21.3,2311,91.7,91.4,14,48,38,-0.29999999999999716,6.27,103,149,112,146,307,321,288,0.593,-0.593,67.0,6.8,23,14,4,1,0,0,6,26.1,3,13,2.03953,0.72667,0.07565,0.07565,91.7,185,42.857142857142854,7.142857142857142,4.3478260869565215,5.39,-2.26,0.35,2.43,0.348,1,-0.689534884,0.356,0.365,0.689534884,-0.009,-0.008000000000000007,-0.065,-0.019,29.2,33.9,5.277081649483856,1.122461040170744,29.221446266273134,0.5625,40.08837905246228,25.879592569197953
86,694918,"Tidwell, Blade",182,47.3,0.182,0.045,0.25,0.227,0.204,0.232,0.217,4,22,86.5,13.3,2561,89.8,90.06,19,46,40,0.29999999999999716,6.62,107,153,127,148,297,322,288,2.495,-2.495,67.0,7.1,23,16,3,1,0,0,6,26.1,1,4.3,2.03291,0.85198,-0.23859,-0.23859,92.0,125,43.75,0,0,6.08,-1.8,0.49,2.31,0.217,0,-2.901162791,0.251,0.263,2.901162791,-0.035,-0.034,-0.036,-0.028,41.3,41.0,5.5743993362154765,5.198107763664444,32.56054741390185,0.38636363636363635,37.75179106230364,25.69753768098996
86,806960,"Morales, Luis",212,40.6,0.458,0.5,0.421,0.958,0.62,0.435,0.313,11,24,90.5,22.5,2482,92.1,91.59,3,38,48,-0.5,6.1,104,150,115,146,309,325,293,-5.639,5.639,71.8,7.3,27,22,5,3,0,3,2,7.4,2,7.4,1.96477,0.7714,0.39558,0.39558,94.0,178,40.909090909090914,13.636363636363635,11.11111111111111,5.63,-1.88,0.01,2.23,0.519,3,6.556976744,0.389,0.631,-6.556976744,0.145,0.13,0.327,0.185,7.9,39.9,10.562791207518279,-5.282813792980656,31.591231100730823,0.6666666666666666,34.04436509179783,30.023522810887062
83,702275,"Ritchie, JR",279,29.7,0.059,0,0.071,0.059,0.151,0.199,0.107,1,17,82.9,-0.4,2373,89.8,90.23,6,32,51,0.4000000000000057,6.5,106,151,123,148,308,322,297,2.78,-2.78,70.7,7.2,20,14,1,0,0,0,3,15,3,15,2.69506,0.15902,0.39735,0.39735,90.6,104,28.57142857142857,0,0,5.39,-1.89,0.2,2.31,0.2,0,-3.34939759,0.248,0.131,3.34939759,-0.048,-0.04799999999999999,-0.072,-0.048,18.8,25.9,8.987244417350926,1.4424803606279464,31.809780301617955,0.6129032258064516,38.147217224043494,28.856122492064873
83,665660,"Alvarado, Elvis",182,45.6,0.25,0.1,0.294,0.35,0.337,0.376,0.256,5,20,91.5,20.8,2387,96.1,95.02,12,41,42,-1.0999999999999943,5.92,102,148,115,145,308,326,292,-0.128,0.128,73.9,7.3,24,17,3,2,0,0,3,12.5,4,16.7,1.6053,0.90627,1.00458,1.00458,92.5,204,47.05882352941176,11.76470588235294,8.333333333333332,5.7,-2.42,0.08,2.37,0.375,2,0.154216867,0.38,0.477,-0.154216867,-0.006,-0.0050000000000000044,-0.127,-0.039,29.3,22.1,7.331448605467749,1.832701420905592,29.914050341979195,0.4878048780487805,36.50799713498659,26.724414444524413
83,656848,"Petersen, Michael",195,42.6,0.235,0,0.364,0.235,0.265,0.242,0.167,4,17,91.2,21.2,2145,91.3,90.97,5,32,51,-0.29999999999999716,6.33,109,154,123,147,305,326,295,0.882,-0.882,71.2,7.5,19,11,4,0,0,0,6,31.6,2,10.5,1.93157,0.85807,0.31951,0.31951,90.5,145,27.27272727272727,9.090909090909092,5.263157894736842,6.49,-1.1,-0.05,2.02,0.316,1,-1.062650602,0.255,0.272,1.062650602,0.068,0.061,-0.037,0.023,15.6,51.4,11.79521264884986,3.7081891433096743,32.74423142231723,0.7096774193548387,35.3962417589351,30.29069406277238
82,701552,"Granillo, Andre",165,49.7,0.467,0.267,0.429,0.733,0.563,0.509,0.439,7,15,94.4,18.7,2314,87.2,86.79,1,30,52,-0.4000000000000057,6.03,105,149,121,147,304,322,296,-3.859,3.859,69.9,7.1,19,15,5,1,0,1,0,0,4,21.1,2.40256,0.63915,0.06753,0.06753,93.0,173,46.666666666666664,13.333333333333334,10.526315789473683,6.55,-1.02,0.08,2.46,0.579,2,4.706097561,0.557,0.622,-4.706097561,0.028,0.02199999999999991,0.111,0.054,3.3,43.1,10.37405312477444,-0.2642484260207696,30.25786033087422,0.5333333333333333,35.1624942147222,30.011789365452724
81,687606,"Schultz, Paxton",182,44.5,0.25,0.3,0.308,0.55,0.358,0.457,0.295,5,20,92.4,27.8,2173,90.3,89.91,11,36,45,-0.3999999999999915,6.05,105,151,122,148,312,323,301,-0.754,0.754,69.1,7.0,21,14,2,1,1,1,6,28.6,0,0,1.89247,0.91247,0.1925,0.1925,92.9,211,50,28.57142857142857,19.047619047619047,5.88,-2.54,0.46,2.49,0.286,4,0.930864198,0.329,0.77,-0.930864198,-0.045,-0.04300000000000004,-0.22,-0.099,30.6,35.0,4.9231167587482165,1.406595548085067,33.28458408326226,0.6176470588235294,38.15752074438404,27.722375720229795
80,683769,"Gaddis, Hunter",121,66.1,0.263,0,0.357,0.263,0.27,0.229,0.202,5,19,90.5,12.6,2250,90.6,91.52,15,40,40,0.9000000000000057,6.83,110,153,124,146,300,326,306,0.645,-0.645,68.4,7.8,22,14,5,0,0,0,6,27.3,2,9.1,2.0885,0.70237,-0.17538,-0.17538,92.8,149,35.714285714285715,0,0,6.28,-2.31,0.33,2.27,0.318,0,-0.80625,0.266,0.23,0.80625,0.061,0.05199999999999999,0.033,0.041,37.5,37.0,12.367704774244059,-4.997359136439238,27.09617270394542,0.6451612903225806,41.727408697132,32.10230040907635
79,666374,"Brash, Matt",149,53,0.059,0.059,0.077,0.118,0.106,0.267,0.182,1,17,87.6,15.1,2661,90,90.2,9,33,46,0.20000000000000284,6.57,106,148,112,143,306,320,293,3.409,-3.409,66.1,7.2,20,14,0,1,0,0,5,25,0,0,2.60481,0.25481,-0.33949,-0.33949,93.4,151,50,7.142857142857142,5,5.24,-2.59,0.47,2.15,0.105,1,-4.315189873,0.249,0.32,4.315189873,-0.123,-0.14400000000000002,-0.202,-0.161,27.3,30.5,7.231531821979737,-0.4708505611865439,32.55176261785486,0.6129032258064516,40.30094114425374,32.67077541200894
78,472610,"García, Luis",165,47.3,0.579,0.263,0.647,0.842,0.63,0.456,0.384,11,19,93.3,15.1,2189,88.7,88.77,8,41,37,0.09999999999999432,6.54,108,148,116,143,297,318,286,-5.009,5.009,71.9,7.7,21,17,6,5,0,0,2,9.5,2,9.5,2.34538,0.615,0.33474,0.33474,92.7,151,70.58823529411765,5.88235294117647,4.761904761904762,6.25,-1.84,0.25,1.89,0.619,1,6.421794872,0.443,0.624,-6.421794872,0.195,0.176,0.218,0.174,19.5,42.6,10.973943352293558,-6.714954455137994,32.079413740967894,0.45,36.95357121546168,32.60848972568938
77,683618,"Henriquez, Edgardo",173,44.5,0.143,0.048,0.2,0.19,0.218,0.241,0.175,3,21,77.2,2.9,2454,96.7,97.26,6,35,42,0.5999999999999943,6.47,109,151,121,146,306,318,293,2.508,-2.508,67.1,6.8,24,15,2,1,0,0,6,25,2,8.3,1.75909,0.69299,0.68727,0.68727,91.7,121,33.33333333333333,0,0,5.95,-2.05,-0.05,2.58,0.25,0,-3.257142857,0.278,0.218,3.257142857,-0.032,-0.028000000000000025,-0.028,-0.023,17.1,35.9,6.402510267054023,-0.35349604049776495,27.97509884800815,0.5882352941176471,34.51848561842532,29.502485795508854
76,685005,"Roa, Christian",178,42.7,0.313,0.063,0.385,0.375,0.372,0.349,0.276,5,16,91.4,15.8,2193,93,93.27,10,41,35,0.29999999999999716,6.45,104,149,121,146,302,332,293,-0.877,0.877,68.9,6.7,19,13,4,1,0,0,3,15.8,1,5.3,2.05803,0.59276,0.56145,0.56145,91.2,121,53.84615384615385,7.6923076923076925,5.263157894736842,6.3,-2.17,0.07,2.51,0.421,1,1.153947368,0.39,0.372,-1.153947368,0.037,0.030999999999999972,0.003,0.023,24.4,37.2,5.774241847243431,8.250010440127815,30.786582216058545,0.475,36.002642589588746,25.609676203288736
75,664126,"Fairbanks, Pete",170,44.1,0.176,0.118,0.273,0.294,0.217,0.165,0.135,3,17,88.2,41.7,2481,92.4,91.76,13,38,37,-0.6000000000000085,6.17,104,153,118,147,307,323,292,1.287,-1.287,69.9,7.6,19,11,2,0,1,0,7,36.8,1,5.3,1.86453,0.86053,-0.18267,-0.18267,91.6,180,36.36363636363637,9.090909090909092,5.263157894736842,6.85,-0.42,0.21,2.33,0.211,1,-1.716,0.182,0.162,1.716,0.041,0.028999999999999998,0.132,0.052,34.2,52.6,14.64798928759816,-6.083329647514676,29.969054758163516,0.6486486486486487,40.367960130595314,32.187784812803436
74,702056,"Yesavage, Trey",156,47.4,0.25,0.125,0.364,0.375,0.321,0.242,0.163,4,16,79.1,33.5,2119,89.6,89.24,8,37,37,-0.3999999999999915,6.05,102,152,117,148,301,322,282,0.27,-0.27,72.3,7.4,18,11,2,2,0,0,5,27.8,2,11.1,1.69473,1.17351,0.58405,0.58405,90.3,155,18.181818181818183,9.090909090909092,5.555555555555555,7.18,-0.41,-0.03,2.25,0.333,1,-0.364864865,0.256,0.266,0.364864865,0.087,0.07700000000000001,0.109,0.079,21.6,63.5,12.232011212183247,-5.9104362121347265,32.11787739272277,0.7142857142857143,34.00269899299017,32.06843580961215
74,606303,"Payamps, Joel",151,49,0.357,0.5,0.375,0.857,0.551,0.485,0.323,5,14,91.7,12.8,2575,89.1,88.87,6,33,41,-0.19999999999998863,6.06,105,147,121,143,317,323,296,-2.283,2.283,69.8,7.1,17,10,2,1,0,2,4,23.5,3,17.6,2.3,0.58676,-0.10176,-0.10176,90.9,186,30,20,11.76470588235294,5.52,-2.47,0.08,2.39,0.471,2,3.085135135,0.443,0.715,-3.085135135,0.034,0.02799999999999997,0.142,0.066,18.2,28.0,7.359680348627515,1.0547736292265015,32.825639549558474,0.45454545454545453,36.77991913081217,29.363133090318506
74,680742,"Bowlan, Jonathan",174,42.5,0.25,0.125,0.444,0.375,0.27,0.22,0.201,4,16,86.3,17.7,2413,92.4,92.69,10,30,44,0.29999999999999716,6.61,105,151,119,147,294,323,290,1.307,-1.307,67.2,6.9,16,9,3,0,1,0,7,43.8,0,0,1.92946,0.80411,0.20027,0.20027,90.9,155,33.33333333333333,11.11111111111111,6.25,6.28,-2.64,0.39,2.43,0.25,1,-1.766216216,0.201,0.311,1.766216216,0.049,0.04899999999999999,0.064,0.05,33.3,41.4,5.311279404283904,7.680210749584975,29.562910481147895,0.4666666666666667,37.12985332359152,25.34063066995667
73,691946,"Klassen, George",145,50.3,0.286,0.429,0.2,0.714,0.576,0.59,0.375,2,7,92,-0.5,2228,92.5,92.28,8,24,49,-0.20000000000000284,6.46,108,150,114,145,311,330,299,-3.83,3.83,71.2,7.4,15,6,1,0,0,1,1,6.7,8,53.3,2.10397,0.61123,0.71028,0.71028,93.2,142,50,33.33333333333333,13.333333333333334,5.57,-3.04,0.36,2.18,0.667,2,5.246575342,0.709,0.705,-5.246575342,-0.089,-0.041999999999999926,0.009,-0.014,33.3,39.7,8.23627476746959,0.23928042594401377,32.44253450086146,0.375,36.83796964277107,30.533969349505682
73,669371,"Henry, Cole",138,52.9,0.357,0.286,0.4,0.643,0.484,0.417,0.31,5,14,83.5,31.9,2573,88.7,89,9,33,40,0.29999999999999716,6.51,108,151,124,150,304,317,292,-2.227,2.227,68.0,7.5,17,11,3,1,0,1,3,17.6,2,11.8,2.22247,0.72082,0.0263,0.0263,89.9,172,18.181818181818183,9.090909090909092,5.88235294117647,5.36,-2.4,0.31,2.47,0.471,1,3.050684932,0.432,0.507,-3.050684932,0.047,0.03899999999999998,0.136,0.067,27.3,21.3,11.753684774342922,-3.6265808148961476,29.388763667616256,0.5757575757575758,37.81895967632054,31.949664769029553
71,670183,"Acton, Garrett",119,59.7,0.214,0.143,0.3,0.357,0.263,0.26,0.224,3,14,94.7,20.9,2494,89.9,89.34,8,31,40,-0.6000000000000085,6.01,106,151,121,145,296,320,281,-0.41,0.41,68.3,7.3,16,10,1,2,0,0,5,31.3,0,0,1.89423,0.95014,0.07056,0.07056,92.5,210,40,10,6.25,6.02,-1.93,0.2,2.48,0.25,1,0.577464789,0.265,0.33,-0.577464789,-0.01,-0.015000000000000013,0.027,0.003,25.8,44.2,10.64753430053957,0.9589109655699211,30.343365138858125,0.6451612903225806,37.78537151230186,30.48772074948107
70,455119,"Martin, Chris",104,67.3,0.389,0.389,0.462,0.778,0.513,0.459,0.392,7,18,96.9,20.2,2156,92.2,92.38,12,41,29,0.20000000000000284,6.47,109,151,114,148,306,328,303,-2.831,2.831,67.6,6.9,19,14,2,4,0,1,4,21.1,0,0,1.835,0.86314,0.40529,0.40529,92.8,220,57.14285714285714,14.285714285714285,10.526315789473683,6.26,-2.75,-0.18,2.45,0.421,2,4.044285714,0.424,0.656,-4.044285714,-0.003,-0.0030000000000000027,0.122,0.054,29.3,42.3,5.124273242200621,9.66602940689648,33.56250221968528,0.5365853658536586,34.225886997873566,23.818864334468586
70,669212,"Morgan, Eli",167,41.9,0.176,0.176,0.154,0.353,0.279,0.402,0.314,3,17,89.2,14.8,2280,84.2,84.44,4,31,39,0.20000000000000284,6.36,105,152,122,149,295,318,282,0.908,-0.908,63.3,7.2,19,14,2,0,0,1,3,15.8,2,10.5,2.589,0.65671,0.58086,0.58086,92.5,133,57.14285714285714,7.142857142857142,5.263157894736842,5.84,-0.39,0.3,2.47,0.263,1,-1.297142857,0.386,0.554,1.297142857,-0.138,-0.123,-0.201,-0.123,12.9,50.8,8.441932696101729,-8.084819098191117,30.36410334968979,0.5161290322580645,37.38366531186499,34.17131669590323
70,664854,"Helsley, Ryan",196,35.7,0.3,0.1,0.333,0.4,0.401,0.452,0.372,3,10,86,9.3,2477,91.7,92.13,10,34,36,0.3999999999999915,6.61,104,148,119,142,302,314,286,-1.251,1.251,68.0,7.4,13,9,2,1,0,0,1,7.7,3,23.1,2.06414,0.679,-0.14406,-0.14406,90.6,135,55.55555555555556,0,0,6.19,-0.14,0.29,1.79,0.462,0,1.787142857,0.517,0.494,-1.787142857,-0.072,-0.05499999999999999,-0.094,-0.051,29.4,64.1,9.859848290535421,-4.8197417128938795,33.61367214550997,0.4117647058823529,38.05200607224905,31.67608544327839
69,605447,"Romano, Jordan",192,35.9,0.4,0.133,0.5,0.533,0.446,0.381,0.317,6,15,88.8,3.6,2250,88.9,90.37,7,28,41,1.5,7.36,114,151,116,149,304,330,295,-1.545,1.545,69.4,7.6,17,12,4,2,0,0,3,17.6,2,11.8,2.44087,0.48304,-0.03059,-0.03059,94.7,150,50,8.333333333333332,5.88235294117647,6.09,-1.5,0.39,1.87,0.471,1,2.239130435,0.397,0.466,-2.239130435,0.083,0.07399999999999995,0.067,0.065,25,55.8,10.881908313703512,-6.4461883279111385,33.323910367037385,0.4074074074074074,37.50434078301953,32.9772782776338
68,669093,"Estrada, Jeremiah",131,51.9,0.2,0.067,0.375,0.267,0.265,0.334,0.249,3,15,84.3,24.4,1962,90.7,91.9,13,32,36,1.2000000000000028,7.16,113,148,117,144,298,326,293,1.277,-1.277,68.0,7.3,17,8,2,1,0,0,7,41.2,2,11.8,1.64103,1.20687,0.21809,0.21809,90.3,182,37.5,25,11.76470588235294,5.77,-0.4,-0.03,2.65,0.294,2,-1.877941176,0.337,0.42,1.877941176,-0.049,-0.04300000000000004,-0.153,-0.069,40.6,69.2,10.615856296184036,2.0929749268317686,29.379620418274122,0.5483870967741935,36.672828596721665,28.77659993774509
68,800311,"Fuentes, Didier",175,38.9,0.143,0,0.182,0.143,0.191,0.232,0.145,2,14,86.5,13.9,2157,94.5,95.24,8,28,40,0.7000000000000028,6.79,102,150,121,146,313,323,298,1.828,-1.828,69.3,7.0,17,11,2,0,0,0,4,23.5,1,5.9,1.51265,1.06426,0.60544,0.60544,90.5,187,18.181818181818183,9.090909090909092,5.88235294117647,5.09,-2.52,0.54,2.29,0.235,1,-2.688235294,0.238,0.274,2.688235294,-0.002,-0.0030000000000000027,-0.131,-0.041,28.6,27.5,3.578597672058741,7.349150238652754,31.337677247481164,0.32142857142857145,40.91878502118126,23.791804420541943
66,554430,"Wheeler, Zack",178,37.1,0.176,0.118,0.273,0.294,0.232,0.25,0.179,3,17,95.1,8.3,2498,89,90.15,9,30,36,1.2000000000000028,7.05,100,150,115,147,299,326,293,1.722,-1.722,71.0,7.3,18,11,1,2,0,0,6,33.3,1,5.6,2.38697,0.55615,0.26576,0.26576,93.0,150,54.54545454545454,9.090909090909092,5.555555555555555,4.98,-1.91,0.16,2.13,0.222,1,-2.609090909,0.225,0.353,2.609090909,-0.003,-0.0030000000000000027,-0.059,-0.018,30,23.5,6.4955485109430615,-1.4883815502173903,29.016437256609283,0.4666666666666667,36.59565687395772,30.787929974094183
66,572143,"Smith, Burch",133,49.6,0.125,0.125,0.2,0.25,0.221,0.289,0.215,2,16,99.4,7.7,2393,88.5,89.18,9,30,36,0.7000000000000028,6.75,112,152,117,148,306,326,294,1.857,-1.857,71.5,7.1,18,10,0,2,0,0,6,33.3,2,11.1,2.54258,0.40515,-0.12106,-0.12106,94.6,164,88.88888888888889,0,0,5.62,-2.39,0.05,2.5,0.222,0,-2.813636364,0.308,0.33,2.813636364,-0.09,-0.086,-0.08,-0.068,30,38.1,8.426022871194192,-0.8781541056068369,31.653424340941218,0.5333333333333333,35.33983711124957,30.785679621630102
66,682610,"Muñoz, Roddery",113,58.4,0.455,0.636,0.429,1.091,0.671,0.471,0.283,5,11,92.6,20.8,2427,90.7,90.02,9,25,41,-0.7000000000000028,6.09,109,152,124,145,295,326,294,-5.225,5.225,70.0,7.6,15,9,2,1,0,2,2,13.3,4,26.7,2.53167,0.27924,0.17561,0.17561,93.0,185,66.66666666666666,22.22222222222222,13.333333333333334,5.74,-1.67,0.82,1.97,0.6,2,7.916666667,0.474,0.635,-7.916666667,0.172,0.126,0.456,0.2,36,37.0,14.500874392468138,-5.45463185499639,32.44493801838812,0.44,39.39204633626786,31.942004788007463
66,664353,"Urquidy, José",131,50.4,0.533,0.267,0.636,0.8,0.593,0.331,0.279,8,15,90.5,5.8,2328,86.9,86.08,12,39,27,-0.8000000000000114,5.9,105,145,117,142,294,321,289,-4.07,4.07,68.8,7.4,16,12,6,1,0,1,3,18.8,1,6.3,2.29,0.79308,0.50242,0.50242,92.1,135,50,16.666666666666664,12.5,5.87,-1.24,0.12,2.1,0.563,2,6.166666667,0.324,0.439,-6.166666667,0.254,0.23899999999999993,0.361,0.262,30.8,48.7,14.19533075722836,-7.096483473491672,32.02984093187293,0.6578947368421053,37.286001273405205,33.51186752863039
65,686751,"Johnson, Seth",90,72.2,0.182,0,0.25,0.182,0.311,0.335,0.21,2,11,79.2,10,2483,92.4,92.49,5,24,41,0.09999999999999432,6.43,100,147,118,143,291,319,286,-0.801,0.801,68.8,7.2,15,8,2,0,0,0,3,20,3,20,1.91969,0.80047,0.08692,0.08692,88.9,128,12.5,0,0,5.71,-1,0.06,2.42,0.4,0,1.232307692,0.421,0.243,-1.232307692,-0.028,-0.020999999999999963,-0.061,-0.024,20.8,47.0,12.832994735999664,-4.372516455721263,30.904503044014746,0.782608695652174,36.58211247048015,32.15604635580916
65,681035,"Scott, Christian",117,55.6,0.167,0.25,0.2,0.417,0.367,0.364,0.182,2,12,94.7,17.5,2261,91.1,91.67,8,31,34,0.6000000000000085,6.89,105,152,124,149,326,324,297,-1.273,1.273,70.1,7.0,16,6,1,0,0,1,6,37.5,2,12.5,1.84815,0.97169,0.23292,0.23292,91.0,172,50,16.666666666666664,6.25,5.28,-3.13,0.05,2.56,0.375,1,1.958461538,0.387,0.391,-1.958461538,-0.015,-0.01200000000000001,0.026,0.003,25.8,29.9,6.699241780787254,0.5774903384113685,35.63261846845254,0.3548387096774194,34.00308338316272,27.22279418350331
65,445276,"Jansen, Kenley",159,40.9,0.313,0.188,0.333,0.5,0.356,0.317,0.296,5,16,82.1,23.2,2659,91.7,92.73,10,32,33,1,6.97,113,153,118,147,301,328,297,0.044,-0.044,71.6,7.3,16,13,4,0,0,1,3,18.8,0,0,1.57708,1.15262,-0.48677,-0.48677,90.2,207,23.076923076923077,7.6923076923076925,6.25,6.46,-1.6,0.18,2.62,0.313,1,-0.067692308,0.296,0.44,0.067692308,0.017,0.017000000000000015,0.06,0.039,31.3,63.8,10.836948061807224,-2.5696689978761778,29.9926830066709,0.6451612903225806,37.37187634588582,30.299078487378942
64,670912,"Oviedo, Johan",72,88.9,0.462,0.615,0.444,1.077,0.623,0.505,0.336,6,13,91.8,20.3,2290,87,88.13,5,33,31,1.0999999999999943,7.16,109,151,118,146,289,322,278,-4.151,4.151,69.8,7.4,16,11,2,2,0,2,3,18.8,1,6.3,2.59734,0.50333,-0.07328,-0.07328,92.3,176,63.63636363636363,27.27272727272727,18.75,5.46,-2.85,0.13,2.18,0.5,3,6.4859375,0.408,0.827,-6.4859375,0.126,0.09200000000000003,0.25,0.118,15.2,23.3,11.1021050879832,-13.737651915630996,33.22456188953853,0.59375,35.57690363283712,34.53031783976815
64,679883,"Avila, Luinder",178,36,0.385,0.231,0.5,0.615,0.454,0.386,0.329,5,13,92.1,4.2,2570,92.3,92.93,5,27,37,0.6000000000000085,6.7,115,152,126,149,294,315,284,-0.81,0.81,69.3,7.5,14,10,2,3,0,0,3,21.4,1,7.1,2.17797,0.52516,0.09375,0.09375,93.7,178,60,10,7.142857142857142,6.11,-1.92,0.21,2.15,0.429,1,1.265625,0.377,0.515,-1.265625,0.056,0.05199999999999999,0.1,0.068,18.5,52.9,11.506276762839038,-3.260895756357703,27.358512035437332,0.6,40.670094302873565,30.90891613288093
62,669270,"Kuhnel, Joel",159,39,0.294,0,0.333,0.294,0.312,0.381,0.347,5,17,89.1,9.6,2300,93.4,93.86,6,32,30,0.5,6.64,106,151,117,147,308,328,296,0.424,-0.424,71.0,7.3,19,15,5,0,0,0,2,10.5,2,10.5,2.07323,0.55065,0.77919,0.77919,93.0,98,46.666666666666664,0,0,6.33,-1.2,0.06,2.11,0.368,0,-0.683870968,0.416,0.445,0.683870968,-0.053,-0.04799999999999999,-0.151,-0.069,18.8,39.7,13.647306323149513,-1.2403997220241922,32.50762062805823,0.6129032258064516,34.784643038300615,29.818667933854638
61,647315,"Pop, Zach",130,46.9,0.267,0.133,0.333,0.4,0.291,0.339,0.315,4,15,94.2,10.3,2267,93.4,93.59,3,27,34,0.19999999999998863,6.55,102,143,113,141,292,324,288,0.775,-0.775,65.2,6.5,15,12,2,2,0,0,3,20,0,0,2.17361,0.46541,0.87148,0.87148,92.4,146,50,8.333333333333332,6.666666666666667,5.65,-2.01,-0.09,2.16,0.267,1,-1.270491803,0.315,0.477,1.270491803,-0.048,-0.04799999999999999,-0.077,-0.048,11.1,29.3,7.177667585484442,5.516051672900665,31.24349463165134,0.52,35.605636383389005,29.530789826316205
60,671382,"Foster, Cameron",154,39,0.5,0.083,0.6,0.583,0.539,0.359,0.26,6,12,89.9,13.1,2525,91.7,92.19,8,23,37,0.5,6.65,103,152,123,144,305,320,294,-2.669,2.669,68.7,7.3,16,10,5,1,0,0,2,12.5,4,25,1.87333,0.87017,0.24667,0.24667,90.4,128,20,0,0,6.21,-0.92,0.46,2.33,0.625,0,4.448333333,0.445,0.296,-4.448333333,0.24,0.18,0.287,0.18,34.8,48.9,9.201596587555343,-1.447048898432338,28.506367987365152,0.43478260869565216,38.39677895905377,31.639454981490516
59,681810,"Warren, Austin",91,64.8,0.154,0,0.222,0.154,0.18,0.224,0.195,2,13,87.1,17,2619,88.3,88.42,6,27,32,0.10000000000000853,6.41,107,149,117,143,310,323,291,1.519,-1.519,69.3,7.3,14,9,2,0,0,0,4,28.6,1,7.1,2.81559,0.13153,-0.42644,-0.42644,89.5,182,22.22222222222222,0,0,4.91,-2.45,0.58,2,0.214,0,-2.574576271,0.252,0.239,2.574576271,-0.041,-0.038000000000000006,-0.085,-0.044,22.2,27.5,5.621971477048352,2.239523709733945,32.019176166939744,0.5555555555555556,41.07581204052216,25.870387819468057
58,628452,"Iglesias, Raisel",120,48.3,0.188,0.063,0.375,0.25,0.193,0.117,0.116,3,16,88.6,42.5,2216,92.8,92.49,20,37,21,-0.29999999999999716,6.12,113,152,126,147,312,322,296,1.367,-1.367,71.2,7.3,16,8,2,1,0,0,8,50,0,0,1.76707,0.88983,0.92966,0.92966,92.5,170,37.5,0,0,5.47,-1.78,0.15,2.34,0.188,0,-2.356896552,0.116,0.152,2.356896552,0.072,0.072,0.098,0.076,54.1,31.3,12.147929041509576,-5.45590902153073,30.038084795415827,0.5555555555555556,35.77779561298045,32.72591781574426
55,552640,"Kittredge, Andrew",80,68.8,0.417,0.083,0.556,0.5,0.407,0.256,0.262,5,12,82.4,6.2,2428,91.7,91.91,8,30,25,0.20000000000000284,6.47,105,150,116,142,303,319,287,-0.153,0.153,69.7,7.5,12,9,4,1,0,0,3,25,0,0,2.19473,0.52782,0.396,0.396,90.0,121,22.22222222222222,11.11111111111111,8.333333333333332,5.88,-1.71,0.09,1.98,0.417,1,0.278181818,0.262,0.33,-0.278181818,0.155,0.15499999999999997,0.17,0.151,26.7,39.1,11.088956507360578,-0.9757273392700592,35.90506882478701,0.4482758620689655,37.43928207265342,29.783221993740185
53,691945,"Baumler, Carter",117,45.3,0.111,0,0.2,0.111,0.29,0.352,0.187,1,9,93.2,17.6,2397,88.7,88.99,8,21,32,0.29999999999999716,6.62,105,151,118,145,303,329,300,0.411,-0.411,69.5,7.9,13,5,1,0,0,0,4,30.8,3,23.1,2.84925,0.08943,0.0583,0.0583,92.2,145,40,0,0,5.54,-1.62,0.24,2,0.385,0,-0.775471698,0.437,0.25,0.775471698,-0.076,-0.05199999999999999,-0.139,-0.062,38.1,41.6,12.990177648774505,-11.82736175445854,31.50882760461868,0.42857142857142855,38.88906966624997,37.22111761682155
53,686560,"Collyer, Gavin",129,41.1,0,0,0,0,0.244,0.313,0.115,0,8,87.4,9.4,2570,93.2,92.45,3,19,34,-0.7000000000000028,6.08,102,152,118,147,300,328,298,0.79,-0.79,69.2,7.0,12,5,0,0,0,0,3,25,1,8.3,2.29,0.37132,0.47358,0.47358,89.5,111,0,0,0,5.08,-3.9,-0.01,2.82,0.333,0,-1.490566038,0.41,0.126,1.490566038,-0.115,-0.07699999999999996,-0.126,-0.069,15.8,18.7,6.256023366269417,7.643112583828281,29.801793566526822,0.5,39.64358014039547,26.107305882022523
53,686790,"McDonald, Trevor",81,65.4,0,0,0,0,0,0.136,0.145,0,16,87.3,-6.9,2510,91.2,91.98,8,32,21,0.7999999999999972,6.69,109,154,125,148,295,308,292,4.212,-4.212,73.8,10.1,16,11,0,0,0,0,5,31.3,0,0,2.78453,-0.03547,0.53849,0.53849,91.0,85,36.36363636363637,0,0,5.16,-2.03,0.16,2.11,0,0,-7.947169811,0.145,0.163,7.947169811,-0.145,-0.145,-0.163,-0.136,25,,3.836375580282068,3.64714022238255,28.907499630017668,0.4,37.773617164382486,26.42384521879067
52,615698,"Quantrill, Cal",178,29.2,0.154,0.231,0.1,0.385,0.229,0.258,0.191,2,13,88,30.2,2037,90.5,90.78,3,25,27,0.29999999999999716,6.41,106,151,118,148,297,326,296,0.35,-0.35,72.8,7.2,13,11,1,0,0,1,2,15.4,0,0,1.97923,0.81712,0.67538,0.67538,92.5,151,45.45454545454545,9.090909090909092,7.6923076923076925,6.27,-1.31,-0.15,2.45,0.154,1,-0.673076923,0.191,0.422,0.673076923,-0.037,-0.037000000000000005,-0.037,-0.029,12,44.9,8.604214732444966,0.41893868615981256,31.76283534817001,0.5652173913043478,32.73514638282685,27.24155437009736
51,623149,"Sewald, Paul",170,30,0,0,0,0,0.044,0.162,0.124,0,15,89.8,30.3,2520,88.1,87.85,12,31,20,-0.19999999999998863,6.35,112,151,119,149,304,324,291,3.469,-3.469,69.2,7.1,16,8,0,0,0,0,7,43.8,1,6.3,2.05529,0.92412,0.3549,0.3549,90.6,175,25,0,0,4.56,-3.63,0.01,2.69,0.063,0,-6.801960784,0.179,0.166,6.801960784,-0.124,-0.11599999999999999,-0.166,-0.118,38.7,16.3,6.199635809809174,2.820343907216824,31.03784700207117,0.3870967741935484,36.23816622298857,27.138752396060756
50,683409,"Chivilli, Angel",60,83.3,0.286,0.571,0.25,0.857,0.565,0.461,0.175,2,7,79.6,27,2004,91.7,91.32,7,18,32,-0.4000000000000057,6.22,109,153,130,149,302,324,279,-1.922,1.922,71.3,7.9,11,5,0,1,0,1,2,18.2,3,27.3,2.0814,0.6546,0.76041,0.76041,94.7,183,20,20,9.090909090909092,5.65,-2.51,0.05,1.94,0.545,1,3.844,0.475,0.608,-3.844,0.111,0.07000000000000006,0.249,0.104,38.9,31.6,19.340151646519978,-23.124283367804097,35.169297906110245,0.4117647058823529,31.370382582667514,42.27867097590662
50,688297,"Roycroft, Chris",97,51.5,0.7,0.3,0.667,1,0.74,0.425,0.333,7,10,79.1,-20.5,2085,93.3,94.05,0,21,29,0.7000000000000028,6.81,100,144,114,142,303,327,288,-5.309,5.309,67.2,7.0,14,11,6,0,0,1,0,0,3,21.4,2.4072,0.2248,0.8532,0.8532,91.8,99,36.36363636363637,9.090909090909092,7.142857142857142,5.28,-1.63,0,2.05,0.769,1,10.618,0.487,0.45,-10.618,0.367,0.28200000000000003,0.55,0.315,0,22.7,0.6107787272539584,0.13319967625158036,33.05286488776419,0.3333333333333333,36.70270468282367,25.841779595275078
50,518886,"Kimbrel, Craig",109,45.9,0.083,0,0.143,0.083,0.069,0.123,0.137,1,12,91.8,17.3,2369,90.7,90.91,9,28,22,0.20000000000000284,6.68,99,149,117,144,302,321,289,2.916,-2.916,62.2,6.3,13,7,1,0,0,0,6,46.2,0,0,1.9584,0.856,0.4844,0.4844,90.1,196,42.857142857142854,0,0,4.72,-3.09,0.41,2.39,0.077,0,-5.832,0.126,0.17,5.832,-0.054,-0.049,-0.087,-0.054,32.1,23.3,-2.5336360212500346,5.249142451350486,32.27400183072567,0.39285714285714285,37.86075548824543,24.436747318319217
50,547184,"Kelly, Michael",79,63.3,0.417,0.25,0.444,0.667,0.521,0.381,0.294,5,12,82.9,23.5,2632,89.1,88.2,5,23,27,-0.8999999999999915,5.83,109,149,117,146,310,326,288,-2.043,2.043,65.6,6.9,15,10,4,0,0,1,2,13.3,3,20,2.52,0.3918,-0.3136,-0.3136,91.5,159,30,10,6.666666666666667,5.79,-1.59,0.32,2.11,0.533,1,4.086,0.435,0.392,-4.086,0.123,0.09800000000000003,0.275,0.14,21.7,27.0,5.550438670089776,2.0335172264499235,31.91974668421847,0.36363636363636365,36.45876298221105,29.03771917633396
49,656686,"Martin, Corbin",100,49,0.111,0,0.143,0.111,0.252,0.308,0.178,1,9,89,12.1,2507,92,91.84,11,25,24,-0.20000000000000284,6.4,104,154,120,150,305,327,298,0.435,-0.435,72.2,7.6,12,7,1,0,0,0,2,16.7,3,25,1.96306,0.76571,0.03755,0.03755,91.4,152,42.857142857142854,0,0,5.77,-1.24,0.14,2.64,0.333,0,-0.887755102,0.384,0.223,0.887755102,-0.067,-0.05099999999999999,-0.112,-0.056,44,42.9,7.721816993261227,-2.5432830723032938,32.69928850294548,0.625,39.208997122394855,29.058960661928342
49,681252,"Anderson, Jack",126,38.9,0.375,0.25,0.357,0.625,0.435,0.5,0.383,6,16,88.5,15.2,2076,83.8,83.68,4,27,22,-0.09999999999999432,6.22,110,152,123,145,275,314,286,-2.531,2.531,70.1,7.6,16,15,4,1,0,1,1,6.3,0,0,2.70449,0.58354,-0.3551,-0.3551,92.3,194,40,20,18.75,6.35,0.12,0.37,2.43,0.375,3,5.165306122,0.383,0.8,-5.165306122,-0.008,-0.008000000000000007,-0.175,-0.065,14.8,62.7,11.219870997394876,-6.157021868274374,30.465185589440118,0.6666666666666666,39.392439466801015,33.46330869703689
48,669165,"Hurt, Kyle",92,52.2,0.214,0,0.3,0.214,0.26,0.311,0.265,3,14,88.2,23.6,1900,93.8,93.91,7,22,26,0.10000000000000853,6.53,108,154,123,149,303,322,291,0.757,-0.757,72.4,7.5,16,10,3,0,0,0,4,25,1,6.3,1.49562,1.14128,0.79854,0.79854,95.0,200,20,0,0,5.68,-1.08,0.42,2.39,0.313,0,-1.577083333,0.357,0.312,1.577083333,-0.051,-0.043999999999999984,-0.098,-0.051,31.8,44.8,10.120342154689109,-2.0585061998076033,29.17727372410777,0.6818181818181818,37.23277890064269,30.09281084940987
48,689520,"Laweryson, Cody",95,50.5,0.167,0.167,0.2,0.333,0.267,0.372,0.287,2,12,90.2,18.2,2302,89.7,89.65,3,20,28,0,6.47,110,146,118,141,300,321,284,0.96,-0.96,71.7,7.3,15,10,0,2,0,0,3,20,1,6.7,1.96063,0.90521,0.84792,0.84792,92.9,184,50,0,0,5.34,-1.79,0.11,2.27,0.267,0,-2,0.409,0.38,2,-0.12,-0.14199999999999996,-0.047,-0.105,15,27.8,6.069817791920573,4.209501426265163,29.91768890141831,0.45,37.35875787046341,27.960744172891584
48,681168,"Curvelo, Luis",71,67.6,0.333,0.333,0.375,0.667,0.43,0.298,0.262,4,12,93.1,16.4,2078,88.9,88.57,8,28,20,-0.30000000000001137,6.2,108,152,119,148,304,320,301,-0.814,0.814,71.9,7.6,12,9,2,1,0,1,3,25,0,0,2.20063,0.72917,0.6375,0.6375,92.5,196,44.44444444444444,11.11111111111111,8.333333333333332,5.94,-3.26,0.11,2.18,0.333,1,1.695833333,0.262,0.448,-1.695833333,0.071,0.07100000000000001,0.219,0.132,28.6,35.8,12.018006376259596,-11.535298791879079,31.963216896753423,0.6071428571428571,34.36617071436969,36.4446128398337
48,676508,"Casparius, Ben",99,48.5,0.333,0,0.429,0.333,0.403,0.526,0.44,3,9,87.3,26.9,2761,91.6,91.05,7,17,31,-0.5,5.92,105,152,120,148,302,315,291,-0.918,0.918,69.7,7.6,12,7,3,0,0,0,2,16.7,3,25,1.84833,0.88271,-0.3334,-0.3334,91.4,196,28.57142857142857,14.285714285714285,8.333333333333332,6.16,-0.94,0.69,2.39,0.5,1,1.9125,0.58,0.638,-1.9125,-0.107,-0.07999999999999996,-0.305,-0.123,41.2,48.7,13.526161961794912,-0.6657159697250391,31.48683409084933,0.625,42.26336802928224,30.349516441630016
47,605218,"Edwards Jr., Carl",99,47.5,0.25,0.25,0.333,0.5,0.353,0.271,0.212,3,12,92.6,17.4,2413,88.6,89.22,15,26,21,0.6000000000000085,6.83,114,152,124,149,305,320,292,-0.558,0.558,70.7,7.3,13,7,2,0,0,1,5,38.5,1,7.7,2.17809,0.78617,-0.26,-0.26,92.5,209,42.857142857142854,14.285714285714285,7.6923076923076925,6.44,-2.16,0.17,2.56,0.308,1,1.187234043,0.272,0.336,-1.187234043,0.038,0.035999999999999976,0.164,0.082,57.7,54.0,10.214162408331724,-1.4384960041513235,29.488692421367475,0.7307692307692307,37.55793947014335,29.905561270295006
46,680744,"Madden, Ty",81,56.8,0.091,0,0.143,0.091,0.082,0.137,0.145,1,11,78.9,0.4,2364,90.6,90.23,7,23,23,-0.3999999999999915,5.92,100,152,112,148,303,334,296,1.545,-1.545,71.0,7.7,11,7,1,0,0,0,4,36.4,0,0,2.12587,0.64826,0.54174,0.54174,91.3,123,0,0,0,5.85,-1.91,0.36,2.38,0.091,0,-3.358695652,0.145,0.163,3.358695652,-0.054,-0.05399999999999999,-0.072,-0.055,30.4,,11.304998746506149,-5.301627911182995,32.58238287985793,0.5652173913043478,38.70905448824601,33.07034468882615
45,670059,"Holderman, Colin",138,32.6,0.133,0,0.154,0.133,0.157,0.33,0.269,2,15,86.6,26.6,2414,91,90.86,4,23,22,-0.09999999999999432,6.43,110,153,121,147,301,324,302,1.37,-1.37,69.0,7.8,16,13,2,0,0,0,2,12.5,1,6.3,2.26978,0.53844,0.26822,0.26822,92.9,138,38.46153846153847,15.384615384615385,12.5,5.45,-2.26,0.25,2.02,0.188,2,-3.044444444,0.315,0.449,3.044444444,-0.136,-0.127,-0.316,-0.173,17.4,25.0,10.22523577257131,-4.441677508533183,30.585687778219256,0.5789473684210527,34.294696216692145,32.56787487299621
45,669724,"Hanifee, Brenan",55,81.8,0.3,0,0.375,0.3,0.271,0.284,0.229,3,10,80.3,14.8,2065,93.6,93.16,5,22,23,-0.3999999999999915,6.18,113,154,117,148,308,330,296,0.56,-0.56,67.4,6.8,11,9,3,0,0,0,2,18.2,0,0,2.36511,0.25778,1.08956,1.08956,92.9,148,25,12.5,9.090909090909092,5.43,-2.76,0.39,2.04,0.3,1,-1.244444444,0.229,0.443,1.244444444,0.071,0.07099999999999998,-0.143,-0.013,22.7,30.8,7.79958852253049,10.11754719900443,29.634180330678564,0.4090909090909091,35.76521512897238,28.181898980158444
45,681751,"Estrada, Lazaro",67,67.2,0,0,0,0,0.089,0.336,0.296,0,7,84.8,-4.2,2337,87.9,87.77,3,22,23,-0.10000000000000853,6.25,104,152,116,148,299,322,288,1.474,-1.474,70.9,7.4,8,6,0,0,0,0,1,12.5,1,12.5,1.95844,1.026,0.12978,0.12978,90.9,121,33.33333333333333,0,0,5.78,-0.58,0.36,1.82,0.125,0,-3.275555556,0.384,0.357,3.275555556,-0.296,-0.259,-0.357,-0.247,13.6,54.1,14.74497240179354,-8.581620916104864,32.443733258234985,0.5909090909090909,37.55386193244267,36.88645021141898
43,621242,"Díaz, Edwin",135,31.9,0.375,0,0.75,0.375,0.439,0.362,0.228,3,8,90,23.3,2312,91.1,92.67,3,11,32,1.6000000000000085,7.01,103,152,120,147,304,317,292,-0.632,0.632,63.4,7.4,11,4,3,0,0,0,4,36.4,3,27.3,2.14256,0.59767,0.24256,0.24256,89.9,112,33.33333333333333,0,0,4.81,-2.07,0.24,2.06,0.545,0,1.469767442,0.459,0.258,-1.469767442,0.147,0.08600000000000002,0.117,0.077,27.3,17.5,13.776039883133663,-28.571688619489535,31.952342582300975,0.45454545454545453,40.389346988126306,36.762581486156826
43,695534,"Petty, Chase",75,57.3,0.333,0.333,0.273,0.667,0.452,0.522,0.442,4,12,85.9,7,2124,91.4,91.32,2,23,20,-0.10000000000000853,6.28,112,151,115,148,303,321,290,-0.579,0.579,70.4,7.4,13,12,2,1,0,1,0,0,1,7.7,2.22814,0.52953,0.62581,0.62581,92.9,126,41.66666666666667,8.333333333333332,7.6923076923076925,5.32,-1.87,0.08,2.44,0.385,1,1.346511628,0.485,0.745,-1.346511628,-0.109,-0.09999999999999998,-0.078,-0.07,8.7,,15.287949284201904,-8.938497351042683,30.14709160487081,0.5909090909090909,36.762635585911866,34.32579887594473
42,661395,"Duran, Jhoan",96,43.8,0.364,0.091,0.571,0.455,0.362,0.331,0.292,4,11,88.3,17.3,1920,95.6,94.77,12,22,20,-0.7999999999999972,5.9,111,149,117,148,293,324,284,-0.425,0.425,69.9,7.2,11,7,3,1,0,0,4,36.4,0,0,2.16238,0.35452,0.92262,0.92262,93.7,94,57.14285714285714,14.285714285714285,9.090909090909092,6.32,-2.18,-0.15,1.91,0.364,1,1.011904762,0.292,0.479,-1.011904762,0.072,0.07200000000000001,-0.024,0.031,54.5,38.2,7.754336275099064,0.5242973758403706,29.70636010072732,0.45454545454545453,33.21263287202978,26.856896475399743
42,696131,"Black, Mason",100,42,0.3,0,0.333,0.3,0.311,0.472,0.401,3,10,90.3,23.8,2311,88.5,88.53,3,18,24,0,6.53,105,152,124,148,298,323,283,0.083,-0.083,69.8,7.0,11,9,3,0,0,0,1,9.1,1,9.1,2.57905,0.39357,0.285,0.285,91.8,202,33.33333333333333,22.22222222222222,18.181818181818183,5.18,-2.79,-0.01,2.47,0.364,2,-0.197619048,0.456,0.648,0.197619048,-0.101,-0.09200000000000003,-0.348,-0.161,16.7,27.3,9.037618056933377,5.269682292706706,30.93091134628641,0.5882352941176471,34.23015263575627,28.010273090782633
40,660787,"De los Santos, Yerry",44,90.9,0.333,0,0.4,0.333,0.403,0.376,0.282,2,6,87.3,-18.6,1993,94.2,94.39,0,17,23,0.20000000000000284,6.59,107,151,132,146,308,321,282,-0.469,0.469,70.5,6.8,8,5,2,0,0,0,1,12.5,2,25,2.13575,0.467,1.22225,1.22225,90.5,96,20,0,0,5.7,-2.56,0.47,2.33,0.5,0,1.1725,0.462,0.317,-1.1725,0.051,0.03799999999999998,0.016,0.027,0,24.8,7.145239857524069,7.120819454350387,33.71235897136967,0.5294117647058824,33.81677327807822,26.08136796647587
39,694680,"Martin, Trevor",71,54.9,0.444,0.444,0.5,0.889,0.601,0.506,0.334,4,9,89.7,6.1,2141,91.6,91.87,4,14,25,0.30000000000001137,6.75,101,154,122,147,305,342,292,-2.54,2.54,70.4,7.0,11,7,2,1,0,1,2,18.2,1,9.1,1.84154,0.92462,0.31359,0.31359,93.7,185,57.14285714285714,28.57142857142857,18.181818181818183,5.48,-1.79,-0.15,2.4,0.545,2,6.512820513,0.455,0.756,-6.512820513,0.11,0.09000000000000002,0.133,0.095,28.6,28.1,6.8548677550811234,4.523232530688157,32.91936602144255,0.5,35.21882067881629,26.875506549558036
39,696062,"Dotel, Wilber",89,43.8,0.154,0.231,0.1,0.385,0.229,0.298,0.254,2,13,94.7,12.5,2236,96,96.58,4,21,18,0.5999999999999943,6.76,114,152,120,148,309,316,287,1.355,-1.355,74.2,7.3,13,11,1,0,0,1,2,15.4,0,0,1.38,1.12333,0.67474,0.67474,95.2,124,54.54545454545454,9.090909090909092,7.6923076923076925,5.6,-2.05,-0.05,2.36,0.154,1,-3.474358974,0.254,0.442,3.474358974,-0.1,-0.1,-0.057,-0.069,19,40.6,6.998630641237695,0.08531675874165678,28.365815763378155,0.5714285714285714,36.48466621340521,29.349223034422156
38,605452,"Ross, Joe",93,40.9,0.714,0.571,0.667,1.286,0.831,0.663,0.5,5,7,89.8,29.9,1998,93.1,93.67,5,18,20,0.6000000000000085,6.52,116,152,123,149,305,318,291,-3.059,3.059,70.3,7.5,9,7,3,1,0,1,0,0,2,22.2,1.86553,0.76053,0.70816,0.70816,91.9,199,28.57142857142857,28.57142857142857,22.22222222222222,5.75,-1.62,0,2.54,0.778,2,8.05,0.611,1.05,-8.05,0.214,0.16700000000000004,0.236,0.168,27.8,36.5,7.8934132889684,5.157853514410268,33.20982626092918,0.6111111111111112,36.09525983344116,26.29946363107044
38,699823,"Davis, Tyler",45,84.4,0,0,0,0,0.142,0.207,0.087,0,8,94.3,9.2,2499,92,92.55,5,16,22,0.5,6.8,107,154,122,147,305,326,291,1.433,-1.433,68.0,7.4,10,5,0,0,0,0,3,30,2,20,1.92105,0.83459,0.19684,0.19684,92.4,145,40,0,0,5.78,-1.04,0.03,2.37,0.2,0,-3.771052632,0.269,0.098,3.771052632,-0.087,-0.069,-0.098,-0.065,31.3,43.5,10.293605240111523,-0.3127710467494671,34.7785141985332,0.5714285714285714,36.15684199792296,27.56653205813805
37,686580,"Slaten, Justin",56,66.1,0.286,0,0.333,0.286,0.358,0.395,0.3,2,7,89,7,2487,90.3,91,3,16,21,0.7000000000000028,6.75,104,150,121,147,292,315,284,-0.259,0.259,71.9,7.1,9,6,2,0,0,0,1,11.1,2,22.2,2.23514,0.58027,-0.58703,-0.58703,91.6,167,16.666666666666664,0,0,5.93,-1.05,0.26,2.13,0.444,0,0.7,0.456,0.4,-0.7,-0.014,-0.01200000000000001,-0.114,-0.037,18.8,47.4,6.824183159956459,3.8526875600633925,30.47187866378296,0.4375,37.5637504196785,28.59247330266747
37,676510,"Hoffman, Nolan",55,67.3,0.3,0,0.333,0.3,0.246,0.287,0.305,3,10,83.7,22.7,2440,89.6,90.07,4,16,21,0.5,6.57,94,149,118,146,301,321,295,0.746,-0.746,73.6,7.3,11,9,3,0,0,0,2,18.2,0,0,2.41838,0.45389,0.57405,0.57405,91.2,133,22.22222222222222,0,0,3.91,-2.34,0.03,2.5,0.273,0,-2.016216216,0.278,0.419,2.016216216,-0.005,-0.0050000000000000044,-0.119,-0.041,25,0.7,7.902793196840124,-3.9997132473015333,30.90012409215189,0.6,36.10054645590609,30.28368555786943
36,682608,"Gray, Peyton",110,32.7,0.222,0.111,0.333,0.333,0.242,0.354,0.267,2,9,87,16.4,2167,87.1,87.67,7,24,12,0.6000000000000085,6.88,108,152,117,147,308,334,303,0.565,-0.565,72.9,7.8,10,7,1,1,0,0,3,30,0,0,2.30056,0.74667,0.86,0.86,94.6,157,57.14285714285714,14.285714285714285,10,5.53,-3.02,-0.02,1.99,0.222,1,-1.569444444,0.267,0.582,1.569444444,-0.045,-0.04500000000000001,-0.249,-0.112,29.2,37.8,15.532274937713217,-12.252450046497025,36.71741371822841,0.4782608695652174,36.317731944113376,36.59266526039359
35,641585,"France, J.P.",117,29.9,0.111,0.333,0,0.444,0.231,0.238,0.195,1,9,89.4,14.6,2517,84.2,83.83,3,19,16,-0.4000000000000057,6.28,109,151,122,149,299,327,287,-0.146,0.146,72.0,7.4,9,8,0,0,0,1,1,11.1,0,0,3.12857,0.178,-0.29514,-0.29514,93.4,156,50,12.5,11.11111111111111,5.44,-1.6,0.11,2.28,0.111,1,0.417142857,0.195,0.365,-0.417142857,-0.084,-0.084,0.079,-0.007,15.8,40.7,9.866778053136343,-3.0547848074813695,29.405048617786328,0.6666666666666666,36.47881268390026,32.94406038987561
35,700413,"Uberstine, Tyler",45,77.8,0.25,0.125,0.333,0.375,0.321,0.294,0.24,2,8,86,26.3,2407,87.3,87.49,8,23,12,0.20000000000000284,6.33,108,151,124,145,279,320,286,-0.179,0.179,68.9,7.4,9,6,1,1,0,0,2,22.2,1,11.1,2.43857,0.59147,0.09943,0.09943,89.9,186,33.33333333333333,0,0,5.11,-1.76,0.18,2.26,0.333,0,0.511428571,0.324,0.327,-0.511428571,0.01,0.009000000000000008,0.048,0.027,34.8,18.9,9.880264540441507,-2.0397018372722915,30.511593965412324,0.6818181818181818,39.365276625436806,29.407778643387843
35,681799,"Roberts, Ethan",43,81.4,0.2,0,0.333,0.2,0.34,0.371,0.243,1,5,104.6,-2.3,2850,89.2,89.05,3,15,20,-0.10000000000000853,6.35,103,152,116,149,304,315,289,-0.197,0.197,71.9,7.1,7,3,1,0,0,0,2,28.6,0,0,2.12257,0.78343,-0.44971,-0.44971,92.2,164,100,0,0,5.2,-1.38,0,2.1,0.429,0,0.562857143,0.459,0.269,-0.562857143,-0.043,-0.030000000000000027,-0.069,-0.031,20,33.8,3.002653326928871,5.117154486924683,32.67497072359998,0.5,38.763215603902474,27.110819659440835
35,687765,"Spence, Mitch",84,41.7,0.222,0,0.222,0.222,0.181,0.218,0.21,2,9,91.8,12.9,2543,88.9,88.25,2,19,16,-0.7000000000000028,6.14,108,150,129,149,293,325,281,1.145,-1.145,75.9,7.9,10,9,2,0,0,0,1,10,0,0,2.46686,0.46457,0.00314,0.00314,94.3,137,44.44444444444444,0,0,5.86,-2.34,-0.1,2.13,0.2,0,-3.271428571,0.205,0.266,3.271428571,0.012,-0.004999999999999977,-0.044,-0.037,10.5,44.3,11.50889349875309,-8.775349218304495,31.93083809599141,0.7368421052631579,36.163157936636,33.00134493478436
34,695684,"Rodríguez, Elmer",80,42.5,0.375,0,0.6,0.375,0.38,0.326,0.293,3,8,90.3,10.6,2138,89,89.11,5,13,21,0.09999999999999432,6.59,98,150,128,147,302,330,280,-0.422,0.422,73.8,7.3,9,5,3,0,0,0,3,33.3,1,11.1,2.72588,0.23794,0.20912,0.20912,91.4,125,40,0,0,5.55,-2.54,0.62,1.9,0.444,0,1.241176471,0.372,0.34,-1.241176471,0.082,0.07200000000000001,0.035,0.054,38.5,29.1,12.208008967097554,-6.296587294467647,30.279831156158107,0.23076923076923078,35.99950634643363,33.102990078278246
34,674444,"Cruz, Steven",113,30.1,0.167,0,0.2,0.167,0.23,0.163,0.073,1,6,81.8,21,2234,94.2,94.58,3,15,19,0.3999999999999915,6.77,109,150,121,148,299,320,287,0.381,-0.381,70.2,6.9,7,5,1,0,0,0,1,14.3,1,14.3,1.51941,1.08676,0.53853,0.53853,91.2,179,20,0,0,5.44,-3.31,0.14,2.49,0.286,0,-1.120588235,0.206,0.085,1.120588235,0.094,0.07999999999999999,0.082,0.067,20,29.4,3.343545094591248,3.609592346382283,26.327534267347694,0.3333333333333333,37.04879550506083,26.257760591783097
33,608723,"Voth, Austin",49,67.3,0.333,0.111,0.375,0.444,0.343,0.287,0.275,3,9,93.3,33,2459,85.4,85.28,1,13,20,-0.10000000000000853,6.23,102,149,111,146,300,320,293,-0.482,0.482,71.3,7.6,9,8,2,1,0,0,1,11.1,0,0,2.77333,0.41121,-0.31909,-0.31909,92.5,215,50,0,0,5.85,-2.35,0.32,2.05,0.333,0,1.460606061,0.275,0.397,-1.460606061,0.058,0.057999999999999996,0.047,0.056,7.7,38.0,12.794275957170735,-4.48578887640514,33.337493877949925,0.6923076923076923,39.2482282197057,35.705134347770056
33,676130,"Buttó, José",63,52.4,0.556,0.778,0.75,1.333,0.795,0.517,0.346,5,9,86.5,6.8,2350,91,90.8,6,15,18,-0.20000000000000284,6.35,115,152,122,145,294,324,292,-3.487,3.487,67.9,7.3,10,6,2,1,0,2,3,30,1,10,2.06576,0.71636,0.75848,0.75848,93.3,170,50,16.666666666666664,10,5.4,-2.11,0.41,2.49,0.6,1,10.566666667,0.412,0.833,-10.566666667,0.21,0.188,0.5,0.278,40,37.9,10.322897484883839,2.308713671183159,29.60950775342176,0.4666666666666667,38.49310429575758,28.097774525195938
33,621107,"Eflin, Zach",74,44.6,0.571,0.571,1,1.143,0.737,0.328,0.27,4,7,103.3,9.5,2200,85.5,85.63,3,14,19,0.09999999999999432,6.46,108,153,119,145,307,321,294,-1.677,1.677,73.8,7.2,7,4,2,1,0,1,3,42.9,0,0,3.16636,0.01312,0.08545,0.08545,95.1,119,75,25,14.285714285714285,5.69,-2.06,0.61,1.6,0.571,1,5.081818182,0.27,0.507,-5.081818182,0.301,0.30099999999999993,0.636,0.409,21.4,29.0,10.208439421569638,-9.1447369151194,33.45152379357734,0.5,34.37003393587242,33.19874470708215
33,695380,"Hoppe, Alex",75,44,0.167,0,0.5,0.167,0.23,0.201,0.121,1,6,102.8,-12.5,2285,93.6,94.23,5,13,20,0.6000000000000085,6.49,100,149,118,144,302,322,291,0.557,-0.557,64.4,6.5,7,2,1,0,0,0,4,57.1,1,14.3,2.0297,0.57364,0.19515,0.19515,93.1,158,100,0,0,5.7,-1.16,0.28,2.21,0.286,0,-1.687878788,0.247,0.142,1.687878788,0.046,0.03899999999999998,0.025,0.029,38.5,50.3,-1.7035571099109053,13.272316268608737,27.66105887239342,0.07692307692307693,36.053243612436845,20.087890053247172
33,689441,"Crow, Coleman",77,42.9,0.111,0.222,0.167,0.333,0.18,0.358,0.331,1,9,87.8,27.3,2796,86.4,86.17,3,17,16,-0.20000000000000284,6.49,113,152,121,148,303,315,287,1.06,-1.06,68.6,7.0,9,6,0,0,1,0,3,33.3,0,0,2.78333,0.36909,-0.03121,-0.03121,91.0,208,33.33333333333333,16.666666666666664,11.11111111111111,5.02,-1.42,0.68,2.35,0.111,1,-3.212121212,0.331,0.501,3.212121212,-0.22,-0.22000000000000003,-0.168,-0.178,17.6,29.1,2.0356647754932435,7.400662479124673,26.524542058805732,0.35294117647058826,42.06409508985099,25.712752155501562
33,642759,"Fernández, Julian",71,46.5,0.143,0,0.2,0.143,0.201,0.139,0.058,1,7,79.1,22.8,2064,92.2,92.92,3,13,20,0.7000000000000028,6.67,107,151,124,149,313,326,308,1.095,-1.095,69.0,7.2,8,5,1,0,0,0,2,25,1,12.5,1.75606,0.94333,0.09545,0.09545,90.9,167,40,0,0,6.46,-1.98,0.2,2.52,0.25,0,-3.318181818,0.175,0.074,3.318181818,0.085,0.07500000000000001,0.069,0.062,23.1,51.0,3.472026847771783,-5.22938536200688,31.937232252877212,0.5384615384615384,35.2485505357687,32.67592259241128
32,687849,"Kent, Zak",81,39.5,0.333,0.833,0.2,1.167,0.639,0.606,0.418,2,6,96.9,11.2,2729,88,87.95,2,12,20,-0.09999999999999432,6.19,104,153,117,145,298,321,285,-1.836,1.836,70.2,7.6,8,6,0,0,1,1,0,0,2,25,2.53594,0.42806,-0.19719,-0.19719,95.0,155,66.66666666666666,33.33333333333333,25,6.33,-1.15,0.33,1.82,0.5,2,5.7375,0.563,0.948,-5.7375,-0.085,-0.06299999999999994,0.219,0.033,16.7,52.1,7.6596115360074,0.18414717804443664,29.85225688682894,0.5833333333333334,40.866899743651764,31.224538433460467
31,670950,"Richards, Trevor",69,44.9,0.111,0.111,0.2,0.222,0.199,0.239,0.129,1,9,88.6,31,2393,87.5,87.16,4,16,15,-0.29999999999999716,6.35,98,151,119,146,295,321,289,1.286,-1.286,66.0,7.1,10,5,0,1,0,0,4,40,1,10,2.00323,1.07967,0.84161,0.84161,90.4,145,40,20,10,6.35,-2.26,-0.04,2,0.2,1,-4.148387097,0.216,0.316,4.148387097,-0.018,-0.015999999999999986,-0.094,-0.04,25,55.5,10.089479068973237,-4.139860525874457,29.86825201440273,0.5625,35.78009453613382,27.123618998323394
31,701656,"Henderson, Logan",111,27.9,0.286,0,0.667,0.286,0.314,0.21,0.153,2,7,89.3,-3.3,2341,89.4,89.36,5,18,13,0,6.22,110,152,115,150,304,321,296,-0.007,0.007,70.0,7.2,8,3,2,0,0,0,4,50,1,12.5,1.86323,1.01258,0.25258,0.25258,90.1,136,66.66666666666666,0,0,5.21,-1.49,0.39,2.38,0.375,0,0.022580645,0.259,0.163,-0.022580645,0.133,0.11599999999999999,0.123,0.104,27.8,32.0,7.766488875232898,1.0768530047358675,31.255826164924006,0.4444444444444444,38.23490383674134,29.137260248151776
31,696270,"Johnson, Ryan",80,38.8,0.5,0.125,0.444,0.625,0.443,0.335,0.37,4,8,93.7,30.9,2384,87.1,87.21,3,14,17,0.10000000000000853,6.33,98,150,110,144,299,323,289,-1.032,1.032,68.9,7.6,9,9,3,1,0,0,0,0,0,0,2.49129,0.575,0.22387,0.22387,94.5,227,55.55555555555556,0,0,5.91,-3.17,0.23,2.41,0.444,0,3.329032258,0.33,0.502,-3.329032258,0.13,0.11399999999999999,0.123,0.108,21.4,18.6,17.92063293980942,-18.435981734548122,34.06964834865707,0.45454545454545453,33.84585874499336,37.76804299303951
30,676568,"Vanasco, Ricky",53,56.6,0.286,0.143,0.333,0.429,0.361,0.315,0.278,2,7,77.5,3.2,2093,89,89.81,2,12,18,0.7999999999999972,6.78,107,151,112,148,305,334,295,-0.958,0.958,71.2,7.4,8,6,1,1,0,0,1,12.5,1,12.5,2.47867,0.44517,0.64533,0.64533,90.3,58,16.666666666666664,0,0,5.49,-1.87,0.16,1.8,0.375,0,3.193333333,0.368,0.307,-3.193333333,0.008,0.007000000000000006,0.122,0.046,16.7,40.7,12.127758940977419,-4.738594398112058,35.24866442264409,0.5833333333333334,32.22062296124011,32.376704339874436
28,665152,"Kremer, Dean",176,15.9,0.2,0.6,0,0.8,0.464,0.375,0.165,1,5,98.3,4,2283,87.1,87.13,6,13,15,0,6.29,108,154,119,146,299,315,289,-1.718,1.718,70.6,8.5,6,2,0,0,0,1,3,50,1,16.7,2.39429,0.64179,0.16929,0.16929,90.9,161,50,50,16.666666666666664,6.06,-1.97,0.39,2.05,0.333,1,6.135714286,0.304,0.589,-6.135714286,0.035,0.029000000000000026,0.211,0.089,46.2,43.4,15.083850848905366,-15.893966921763043,30.78155941177446,0.5,42.19071151154943,38.670784426888396
28,688497,"Rashi, Taylor",45,62.2,0.111,0.333,0,0.444,0.231,0.328,0.25,1,9,88.6,5,2126,86.2,87.01,9,20,8,0.7999999999999972,6.76,112,148,120,144,301,316,284,1.153,-1.153,66.6,7.5,9,6,0,0,0,1,3,33.3,0,0,2.58821,0.49036,-0.25179,-0.25179,91.8,167,50,16.666666666666664,11.11111111111111,6.41,-0.13,0.16,2.28,0.111,1,-4.117857143,0.25,0.522,4.117857143,-0.139,-0.139,-0.078,-0.097,45,73.2,10.506798014022404,0.8467979464810225,32.8318453016502,0.65,37.06319510295207,29.114404760837637
28,640451,"Harvey, Hunter",76,36.8,0.429,0.429,0.4,0.857,0.555,0.382,0.261,3,7,93.4,1.5,2117,92,91.86,1,14,14,-0.09999999999999432,6.25,110,153,116,151,304,318,290,-2.327,2.327,66.2,6.8,7,6,2,0,0,1,1,14.3,0,0,1.85893,0.85929,0.30036,0.30036,92.2,113,50,33.33333333333333,28.57142857142857,5.82,-1.99,0.19,2.32,0.429,2,8.310714286,0.261,0.658,-8.310714286,0.168,0.16799999999999998,0.199,0.173,7.1,43.6,1.549466391254327,12.016951987277903,30.67812134675062,0.35714285714285715,38.305061581811884,22.21793369943038
27,820862,"Fermin, José",55,49.1,0,0,0,0,0,0.129,0.136,0,7,82.2,8.6,2417,91.8,91.22,5,17,10,-0.5999999999999943,5.94,105,146,104,141,307,331,294,1.894,-1.894,69.4,7.4,7,5,0,0,0,0,2,28.6,0,0,2.15481,0.56111,0.29185,0.29185,90.1,134,60,0,0,6.38,-1.87,-0.17,2.23,0,0,-7.014814815,0.136,0.168,7.014814815,-0.136,-0.136,-0.168,-0.129,29.4,43.7,13.146496105238096,-5.355197903110835,34.01922085909603,0.29411764705882354,36.152063068897625,30.484624833048265
27,694037,"Palencia, Daniel",71,38,0,0,0,0,0.079,0.216,0.156,0,8,71.8,1,2322,96.9,97.56,7,17,10,0.6999999999999886,6.82,111,151,118,151,303,316,295,1.974,-1.974,66.2,6.3,9,5,0,0,0,0,3,33.3,1,11.1,1.28556,1.16963,0.51556,0.51556,90.4,104,20,0,0,5.59,-1.08,0.03,2.72,0.111,0,-7.311111111,0.25,0.195,7.311111111,-0.156,-0.139,-0.195,-0.137,41.2,35.6,0.13370101977091586,19.752904012496774,31.769442707634308,0.1875,35.84858704777832,18.033437860107238
27,692230,"Rodriguez, Carlos",67,40.3,0.143,0,0.167,0.143,0.129,0.087,0.09,1,7,80,36.2,2141,89.5,89.24,4,15,12,-0.29999999999999716,6.23,108,145,113,138,300,324,292,1.363,-1.363,69.6,7.8,7,6,1,0,0,0,1,14.3,0,0,2.06519,0.80259,0.23038,0.23038,89.8,158,0,0,0,5.7,-1.1,0,2.12,0.143,0,-5.048148148,0.09,0.112,5.048148148,0.053,0.05299999999999999,0.031,0.042,26.7,37.9,12.708786039675337,-11.18539574811745,31.300326407298268,0.5333333333333333,36.50611820882044,36.79603046638978
27,434378,"Verlander, Justin",80,33.8,0.333,0.167,0.333,0.5,0.364,0.341,0.36,2,6,92.4,14.5,2384,89.2,88.41,3,16,11,-0.7999999999999972,5.92,106,151,116,146,310,324,291,-0.065,0.065,71.3,8.1,6,6,1,1,0,0,0,0,0,0,2.09593,0.81259,0.37667,0.37667,94.4,157,50,0,0,7.07,-1.6,0.35,1.85,0.333,0,0.240740741,0.36,0.421,-0.240740741,-0.027,-0.02699999999999997,0.079,0.023,18.8,56.3,16.904820779103517,-11.128022797743665,36.5496180782274,0.375,38.82905299268511,38.201991562264844
27,681676,"Fernandez, Ryan",91,29.7,0.25,0,0.4,0.25,0.279,0.244,0.198,2,8,87,-5.6,2453,90.7,90.79,4,15,12,0.09999999999999432,6.43,114,150,115,146,305,311,285,0.277,-0.277,71.1,7.9,9,5,2,0,0,0,3,33.3,1,11.1,2.06704,0.75385,0.09556,0.09556,92.4,92,40,0,0,5.88,-1.84,0.21,2.02,0.333,0,-1.025925926,0.287,0.223,1.025925926,0.052,0.04600000000000004,0.027,0.035,26.7,60.5,12.53932559514012,-7.292365460519973,30.401930615933964,0.6666666666666666,38.36455199179845,33.8720888434353
25,690990,"Horton, Cade",92,27.2,0,0,0,0,0.177,0.292,0.159,0,3,98.6,1,2523,90.2,89.45,5,14,11,-0.7000000000000028,6.3,111,153,115,151,303,323,293,0.332,-0.332,70.5,7.6,4,1,0,0,0,0,2,50,1,25,2.2796,0.6088,-0.02667,-0.02667,90.4,90,100,0,0,5.93,-2.05,-0.07,1.72,0.25,0,-1.328,0.369,0.189,1.328,-0.159,-0.119,-0.189,-0.115,35.7,52.3,6.581561623194987,0.3815121511410755,35.41865664749155,0.5,38.6813237788959,28.099724920193907
25,680702,"Gerber, Joey",47,53.2,0.25,0,1,0.25,0.322,0.321,0.23,1,4,94.7,14,2330,91,91.59,4,13,12,0.5999999999999943,6.49,106,152,130,149,291,324,292,0.06,-0.06,68.2,7.3,5,1,1,0,0,0,3,60,1,20,1.6104,1.1364,0.2208,0.2208,88.8,187,0,0,0,5.14,-2.06,0.15,2.58,0.4,0,-0.24,0.384,0.285,0.24,0.02,0.016000000000000014,-0.035,0.001,30.8,32.1,4.495664767928106,3.4491036598592473,35.36535078529321,0.3076923076923077,39.11349460506965,25.069625031730148
24,660604,"Rangel, Alan",44,54.5,0.143,0,0.2,0.143,0.129,0.282,0.301,1,7,90,32.4,2170,84.6,84.48,4,12,12,-0.09999999999999432,6.48,97,151,121,145,295,322,300,1.129,-1.129,68.4,7.3,7,5,1,0,0,0,2,28.6,0,0,2.60375,0.705,0.3175,0.3175,90.6,137,20,0,0,6.1,0.37,0.22,2.13,0.143,0,-4.704166667,0.301,0.341,4.704166667,-0.158,-0.158,-0.198,-0.153,33.3,68.5,10.725963513464187,-5.04538763461966,32.969868427050514,0.5,35.78759118962998,30.39020576345962
24,694346,"Gibson, Trey",87,27.6,0.2,0.6,0,0.8,0.464,0.512,0.302,1,5,93.8,-3.8,2198,89.3,90.59,2,14,10,1.2999999999999972,7.06,113,154,126,147,301,320,286,-1.279,1.279,70.9,7.6,6,5,0,0,0,1,0,0,1,16.7,2.89583,-0.02833,-0.08458,-0.08458,94.7,143,60,20,16.666666666666664,5.7,-2.56,-0.2,2.11,0.333,1,5.329166667,0.418,0.839,-5.329166667,-0.102,-0.08499999999999996,-0.039,-0.048,14.3,37.0,7.381631224950082,0.3428205924681875,37.12283636757986,0.5714285714285714,39.55321370384223,26.195889440789703
24,690155,"Pushard, Matt",31,77.4,0.5,0,0.667,0.5,0.503,0.408,0.353,2,4,78.6,28.3,2315,90.5,90.82,1,9,15,0.29999999999999716,6.46,90,135,102,131,302,324,293,-0.89,0.89,66.4,6.9,5,3,2,0,0,0,1,20,1,20,1.97292,0.82875,0.00083,0.00083,90.0,140,33.33333333333333,0,0,6.19,-1.65,0.58,2.46,0.6,0,3.708333333,0.482,0.405,-3.708333333,0.147,0.118,0.095,0.095,11.1,40.6,-1.3083738028966803,-3.5248361132188686,24.590940214580275,0.5555555555555556,41.863276187830806,28.863133075576528
24,686930,"Barnett, Mason",43,55.8,0,0,0,0,0.142,0.235,0.104,0,4,88.8,0.7,2432,91,90.48,2,11,13,-0.5,6.07,114,150,120,149,312,321,295,0.591,-0.591,68.0,7.0,5,3,0,0,0,0,1,20,1,20,2.33125,0.44875,-0.48208,-0.48208,90.0,133,33.33333333333333,0,0,6.08,-2.12,0.51,2.46,0.2,0,-2.4625,0.283,0.165,2.4625,-0.104,-0.08299999999999996,-0.165,-0.093,18.2,56.5,10.433063371190919,8.996204135243428,28.394814080143654,0.5454545454545454,38.63630773883158,26.502887609855197
23,664074,"Ponce, Cody",47,48.9,0,0,0,0,0.177,0.263,0.122,0,3,86,25,2211,89.5,89.97,8,12,11,0.5,6.66,111,154,119,150,294,324,284,0.359,-0.359,73.9,8.1,4,2,0,0,0,0,1,25,1,25,2.3,0.56304,0.15304,0.15304,88.5,92,0,0,0,6.53,-2.51,0.87,1.51,0.25,0,-1.560869565,0.341,0.15,1.560869565,-0.122,-0.09100000000000003,-0.15,-0.086,66.7,45.2,18.323052866202598,-17.15736020305242,30.810502555190258,0.5454545454545454,42.45713528499843,40.52918722356788
23,682274,"Hiraldo, Yaramil",47,48.9,0.75,1.5,1,2.25,1.079,0.717,0.492,3,4,89.2,26.7,2120,88.1,87.74,4,10,13,-0.3999999999999915,6.11,95,149,121,142,306,322,294,-3.672,3.672,71.7,8.1,6,3,1,0,0,2,1,16.7,2,33.3,2.35696,0.5987,0.07217,0.07217,95.7,191,66.66666666666666,66.66666666666666,33.33333333333333,6.21,-0.53,-0.07,1.61,0.833,2,15.965217391,0.661,1.24,-15.965217391,0.258,0.17199999999999993,1.01,0.362,40,62.6,18.50992492834877,-21.690706032234168,29.15920323200091,0.4,35.79367206444737,38.46994337266761
23,681151,"Murray, Jayden",110,20.9,0.6,0,0.6,0.6,0.569,0.324,0.249,3,5,92.6,5.2,2377,91.4,90.91,2,10,13,-0.5,6.17,110,151,123,148,301,331,290,-0.899,0.899,68.3,7.5,6,5,3,0,0,0,0,0,1,16.7,2.10391,0.68348,0.29913,0.29913,90.9,174,20,0,0,5.74,-2.08,0.46,2.43,0.667,0,3.908695652,0.374,0.336,-3.908695652,0.351,0.29300000000000004,0.264,0.245,20,30.1,7.629782298341581,0.6252437857070117,32.00523657219797,0.3333333333333333,37.35942795029206,28.19223946225054
23,678020,"Halvorsen, Seth",34,67.6,0,0,0,0,0,0.255,0.27,0,6,95,2.8,2300,94.3,95.41,3,15,8,1.1000000000000085,6.89,102,153,123,148,311,337,293,1.544,-1.544,67.8,7.2,6,4,0,0,0,0,2,33.3,0,0,1.81652,0.77522,0.44652,0.44652,92.3,180,50,0,0,6.05,-2.12,0.29,2.31,0,0,-6.713043478,0.27,0.325,6.713043478,-0.27,-0.27,-0.325,-0.255,20,48.6,5.7209071529138145,1.2654480019762073,33.89138803258612,0.26666666666666666,38.133534627844604,27.44343881717621
22,687209,"Maxwell, Zach",42,52.4,1,2,1,3,1.442,1.117,0.81,3,3,104.3,20.7,2591,93.2,92.95,1,11,11,-0.29999999999999716,6.19,95,151,118,147,312,318,285,-3.377,3.377,71.5,7.1,4,3,1,0,0,2,0,0,1,25,1.76818,0.89273,0.00682,0.00682,94.7,219,100,66.66666666666666,50,6.21,-2.21,0.22,2.13,1,2,15.35,0.858,2.211,-15.35,0.19,0.14200000000000002,0.789,0.325,9.1,38.0,6.589742196158684,-1.8515748988351914,28.806262295066812,0.5454545454545454,36.489892681508394,26.32310024156942
22,690928,"Dobbins, Hunter",79,27.8,0,0,0,0,0.118,0.2,0.099,0,5,93.8,-4.3,2339,89.2,89.45,5,10,12,0.29999999999999716,6.37,106,150,114,144,310,317,290,1.135,-1.135,69.3,7.3,6,3,0,0,0,0,2,33.3,1,16.7,2.42591,0.46409,-0.08909,-0.08909,92.6,107,33.33333333333333,0,0,5.82,-0.79,0.12,1.88,0.167,0,-5.159090909,0.249,0.134,5.159090909,-0.099,-0.08199999999999999,-0.134,-0.082,50,44.0,6.215725591805237,0.6338960507959146,35.350824675157014,0.5,38.74358942300498,26.34509491849308
22,699151,"Paez, Jedixson",65,33.8,0.2,0,0.2,0.2,0.181,0.358,0.292,1,5,94.7,25.2,2451,87.7,87.87,0,8,14,0.20000000000000284,6.79,100,147,124,142,310,318,293,0.639,-0.639,75.1,7.2,5,5,1,0,0,0,0,0,0,0,2.36909,0.67409,0.50318,0.50318,92.2,171,40,20,20,5.62,-3.14,0.19,2.78,0.2,1,-2.904545455,0.292,0.554,2.904545455,-0.092,-0.09199999999999997,-0.354,-0.177,0,37.0,8.676530436702727,-3.560791403724843,24.03865774920164,0.75,40.94332824953257,31.820234571412854
20,683000,"Cornelio, Riley",42,47.6,0.5,0,1,0.5,0.58,0.394,0.088,1,2,57.6,14,2388,93.2,93.72,1,4,16,0.5,6.65,99,144,96,147,311,316,293,-0.713,0.713,67.3,7.0,4,1,1,0,0,0,1,25,2,50,1.6035,1.048,0.5415,0.5415,88.0,197,0,0,0,5.93,-2.23,0.34,2.34,0.75,0,3.565,0.544,0.106,-3.565,0.412,0.20599999999999996,0.394,0.186,25,44.1,4.721758020103453,10.439075501951269,34.55340737706376,0.25,40.19645735920491,27.39956649477081
19,624431,"Trevino, Jose",59,32.2,0.5,0,0.667,0.5,0.451,0.324,0.355,2,4,83.6,22,113,55.6,53,1,7,12,-2.6000000000000014,4.36,110,151,117,143,302,316,287,-0.64,0.64,75.6,7.2,4,3,2,0,0,0,1,25,0,0,7.27263,0.38421,-0.01579,-0.01579,91.4,138,33.33333333333333,0,0,6.37,-2.24,-0.04,2.19,0.5,0,3.368421053,0.355,0.384,-3.368421053,0.145,0.14500000000000002,0.116,0.127,14.3,43.1,12.391433865417383,-15.880071340254023,30.96729425492699,0.4,37.32265074994152,39.99424681862341
19,695445,"Lee, Chase",21,90.5,0.25,0.75,0,1,0.519,0.333,0.298,1,4,83.7,33.3,2595,86.8,86.31,2,8,11,-0.5,6.08,107,152,117,149,296,316,279,-1.811,1.811,66.7,6.7,4,3,0,0,0,1,1,25,0,0,2.83684,0.23158,-0.12526,-0.12526,91.8,248,33.33333333333333,33.33333333333333,25,3.9,-2.65,0.2,2.47,0.25,1,9.531578947,0.298,0.477,-9.531578947,-0.048,-0.04799999999999999,0.523,0.186,25,-1.8,4.136348701024007,8.666456408732017,26.453481683723467,0.625,41.22805120254154,24.827960101569676
18,676742,"Sanders, Cam",57,31.6,0.4,0.2,0.5,0.6,0.436,0.202,0.176,2,5,87.6,28.5,2544,91,90.72,0,9,9,-0.29999999999999716,6.09,107,146,113,148,296,314,298,-0.466,0.466,65.5,6.7,5,4,1,1,0,0,1,20,0,0,2.35833,0.40556,0.23444,0.23444,91.1,162,25,25,20,6.04,-3,-0.01,2.35,0.4,1,2.588888889,0.176,0.299,-2.588888889,0.224,0.22400000000000003,0.301,0.234,0,33.3,6.224152860026538,12.366531987322091,26.355470026494533,0.4444444444444444,33.662856979363674,28.20545408738637
17,592826,"Velasquez, Vince",31,54.8,0.333,0.333,0.333,0.667,0.426,0.148,0.162,1,3,76.6,38.3,2505,89,89.31,1,8,9,0.29999999999999716,6.53,111,153,119,150,303,311,288,-0.099,0.099,68.5,7.7,3,3,0,1,0,0,0,0,0,0,1.90882,0.99412,-0.00706,-0.00706,88.0,177,0,0,0,5.55,-2.1,0.26,1.87,0.333,0,0.582352941,0.162,0.168,-0.582352941,0.171,0.171,0.499,0.278,12.5,45.1,13.239052823329462,-10.951300335642603,34.188435885344695,0.625,38.35867002496346,38.237784645765736
16,682825,"Mey, Luis",59,27.1,0.2,0.6,0,0.8,0.416,0.346,0.205,1,5,101.3,25,2357,90.2,90.61,4,10,6,0.3999999999999915,6.68,89,152,115,148,307,318,287,-0.527,0.527,71.1,7.0,5,2,0,0,0,1,3,60,0,0,2.3425,0.5,-0.23375,-0.23375,94.7,279,100,50,20,5.57,-2.1,0.16,1.97,0.2,1,3.29375,0.205,0.64,-3.29375,-0.005,-0.004999999999999977,0.16,0.07,40,33.5,4.495581533191592,3.9188477485693642,32.521558390365676,0.5,36.16572757329517,26.701355854518244
16,675911,"Strider, Spencer",87,18.4,0.25,0,0.333,0.25,0.226,0.182,0.192,1,4,83.6,6.3,2326,90.2,91.46,3,10,6,1.2999999999999972,6.67,100,151,123,148,315,338,304,0.366,-0.366,74.1,7.6,4,3,1,0,0,0,1,25,0,0,2.05125,0.75125,0.21687,0.21687,90.4,190,33.33333333333333,0,0,5.81,-1.75,0.22,2.26,0.25,0,-2.2875,0.192,0.223,2.2875,0.058,0.057999999999999996,0.027,0.044,30,46.1,11.128776246061951,-7.396197337827521,28.677808428452842,0.4,39.31522721799142,35.42781681967784
16,691548,"Muñoz, Rolddy",49,32.7,0.5,0.5,0.5,1,0.647,0.47,0.345,3,6,91.7,-16.8,2309,90.6,90.26,2,8,8,-0.29999999999999716,6,97,151,125,147,314,322,297,-1.505,1.505,71.9,7.4,6,5,2,0,0,1,1,16.7,0,0,2.64938,0.13625,0.47187,0.47187,95.9,121,60,20,16.666666666666664,5.78,-2.31,-0.19,1.82,0.5,1,9.40625,0.345,0.771,-9.40625,0.155,0.15500000000000003,0.229,0.177,25,31.2,12.163411993739711,-0.6472650384684853,32.92449630166645,0.25,35.89772059486427,30.336723995797747
16,669920,"Alexander, Jason",32,50,0.25,0.75,0,1,0.582,0.436,0.232,1,4,91.2,5.2,2119,87,86.97,0,4,12,0,6.31,117,154,122,150,310,329,299,-0.932,0.932,72.3,7.4,6,4,0,0,0,1,0,0,2,33.3,2.88563,0.18188,0.65375,0.65375,93.2,191,50,25,16.666666666666664,5.44,-1.6,0.29,2.08,0.5,1,5.825,0.488,0.487,-5.825,0.018,0.01200000000000001,0.513,0.146,0,21.0,5.46506855111348,5.425947969260177,35.601506635254644,0.75,39.51471339011684,27.236985305663435
15,666619,"Santos, Gregory",26,57.7,0.333,0.333,0.333,0.667,0.497,0.442,0.356,1,3,86.7,4.3,2402,93.3,93.39,0,7,8,0.10000000000000853,6.57,113,153,131,149,291,329,295,-0.463,0.463,77.6,7.6,4,3,0,1,0,0,0,0,1,25,2.338,0.31933,0.13667,0.13667,92.5,152,33.33333333333333,0,0,5.66,-1.64,-0.12,2.51,0.5,0,3.086666667,0.517,0.468,-3.086666667,-0.023,-0.017000000000000015,0.199,0.055,0,28.4,3.1654962113221097,3.129487167036683,26.633794438720233,0.3333333333333333,34.7662211792297,27.48353343783463
15,656288,"Canning, Griffin",73,20.5,0.25,0,0.5,0.25,0.226,0.076,0.085,1,4,81.3,-28.5,2341,89.7,88.98,3,5,10,-0.7000000000000028,5.96,110,150,106,149,309,324,292,0.219,-0.219,70.5,7.5,4,2,1,0,0,0,2,50,0,0,2.80867,0.04643,0.80933,0.80933,88.0,16,0,0,0,5.7,-1.02,0.25,1.8,0.25,0,-1.46,0.085,0.086,1.46,0.165,0.16499999999999998,0.164,0.15,60,41.1,7.3474648949663655,5.204778390890247,28.865102997522445,0.6,39.381353767211316,27.989527638106168
15,641656,"Hamilton, Ian",31,48.4,0,0,0,0,0.236,0.369,0.217,0,2,85.2,-66,1754,89.5,88.35,2,6,9,-1.2000000000000028,5.67,110,140,118,135,309,320,293,0.072,-0.072,64.2,6.8,3,1,0,0,0,0,1,33.3,1,33.3,2.244,0.62867,0.40267,0.40267,88.0,123,0,0,0,5.94,-2.48,0.33,2.22,0.333,0,-0.48,0.478,0.221,0.48,-0.217,-0.14499999999999996,-0.221,-0.133,33.3,38.0,1.5850430262560882,5.969534985090894,35.06182804488023,0.3333333333333333,39.23385972023257,27.427869203697792
14,687377,"Ribalta, Orlando",42,33.3,0.2,0,0.25,0.2,0.181,0.168,0.144,1,5,70.6,8.3,2372,93.8,94.28,2,8,6,0.5,6.54,106,152,122,149,313,322,300,0.508,-0.508,72.1,7.4,5,4,1,0,0,0,1,20,0,0,1.67786,0.93,0.61286,0.61286,89.3,158,25,0,0,6.48,-1.76,-0.08,2.17,0.2,0,-3.628571429,0.144,0.238,3.628571429,0.056,0.05600000000000002,-0.038,0.013,25,44.7,10.179159300873794,-0.5158815524105327,32.298185279453705,0.75,34.28356509441702,31.79301068527817
14,606965,"Devenski, Chris",39,35.9,0.5,0,0.6,0.5,0.451,0.266,0.271,3,6,95,8.8,2039,87,86.93,1,6,8,-0.09999999999999432,6.25,111,146,115,143,309,316,290,-1.023,1.023,70.6,7.7,6,5,3,0,0,0,1,16.7,0,0,2.30714,0.74786,0.79571,0.79571,97.9,100,40,20,16.666666666666664,6.1,-0.27,0.15,2.41,0.5,1,7.307142857,0.271,0.345,-7.307142857,0.229,0.22899999999999998,0.155,0.185,16.7,37.2,7.702690457128681,-2.9986415139616542,32.074404981563795,0.5,38.55348908870135,32.832920286176524
12,671131,"Rutledge, Jackson",44,27.3,0.4,0,0.667,0.4,0.361,0.12,0.128,2,5,80,-4.3,2020,89.6,90.02,5,10,2,0.4000000000000057,6.41,99,148,118,149,328,322,295,-0.179,0.179,73.6,7.8,5,3,2,0,0,0,2,40,0,0,2.23583,0.60333,0.42333,0.42333,96.7,54,33.33333333333333,0,0,6.15,-1.41,0.23,2.11,0.4,0,1.491666667,0.128,0.142,-1.491666667,0.272,0.272,0.258,0.241,50,41.0,12.789219047594443,-6.64294451479927,31.300772381636428,0.4,36.96594527651642,35.97227066927234
12,687473,"Gusto, Ryan",12,100,0,0,0,0,0,0.579,0.397,0,3,103.6,10,2462,90.8,90.42,2,4,8,-0.3999999999999915,6.31,112,154,127,148,303,327,298,0.773,-0.773,64.6,6.8,3,2,0,0,0,0,1,33.3,0,0,1.96083,0.84417,0.03583,0.03583,103.6,190,100,50,33.33333333333333,5.91,-1.63,0.33,1.86,0,1,-6.441666667,0.397,1,6.441666667,-0.397,-0.397,-1,-0.579,50,51.2,3.7252612541682284,5.1419632918524725,30.525506937669785,0.5,36.31429998975578,30.754623600408305
11,642152,"Trivino, Lou",31,35.5,0.5,0,0.5,0.5,0.537,0.44,0.337,1,2,90.8,10.5,2332,92.9,93.23,0,3,8,0.29999999999999716,6.59,103,148,121,144,299,309,292,-0.428,0.428,73.1,7.9,3,2,1,0,0,0,0,0,1,33.3,1.92455,0.74636,0.55,0.55,91.7,143,50,0,0,6.05,-1.37,-0.33,2.28,0.667,0,3.890909091,0.558,0.378,-3.890909091,0.163,0.10899999999999999,0.122,0.097,0,,15.46815842047887,-0.07390809394517994,36.7480005979018,0.6666666666666666,43.62849616807899,25.18615386344378
10,689690,"Jacob, Alek",34,29.4,0,0,0,0,0.354,0.558,0.451,0,1,96.1,0,2219,78.6,79.62,2,3,7,1,7.28,105,153,124,148,301,327,303,-0.005,0.005,74.8,6.9,2,1,0,0,0,0,0,0,1,50,3.086,0.698,1.632,1.632,96.1,42,100,0,0,3.85,-2.17,0.37,2.15,0.5,0,0.05,0.726,0.486,-0.05,-0.451,-0.22599999999999998,-0.486,-0.204,66.7,-1.9,5.598823669811592,14.748515807470186,28.556812147461258,0.5,38.133629245626125,23.460768411706805
9,664744,"Espada, Jose",15,60,0.667,0,0.667,0.667,0.602,0.248,0.265,2,3,92.4,14,2430,85.4,85.14,0,4,5,-0.30000000000001137,6.33,108,152,123,145,308,323,282,-0.632,0.632,68.7,7.5,3,3,2,0,0,0,0,0,0,0,3.18111,-0.01111,0.19667,0.19667,92.1,128,33.33333333333333,0,0,6.05,-2.12,0.25,1.81,0.667,0,7.022222222,0.265,0.301,-7.022222222,0.402,0.402,0.366,0.354,0,46.5,12.538359850018624,-5.9122315475176155,35.155229944647935,0.75,35.56027514464469,34.10011764452665
9,471911,"Carrasco, Carlos",29,31,0.333,0,0.333,0.333,0.301,0.46,0.469,1,3,97.4,9.7,2242,88.5,89.42,1,4,5,0.9000000000000057,6.69,113,152,129,148,306,320,298,0.191,-0.191,69.9,7.3,3,3,1,0,0,0,0,0,0,0,2.47333,0.43111,0.30111,0.30111,99.8,176,66.66666666666666,0,0,5.79,-2.24,0.14,2.27,0.333,0,-2.122222222,0.469,0.591,2.122222222,-0.136,-0.13599999999999995,-0.258,-0.159,25,33.1,15.034387575913145,-3.2458899279549627,28.41087701177952,1,40.424428973301346,33.283296748119454
9,686894,"Wiemer, Joey",21,42.9,0.667,0,0.5,0.667,0.503,0.388,0.429,2,3,90.1,21,1288,50.9,48.89,0,4,5,-2,4.72,105,151,121,146,295,329,300,-0.459,0.459,75.3,7.5,5,4,2,0,0,0,0,0,1,20,10.15667,1.15444,0.04778,0.04778,90.9,229,0,0,0,7.1,-1.15,-0.07,3.23,0.6,0,5.1,0.46,0.513,-5.1,0.238,0.13999999999999996,0.154,0.115,0,52.3,12.48439196521819,-1.5389978406781237,33.48006640732641,0.75,36.95286818096431,34.55371902008931
9,686563,"Cannon, Jonathan",14,64.3,,,,,0.708,0.708,,0,0,,,2512,89.7,89.2,0,0,9,-0.5,6.21,109,152,119,143,318,324,290,-0.475,0.475,,,2,0,0,0,0,0,0,0,2,100,1.99333,0.89556,-0.01333,-0.01333,,,,,,5.8,-2.41,1.07,1.57,1,,5.277777778,1,,-5.277777778,,0,,0,,28.1,,,,,,
8,701474,"Davitt, Duncan",14,57.1,0,0,0,0,0,0.649,0.507,0,2,101.4,16,2546,87.2,88.23,0,5,3,1,6.99,90,152,117,140,315,320,288,0.596,-0.596,71.8,6.6,2,2,0,0,0,0,0,0,0,0,2.31375,0.71,-0.3475,-0.3475,94.9,242,100,50,50,4.96,-2.28,0.35,2.57,0,1,-7.45,0.507,1.031,7.45,-0.507,-0.507,-1.031,-0.649,0,19.5,3.113359978502035,5.304451419464107,26.583624470848733,0.4,33.73829153198051,28.321085711593607
8,804619,"Klein, John",12,66.7,0,0,0,0,0,0.087,0.095,0,2,74.7,6,2060,86.9,88.17,0,5,3,1.2999999999999972,6.96,120,153,126,148,298,324,283,0.513,-0.513,72.5,7.8,2,2,0,0,0,0,0,0,0,0,2.74375,0.2775,0.2925,0.2925,88.0,145,0,0,0,5.98,-1.45,0.3,2.03,0,0,-6.4125,0.095,0.108,6.4125,-0.095,-0.095,-0.108,-0.087,0,36.5,8.524800422810378,2.6061559647673667,30.780439931909285,0.8,43.54232777126604,29.292993997278995
8,676702,"Stratton, Hunter",12,66.7,0,0,,0,0,0,,0,1,,,2621,92.1,93.04,1,6,2,0.9000000000000057,6.43,113,151,128,149,318,341,307,0.259,-0.259,75.2,7.2,1,0,0,0,0,0,1,100,0,0,2.07875,0.59375,-0.16,-0.16,90.7,209,,,,5.88,-2.41,0.05,2.68,0,,-3.2375,,,3.2375,,,,0,16.7,39.7,14.697504242448169,-10.207066877648533,18.098536739680213,0.8333333333333334,38.755704815799284,38.40313903163034
8,689546,"Davila, Nick",16,50,0,0,0,0,0,0.023,0.017,0,2,83.1,33,2062,93.5,93.61,1,3,5,0.09999999999999432,6.05,88,141,113,144,293,319,292,0.497,-0.497,72.9,6.6,2,1,0,0,0,0,1,50,0,0,2.4425,0.14625,0.97375,0.97375,88.0,258,0,0,0,5.76,-1.71,-0.54,2.25,0,0,-6.2125,0.017,0.035,6.2125,-0.017,-0.017,-0.035,-0.023,33.3,26.3,-0.6691261525602055,-1.1476600461590352,31.415374251480827,0,25.08082847638873,26.308612071053588
7,683627,"Molina, Anthony",26,26.9,0,0,0,0,0.354,0.42,0.146,0,1,64.3,-41,2199,95,95.2,0,2,5,0.20000000000000284,6.19,112,152,124,148,316,337,299,-0.188,0.188,63.4,7.8,2,1,0,0,0,0,0,0,1,50,1.46143,1.05714,0.34,0.34,88.0,125,0,0,0,6.19,-1.71,-0.03,3.14,0.5,0,2.685714286,0.573,0.15,-2.685714286,-0.146,-0.07299999999999995,-0.15,-0.066,0,51.2,0.6846886479167598,-19.175776316433723,35.709700284661416,0,41.58985747232131,35.783447152063786
7,810938,"Williamson, Ben",7,100,0.25,0.75,0,1,0.519,0.544,0.309,1,4,91.7,25,1313,48.1,45.87,0,4,3,-2.200000000000003,4.27,112,154,128,148,309,340,298,-1.822,1.822,74.7,6.7,4,4,0,0,0,1,0,0,0,0,7.93429,2.16714,0.23286,0.23286,95.5,240,25,25,25,7.11,-0.58,0.01,2.85,0.25,1,26.028571429,0.309,1.01,-26.028571429,-0.059,-0.059,-0.01,-0.025,0,54.4,14.041591852432827,5.360295687590572,24.57938670121102,1,33.594022091596926,41.137430807349205
6,605441,"Ríos, Yacksel",13,46.2,0,0,0,0,0,0.165,0.17,0,2,72.6,37,2150,98.4,98.65,1,3,3,0.29999999999999716,6.4,110,155,121,150,310,321,294,0.514,-0.514,71.7,7.3,2,1,0,0,0,0,1,50,0,0,0.99667,1.35667,0.95333,0.95333,88.0,211,0,0,0,5.5,-1.82,-0.29,2.71,0,0,-8.566666667,0.17,0.207,8.566666667,-0.17,-0.17,-0.207,-0.165,33.3,41.1,5.820028121957305,10.747147014228297,35.686479636269375,0.6666666666666666,35.241545771510204,22.836882916978713
3,624428,"Frazier, Adam",11,27.3,,,,,0.708,0.708,,0,0,,,1211,47.7,46.47,0,0,3,-1.2000000000000028,4.7,120,154,120,148,300,335,306,-0.063,0.063,,,1,0,0,0,0,0,0,0,1,100,8.77333,1.22,0.15667,0.15667,,,,,,6.86,-1.61,0.45,2.72,1,,2.1,1,,-2.1,,0,,0,,57.3,,,,,,
3,664238,"Moore, Dylan",21,14.3,,,,,0.708,0.708,,0,0,,,1757,65.6,63.33,0,0,3,-2.299999999999997,4.23,108,154,127,146,287,326,291,-0.254,0.254,,,1,0,0,0,0,0,0,0,1,100,4.33667,0.94667,0.25667,0.25667,,,,,,6.77,-1.5,-0.38,2.17,1,,8.466666667,1,,-8.466666667,,0,,0,,37.9,,,,,,
2,694795,"Ekness, Josh",7,28.6,0,0,0,0,0,0.452,0.502,0,1,98.8,-1,2561,98.1,98.5,0,1,1,0.4000000000000057,6.8,115,152,128,148,314,324,293,0.254,-0.254,75.3,7.9,1,1,0,0,0,0,0,0,0,0,1.33,1.06,0.76,0.76,98.8,34,100,0,0,5.04,-3.19,0.73,2.16,0,0,-12.7,0.502,0.554,12.7,-0.502,-0.502,-0.554,-0.452,0,24.0,1.222849175160383,12.186666611644466,27.655178335121352,0,46.30163062338306,21.946830476640795
2,664731,"Higgins, P.J.",10,20,0,0,0,0,0,0.021,0.023,0,1,76.6,59,1594,54.9,53.1,0,1,1,-1.7999999999999972,4.45,111,154,118,147,298,327,298,0.254,-0.254,72.1,7.2,1,1,0,0,0,0,0,0,0,0,6.145,1.44,0.97,0.97,88.0,173,0,0,0,6.34,-2.01,-0.46,2.29,0,0,-12.7,0.023,0.026,12.7,-0.023,-0.023,-0.026,-0.021,0,31.3,13.262675663795898,-16.801184924071908,29.175111684901772,1,23.14590270550036,44.20623083689823
1,608032,"Estévez, Carlos",27,3.7,0,0,0,0,0,0.005,0.006,0,1,64.5,59,1972,82.8,82.4,0,1,0,-0.3999999999999915,5.7,87,149,127,149,299,325,298,0.26,-0.26,77.1,7.6,1,1,0,0,0,0,0,0,0,0,2.91,0.38,-0.35,-0.35,88.0,138,0,0,0,6.26,-2.16,-0.3,2.31,0,0,-26,0.006,0.006,26,-0.006,-0.006,-0.006,-0.005,0,43.3,-0.5189883562631499,-4.360614796299274,34.46294037762659,0,32.83950814935519,30.07417070440975
1,668670,"Rogers, Jake",14,7.1,0,0,,0,0,0,,0,1,,,129,61.5,59.8,1,1,0,-1.7000000000000028,4.9,118,154,123,150,300,335,311,0.232,-0.232,70.3,7.5,1,0,0,0,0,0,1,100,0,0,5,1.06,-0.76,-0.76,,,,,,5.37,-1.3,-0.51,3.55,0,,-23.2,,,23.2,,,,0,100,24.8,18.7889598569264,-35.01429082431782,16.06732896082994,1,27.43328157981353,49.87100086836366
1,668834,"McGee, Easton",22,4.5,0,0,0,0,0,0.072,0.08,0,1,68.6,-2,2335,93.6,93.5,0,1,0,-0.09999999999999432,6.5,98,115,90,102,293,319,284,0.249,-0.249,70.6,6.7,1,1,0,0,0,0,0,0,0,0,2.25,0.38,1.63,1.63,88.0,30,0,0,0,5.65,-1.42,-0.93,2.78,0,0,-24.9,0.08,0.093,24.9,-0.08,-0.08,-0.093,-0.072,0,22.6,2.2130541216885615,-2.2730922107114346,29.675959995308517,0,24.60615388637769,26.36500237231422
1,595978,"Hedges, Austin",4,25,,,,,,,,,,,,1630,70.2,68.3,0,0,1,-1.9000000000000057,5.1,111,155,118,145,320,336,293,-0.018,0.018,,,,,,,,,,,,,4.64,0.05,1.21,1.21,,,,,,5.5,-4.17,2.03,0.94,,,1.8,,,-1.8,,,,,,15.8,,,,,,
5,686475,"Tolbert, Tyler",5,100,0.5,0,0.5,0.5,0.451,0.297,0.324,1,2,85.7,-5,1295,51.7,49.9,0,2,3,-1.8000000000000043,4.34,128,146,148,155,293,326,301,-0.096,0.096,67.4,6.9,2,2,1,0,0,0,0,0,0,0,7.046,1.506,0.352,-0.352,90.8,131,0,0,0,6.93,-2.54,-0.68,2.53,0.5,0,1.92,0.324,0.385,-1.92,0.176,0.176,0.115,0.154,0,50.0,10.679206595541487,9.32616380818845,27.683161741804604,1,43.57382738252444,39.556318136142565
1,543510,"McCann, James",63,1.6,0,0,0,0,0,0.33,0.169,0,1,98.9,37,173,55.2,53.3,0,1,0,-1.9000000000000057,5.2,124,149,144,155,303,334,310,0.196,-0.196,75.7,8.0,1,1,0,0,0,0,0,0,0,0,7.96,-0.22,-0.04,0.04,98.9,393,100,0,0,5.96,-1.39,-0.28,2.73,0,0,-19.6,0.169,0.643,19.6,-0.169,-0.169,-0.643,-0.33,0,30.0,15.44272979703422,1.5539788839720716,34.76496591033722,1,39.81518815488491,31.105896036428145
