"year","last_name, first_name","player_id","pitch_hand","api_pitch_type","n_pitches","release_speed","spin_rate","movement_inches","alan_active_spin_pct","active_spin","hawkeye_measured","movement_inferred","api_pitch_name","active_spin_formatted","hawkeye_measured_clock_minutes","movement_inferred_clock_minutes","diff_measured_inferred","diff2","diff_measured_inferred_minutes","hawkeye_measured_clock_hh","hawkeye_measured_clock_mm","movement_inferred_clock_hh","movement_inferred_clock_mm","diff_clock_hh","diff_clock_mm","hawkeye_measured_clock_label","movement_inferred_clock_label","diff_clock_label"
2026,"Webb, Jacob",657097,"R","CH",86,"85.1",2282,"21.1",0.9309868854097701,0.9970813843923602,116.65414697548303,113.60273842124859,"Changeup",100,120,135,3.051408554234442,3.051408554234445,-15,2,0,2,15,0,15,"2:00","2:15","-0H 15M"
2026,"Sale, Chris",519242,"L","CH",73,"87.1",1817,"16.6",0.8750182649835899,0.987539820723868,264.2907276722067,277.63093050648746,"Changeup",99,555,525,-13.340202834280774,13.340202834280786,30,9,15,8,45,0,30,"9:15","8:45","+0H 30M"
2026,"Skubal, Tarik",669373,"L","CH",149,"86.7",1801,"15",0.7512887131295267,0.684589062972344,223.46894776686395,257.0474873789788,"Changeup",68,630,570,-33.57853961211487,33.57853961211487,60,10,30,9,30,1,0,"10:30","9:30","+1H 00M"
2026,"Wacha, Michael",608379,"R","CH",150,"80.2",1503,"16.6",0.883766983970338,0.7974210642603456,117.52880125335136,123.05926173366777,"Changeup",80,120,120,-5.530460480316407,5.530460480316423,0,2,0,2,0,0,0,"2:00","2:00"," 0H 00M"
2026,"Cameron, Noah",702070,"L","CH",94,"82",1615,"16.8",0.8539342364686852,0.9596002181810709,231.77268261827427,244.70265292664754,"Changeup",96,615,585,-12.92997030837327,12.929970308373292,30,10,15,9,45,0,30,"10:15","9:45","+0H 30M"
2026,"Fried, Max",608331,"L","CH",106,"85.5",1694,"16.8",0.8456884771168444,0.8275750966901441,228.92077403182435,259.3592707749565,"Changeup",83,615,555,-30.438496743132134,30.43849674313217,60,10,15,9,15,1,0,"10:15","9:15","+1H 00M"
2026,"Baker, Bryan",641329,"R","CH",104,"84.8",1850,"17.7",0.867346899133683,0.8997438067081602,140.9335118681044,113.9354251319762,"Changeup",90,75,135,26.9980867361282,26.998086736128197,-60,1,15,2,15,1,0,"1:15","2:15","-1H 00M"
2026,"Alcantara, Sandy",645261,"R","CH",157,"90.9",2108,"19.3",0.9192410512732481,0.9122835724646084,119.8075596571525,97.00857508973357,"Changeup",91,120,165,22.798984567418927,22.798984567418927,-45,2,0,2,45,0,45,"2:00","2:45","-0H 45M"
2026,"Kochanowicz, Jack",686799,"R","CH",144,"90",2176,"11.1",0.5207562868758554,0.6330030688091468,132.92031346360497,87.76790702330335,"Changeup",63,90,180,45.15240644030162,45.15240644030161,-90,1,30,3,0,1,30,"1:30","3:00","-1H 30M"
2026,"Houser, Adrian",605288,"R","CH",110,"85.6",1544,"16.1",0.8499610831933123,0.8580160697482451,128.884314461478,105.35764992791191,"Changeup",86,105,150,23.52666453356609,23.526664533566088,-45,1,45,2,30,0,45,"1:45","2:30","-0H 45M"
2026,"Sheehan, Emmet",686218,"R","CH",90,"85",1319,"15.5",0.9097098474727844,0.9866744236896507,96.1555710963616,83.8704572973269,"Changeup",99,165,195,12.285113799034704,12.285113799034713,-30,2,45,3,15,0,30,"2:45","3:15","-0H 30M"
2026,"Pérez, Martín",527048,"L","CH",136,"83",1618,"17.4",0.9216885334592089,0.9950979587565578,235.38229935659572,244.76561148501736,"Changeup",100,615,585,-9.383312128421636,9.38331212842163,30,10,15,9,45,0,30,"10:15","9:45","+0H 30M"
2026,"Leiter, Jack",683004,"R","CH",111,"90.2",1519,"14.3",0.8019107071210925,0.737533366527241,136.83884115773478,101.87468386250966,"Changeup",74,90,150,34.96415729522512,34.96415729522512,-60,1,30,2,30,1,0,"1:30","2:30","-1H 00M"
2026,"Weathers, Ryan",677960,"L","CH",134,"85.3",1882,"13.8",0.6539184198607503,0.63517822631887,240.36775798078207,275.21477381343743,"Changeup",64,600,525,-34.84701583265536,34.84701583265538,75,10,0,8,45,1,15,"10:00","8:45","+1H 15M"
2026,"Nola, Aaron",605400,"R","CH",83,"85.5",1534,"15.2",0.8380723482775367,0.9941487109905279,110.96141728372073,97.06947706156639,"Changeup",99,135,165,13.891940222154346,13.89194022215433,-30,2,15,2,45,0,30,"2:15","2:45","-0H 30M"
2026,"Williamson, Brandon",682227,"L","CH",122,"85",1890,"18.5",0.8911574203685833,0.9933392074278652,242.19107793550893,251.86117088887238,"Changeup",99,600,570,-9.67009295336345,9.670092953363447,30,10,0,9,30,0,30,"10:00","9:30","+0H 30M"
2026,"Skenes, Paul",694973,"R","CH",102,"89",1908,"18.7",0.9254536162034428,0.977405766226512,99.61646935238151,106.780759788989,"Changeup",98,165,150,-7.164290436607487,7.164290436607493,15,2,45,2,30,0,15,"2:45","2:30","+0H 15M"
2026,"Quintana, Jose",500779,"L","CH",81,"85.4",1353,"14.6",0.8979906083841315,0.9129644274330202,233.9603122038483,253.43437156458728,"Changeup",91,615,570,-19.474059360738977,19.474059360738973,45,10,15,9,30,0,45,"10:15","9:30","+0H 45M"
2026,"Springs, Jeffrey",605488,"L","CH",117,"78.9",1416,"16.2",0.8641744933783597,0.958536332414314,232.30758606621617,245.46326351458868,"Changeup",96,615,585,-13.1556774483725,13.155677448372492,30,10,15,9,45,0,30,"10:15","9:45","+0H 30M"
2026,"Dollander, Chase",801403,"R","CH",74,"90.5",1891,"15",0.787281908423347,0.942155401741778,110.34374702775952,96.82755109102338,"Changeup",94,135,165,13.516195936736139,13.516195936736153,-30,2,15,2,45,0,30,"2:15","2:45","-0H 30M"
2026,"Early, Connelly",813349,"L","CH",111,"83.3",1242,"13.3",0.7706859475392626,0.8459276276057323,261.117765890182,293.3770177755589,"Changeup",85,555,495,-32.2592518853769,32.259251885376905,60,9,15,8,15,1,0,"9:15","8:15","+1H 00M"
2026,"Woodruff, Brandon",605540,"R","CH",86,"82.7",1762,"18.2",0.8939993915414486,0.8591039438941008,136.49560668370557,110.8150954215382,"Changeup",86,90,135,25.68051126216737,25.68051126216738,-45,1,30,2,15,0,45,"1:30","2:15","-0H 45M"
2026,"Boyd, Matthew",571510,"L","CH",123,"79.4",1806,"18.5",0.8692474564579881,0.9036966416228207,244.42631848313002,264.4147400777461,"Changeup",90,585,555,-19.988421594616085,19.98842159461606,30,9,45,9,15,0,30,"9:45","9:15","+0H 30M"
2026,"Ober, Bailey",641927,"R","CH",211,"83.1",2081,"21.3",0.9597759373988443,0.9881781797822039,112.21376191334147,102.90517381925962,"Changeup",99,135,150,9.308588094081856,9.30858809408187,-15,2,15,2,30,0,15,"2:15","2:30","-0H 15M"
2026,"Burrows, Mike",681347,"R","CH",161,"87",1517,"16.7",0.9198492781335494,0.9464361521825199,122.99993191108669,104.1302132810502,"Changeup",95,120,150,18.869718630036488,18.8697186300365,-30,2,0,2,30,0,30,"2:00","2:30","-0H 30M"
2026,"Lorenzen, Michael",547179,"R","CH",120,"83.9",2030,"17.1",0.8404393808114975,0.9720336253196318,120.26432821620143,112.72770531223436,"Changeup",97,120,135,7.536622903967071,7.53662290396709,-15,2,0,2,15,0,15,"2:00","2:15","-0H 15M"
2026,"Lauer, Eric",641778,"L","CH",76,"83.4",1102,"13.3",0.8681182289961863,0.9396609422801927,242.91443409407788,251.01568190950513,"Changeup",94,600,585,-8.101247815427257,8.101247815427275,15,10,0,9,45,0,15,"10:00","9:45","+0H 15M"
2026,"Rogers, Trevor",669432,"L","CH",116,"86.6",1464,"13.9",0.763952700994469,0.8568321778497101,243.69846188788696,270.3454218475618,"Changeup",86,600,540,-26.64695995967483,26.646959959674856,60,10,0,9,0,1,0,"10:00","9:00","+1H 00M"
2026,"Messick, Parker",800048,"L","CH",129,"85.4",1825,"15.4",0.7673497014907517,0.7612397427526857,235.35872317905245,270.3638340292686,"Changeup",76,615,540,-35.00511085021617,35.00511085021617,75,10,15,9,0,1,15,"10:15","9:00","+1H 15M"
2026,"Lowder, Rhett",695076,"R","CH",123,"86.1",2006,"19.6",0.9328812072911152,0.9006289662841958,105.27359711617267,84.1720087783253,"Changeup",90,150,195,21.10158833784736,21.101588337847353,-45,2,30,3,15,0,45,"2:30","3:15","-0H 45M"
2026,"Martinez, Nick",607259,"R","CH",161,"78.6",1810,"13.6",0.6484202364046744,0.837209851736646,111.21629445419207,103.08205307288144,"Changeup",84,135,150,8.13424138131063,8.134241381310625,-15,2,15,2,30,0,15,"2:15","2:30","-0H 15M"
2026,"Suarez, Ranger",624133,"L","CH",96,"81.3",1249,"11.9",0.6763430528444153,0.7221599764408234,239.3202273627544,269.1308428948378,"Changeup",72,600,540,-29.810615532083432,29.810615532083435,60,10,0,9,0,1,0,"10:00","9:00","+1H 00M"
2026,"Sulser, Cole",642121,"R","CH",108,"83.3",1653,"14.4",0.7322296975562621,0.8097658384805774,129.03020145715408,92.23208501783759,"Changeup",81,105,180,36.79811643931649,36.798116439316495,-75,1,45,3,0,1,15,"1:45","3:00","-1H 15M"
2026,"Luzardo, Jesús",666200,"L","CH",135,"86.7",1689,"16.7",0.8801028724397824,0.8708692859183047,239.13790855728422,269.12847140139434,"Changeup",87,600,540,-29.990562844110116,29.99056284411011,60,10,0,9,0,1,0,"10:00","9:00","+1H 00M"
2026,"Ragans, Cole",666142,"L","CH",104,"84.2",2093,"19.6",0.9201597288608144,0.9898967740952026,237.47437804825475,236.35043821222715,"Changeup",99,600,600,1.1239398360276027,1.1239398360275865,0,10,0,10,0,0,0,"10:00","10:00"," 0H 00M"
2026,"Rodriguez, Eduardo",593958,"L","CH",174,"85.5",1876,"18.4",0.9107937509108576,0.8953347005129665,229.16855059329177,256.8052718787239,"Changeup",90,615,570,-27.636721285432117,27.636721285432134,45,10,15,9,30,0,45,"10:15","9:30","+0H 45M"
2026,"King, Michael",650633,"R","CH",144,"86.2",1900,"19.2",0.9206626221716057,0.9610653001234922,113.05180107558253,98.13938072324451,"Changeup",96,135,165,14.912420352338017,14.912420352338023,-30,2,15,2,45,0,30,"2:15","2:45","-0H 30M"
2026,"Abbott, Andrew",671096,"L","CH",123,"85.7",1893,"17.4",0.847107208386377,0.8752208275729518,218.06351126366,241.15504266245492,"Changeup",88,645,600,-23.091531398794928,23.091531398794935,45,10,45,10,0,0,45,"10:45","10:00","+0H 45M"
2026,"Roupp, Landen",694738,"R","CH",114,"87.2",1953,"17.4",0.829655250259168,0.8250521918469355,100.6307924143426,75.09641884469295,"Changeup",83,165,210,25.534373569649645,25.53437356964965,-45,2,45,3,30,0,45,"2:45","3:30","-0H 45M"
2026,"Cabrera, Edward",665795,"R","CH",214,"92.6",1749,"18.8",0.9778366143684377,0.9500462276379225,117.83592418206612,97.90436151143241,"Changeup",95,120,165,19.93156267063371,19.931562670633696,-45,2,0,2,45,0,45,"2:00","2:45","-0H 45M"
2026,"Peralta, Wandy",593974,"L","CH",108,"89.3",2212,"17.6",0.812503814871013,0.8653561032459742,235.6363602775192,262.1125375670909,"Changeup",87,615,555,-26.476177289571694,26.476177289571694,60,10,15,9,15,1,0,"10:15","9:15","+1H 00M"
2026,"Taillon, Jameson",592791,"R","CH",76,"84.3",1799,"18.7",0.921855382248825,0.8605849133355995,132.72561730708836,108.7668180963045,"Changeup",86,90,135,23.95879921078385,23.958799210783837,-45,1,30,2,15,0,45,"1:30","2:15","-0H 45M"
2026,"Sánchez, Cristopher",650911,"L","CH",227,"86.1",2007,"18.3",0.8623162331993957,0.8526204935344148,253.35505606231075,281.1983385538802,"Changeup",85,570,525,-27.843282491569454,27.843282491569433,45,9,30,8,45,0,45,"9:30","8:45","+0H 45M"
2026,"Williams, Devin",642207,"R","CH",98,"84.9",2530,"23",0.9643909281551667,0.955102948642621,87.19878396209258,84.21409600049037,"Changeup",96,180,195,2.984687961602205,2.9846879616021993,-15,3,0,3,15,0,15,"3:00","3:15","-0H 15M"
2026,"Beeks, Jalen",656222,"L","CH",79,"87.7",2030,"19.5",0.9221873885981546,0.9106467383691376,230.2316098821414,245.8191090957385,"Changeup",91,615,585,-15.587499213597084,15.5874992135971,30,10,15,9,45,0,30,"10:15","9:45","+0H 30M"
2026,"Seymour, Ian",693855,"L","CH",94,"83.3",1612,"18.6",0.9727496417793969,0.9476467428484084,236.59702284586356,252.79261003385847,"Changeup",95,600,570,-16.195587187994903,16.195587187994942,30,10,0,9,30,0,30,"10:00","9:30","+0H 30M"
2026,"Valdez, Framber",664285,"L","CH",112,"89.1",1654,"15.6",0.8211587351844637,0.7843899184887905,231.54389034724483,267.2262872377835,"Changeup",78,615,540,-35.682396890538655,35.68239689053865,75,10,15,9,0,1,15,"10:15","9:00","+1H 15M"
2026,"Chandler, Bubba",696149,"R","CH",94,"92.2",2106,"19.3",0.9425952445689397,0.9376171265966334,129.41125866702495,107.95969178697817,"Changeup",94,105,150,21.451566880046784,21.451566880046798,-45,1,45,2,30,0,45,"1:45","2:30","-0H 45M"
2026,"Detmers, Reid",672282,"L","CH",82,"83",1644,"16.8",0.8671371111991273,0.9689706134856102,227.16772311540137,228.9116785577022,"Changeup",97,630,615,-1.7439554423008303,1.743955442300815,15,10,30,10,15,0,15,"10:30","10:15","+0H 15M"
2026,"Paddack, Chris",663978,"R","CH",150,"84.8",1584,"16.8",0.8872582317234098,0.9724787674005783,118.70473770002806,102.10767659111836,"Changeup",97,120,150,16.5970611089097,16.59706110890968,-30,2,0,2,30,0,30,"2:00","2:30","-0H 30M"
2026,"Cease, Dylan",656302,"R","CH",78,"84.5",1818,"17.6",0.869728702415799,0.8984863753591659,167.98641845072407,145.4064333768665,"Changeup",90,750,75,22.579985073857586,22.579985073857607,-45,12,30,1,15,0,45,"12:30","1:15","-0H 45M"
2026,"Kay, Anthony",641743,"L","CH",75,"85.8",1632,"14.4",0.761777211895699,0.7680257509072361,238.1289663400625,275.520810054142,"Changeup",77,600,525,-37.39184371407947,37.39184371407942,75,10,0,8,45,1,15,"10:00","8:45","+1H 15M"
2026,"Brazobán, Huascar",623211,"R","CH",85,"90.2",2024,"18.9",0.8948301790808895,0.8512322568186007,125.32818306864687,94.35999361783672,"Changeup",85,105,165,30.968189450810144,30.968189450810137,-60,1,45,2,45,1,0,"1:45","2:45","-1H 00M"
2026,"Gore, MacKenzie",669022,"L","CH",83,"87.1",2057,"18.1",0.852148480537923,0.9548618081223826,235.0597845419349,237.0893684354163,"Changeup",95,615,600,-2.0295838934814014,2.0295838934814037,15,10,15,10,0,0,15,"10:15","10:00","+0H 15M"
2026,"Rodriguez, Bradgley",699134,"R","CH",107,"89.1",1786,"20.6",1.03213795715486,0.9642891659413098,126.50726498976346,112.55479754156501,"Changeup",96,105,135,13.952467448198448,13.952467448198442,-30,1,45,2,15,0,30,"1:45","2:15","-0H 30M"
2026,"Montero, Keider",672456,"R","CH",79,"87.3",2048,"18.2",0.8582520958365686,0.9126920147686184,137.8926565293035,115.14316745337727,"Changeup",91,90,135,22.749489075926235,22.74948907592623,-45,1,30,2,15,0,45,"1:30","2:15","-0H 45M"
2026,"deGrom, Jacob",594798,"R","CH",73,"89.8",1606,"14.3",0.7721105126773301,0.8262605752130397,126.47603907985442,91.70296233005966,"Changeup",83,105,180,34.773076749794754,34.77307674979476,-75,1,45,3,0,1,15,"1:45","3:00","-1H 15M"
2026,"Junk, Janson",676083,"R","CH",96,"87.3",1413,"16.1",0.9222322827922037,0.8409008953036511,125.86602079300474,94.64424819182527,"Changeup",84,105,165,31.221772601179467,31.221772601179477,-60,1,45,2,45,1,0,"1:45","2:45","-1H 00M"
2026,"Ginn, J.T.",669372,"R","CH",74,"88.4",1560,"13.5",0.7287733272655078,0.6668332449224615,131.80417141902498,99.29318668202863,"Changeup",67,90,165,32.51098473699635,32.51098473699635,-75,1,30,2,45,1,15,"1:30","2:45","-1H 15M"
2026,"Liberatore, Matthew",669461,"L","CH",93,"88.4",1780,"18.3",0.9328554264423914,0.971650786408615,228.36498723758478,242.26269155911163,"Changeup",97,630,600,-13.897704321526845,13.897704321526835,30,10,30,10,0,0,30,"10:30","10:00","+0H 30M"
2026,"Griffin, Foster",656492,"L","CH",72,"82.7",1854,"16.7",0.7991017703385921,0.8912342995481222,225.7637403589346,247.69901876716378,"Changeup",89,630,585,-21.93527840822918,21.93527840822917,45,10,30,9,45,0,45,"10:30","9:45","+0H 45M"
2026,"Blubaugh, AJ",805123,"R","CH",103,"86",2328,"17",0.7600655559597909,0.807591090179837,106.37380990741828,98.56454958773242,"Changeup",81,150,165,7.809260319685862,7.809260319685867,-15,2,30,2,45,0,15,"2:30","2:45","-0H 15M"
2026,"McGreevy, Michael",700241,"R","CH",108,"86.4",1738,"13",0.6638767580477787,0.6290136177373327,131.1790931102558,92.2218682229661,"Changeup",63,105,180,38.9572248872897,38.95722488728969,-75,1,45,3,0,1,15,"1:45","3:00","-1H 15M"
2026,"Morán, Jovani",663558,"L","CH",106,"83",1719,"16.6",0.8147602699461053,0.8468410901605257,219.88995629592486,249.0073784302229,"Changeup",85,645,585,-29.11742213429804,29.117422134298096,60,10,45,9,45,1,0,"10:45","9:45","+1H 00M"
2026,"Cantillo, Joey",676282,"L","CH",151,"80.3",1477,"16.3",0.860811336891956,0.9887521603718818,228.3455590685349,218.49394529346603,"Changeup",99,630,645,9.85161377506887,9.851613775068854,-15,10,30,10,45,0,15,"10:30","10:45","-0H 15M"
2026,"McClanahan, Shane",663556,"L","CH",128,"86.7",1450,"17.1",0.960163655374438,0.9587192225126993,245.7438537977847,266.56726108885897,"Changeup",96,585,540,-20.82340729107426,20.823407291074275,45,9,45,9,0,0,45,"9:45","9:00","+0H 45M"
2026,"Peralta, Freddy",642547,"R","CH",146,"87.3",1903,"19.5",0.9278134500023587,0.8954154807717369,109.96462722495761,91.0608131288507,"Changeup",90,135,180,18.903814096106913,18.90381409610691,-45,2,15,3,0,0,45,"2:15","3:00","-0H 45M"
2026,"Bubic, Kris",663460,"L","CH",124,"85.9",1528,"10.2",0.5632394861998773,0.6927833261387341,238.77263872800057,277.8377781533304,"Changeup",69,600,525,-39.065139425329846,39.06513942532989,75,10,0,8,45,1,15,"10:00","8:45","+1H 15M"
2026,"Martin, Davis",663436,"R","CH",101,"90",2071,"15.4",0.7365807555515006,0.7078673809032071,126.1444924629208,89.51721890751237,"Changeup",71,105,180,36.62727355540842,36.62727355540843,-75,1,45,3,0,1,15,"1:45","3:00","-1H 15M"
2026,"Kelly, Merrill",518876,"R","CH",111,"88.3",2161,"16.5",0.7818499502498798,0.7967881756219192,117.39926665701574,84.47403830610635,"Changeup",80,120,195,32.92522835090939,32.92522835090941,-75,2,0,3,15,1,15,"2:00","3:15","-1H 15M"
2026,"Bibee, Tanner",676440,"R","CH",125,"81.1",1898,"18.3",0.8674364701075361,0.9487397017293427,152.33903983740132,137.78862292812047,"Changeup",95,60,90,14.550416909280841,14.550416909280864,-30,1,0,1,30,0,30,"1:00","1:30","-0H 30M"
2026,"Suarez, José",660761,"L","CH",98,"83.6",1614,"14.8",0.7850108061070215,0.8011317543827446,233.6551389924276,266.59905189868664,"Changeup",80,615,540,-32.943912906259044,32.943912906259044,75,10,15,9,0,1,15,"10:15","9:00","+1H 15M"
2026,"Marinaccio, Ron",676760,"R","CH",103,"81.3",2202,"19.5",0.8664456207210127,0.951953938407847,89.11959083548959,89.12115358023708,"Changeup",95,180,180,-0.0015627447474884093,0.0015627447474819021,0,3,0,3,0,0,0,"3:00","3:00"," 0H 00M"
2026,"Ray, Robbie",592662,"L","CH",89,"85.4",1585,"15.4",0.808783873447436,0.9229601033272009,205.83630195064765,228.58607272283183,"Changeup",92,675,630,-22.749770772184178,22.74977077218419,45,11,15,10,30,0,45,"11:15","10:30","+0H 45M"
2026,"Suter, Brent",608718,"L","CH",100,"75.3",1542,"13.5",0.6885195542822912,0.8933143446199685,209.55070814674863,229.7134017348907,"Changeup",89,660,615,-20.162693588142076,20.162693588142048,45,11,0,10,15,0,45,"11:00","10:15","+0H 45M"
2026,"Brogdon, Connor",641401,"R","CH",93,"83.8",1983,"17.9",0.8335544191479767,0.9556248717621115,110.29730044630067,111.60955081348777,"Changeup",96,135,135,-1.3122503671871044,1.3122503671871129,0,2,15,2,15,0,0,"2:15","2:15"," 0H 00M"
2026,"Webb, Logan",657277,"R","CH",153,"86.1",1454,"12.6",0.689941472259786,0.8008198287159984,88.38859598331193,51.368313020621144,"Changeup",80,180,255,37.020282962690786,37.020282962690786,-75,3,0,4,15,1,15,"3:00","4:15","-1H 15M"
2026,"Ureña, Walbert",700712,"R","CH",72,"91.5",1766,"18.4",0.9714875689268598,0.9314107186167205,124.10932283170717,103.77916797263727,"Changeup",93,105,150,20.330154859069907,20.33015485906991,-45,1,45,2,30,0,45,"1:45","2:30","-0H 45M"
2026,"Matz, Steven",571927,"L","CH",182,"82.8",2364,"16.3",0.7053239598424784,0.8439096836185678,264.7316292438003,271.8992411754803,"Changeup",84,555,540,-7.167611931680028,7.1676119316800415,15,9,15,9,0,0,15,"9:15","9:00","+0H 15M"
2026,"Suarez, Ranger",624133,"L","CU",82,"75.3",2159,"17.5",0.7415049968945133,0.8364950725021782,47.682816669587794,41.463854329114355,"Curveball",84,270,270,6.218962340473439,6.218962340473438,0,4,30,4,30,0,0,"4:30","4:30"," 0H 00M"
2026,"Baz, Shane",669358,"R","CU",220,"85.6",2693,"15.2",0.6392849446817573,0.6353053101564868,326.21767909658286,335.3749332648937,"Curveball",64,435,405,-9.157254168310828,9.157254168310802,30,7,15,6,45,0,30,"7:15","6:45","+0H 30M"
2026,"Gilbert, Logan",669302,"R","CU",93,"80.4",2367,"17.8",0.7470661110572455,0.7300100921107624,318.508397239141,289.8747173777575,"Curveball",73,450,495,28.633679861383484,28.633679861383484,-45,7,30,8,15,0,45,"7:30","8:15","-0H 45M"
2026,"Peralta, Freddy",642547,"R","CU",107,"78.7",2292,"9",0.3748537853254416,0.47641476550266654,285.81948893300194,319.8621306383305,"Curveball",48,510,435,-34.04264170532855,34.04264170532856,75,8,30,7,15,1,15,"8:30","7:15","+1H 15M"
2026,"Gore, MacKenzie",669022,"L","CU",133,"81.8",2274,"14.9",0.6529378458342296,0.690760126993258,30.74084765290351,16.104299624128316,"Curveball",69,300,330,14.636548028775195,14.636548028775195,-30,5,0,5,30,0,30,"5:00","5:30","-0H 30M"
2026,"Williams, Gavin",668909,"R","CU",124,"82.8",2441,"19.5",0.8225939595207215,0.861792701426321,322.40197206810683,327.7723944361266,"Curveball",86,435,420,-5.370422368019774,5.3704223680198035,15,7,15,7,0,0,15,"7:15","7:00","+0H 15M"
2026,"Gallen, Zac",668678,"R","CU",99,"81.8",2397,"12.8",0.560931349562655,0.5942715039077052,319.04734370875093,344.81088159157036,"Curveball",59,435,390,-25.763537882819435,25.76353788281948,45,7,15,6,30,0,45,"7:15","6:30","+0H 45M"
2026,"Pfaadt, Brandon",694297,"R","CU",87,"81.6",2476,"18",0.7851768472485862,0.798335639140464,309.2438150048764,320.72262709253556,"Curveball",80,465,435,-11.47881208765915,11.478812087659174,30,7,45,7,15,0,30,"7:45","7:15","+0H 30M"
2026,"Soriano, José",667755,"R","CU",177,"85.8",2417,"15.9",0.6918949974464762,0.5991175158759238,327.3791511307573,304.4364566913643,"Curveball",60,420,465,22.942694439392994,22.94269443939298,-45,7,0,7,45,0,45,"7:00","7:45","-0H 45M"
2026,"Nance, Tommy",667297,"R","CU",93,"84.6",2881,"21.3",0.8650149482384974,0.7555789478017281,340.59493034130094,323.6192318374814,"Curveball",76,405,435,16.975698503819558,16.975698503819554,-30,6,45,7,15,0,30,"6:45","7:15","-0H 30M"
2026,"Eovaldi, Nathan",543135,"R","CU",113,"76.6",1950,"16",0.7338479571385728,0.8448529438333184,318.524059117073,320.7312326796995,"Curveball",84,450,435,-2.2071735626264513,2.2071735626264433,15,7,30,7,15,0,15,"7:30","7:15","+0H 15M"
2026,"Civale, Aaron",650644,"R","CU",134,"77",3058,"22.3",0.8490777920058284,0.7446941895395105,316.88837104607296,324.082524290812,"Curveball",74,450,435,-7.194153244739027,7.194153244739013,15,7,30,7,15,0,15,"7:30","7:15","+0H 15M"
2026,"Cabrera, Edward",665795,"R","CU",134,"84.4",2453,"12.4",0.5329648060504084,0.6317893873049132,324.08898465581626,324.7059802904755,"Curveball",63,435,435,-0.6169956346592471,0.6169956346592429,0,7,15,7,15,0,0,"7:15","7:15"," 0H 00M"
2026,"Valdez, Framber",664285,"L","CU",195,"78.6",2888,"22.2",0.8783978538956279,0.8454020837729416,41.66691163479797,37.03538516421273,"Curveball",85,270,285,4.631526470585243,4.631526470585244,-15,4,30,4,45,0,15,"4:30","4:45","-0H 15M"
2026,"McLean, Nolan",690997,"R","CU",79,"81.9",3291,"26.3",0.9742802598782062,0.9577404503255177,316.13222638945786,315.3046753425182,"Curveball",96,450,450,0.827551046939675,0.8275510469396504,0,7,30,7,30,0,0,"7:30","7:30"," 0H 00M"
2026,"Flaherty, Jack",656427,"R","CU",116,"78",2377,"16.2",0.6750245196241008,0.7747923996091304,305.3168322760773,314.1258454301315,"Curveball",77,465,450,-8.809013154054185,8.809013154054211,15,7,45,7,30,0,15,"7:45","7:30","+0H 15M"
2026,"Harris, Hogan",663687,"L","CU",87,"74.4",2687,"22",0.8746989772678707,0.9353098945259498,21.088453189881875,20.64191934908439,"Curveball",94,315,315,0.4465338407974855,0.4465338407974829,0,5,15,5,15,0,0,"5:15","5:15"," 0H 00M"
2026,"Irvin, Jake",663623,"R","CU",135,"77.1",2511,"18.6",0.7677243201844701,0.8268798412412987,297.7305468056296,288.0654147634882,"Curveball",83,480,510,9.665132042141408,9.665132042141432,-30,8,0,8,30,0,30,"8:00","8:30","-0H 30M"
2026,"Morgan, David",688158,"R","CU",79,"82.5",2584,"17.1",0.7251881766772822,0.7571918118668599,309.97314459646105,327.05897056610485,"Curveball",76,465,420,-17.085825969643793,17.085825969643807,45,7,45,7,0,0,45,"7:45","7:00","+0H 45M"
2026,"Megill, Trevor",656730,"R","CU",87,"87.5",2705,"5",0.21242519751912953,0.2378018510352498,334.4116623282448,340.49501059115687,"Curveball",24,405,405,-6.083348262912068,6.083348262912065,0,6,45,6,45,0,0,"6:45","6:45"," 0H 00M"
2026,"Ryan, Joe",657746,"R","CU",78,"77.7",2770,"21.2",0.8384486827434691,0.8079827624061748,301.18488705713577,308.0008572068492,"Curveball",81,480,465,-6.815970149713451,6.81597014971347,15,8,0,7,45,0,15,"8:00","7:45","+0H 15M"
2026,"Peterson, David",656849,"L","CU",76,"80.8",2408,"12.3",0.5176151983952888,0.6554945555938465,30.47008701134402,35.295119113611946,"Curveball",66,300,285,-4.825032102267926,4.82503210226793,15,5,0,4,45,0,15,"5:00","4:45","+0H 15M"
2026,"Barlow, Scott",605130,"R","CU",82,"76.2",2526,"18.6",0.7545546940958794,0.7614269940849425,291.9584258792528,302.10475323937436,"Curveball",76,495,480,-10.146327360121575,10.146327360121573,15,8,15,8,0,0,15,"8:15","8:00","+0H 15M"
2026,"Bassitt, Chris",605135,"R","CU",134,"71",2305,"23.3",0.9603691230454854,0.9608928873814716,312.4368518533345,312.25084599706395,"Curveball",96,450,450,0.18600585627052624,0.1860058562705535,0,7,30,7,30,0,0,"7:30","7:30"," 0H 00M"
2026,"Varland, Louis",686973,"R","CU",88,"87.2",2456,"10.8",0.4719097898277767,0.56679359571144,310.6852512816379,331.9734337467669,"Curveball",57,465,420,-21.28818246512901,21.288182465128987,45,7,45,7,0,0,45,"7:45","7:00","+0H 45M"
2026,"Nola, Aaron",605400,"R","CU",196,"78.3",2606,"19.9",0.8266356943503738,0.8277416556621958,305.73308948192147,311.68083633944286,"Curveball",83,465,450,-5.947746857521395,5.9477468575213885,15,7,45,7,30,0,15,"7:45","7:30","+0H 15M"
2026,"Lorenzen, Michael",547179,"R","CU",90,"82.2",2490,"12.9",0.5763168522671283,0.5853923646375055,334.5003544084696,355.61912726962305,"Curveball",59,405,375,-21.118772861153445,21.11877286115344,30,6,45,6,15,0,30,"6:45","6:15","+0H 30M"
2026,"Leahy, Kyle",681517,"R","CU",87,"82.1",2330,"17.3",0.755993085575433,0.8265236617826764,314.9152465291436,325.5047375276871,"Curveball",83,450,435,-10.58949099854351,10.589490998543557,15,7,30,7,15,0,15,"7:30","7:15","+0H 15M"
2026,"Burrows, Mike",681347,"R","CU",96,"79.8",2923,"19",0.7511753901511165,0.7615095895113287,315.0399864523892,325.1987764166132,"Curveball",76,450,435,-10.158789964224013,10.158789964224082,15,7,30,7,15,0,15,"7:30","7:15","+0H 15M"
2026,"Arrighetti, Spencer",681293,"R","CU",116,"76.2",2830,"21.4",0.830635476603453,0.7940883257877106,299.7331272360566,295.82840885235447,"Curveball",79,480,495,3.904718383702118,3.9047183837021096,-15,8,0,8,15,0,15,"8:00","8:15","-0H 15M"
2026,"Glasnow, Tyler",607192,"R","CU",174,"81.3",2824,"19.4",0.8010307613954273,0.8208560079008875,340.9444892903274,343.93740200930074,"Curveball",82,405,390,-2.9929127189733435,2.992912718973375,15,6,45,6,30,0,15,"6:45","6:30","+0H 15M"
2026,"Vásquez, Randy",681190,"R","CU",86,"84.2",3089,"10.7",0.42190254358913404,0.4535818254502269,272.33941799480874,292.0851999268757,"Curveball",45,540,495,-19.74578193206696,19.745781932066972,45,9,0,8,15,0,45,"9:00","8:15","+0H 45M"
2026,"Burke, Sean",680732,"R","CU",148,"79.3",2426,"16.7",0.7122101568747373,0.8158082040092126,332.5402858605671,345.0154678845995,"Curveball",82,420,390,-12.475182024032392,12.475182024032392,30,7,0,6,30,0,30,"7:00","6:30","+0H 30M"
2026,"Bradish, Kyle",680694,"R","CU",128,"84.3",2692,"17.3",0.7145338711996676,0.7303687481730277,329.8640577425603,335.4140454121746,"Curveball",73,420,405,-5.549987669614268,5.549987669614271,15,7,0,6,45,0,15,"7:00","6:45","+0H 15M"
2026,"Freeland, Kyle",607536,"L","CU",109,"82.8",2384,"8.5",0.3999858539841391,0.46511108547307306,35.23255298893113,5.70945860154319,"Curveball",47,285,345,29.523094387387943,29.523094387387935,-60,4,45,5,45,1,0,"4:45","5:45","-1H 00M"
2026,"Lugo, Seth",607625,"R","CU",113,"75.6",3092,"22.7",0.8738661897186678,0.8214480275912119,311.6903881716467,313.5016631863758,"Curveball",82,450,450,-1.8112750147291194,1.811275014729144,0,7,30,7,30,0,0,"7:30","7:30"," 0H 00M"
2026,"Ashcraft, Braxton",677952,"R","CU",172,"84.8",2776,"14.6",0.6049764190469975,0.6163185570601802,315.8006471189491,331.421870187953,"Curveball",62,450,420,-15.621223069003918,15.621223069003912,30,7,30,7,0,0,30,"7:30","7:00","+0H 30M"
2026,"Ritchie, JR",702275,"R","CU",74,"82.4",2578,"19.5",0.834599250225229,0.8774440554232558,311.6949594751252,316.12991937824745,"Curveball",88,450,450,-4.434959903122262,4.434959903122235,0,7,30,7,30,0,0,"7:30","7:30"," 0H 00M"
2026,"Cecconi, Slade",677944,"R","CU",101,"74",2267,"20.1",0.8302972562746432,0.8737466801782996,324.3107944101314,330.37036828388136,"Curveball",87,435,420,-6.059573873749969,6.059573873749922,15,7,15,7,0,0,15,"7:15","7:00","+0H 15M"
2026,"Fried, Max",608331,"L","CU",110,"74",2839,"23.8",0.9112877936723658,0.870929344047041,30.99307357789766,28.029785322771062,"Curveball",87,300,300,2.9632882551265993,2.9632882551266033,0,5,0,5,0,0,0,"5:00","5:00"," 0H 00M"
2026,"Cameron, Noah",702070,"L","CU",80,"81.4",2310,"13.5",0.5837791211652735,0.6711091481843463,20.973760770565264,18.551028384562727,"Curveball",67,315,330,2.4227323860025365,2.4227323860025347,-15,5,15,5,30,0,15,"5:15","5:30","-0H 15M"
2026,"Márquez, Germán",608566,"R","CU",144,"85",2599,"3.5",0.1458938359355318,0.15420180096079683,336.06367022824725,311.3679820952651,"Curveball",15,405,450,24.695688132982127,24.695688132982127,-45,6,45,7,30,0,45,"6:45","7:30","-0H 45M"
2026,"Brown, Ben",676962,"R","CU",139,"86.9",2326,"6.5",0.2867116463119113,0.356229007587509,286.34631844848604,329.1105350959287,"Curveball",36,510,420,-42.76421664744265,42.76421664744263,90,8,30,7,0,1,30,"8:30","7:00","+1H 30M"
2026,"Cavalli, Cade",676917,"R","CU",138,"84.7",2220,"17.3",0.770529662949202,0.8407368265938749,324.30924941445033,328.86974885143565,"Curveball",84,435,420,-4.56049943698531,4.560499436985298,15,7,15,7,0,0,15,"7:15","7:00","+0H 15M"
2026,"Buehler, Walker",621111,"R","CU",73,"77.4",2478,"21",0.8694692114726806,0.8995816295598207,323.9105361377086,324.6997108856459,"Curveball",90,435,435,-0.7891747479372953,0.789174747937299,0,7,15,7,15,0,0,"7:15","7:15"," 0H 00M"
2026,"Ashby, Aaron",676879,"L","CU",75,"82.9",2743,"22.1",0.9081261899892601,0.8714125829834526,25.737163624786575,21.780609661256364,"Curveball",87,315,315,3.9565539635302116,3.9565539635302094,0,5,15,5,15,0,0,"5:15","5:15"," 0H 00M"
2026,"McCullers Jr., Lance",621121,"R","CU",80,"81.3",2805,"18.5",0.7459614474421571,0.7653129149145005,303.07259678100473,308.82561286144244,"Curveball",77,480,465,-5.753016080437703,5.753016080437721,15,8,0,7,45,0,15,"8:00","7:45","+0H 15M"
2026,"Bibee, Tanner",676440,"R","CU",95,"77.8",2592,"19.6",0.8041645483771654,0.6917074726371325,322.85092563910166,305.43071614231053,"Curveball",69,435,465,17.42020949679113,17.42020949679111,-30,7,15,7,45,0,30,"7:15","7:45","-0H 30M"
2026,"Mikolas, Miles",571945,"R","CU",77,"76",2535,"20.9",0.8353803230134943,0.8154772951987237,328.7369643293648,336.1797489752172,"Curveball",82,420,405,-7.4427846458523845,7.442784645852347,15,7,0,6,45,0,15,"7:00","6:45","+0H 15M"
2026,"Cantillo, Joey",676282,"L","CU",96,"78.8",2653,"22.7",0.9227992239103627,0.930402186045321,24.773548266494515,23.328990471793617,"Curveball",93,315,315,1.4445577947008985,1.4445577947009032,0,5,15,5,15,0,0,"5:15","5:15"," 0H 00M"
2026,"Yamamoto, Yoshinobu",808967,"R","CU",82,"76.5",2791,"23.3",0.9226527561825716,0.92410576216108,324.060842356069,325.49222432195404,"Curveball",92,435,435,-1.4313819658850662,1.4313819658850977,0,7,15,7,15,0,0,"7:15","7:15"," 0H 00M"
2026,"Johnson, Pierce",572955,"R","CU",146,"85.7",2841,"10.4",0.42759515524756847,0.3823251940814646,312.5032302189503,315.36430493707155,"Curveball",38,450,450,-2.8610747181212446,2.8610747181212504,0,7,30,7,30,0,0,"7:30","7:30"," 0H 00M"
2026,"Pérez, Cionel",672335,"L","CU",103,"85.4",2629,"12.7",0.5338654148572807,0.6207373986597343,30.785030512413755,15.875315748662558,"Curveball",62,300,330,14.909714763751197,14.909714763751197,-30,5,0,5,30,0,30,"5:00","5:30","-0H 30M"
2026,"Detmers, Reid",672282,"L","CU",72,"72.7",2524,"21.9",0.8910454083556386,0.9048143724051755,32.47709491435586,32.24949976904182,"Curveball",90,300,300,0.2275951453140408,0.22759514531403943,0,5,0,5,0,0,0,"5:00","5:00"," 0H 00M"
2026,"Bradley, Taj",671737,"R","CU",75,"81.2",2321,"18.4",0.7838286535300251,0.823037893752167,345.018001556026,347.0258562204553,"Curveball",82,390,390,-2.007854664429317,2.007854664429311,0,6,30,6,30,0,0,"6:30","6:30"," 0H 00M"
2026,"Abbott, Andrew",671096,"L","CU",85,"79.3",2778,"14.1",0.5673049357126544,0.5610108001566488,43.97739718187725,43.793038886059236,"Curveball",56,270,270,0.184358295818015,0.18435829581801744,0,4,30,4,30,0,0,"4:30","4:30"," 0H 00M"
2026,"Early, Connelly",813349,"L","CU",79,"79.7",2394,"16.2",0.6718744681442784,0.6838805968556918,38.84238503277578,40.90379336202989,"Curveball",68,285,285,-2.0614083292541068,2.0614083292541086,0,4,45,4,45,0,0,"4:45","4:45"," 0H 00M"
2026,"Bednar, David",670280,"R","CU",88,"76.2",2419,"14.1",0.5711233316312079,0.6129326890431098,310.5557327382424,319.33883009554233,"Curveball",61,465,435,-8.783097357299937,8.78309735729997,30,7,45,7,15,0,30,"7:45","7:15","+0H 30M"
2026,"Misiorowski, Jacob",694819,"R","CU",90,"87.1",2201,"11.7",0.5253164200612349,0.6902328171430107,315.16836591719743,326.13838094079983,"Curveball",69,450,435,-10.9700150236024,10.970015023602429,15,7,30,7,15,0,15,"7:30","7:15","+0H 15M"
2026,"Roupp, Landen",694738,"R","CU",186,"76.5",3078,"23.8",0.9014649942868833,0.8490517534857778,304.22264525639326,299.19683853099144,"Curveball",85,465,480,5.0258067254018215,5.025806725401825,-15,7,45,8,0,0,15,"7:45","8:00","-0H 15M"
2026,"Pallante, Andre",669467,"R","CU",99,"77",2743,"21.4",0.8591752104251958,0.8340226278876889,340.9292570942488,344.5281210097637,"Curveball",83,405,390,-3.598863915514926,3.5988639155149182,15,6,45,6,30,0,15,"6:45","6:30","+0H 15M"
2026,"Mlodzinski, Carmen",669387,"R","CU",74,"83.7",2529,"13.8",0.5826424860006486,0.6573556672169086,320.8629044766121,328.21570580959815,"Curveball",66,435,420,-7.3528013329860755,7.352801332986016,15,7,15,7,0,0,15,"7:15","7:00","+0H 15M"
2026,"Watson, Ryan",670245,"R","FC",75,"90.6",2177,"7.9",0.3595700892606732,0.6016738228257528,160.4559298469273,180.91853964937897,"Cutter",60,765,720,-20.46260980245168,20.46260980245167,45,12,45,12,0,0,45,"12:45","12:00","+0H 45M"
2026,"Jansen, Kenley",445276,"R","FC",126,"92.5",2668,"18.1",0.7919627803787024,0.8086191139450799,189.73524774059814,199.67965686834407,"Cutter",81,705,675,-9.944409127745928,9.944409127745905,30,11,45,11,15,0,30,"11:45","11:15","+0H 30M"
2026,"Ginn, J.T.",669372,"R","FC",80,"91.2",2171,"6.5",0.3007262379144151,0.42841369863662626,146.35730345698374,188.02289957011692,"Cutter",43,60,705,-41.66559611313318,41.665596113133155,75,1,0,11,45,1,15,"1:00","11:45","+1H 15M"
2026,"Gray, Sonny",543243,"R","FC",91,"88.6",2650,"5.3",0.21943693187722618,0.32299685216142027,208.24038404624653,240.23774604033295,"Cutter",32,660,600,-31.99736199408642,31.997361994086376,60,11,0,10,0,1,0,"11:00","10:00","+1H 00M"
2026,"Buehler, Walker",621111,"R","FC",117,"90",2350,"10",0.4712014561918836,0.5397145788772567,187.47738508392493,211.64275590302358,"Cutter",54,705,660,-24.165370819098655,24.165370819098666,45,11,45,11,0,0,45,"11:45","11:00","+0H 45M"
2026,"Williams, Gavin",668909,"R","FC",74,"92",2242,"6.6",0.30445751539647953,0.5676045792406472,149.62385520578985,155.7548888645392,"Cutter",57,60,765,-6.131033658749345,6.131033658749353,15,1,0,12,45,0,15,"1:00","12:45","+0H 15M"
2026,"Blackburn, Paul",621112,"R","FC",77,"91.4",2478,"9.1",0.394560028840993,0.5501975906444683,178.0509927316661,209.0049134248727,"Cutter",55,720,660,-30.953920693206612,30.953920693206616,60,12,0,11,0,1,0,"12:00","11:00","+1H 00M"
2026,"Ashcraft, Graham",668933,"R","FC",148,"98.1",2557,"11.8",0.5381958009447683,0.6040111354011284,164.0878464303256,183.51020088468758,"Cutter",60,750,720,-19.422354454361965,19.42235445436197,30,12,30,12,0,0,30,"12:30","12:00","+0H 30M"
2026,"McCullers Jr., Lance",621121,"R","FC",147,"89.1",2325,"8.1",0.3650043675696406,0.4644014679634159,166.57025235800745,201.45541837800667,"Cutter",46,750,675,-34.88516601999922,34.885166019999204,75,12,30,11,15,1,15,"12:30","11:15","+1H 15M"
2026,"Schultz, Paxton",687606,"R","FC",84,"88.9",2256,"9.9",0.45258350579016887,0.6419365218944502,167.72268573151374,195.91077296660853,"Cutter",64,750,690,-28.188087235094798,28.188087235094816,60,12,30,11,30,1,0,"12:30","11:30","+1H 00M"
2026,"Walker, Taijuan",592836,"R","FC",84,"86.6",2412,"11.6",0.5208676447422466,0.5501050390243322,176.59616095317173,200.1465814615739,"Cutter",55,720,675,-23.55042050840217,23.55042050840217,45,12,0,11,15,0,45,"12:00","11:15","+0H 45M"
2026,"Faucher, Calvin",676534,"R","FC",94,"92.7",2742,"5.2",0.22324852198272652,0.2434741010738164,204.41631941753624,243.00808383472935,"Cutter",24,675,600,-38.591764417193104,38.591764417193076,75,11,15,10,0,1,15,"11:15","10:00","+1H 15M"
2026,"Alvarado, José",621237,"L","FC",73,"91.6",2167,"5",0.2394173996396677,0.28458274390221755,183.7264824749079,146.92164484898385,"Cutter",28,720,60,36.80483762592405,36.804837625924044,-60,12,0,1,0,1,0,"12:00","1:00","-1H 00M"
2026,"Martin, Davis",663436,"R","FC",104,"89.5",2551,"7.1",0.30776981551524096,0.3986343694873871,175.2064147791261,199.48336064829493,"Cutter",40,735,675,-24.276945869168827,24.276945869168802,60,12,15,11,15,1,0,"12:15","11:15","+1H 00M"
2026,"Roupp, Landen",694738,"R","FC",82,"88.5",2354,"6.9",0.30693834743212767,0.34554357757836446,184.83042081258716,220.95197219889178,"Cutter",35,705,645,-36.12155138630462,36.12155138630462,60,11,45,10,45,1,0,"11:45","10:45","+1H 00M"
2026,"Kay, Anthony",641743,"L","FC",111,"90.9",2400,"6.3",0.28563900908564466,0.3503104159525624,182.79563555723627,156.44604061700957,"Cutter",35,720,765,26.349594940226694,26.34959494022671,-45,12,0,12,45,0,45,"12:00","12:45","-0H 45M"
2026,"Bibee, Tanner",676440,"R","FC",201,"86",2657,"8.1",0.34436601443322684,0.2941885119511324,251.5966894899961,252.9038295497495,"Cutter",29,570,570,-1.307140059753408,1.3071400597534233,0,9,30,9,30,0,0,"9:30","9:30"," 0H 00M"
2026,"Agnos, Zach",688642,"R","FC",75,"92.4",2322,"10.2",0.5154099094249647,0.6625604407705312,158.22647909251626,183.11135876352205,"Cutter",66,765,720,-24.88487967100579,24.884879671005802,45,12,45,12,0,0,45,"12:45","12:00","+0H 45M"
2026,"Irvin, Jake",663623,"R","FC",81,"88.2",2398,"8.7",0.38753104695562923,0.5337585475223039,177.34868456587498,202.59460997986872,"Cutter",53,720,675,-25.245925413993746,25.24592541399375,45,12,0,11,15,0,45,"12:00","11:15","+0H 45M"
2026,"Yamamoto, Yoshinobu",808967,"R","FC",119,"91",2432,"8.3",0.3708533164854993,0.4576047592719243,179.70155976362233,203.65957194832748,"Cutter",46,720,675,-23.958012184705154,23.95801218470518,45,12,0,11,15,0,45,"12:00","11:15","+0H 45M"
2026,"Griffin, Foster",656492,"L","FC",191,"87.9",2231,"8.5",0.38398299146803194,0.5197467256907883,174.82727299080008,138.99065784324347,"Cutter",52,735,75,35.836615147556614,35.83661514755663,-60,12,15,1,15,1,0,"12:15","1:15","-1H 00M"
2026,"Eovaldi, Nathan",543135,"R","FC",144,"90.6",2243,"10.1",0.47067244681172515,0.6141638728264213,163.8014371678637,191.93953366855735,"Cutter",61,750,690,-28.13809650069365,28.13809650069364,60,12,30,11,30,1,0,"12:30","11:30","+1H 00M"
2026,"Senzatela, Antonio",622608,"R","FC",85,"91.9",2296,"7.1",0.3568400574303206,0.4684758467344381,173.1555270559045,208.56281658607114,"Cutter",47,735,660,-35.40728953016662,35.407289530166615,75,12,15,11,0,1,15,"12:15","11:00","+1H 15M"
2026,"McGreevy, Michael",700241,"R","FC",77,"86.3",2341,"5.3",0.23599145554009102,0.33274329465092306,176.20768764934886,210.3361209038182,"Cutter",33,735,660,-34.12843325446934,34.128433254469364,75,12,15,11,0,1,15,"12:15","11:00","+1H 15M"
2026,"Senga, Kodai",673540,"R","FC",82,"89.6",2408,"6",0.26727401691313113,0.43399500422356646,167.70596498682946,172.52738870298538,"Cutter",43,750,735,-4.82142371615592,4.82142371615594,15,12,30,12,15,0,15,"12:30","12:15","+0H 15M"
2026,"Severino, Luis",622663,"R","FC",142,"94.3",2290,"10.5",0.48791911721348374,0.6861577483247367,165.0461749509573,189.04528165756503,"Cutter",69,750,705,-23.999106706607733,23.999106706607712,45,12,30,11,45,0,45,"12:30","11:45","+0H 45M"
2026,"Woodford, Jake",663765,"R","FC",103,"90.4",2270,"7.6",0.35090406034523325,0.48122875480396127,156.74747536515085,185.03277810095116,"Cutter",48,765,705,-28.285302735800315,28.285302735800308,60,12,45,11,45,1,0,"12:45","11:45","+1H 00M"
2026,"May, Dustin",669160,"R","FC",112,"93.4",2440,"9.3",0.4216457812026602,0.540816942012216,157.1631667190794,184.54742946421513,"Cutter",54,765,705,-27.384262745135715,27.384262745135704,60,12,45,11,45,1,0,"12:45","11:45","+1H 00M"
2026,"Pérez, Martín",527048,"L","FC",98,"86.6",2231,"9.1",0.4276316445576239,0.5884636188027397,201.5318667440905,173.0554659223453,"Cutter",59,675,735,28.476400821745216,28.47640082174521,-60,11,15,12,15,1,0,"11:15","12:15","-1H 00M"
2026,"Fluharty, Mason",689254,"L","FC",127,"91.3",2653,"10.6",0.4600265004898189,0.46502316302888785,189.6488381057899,162.40003494372095,"Cutter",47,705,750,27.248803162068953,27.248803162068942,-45,11,45,12,30,0,45,"11:45","12:30","-0H 45M"
2026,"Holton, Tyler",663947,"L","FC",104,"87.1",2428,"7.3",0.3214864240135503,0.38084579720296136,165.41037738886,129.62508348699504,"Cutter",38,750,105,35.785293901864975,35.78529390186499,-75,12,30,1,45,1,15,"12:30","1:45","-1H 15M"
2026,"Schlittler, Cam",693645,"R","FC",177,"94",2481,"12.1",0.5328926980348043,0.5686591991593294,193.359581945268,212.52941094537886,"Cutter",57,690,660,-19.169829000110866,19.169829000110823,30,11,30,11,0,0,30,"11:30","11:00","+0H 30M"
2026,"Patrick, Chad",694477,"R","FC",207,"89",2428,"11.9",0.5316427836894845,0.35313769507825976,207.42793753519646,185.4507163081645,"Cutter",35,660,705,21.977221227031976,21.977221227031972,-45,11,0,11,45,0,45,"11:00","11:45","-0H 45M"
2026,"Maton, Phil",664208,"R","FC",78,"89.2",2591,"10.5",0.4488248668135987,0.5332576169333209,172.99364107719646,198.64778687704398,"Cutter",53,735,690,-25.654145799847527,25.65414579984753,45,12,15,11,30,0,45,"12:15","11:30","+0H 45M"
2026,"Gilbert, Logan",669302,"R","FC",98,"91.3",2357,"11.9",0.5283707210805605,0.5819000905117542,180.4421765197514,202.476010037351,"Cutter",58,720,675,-22.03383351759959,22.033833517599597,45,12,0,11,15,0,45,"12:00","11:15","+0H 45M"
2026,"Bradley, Taj",671737,"R","FC",146,"88.9",2132,"6.7",0.3127156747168964,0.400579485997859,207.35724093380887,240.34877533361515,"Cutter",40,660,600,-32.991534399806284,32.991534399806255,60,11,0,10,0,1,0,"11:00","10:00","+1H 00M"
2026,"Vásquez, Randy",681190,"R","FC",168,"89.8",2756,"7.9",0.3380944253520347,0.4026633422045454,185.0362309899162,206.96541951075275,"Cutter",40,705,660,-21.92918852083656,21.929188520836593,45,11,45,11,0,0,45,"11:45","11:00","+0H 45M"
2026,"Martinez, Nick",607259,"R","FC",107,"89",2336,"9.8",0.44517993710843146,0.577183065608192,163.9368877989083,189.88567095289457,"Cutter",58,750,705,-25.948783153986284,25.948783153986284,45,12,30,11,45,0,45,"12:30","11:45","+0H 45M"
2026,"Fedde, Erick",607200,"R","FC",129,"89.7",2149,"6",0.2795715654049006,0.45350218736128467,180.61843334361657,211.6329918577115,"Cutter",45,720,660,-31.014558514094915,31.0145585140949,60,12,0,11,0,1,0,"12:00","11:00","+1H 00M"
2026,"Suarez, Ranger",624133,"L","FC",116,"88",2105,"7.9",0.36423499221520306,0.5252658196099669,201.43517475089274,167.47848620200148,"Cutter",53,675,750,33.956688548891265,33.95668854889126,-75,11,15,12,30,1,15,"11:15","12:30","-1H 15M"
2026,"Civale, Aaron",650644,"R","FC",200,"87.6",2677,"11.4",0.4758649744224117,0.509718222100207,186.85114510606365,217.8291163433387,"Cutter",51,705,645,-30.977971237275057,30.977971237275078,60,11,45,10,45,1,0,"11:45","10:45","+1H 00M"
2026,"Lopez, Jacob",682052,"L","FC",118,"86.5",2172,"7.6",0.34918095100905694,0.4726441374409487,204.01839323558784,175.76312461500376,"Cutter",47,675,735,28.255268620584076,28.255268620584097,-60,11,15,12,15,1,0,"11:15","12:15","-1H 00M"
2026,"Bello, Brayan",678394,"R","FC",116,"87.1",2334,"2.2",0.0975577852819221,0.14459526118945815,145.12893110829492,164.08484079594908,"Cutter",14,75,750,-18.955909687654156,18.955909687654135,45,1,15,12,30,0,45,"1:15","12:30","+0H 45M"
2026,"Doval, Camilo",666808,"R","FC",89,"97.8",2585,"11.5",0.5104864568813385,0.5665693293582162,142.5890194194057,159.3338501946637,"Cutter",57,75,765,-16.74483077525801,16.74483077525801,30,1,15,12,45,0,30,"1:15","12:45","+0H 30M"
2026,"Williamson, Brandon",682227,"L","FC",137,"88.4",2437,"9.4",0.4171294401271837,0.48058876546464196,183.47696981176105,154.59223545605357,"Cutter",48,720,765,28.88473435570748,28.884734355707486,-45,12,0,12,45,0,45,"12:00","12:45","-0H 45M"
2026,"Lorenzen, Michael",547179,"R","FC",82,"89.9",2485,"5.7",0.2759032341031999,0.4654670297421032,154.60003254768222,179.40645328648785,"Cutter",47,765,720,-24.806420738805627,24.806420738805656,45,12,45,12,0,0,45,"12:45","12:00","+0H 45M"
2026,"Lugo, Seth",607625,"R","FC",94,"90.1",2354,"11.9",0.5479981742280006,0.6936081523318673,156.3922901990472,177.4235080779607,"Cutter",69,765,720,-21.03121787891348,21.03121787891348,45,12,45,12,0,0,45,"12:45","12:00","+0H 45M"
2026,"Rodriguez, Eduardo",593958,"L","FC",83,"88.4",2262,"7.9",0.3656010285386985,0.5696541222055471,191.1433064626503,167.9513716832406,"Cutter",57,705,750,23.191934779409678,23.191934779409657,-45,11,45,12,30,0,45,"11:45","12:30","-0H 45M"
2026,"Mahle, Tyler",641816,"R","FC",94,"87.7",2441,"11.5",0.49945260105713213,0.6326199095119441,165.17668837679147,170.36165911802567,"Cutter",63,750,735,-5.184970741234196,5.18497074123419,15,12,30,12,15,0,15,"12:30","12:15","+0H 15M"
2026,"Lauer, Eric",641778,"L","FC",89,"86.4",2299,"8.6",0.3878728547724142,0.5076966794701713,193.58125500016544,171.90939028169603,"Cutter",51,690,735,21.671864718469408,21.67186471846941,-45,11,30,12,15,0,45,"11:30","12:15","-0H 45M"
2026,"Fried, Max",608331,"L","FC",161,"92",2285,"7.2",0.3264934416452128,0.4568104940572689,193.30497209537458,162.3795713703191,"Cutter",46,690,750,30.925400725055482,30.925400725055475,-60,11,30,12,30,1,0,"11:30","12:30","-1H 00M"
2026,"Taillon, Jameson",592791,"R","FC",129,"85.8",2529,"10.9",0.46644661670202453,0.5348288464446135,197.01670539651667,221.99568416348563,"Cutter",53,690,630,-24.978978766968964,24.97897876696896,60,11,30,10,30,1,0,"11:30","10:30","+1H 00M"
2026,"Sterner, Justin",686993,"R","FC",98,"87.9",2624,"6.8",0.28724105756021834,0.392007328967238,191.28294354984797,213.29029336148085,"Cutter",39,690,660,-22.007349811632878,22.00734981163288,30,11,30,11,0,0,30,"11:30","11:00","+0H 30M"
2026,"Svanson, Matt",694335,"R","FC",75,"91.9",2298,"5.6",0.2586022884199247,0.3110377707527785,165.0186964021609,205.77170565270552,"Cutter",31,750,675,-40.75300925054461,40.75300925054461,75,12,30,11,15,1,15,"12:30","11:15","+1H 15M"
2026,"Corbin, Patrick",571578,"L","FC",75,"86",2259,"5.6",0.2550911095522553,0.3021091088532009,193.4990379977886,150.76025675831372,"Cutter",30,690,60,42.73878123947489,42.73878123947488,-90,11,30,1,0,1,30,"11:30","1:00","-1H 30M"
2026,"Bassitt, Chris",605135,"R","FC",76,"89.2",2145,"8.6",0.39844935033232065,0.5339162599041835,146.90783065511079,171.06274470053683,"Cutter",53,60,735,-24.15491404542604,24.15491404542607,45,1,0,12,15,0,45,"1:00","12:15","+0H 45M"
2026,"Cecconi, Slade",677944,"R","FC",155,"87.5",2255,"5.5",0.24770741356715284,0.3637962479137971,179.1172272722639,211.9725880913264,"Cutter",36,720,660,-32.8553608190625,32.85536081906251,60,12,0,11,0,1,0,"12:00","11:00","+1H 00M"
2026,"Sugano, Tomoyuki",608372,"R","FC",82,"88.7",2508,"5.7",0.266974903832116,0.45172023744534767,171.1836575388218,193.33703302900966,"Cutter",45,735,690,-22.15337549018787,22.153375490187862,45,12,15,11,30,0,45,"12:15","11:30","+0H 45M"
2026,"Kelly, Zack",677161,"R","FC",88,"90.8",2470,"7.8",0.33356305494258215,0.502056625936233,186.34536306729424,210.92368193140481,"Cutter",50,705,660,-24.57831886411057,24.578318864110596,45,11,45,11,0,0,45,"11:45","11:00","+0H 45M"
2026,"Baz, Shane",669358,"R","FC",138,"89.9",2344,"6.4",0.28976149958724157,0.4154405112532895,176.3909249741133,218.09633874643572,"Cutter",42,720,645,-41.70541377232243,41.705413772322416,75,12,0,10,45,1,15,"12:00","10:45","+1H 15M"
2026,"Wacha, Michael",608379,"R","FC",104,"88.7",2163,"9.9",0.46440386058270017,0.638239999368684,171.20747659316527,193.10828249528313,"Cutter",64,735,690,-21.900805902117867,21.900805902117888,45,12,15,11,30,0,45,"12:15","11:30","+0H 45M"
2026,"Rasmussen, Drew",656876,"R","FC",174,"90.3",2656,"6.6",0.2893160518085715,0.34455906056196633,205.974719498205,243.05020360036775,"Cutter",34,675,600,-37.07548410216276,37.0754841021628,75,11,15,10,0,1,15,"11:15","10:00","+1H 15M"
2026,"Crochet, Garrett",676979,"L","FC",128,"90.9",2616,"7.1",0.3006217891522599,0.39570149914588254,173.8520167719882,149.54895930609726,"Cutter",40,735,60,24.30305746589093,24.30305746589092,-45,12,15,1,0,0,45,"12:15","1:00","-0H 45M"
2026,"Sproat, Brandon",687075,"R","FC",126,"93.4",2137,"8.1",0.3921865155695027,0.5332486197468952,170.2685351185792,189.61795141513332,"Cutter",53,735,705,-19.349416296554125,19.349416296554132,30,12,15,11,45,0,30,"12:15","11:45","+0H 30M"
2026,"Kikuchi, Yusei",579328,"L","FC",93,"90.1",2323,"7.5",0.3390937111663035,0.4642213685708084,187.55832027288042,157.93352055504653,"Cutter",46,705,765,29.624799717833895,29.624799717833874,-60,11,45,12,45,1,0,"11:45","12:45","-1H 00M"
2026,"Cameron, Noah",702070,"L","FC",97,"89.1",2363,"8.9",0.39253522231116283,0.5621517565722128,187.36337091868853,164.61461865501292,"Cutter",56,705,750,22.748752263675613,22.7487522636756,-45,11,45,12,30,0,45,"11:45","12:30","-0H 45M"
2026,"Imai, Tatsuya",837227,"R","FF",97,"94.7",2002,"17.4",0.8581783339803181,0.9766849706122347,123.10494731770653,126.71788961005845,"4-Seam Fastball",98,120,105,-3.612942292351917,3.612942292351939,15,2,0,1,45,0,15,"2:00","1:45","+0H 15M"
2026,"Scherzer, Max",453286,"R","FF",162,"93",2342,"18.4",0.8524155466272509,0.9067753456384771,143.9143296790457,150.0794039608487,"4-Seam Fastball",91,75,60,-6.165074281803015,6.165074281803033,15,1,15,1,0,0,15,"1:15","1:00","+0H 15M"
2026,"Quintana, Jose",500779,"L","FF",130,"89.9",2138,"14.8",0.7365032862664805,0.7945589155596051,205.30792037325992,195.23418606509017,"4-Seam Fastball",79,675,690,10.073734308169747,10.073734308169733,-15,11,15,11,30,0,15,"11:15","11:30","-0H 15M"
2026,"Kelly, Merrill",518876,"R","FF",92,"91.8",2359,"17.7",0.8254780747550944,0.8554900335726578,133.75269355630667,145.09831515430173,"4-Seam Fastball",86,90,75,-11.345621597995063,11.345621597995068,15,1,30,1,15,0,15,"1:30","1:15","+0H 15M"
2026,"Kimbrel, Craig",518886,"R","FF",75,"92.9",2323,"18.8",0.8764861334067516,0.9490456004170762,132.7897062250283,139.19852038237104,"4-Seam Fastball",95,90,75,-6.408814157342732,6.408814157342702,15,1,30,1,15,0,15,"1:30","1:15","+0H 15M"
2026,"Pomeranz, Drew",519141,"L","FF",127,"92.7",2602,"19",0.8341919415335821,0.7988807866723241,201.81730363662624,192.9687861236212,"4-Seam Fastball",80,675,690,8.84851751300505,8.848517513005072,-15,11,15,11,30,0,15,"11:15","11:30","-0H 15M"
2026,"Sale, Chris",519242,"L","FF",254,"95.2",2288,"17.4",0.8608859552946744,0.9329691835318252,247.0335019334757,240.967906427914,"4-Seam Fastball",93,585,600,6.065595505561703,6.065595505561727,-15,9,45,10,0,0,15,"9:45","10:00","-0H 15M"
2026,"Eovaldi, Nathan",543135,"R","FF",76,"94.5",2180,"17.9",0.8558212393182788,0.9702756648580794,134.01574864142697,134.60901224069644,"4-Seam Fastball",97,90,90,-0.593263599269477,0.5932635992694686,0,1,30,1,30,0,0,"1:30","1:30"," 0H 00M"
2026,"Suárez, Albert",544150,"R","FF",133,"93.4",2292,"17.5",0.8032391398207125,0.9141357614963864,153.0681162775736,162.0169760590697,"4-Seam Fastball",91,60,750,-8.948859781496083,8.94885978149607,30,1,0,12,30,0,30,"1:00","12:30","+0H 30M"
2026,"Lorenzen, Michael",547179,"R","FF",113,"93.8",2359,"17.6",0.8597191348507641,0.9375977110133782,138.0060617656104,141.37399882211395,"4-Seam Fastball",94,90,75,-3.3679370565035356,3.3679370565035276,15,1,30,1,15,0,15,"1:30","1:15","+0H 15M"
2026,"Boyd, Matthew",571510,"L","FF",219,"92.5",2302,"19.2",0.8634884338302199,0.9362525710874183,232.32092238735822,229.47450523769515,"4-Seam Fastball",94,615,615,2.8464171496630684,2.8464171496630457,0,10,15,10,15,0,0,"10:15","10:15"," 0H 00M"
2026,"Mikolas, Miles",571945,"R","FF",123,"92.7",2218,"16.6",0.7633834676987524,0.8872272922974446,144.5673538646491,152.96352715225163,"4-Seam Fastball",89,75,60,-8.396173287602522,8.396173287602519,15,1,15,1,0,0,15,"1:15","1:00","+0H 15M"
2026,"Thielbar, Caleb",573204,"L","FF",86,"93.6",2327,"20.1",0.906872201326389,0.9618406942900533,197.47803588735943,193.30965754153763,"4-Seam Fastball",96,690,690,4.168378345821793,4.1683783458218056,0,11,30,11,30,0,0,"11:30","11:30"," 0H 00M"
2026,"Kikuchi, Yusei",579328,"L","FF",183,"95.5",2261,"17.8",0.8372053110704702,0.9126711768942937,212.28296707869595,203.4847572027582,"4-Seam Fastball",91,660,675,8.798209875937744,8.798209875937742,-15,11,0,11,15,0,15,"11:00","11:15","-0H 15M"
2026,"Gausman, Kevin",592332,"R","FF",332,"93.6",2235,"20",0.9432441784947209,0.983977325665043,143.28004780747523,145.26098818270702,"4-Seam Fastball",98,75,75,-1.9809403752317962,1.9809403752317947,0,1,15,1,15,0,0,"1:15","1:15"," 0H 00M"
2026,"Ray, Robbie",592662,"L","FF",325,"93.4",2344,"19.9",0.8928549164616765,0.9584764088670912,214.19531595423504,209.21465826188793,"4-Seam Fastball",96,645,660,4.980657692347108,4.980657692347136,-15,10,45,11,0,0,15,"10:45","11:00","-0H 15M"
2026,"Stanek, Ryne",592773,"R","FF",177,"98.2",2336,"20.3",0.9530041541691301,0.9960545061441359,149.68679185730534,151.78729961944748,"4-Seam Fastball",100,60,60,-2.1005077621421435,2.100507762142135,0,1,0,1,0,0,0,"1:00","1:00"," 0H 00M"
2026,"Taillon, Jameson",592791,"R","FF",142,"91.5",2370,"19.7",0.8869625267590061,0.9042194959644408,157.05156315965877,163.4189374574031,"4-Seam Fastball",90,765,750,-6.367374297744334,6.367374297744355,15,12,45,12,30,0,15,"12:45","12:30","+0H 15M"
2026,"Rodriguez, Eduardo",593958,"L","FF",206,"91.7",2253,"17.2",0.8069234140814682,0.8492047555041019,204.4639746257617,204.3257031497239,"4-Seam Fastball",85,675,675,0.13827147603780077,0.13827147603779155,0,11,15,11,15,0,0,"11:15","11:15"," 0H 00M"
2026,"deGrom, Jacob",594798,"R","FF",248,"97.1",2465,"18.4",0.8459471385894196,0.9105082364588782,143.42682420787094,152.78523192025875,"4-Seam Fastball",91,75,60,-9.358407712387816,9.358407712387805,15,1,15,1,0,0,15,"1:15","1:00","+0H 15M"
2026,"Okert, Steven",595345,"L","FF",82,"91",2186,"17.1",0.7951172012248353,0.9148819084115767,218.3148809342053,206.46232027740012,"4-Seam Fastball",91,645,660,11.852560656805167,11.852560656805174,-15,10,45,11,0,0,15,"10:45","11:00","-0H 15M"
2026,"Weaver, Luke",596133,"R","FF",109,"94.5",2420,"20.5",0.9020930163255174,0.9408891659817666,157.9538014881628,161.3610808894162,"4-Seam Fastball",94,765,750,-3.4072794012533905,3.407279401253381,15,12,45,12,30,0,15,"12:45","12:30","+0H 15M"
2026,"Pivetta, Nick",601713,"R","FF",162,"94.1",2339,"20",0.9088212848673604,0.9450668894807794,172.2017476947283,173.24776731065614,"4-Seam Fastball",95,735,735,-1.0460196159278325,1.046019615927818,0,12,15,12,15,0,0,"12:15","12:15"," 0H 00M"
2026,"Nola, Aaron",605400,"R","FF",183,"91.9",2341,"19.4",0.8976365255830208,0.9478220116010179,133.67868273794352,135.77490275599374,"4-Seam Fastball",95,90,90,-2.096220018050218,2.0962200180502144,0,1,30,1,30,0,0,"1:30","1:30"," 0H 00M"
2026,"Romano, Jordan",605447,"R","FF",91,"94.5",2353,"18.5",0.8599731385234696,0.9396102409215057,166.88960374730664,172.36368775138598,"4-Seam Fastball",94,750,735,-5.474084004079344,5.474084004079361,15,12,30,12,15,0,15,"12:30","12:15","+0H 15M"
2026,"Springs, Jeffrey",605488,"L","FF",264,"91.2",2180,"20",0.9333422704393448,0.9952686814954305,213.36725452762434,212.49903297726456,"4-Seam Fastball",100,660,660,0.8682215503597774,0.8682215503597821,0,11,0,11,0,0,0,"11:00","11:00"," 0H 00M"
2026,"Woodruff, Brandon",605540,"R","FF",176,"92.1",2363,"18.3",0.8334317242246218,0.8584371658941371,159.2576109808261,165.82248028969997,"4-Seam Fastball",86,765,750,-6.564869308873881,6.564869308873884,15,12,45,12,30,0,15,"12:45","12:30","+0H 15M"
2026,"Rea, Colin",607067,"R","FF",222,"93.8",2141,"16.3",0.7782850608061791,0.8547637193831976,144.19608658948636,146.6193161936769,"4-Seam Fastball",85,75,60,-2.4232296041905386,2.4232296041905563,15,1,15,1,0,0,15,"1:15","1:00","+0H 15M"
2026,"Glasnow, Tyler",607192,"R","FF",170,"95.3",2538,"15.4",0.7205283083358034,0.7616259474921123,172.63136378242805,178.3829761392821,"4-Seam Fastball",76,735,720,-5.751612356854054,5.751612356854074,15,12,15,12,0,0,15,"12:15","12:00","+0H 15M"
2026,"Banda, Anthony",607455,"L","FF",87,"93.9",2122,"18.6",0.8755632133282886,0.9670607455014244,226.46004023192592,219.2132747497241,"4-Seam Fastball",97,630,645,7.246765482201823,7.246765482201796,-15,10,30,10,45,0,15,"10:30","10:45","-0H 15M"
2026,"Freeland, Kyle",607536,"L","FF",114,"92",2382,"16.1",0.7801878358781139,0.8450351077574259,211.24027381072054,201.14244053867264,"4-Seam Fastball",85,660,675,10.097833272047893,10.097833272047868,-15,11,0,11,15,0,15,"11:00","11:15","-0H 15M"
2026,"Lugo, Seth",607625,"R","FF",110,"91.6",2273,"17.7",0.8315783078896412,0.8923429503263861,143.74270692732986,149.59707576951524,"4-Seam Fastball",89,75,60,-5.85436884218538,5.854368842185369,15,1,15,1,0,0,15,"1:15","1:00","+0H 15M"
2026,"Fried, Max",608331,"L","FF",135,"94.8",2118,"16.6",0.7837361020453347,0.9073155341028772,205.16032292203292,194.62402357846435,"4-Seam Fastball",91,675,690,10.536299343568572,10.536299343568583,-15,11,15,11,30,0,15,"11:15","11:30","-0H 15M"
2026,"Sims, Lucas",608371,"R","FF",78,"94.1",2538,"17.2",0.7781591420878035,0.8108924246938155,159.0871595507237,157.2210006968731,"4-Seam Fastball",81,765,765,1.8661588538506066,1.8661588538505984,0,12,45,12,45,0,0,"12:45","12:45"," 0H 00M"
2026,"Sugano, Tomoyuki",608372,"R","FF",145,"92.1",2433,"15.2",0.7533878486769886,0.8694594407817985,150.7717836885103,159.92127653601383,"4-Seam Fastball",87,60,765,-9.149492847503524,9.149492847503543,15,1,0,12,45,0,15,"1:00","12:45","+0H 15M"
2026,"Wacha, Michael",608379,"R","FF",184,"92.8",2173,"19",0.9103949007683805,0.9829059511324496,157.86292343375885,161.77295991914733,"4-Seam Fastball",98,765,750,-3.910036485388474,3.910036485388473,15,12,45,12,30,0,15,"12:45","12:30","+0H 15M"
2026,"Márquez, Germán",608566,"R","FF",146,"94.2",2154,"20",0.9433050254058393,0.9870047597908341,135.4078469868096,136.46706884366444,"4-Seam Fastball",99,90,90,-1.0592218568548333,1.0592218568548466,0,1,30,1,30,0,0,"1:30","1:30"," 0H 00M"
2026,"Suter, Brent",608718,"L","FF",96,"86.7",2176,"15",0.6912073233794296,0.7749048493987564,188.42428472320836,172.88135177675156,"4-Seam Fastball",77,705,735,15.542932946456801,15.542932946456805,-30,11,45,12,15,0,30,"11:45","12:15","-0H 30M"
2026,"Strahm, Matt",621381,"L","FF",84,"91.1",2576,"22.3",0.9836221090203168,0.9802306812794727,225.8076987757389,222.1660613742085,"4-Seam Fastball",98,630,630,3.641637401530403,3.6416374015304354,0,10,30,10,30,0,0,"10:30","10:30"," 0H 00M"
2026,"Castillo, Luis",622491,"R","FF",288,"94.9",2273,"17.9",0.8238592267378544,0.861384489692649,128.88646971047194,136.29334006188768,"4-Seam Fastball",86,105,90,-7.4068703514157335,7.406870351415707,15,1,45,1,30,0,15,"1:45","1:30","+0H 15M"
2026,"Domínguez, Seranthony",622554,"R","FF",91,"97.1",2274,"14.9",0.7093955715239928,0.8092267937109016,144.63556069728452,155.52396327798425,"4-Seam Fastball",81,75,765,-10.888402580699733,10.88840258069975,30,1,15,12,45,0,30,"1:15","12:45","+0H 30M"
2026,"Senzatela, Antonio",622608,"R","FF",111,"97.1",2301,"14.6",0.7286841476860872,0.848964101015174,145.96238861258018,155.7030886566042,"4-Seam Fastball",85,75,765,-9.74070004402401,9.740700044024015,30,1,15,12,45,0,30,"1:15","12:45","+0H 30M"
2026,"Severino, Luis",622663,"R","FF",136,"96.8",2233,"17.6",0.8351865402912768,0.9210144753855243,146.78051298388945,155.68748974738006,"4-Seam Fastball",92,60,765,-8.906976763490604,8.906976763490604,15,1,0,12,45,0,15,"1:00","12:45","+0H 15M"
2026,"Sewald, Paul",623149,"R","FF",98,"91.4",2542,"18",0.8131639419607497,0.8067823962872933,122.26544735607962,132.96856326483356,"4-Seam Fastball",81,120,90,-10.703115908753944,10.703115908753954,30,2,0,1,30,0,30,"2:00","1:30","+0H 30M"
2026,"Anderson, Drew",623454,"R","FF",129,"94.6",2268,"16.9",0.7851742394422189,0.8464221170488377,153.95641323887463,159.1379221078787,"4-Seam Fastball",85,765,765,-5.1815088690040625,5.181508869004068,0,12,45,12,45,0,0,"12:45","12:45"," 0H 00M"
2026,"Suarez, Ranger",624133,"L","FF",103,"91.7",2048,"13.5",0.6368525583780082,0.7885955979301532,220.5935457654979,201.2071670818158,"4-Seam Fastball",79,645,675,19.386378683682096,19.386378683682075,-30,10,45,11,15,0,30,"10:45","11:15","-0H 30M"
2026,"López, Reynaldo",625643,"R","FF",222,"93.8",2016,"17.2",0.8744749266177414,0.9746599222579574,151.9632956903123,157.29515637612576,"4-Seam Fastball",97,60,765,-5.331860685813467,5.331860685813492,15,1,0,12,45,0,15,"1:00","12:45","+0H 15M"
2026,"Finnegan, Kyle",640448,"R","FF",150,"96.3",2250,"19.8",0.9413494094311474,0.9963524760323972,153.8185130019398,155.23806643845904,"4-Seam Fastball",100,765,765,-1.4195534365192373,1.4195534365192504,0,12,45,12,45,0,0,"12:45","12:45"," 0H 00M"
2026,"Manaea, Sean",640455,"L","FF",176,"89.7",2028,"18.2",0.850664550877131,0.959035423394641,239.44800411170138,235.26502101846467,"4-Seam Fastball",96,600,615,4.1829830932367145,4.182983093236722,-15,10,0,10,15,0,15,"10:00","10:15","-0H 15M"
2026,"Anderson, Shaun",641312,"R","FF",74,"93.2",2541,"14.4",0.6458922918148174,0.6900179998236675,169.90217747475162,173.9022576168272,"4-Seam Fastball",69,735,735,-4.000080142075575,4.000080142075573,0,12,15,12,15,0,0,"12:15","12:15"," 0H 00M"
2026,"Baker, Bryan",641329,"R","FF",106,"96.7",2329,"19",0.8900233434394195,0.9712929426996475,160.06478595920245,166.7144494196017,"4-Seam Fastball",97,765,750,-6.649663460399239,6.6496634603992435,15,12,45,12,30,0,15,"12:45","12:30","+0H 15M"
2026,"Brogdon, Connor",641401,"R","FF",114,"94.4",2309,"19.3",0.8891726860847174,0.96124219992735,145.9550962816131,149.0920680059345,"4-Seam Fastball",96,75,60,-3.1369717243213984,3.1369717243214192,15,1,15,1,0,0,15,"1:15","1:00","+0H 15M"
2026,"Kay, Anthony",641743,"L","FF",183,"95.8",2352,"16.6",0.7771832305771071,0.8272988720533566,218.0778071206703,208.0340434515847,"4-Seam Fastball",83,645,660,10.043763669085592,10.043763669085585,-15,10,45,11,0,0,15,"10:45","11:00","-0H 15M"
2026,"Keller, Brad",641745,"R","FF",96,"97",2375,"14.6",0.6725133102560871,0.7666505069525176,166.8319759520751,178.030914305865,"4-Seam Fastball",77,750,720,-11.198938353789885,11.198938353789908,30,12,30,12,0,0,30,"12:30","12:00","+0H 30M"
2026,"Lauer, Eric",641778,"L","FF",235,"90.4",2128,"18.4",0.8712201074010423,0.9517624889079728,220.50974041380513,213.410205031842,"4-Seam Fastball",95,645,660,7.099535381963136,7.099535381963151,-15,10,45,11,0,0,15,"10:45","11:00","-0H 15M"
2026,"Littell, Zack",641793,"R","FF",118,"91.3",2006,"17.1",0.8257819754149439,0.9348104707145358,150.04992172228114,155.7501454998108,"4-Seam Fastball",93,60,765,-5.700223777529658,5.700223777529663,15,1,0,12,45,0,15,"1:00","12:45","+0H 15M"
2026,"Mahle, Tyler",641816,"R","FF",298,"92.5",2339,"21.5",0.9665710454321906,0.9966381240292671,143.54478524376765,145.22518307603804,"4-Seam Fastball",100,75,75,-1.680397832270387,1.6803978322703932,0,1,15,1,15,0,0,"1:15","1:15"," 0H 00M"
2026,"Ober, Bailey",641927,"R","FF",191,"88.6",2319,"18.7",0.828756398470899,0.8558367237111426,148.64738501159255,152.65493178997593,"4-Seam Fastball",86,60,60,-4.007546778383386,4.007546778383376,0,1,0,1,0,0,0,"1:00","1:00"," 0H 00M"
2026,"Pagán, Emilio",641941,"R","FF",135,"94.3",2555,"20.5",0.9093498951478065,0.9571703844217802,151.72217292350837,153.8934622318779,"4-Seam Fastball",96,60,765,-2.1712893083695235,2.1712893083695106,15,1,0,12,45,0,15,"1:00","12:45","+0H 15M"
2026,"Sulser, Cole",642121,"R","FF",133,"91.8",2408,"20.9",0.9368757145099075,0.9776069508246538,148.41493451417753,151.20965813667556,"4-Seam Fastball",98,60,60,-2.794723622498026,2.7947236224980094,0,1,0,1,0,0,0,"1:00","1:00"," 0H 00M"
2026,"Williams, Devin",642207,"R","FF",105,"93.4",2314,"19.8",0.8963528261430865,0.9310519596718563,136.20334705008153,142.4404444832276,"4-Seam Fastball",93,90,75,-6.237097433146062,6.2370974331460705,15,1,30,1,15,0,15,"1:30","1:15","+0H 15M"
2026,"Peralta, Freddy",642547,"R","FF",339,"93.9",2406,"18.4",0.8105489537023519,0.863150106721934,149.1078987122648,156.04223912444127,"4-Seam Fastball",86,60,765,-6.934340412176454,6.934340412176463,15,1,0,12,45,0,15,"1:00","12:45","+0H 15M"
2026,"Santana, Dennis",642701,"R","FF",75,"93.7",2423,"18.9",0.858937816456546,0.9145327083467917,137.76776678279083,142.19183555921114,"4-Seam Fastball",91,90,75,-4.424068776420313,4.4240687764203255,15,1,30,1,15,0,15,"1:30","1:15","+0H 15M"
2026,"Alcantara, Sandy",645261,"R","FF",150,"97.3",2250,"19.6",0.9267143718476348,0.9613694979802314,129.63389070575056,131.09131557677335,"4-Seam Fastball",96,105,105,-1.4574248710227948,1.4574248710227955,0,1,45,1,45,0,0,"1:45","1:45"," 0H 00M"
2026,"De Jesus, Enmanuel",646241,"L","FF",77,"93.8",2355,"19.6",0.9054946879634737,0.9351402359714192,214.1476178373947,210.3598553664549,"4-Seam Fastball",94,645,660,3.7877624709398106,3.7877624709397666,-15,10,45,11,0,0,15,"10:45","11:00","-0H 15M"
2026,"Soroka, Michael",647336,"R","FF",204,"93.8",2503,"16.6",0.7647362422643504,0.8232840921509155,134.15007782626367,146.58369752818464,"4-Seam Fastball",82,90,60,-12.433619701920975,12.433619701920987,30,1,30,1,0,0,30,"1:30","1:00","+0H 30M"
2026,"Abreu, Bryan",650556,"R","FF",138,"95",2141,"17.3",0.8353744718375726,0.8975533529317176,150.39993620186374,158.4535118163094,"4-Seam Fastball",90,60,765,-8.053575614445663,8.053575614445654,15,1,0,12,45,0,15,"1:00","12:45","+0H 15M"
2026,"King, Michael",650633,"R","FF",94,"93.9",2312,"17.8",0.8129920866959225,0.8238544558981844,142.95047720870247,152.02159904956054,"4-Seam Fastball",82,75,60,-9.07112184085807,9.071121840858076,15,1,15,1,0,0,15,"1:15","1:00","+0H 15M"
2026,"Civale, Aaron",650644,"R","FF",82,"91.4",2416,"19.6",0.8594144234348655,0.9455988829669647,152.02695042396758,156.53321276313747,"4-Seam Fastball",95,60,765,-4.5062623391698935,4.506262339169901,15,1,0,12,45,0,15,"1:00","12:45","+0H 15M"
2026,"Beeks, Jalen",656222,"L","FF",117,"93.4",2159,"17.4",0.8258547493847974,0.916943173084912,208.72817253243863,205.85674420303909,"4-Seam Fastball",92,660,675,2.8714283293995493,2.871428329399563,-15,11,0,11,15,0,15,"11:00","11:15","-0H 15M"
2026,"Burke, Brock",656271,"L","FF",100,"96.2",2362,"18.7",0.8688007464533727,0.9203252359275217,214.46347375413822,210.46307792616534,"4-Seam Fastball",92,645,660,4.000395827972881,4.0003958279729,-15,10,45,11,0,0,15,"10:45","11:00","-0H 15M"
2026,"Cease, Dylan",656302,"R","FF",254,"97.8",2491,"18.8",0.8572393488149788,0.9105320058763573,164.53944389702085,168.91316095882672,"4-Seam Fastball",91,750,735,-4.373717061805877,4.37371706180586,15,12,30,12,15,0,15,"12:30","12:15","+0H 15M"
2026,"Flaherty, Jack",656427,"R","FF",268,"92.6",2252,"16.9",0.7782266402373237,0.8552142534504544,152.038220126579,157.03122625701764,"4-Seam Fastball",86,60,765,-4.99300613043863,4.993006130438615,15,1,0,12,45,0,15,"1:00","12:45","+0H 15M"
2026,"Ginkel, Kevin",656464,"R","FF",106,"94.4",2374,"17.7",0.8209271098415388,0.8774937609029341,142.4838723190832,148.96543757704933,"4-Seam Fastball",88,75,60,-6.481565257966139,6.48156525796615,15,1,15,1,0,0,15,"1:15","1:00","+0H 15M"
2026,"Griffin, Foster",656492,"L","FF",102,"91.3",2049,"15.8",0.7536019523663781,0.914428103460843,209.41122142677733,193.85772104756649,"4-Seam Fastball",91,660,690,15.553500379210845,15.55350037921089,-30,11,0,11,30,0,30,"11:00","11:30","-0H 30M"
2026,"Hoffman, Jeff",656546,"R","FF",92,"96.5",2548,"21.1",0.9564588452750422,0.9774218783694604,132.957838167642,135.63237032494806,"4-Seam Fastball",98,90,90,-2.6745321573060608,2.6745321573060536,0,1,30,1,30,0,0,"1:30","1:30"," 0H 00M"
2026,"Holmes, Grant",656550,"R","FF",215,"94.6",2336,"16",0.7673042914541184,0.8072818066503437,147.8841051847875,156.22651586409611,"4-Seam Fastball",81,60,765,-8.342410679308614,8.342410679308623,15,1,0,12,45,0,15,"1:00","12:45","+0H 15M"
2026,"Keller, Mitch",656605,"R","FF",215,"93.5",2357,"18.1",0.8159564524513208,0.8563023940093224,144.34450346471039,149.42867742812336,"4-Seam Fastball",86,75,60,-5.0841739634129794,5.084173963412988,15,1,15,1,0,0,15,"1:15","1:00","+0H 15M"
2026,"Latz, Jacob",656641,"L","FF",139,"93.7",2249,"20.7",0.9580045221219525,0.9905201612852392,209.72050275451758,205.88787650761378,"4-Seam Fastball",99,660,675,3.8326262469038,3.8326262469038337,-15,11,0,11,15,0,15,"11:00","11:15","-0H 15M"
2026,"Megill, Trevor",656730,"R","FF",114,"97.4",2395,"19.7",0.9155124887671079,0.9590389123146016,162.25529267686454,166.02936074868248,"4-Seam Fastball",96,750,750,-3.7740680718179362,3.7740680718179416,0,12,30,12,30,0,0,"12:30","12:30"," 0H 00M"
2026,"Newcomb, Sean",656794,"L","FF",76,"94.1",2279,"17.9",0.8346690341965884,0.9124905331074278,225.43987641916598,216.55499353132885,"4-Seam Fastball",91,630,645,8.884882887837136,8.884882887837184,-15,10,30,10,45,0,15,"10:30","10:45","-0H 15M"
2026,"Petersen, Michael",656848,"R","FF",107,"96.9",2316,"20.7",0.9663112856776537,0.9937459737959154,154.00489393430195,157.58093023813046,"4-Seam Fastball",99,765,765,-3.5760363038285163,3.5760363038285465,0,12,45,12,45,0,0,"12:45","12:45"," 0H 00M"
2026,"Peterson, David",656849,"L","FF",122,"92",2179,"13.1",0.6114828117338365,0.658031961463174,210.06099156416875,192.5190874382921,"4-Seam Fastball",66,660,690,17.54190412587664,17.541904125876663,-30,11,0,11,30,0,30,"11:00","11:30","-0H 30M"
2026,"Rasmussen, Drew",656876,"R","FF",137,"95.9",2520,"16.8",0.7634509510859849,0.8798654961493096,160.02933352636396,166.21086370899422,"4-Seam Fastball",88,765,750,-6.181530182630269,6.181530182630291,15,12,45,12,30,0,15,"12:45","12:30","+0H 15M"
2026,"Scott, Tanner",656945,"L","FF",102,"96.4",2523,"16.9",0.7607340516254829,0.8039209559183911,215.85930704596353,202.79752612529413,"4-Seam Fastball",80,645,675,13.061780920669406,13.061780920669378,-30,10,45,11,15,0,30,"10:45","11:15","-0H 30M"
2026,"Webb, Jacob",657097,"R","FF",128,"93.4",2430,"19.3",0.8621998289201653,0.9079656555969885,139.53765674050618,147.0460028499124,"4-Seam Fastball",91,75,60,-7.508346109406233,7.50834610940624,15,1,15,1,0,0,15,"1:15","1:00","+0H 15M"
2026,"Gage, Matt",657424,"L","FF",72,"92.2",2129,"16.4",0.7633604389591752,0.8678303821936425,198.6921759947564,185.58981204779715,"4-Seam Fastball",87,690,705,13.102363946959258,13.10236394695922,-15,11,30,11,45,0,15,"11:30","11:45","-0H 15M"
2026,"Ryan, Joe",657746,"R","FF",266,"92.6",2261,"19",0.870302913530595,0.9522744017783784,135.3962973982461,135.2226516086339,"4-Seam Fastball",95,90,90,0.173645789612209,0.1736457896121939,0,1,30,1,30,0,0,"1:30","1:30"," 0H 00M"
2026,"Seabold, Connor",657756,"R","FF",106,"93.6",2143,"18.9",0.8893964359881996,0.9684125170325916,143.3405574187936,147.97587865832492,"4-Seam Fastball",97,75,60,-4.635321239531322,4.635321239531308,15,1,15,1,0,0,15,"1:15","1:00","+0H 15M"
2026,"Ohtani, Shohei",660271,"R","FF",212,"97.9",2473,"15.2",0.695518206819641,0.7519846435316583,146.45214075398712,158.756585599788,"4-Seam Fastball",75,60,765,-12.304444845800873,12.304444845800843,15,1,0,12,45,0,15,"1:00","12:45","+0H 15M"
2026,"Suarez, José",660761,"L","FF",131,"93.4",2391,"18.3",0.8494842442942143,0.8867727614865928,215.39189901076298,205.53664666656093,"4-Seam Fastball",89,645,675,9.855252344202057,9.855252344202068,-30,10,45,11,15,0,30,"10:45","11:15","-0H 30M"
2026,"De Los Santos, Enyel",660853,"R","FF",96,"94.7",2213,"16.7",0.8030148420035527,0.9226699167904248,131.62429399748882,137.18540322252574,"4-Seam Fastball",92,90,90,-5.561109225036915,5.561109225036907,0,1,30,1,30,0,0,"1:30","1:30"," 0H 00M"
2026,"Gil, Luis",661563,"R","FF",152,"95",2417,"16.6",0.751521758377991,0.7979944762410555,161.24099769800569,169.18192664481563,"4-Seam Fastball",80,765,735,-7.940928946809947,7.940928946809928,30,12,45,12,15,0,30,"12:45","12:15","+0H 30M"
2026,"Muñoz, Andrés",662253,"R","FF",72,"98.3",2251,"14.7",0.6914504226617694,0.8365447888804335,137.2404243458449,145.7127446957221,"4-Seam Fastball",84,90,75,-8.472320349877208,8.472320349877196,15,1,30,1,15,0,15,"1:30","1:15","+0H 15M"
2026,"Suarez, Robert",663158,"R","FF",114,"98.9",2405,"17.3",0.8418648722423147,0.9103837980739884,156.64682753842845,163.69545283092606,"4-Seam Fastball",91,765,750,-7.048625292497604,7.048625292497576,15,12,45,12,30,0,15,"12:45","12:30","+0H 15M"
2026,"Feltner, Ryan",663372,"R","FF",76,"94.9",2425,"12.9",0.6419042277951279,0.774309448119555,154.53069925430057,162.39732477535046,"4-Seam Fastball",77,765,750,-7.866625521049883,7.866625521049899,15,12,45,12,30,0,15,"12:45","12:30","+0H 15M"
2026,"Martin, Davis",663436,"R","FF",165,"94",2400,"15.4",0.7024664925516163,0.8100170822964091,146.7099541446209,157.55812565557744,"4-Seam Fastball",81,60,765,-10.848171510956547,10.848171510956547,15,1,0,12,45,0,15,"1:00","12:45","+0H 15M"
2026,"Bubic, Kris",663460,"L","FF",265,"91.7",2397,"16.8",0.7649019720051702,0.7981435141905939,202.31495772755142,188.12816636132982,"4-Seam Fastball",80,675,705,14.186791366221598,14.1867913662216,-30,11,15,11,45,0,30,"11:15","11:45","-0H 30M"
2026,"Hudson, Bryan",663542,"L","FF",174,"91.7",2195,"16.1",0.7596419354323934,0.8287908894364642,231.41972232324184,218.57951231538007,"4-Seam Fastball",83,615,645,12.84021000786177,12.84021000786177,-30,10,15,10,45,0,30,"10:15","10:45","-0H 30M"
2026,"Mize, Casey",663554,"R","FF",156,"93.3",2194,"19.9",0.936375953114924,0.9911505530345482,146.33629321027564,149.20468044013836,"4-Seam Fastball",99,60,60,-2.8683872298627193,2.868387229862713,0,1,0,1,0,0,0,"1:00","1:00"," 0H 00M"
2026,"McClanahan, Shane",663556,"L","FF",181,"95.1",2198,"18.2",0.8633674396578219,0.956482519575004,213.57395795310026,212.14444009173906,"4-Seam Fastball",96,660,660,1.4295178613612052,1.4295178613612158,0,11,0,11,0,0,0,"11:00","11:00"," 0H 00M"
2026,"Morán, Jovani",663558,"L","FF",112,"91.9",2300,"16.4",0.7369935318911983,0.8006409052754518,189.78455150547202,189.79680779279465,"4-Seam Fastball",80,705,705,-0.012256287322628623,0.012256287322621512,0,11,45,11,45,0,0,"11:45","11:45"," 0H 00M"
2026,"Lambert, Peter",663567,"R","FF",88,"94.8",2282,"19",0.8817890304410875,0.9570521474742828,149.81655517164762,151.5461488502431,"4-Seam Fastball",96,60,60,-1.729593678595478,1.729593678595475,0,1,0,1,0,0,0,"1:00","1:00"," 0H 00M"
2026,"Santillan, Tony",663574,"R","FF",135,"94.1",2324,"18",0.8274997379962648,0.8876206628300854,128.95664478604613,134.48872523022095,"4-Seam Fastball",89,105,90,-5.532080444174824,5.532080444174836,15,1,45,1,30,0,15,"1:45","1:30","+0H 15M"
2026,"Irvin, Jake",663623,"R","FF",178,"92.6",2331,"16.4",0.7520604347478249,0.8365497879273024,139.35276862437266,147.6764393466541,"4-Seam Fastball",84,75,60,-8.323670722281435,8.32367072228142,15,1,15,1,0,0,15,"1:15","1:00","+0H 15M"
2026,"Harris, Hogan",663687,"L","FF",205,"95",2322,"19.7",0.9106562793006415,0.9846391501463062,204.89512513244108,206.1622004242847,"4-Seam Fastball",98,675,675,-1.2670752918436108,1.267075291843638,0,11,15,11,15,0,0,"11:15","11:15"," 0H 00M"
2026,"Paddack, Chris",663978,"R","FF",189,"92.8",2175,"20.1",0.9453438943330094,0.9955483786806439,155.30800467222733,157.93454171895112,"4-Seam Fastball",100,765,765,-2.626537046723797,2.6265370467237847,0,12,45,12,45,0,0,"12:45","12:45"," 0H 00M"
2026,"Fairbanks, Pete",664126,"R","FF",79,"96.9",2424,"18.1",0.832562767825664,0.9002348956548921,165.9832823477114,174.01400708212444,"4-Seam Fastball",90,750,735,-8.030724734413042,8.03072473441305,15,12,30,12,15,0,15,"12:30","12:15","+0H 15M"
2026,"Javier, Cristian",664299,"R","FF",84,"92.8",2189,"17.3",0.8382080905336586,0.9318194140753204,156.13787580746316,159.27873158656539,"4-Seam Fastball",93,765,765,-3.1408557791022247,3.1408557791022416,0,12,45,12,45,0,0,"12:45","12:45"," 0H 00M"
2026,"Helsley, Ryan",664854,"R","FF",97,"98.7",2577,"19.4",0.8657970560211686,0.9349542374720733,167.65125157141551,172.30954994626842,"4-Seam Fastball",93,750,735,-4.6582983748529045,4.6582983748529,15,12,30,12,15,0,15,"12:30","12:15","+0H 15M"
2026,"Medina, Luis",665622,"R","FF",78,"97.1",2420,"17.2",0.7902916002485809,0.8585508006727969,144.4283941988673,152.7325689526189,"4-Seam Fastball",86,75,60,-8.304174753751596,8.304174753751598,15,1,15,1,0,0,15,"1:15","1:00","+0H 15M"
2026,"Alvarado, Elvis",665660,"R","FF",110,"98.2",2413,"19.6",0.901764055690678,0.9647196091938502,133.41601772329136,137.3499759277529,"4-Seam Fastball",96,90,90,-3.9339582044615327,3.9339582044615375,0,1,30,1,30,0,0,"1:30","1:30"," 0H 00M"
2026,"Cabrera, Edward",665795,"R","FF",93,"95.7",2231,"18.8",0.8875182385207451,0.9642162813588734,131.9958418335929,134.49556717564943,"4-Seam Fastball",96,90,90,-2.4997253420565357,2.4997253420565198,0,1,30,1,30,0,0,"1:30","1:30"," 0H 00M"
2026,"Ragans, Cole",666142,"L","FF",324,"94.9",2559,"21.7",0.9690738872071781,0.9916554546437482,222.6078003472954,217.84961498439455,"4-Seam Fastball",99,630,645,4.758185362900861,4.758185362900865,-15,10,30,10,45,0,15,"10:30","10:45","-0H 15M"
2026,"Zeferjahn, Ryan",666171,"R","FF",83,"96.9",2273,"17.1",0.8143050668844669,0.8683175304918695,156.44948697918355,165.35507599323944,"4-Seam Fastball",87,765,750,-8.905589014055892,8.905589014055908,15,12,45,12,30,0,15,"12:45","12:30","+0H 15M"
2026,"Luzardo, Jesús",666200,"L","FF",177,"97.1",2266,"18.5",0.8905514586279843,0.9161521530226392,231.54189997467213,223.2417748355053,"4-Seam Fastball",92,615,630,8.300125139166823,8.30012513916683,-15,10,15,10,30,0,15,"10:15","10:30","-0H 15M"
2026,"Morillo, Juan",666661,"R","FF",118,"98.7",2209,"17.2",0.8486396319759161,0.9220326051768414,150.96123790247893,160.85019951622013,"4-Seam Fastball",92,60,765,-9.888961613741202,9.88896161374119,15,1,0,12,45,0,15,"1:00","12:45","+0H 15M"
2026,"Soriano, José",667755,"R","FF",170,"97.8",2237,"16.3",0.7814079282429028,0.8375369774152824,130.66097691366474,141.51425749414722,"4-Seam Fastball",84,105,75,-10.853280580482476,10.853280580482485,30,1,45,1,15,0,30,"1:45","1:15","+0H 30M"
2026,"Winn, Cole",668390,"R","FF",86,"94.8",2379,"17.9",0.816028432545057,0.9026965895139784,152.46990477133951,159.73018671990508,"4-Seam Fastball",90,60,765,-7.260281948565563,7.260281948565546,15,1,0,12,45,0,15,"1:00","12:45","+0H 15M"
2026,"Erceg, Lucas",668674,"R","FF",91,"97.4",2121,"18.3",0.9055115046871971,0.989584947914198,140.32425766741272,142.2927627795705,"4-Seam Fastball",99,75,75,-1.9685051121577715,1.9685051121577835,0,1,15,1,15,0,0,"1:15","1:15"," 0H 00M"
2026,"Gallen, Zac",668678,"R","FF",191,"93.6",2314,"17.9",0.8261021586776186,0.848540852593264,155.94161314484367,163.72364570260248,"4-Seam Fastball",85,765,750,-7.782032557758811,7.782032557758831,15,12,45,12,30,0,15,"12:45","12:30","+0H 15M"
2026,"Kilian, Caleb",668873,"R","FF",117,"96.9",2390,"16.3",0.7419875587869642,0.8099442287068822,159.92670227909662,170.86760137830788,"4-Seam Fastball",81,765,735,-10.940899099211265,10.94089909921127,30,12,45,12,15,0,30,"12:45","12:15","+0H 30M"
2026,"Williams, Gavin",668909,"R","FF",183,"96.5",2281,"18.6",0.8585912570703897,0.9497873973951056,137.29681458663134,140.24251842127904,"4-Seam Fastball",95,90,75,-2.945703834647702,2.9457038346477,15,1,30,1,15,0,15,"1:30","1:15","+0H 15M"
2026,"Myers, Tobias",668964,"R","FF",129,"92.4",2224,"20.4",0.938137849301092,0.9930518546482071,165.14958920680155,166.68813074849115,"4-Seam Fastball",99,750,750,-1.5385415416895967,1.5385415416895927,0,12,30,12,30,0,0,"12:30","12:30"," 0H 00M"
2026,"Legumina, Casey",668984,"R","FF",100,"93.4",2415,"19.5",0.8633439158160149,0.9192101943758683,133.14630137954452,136.3776191373566,"4-Seam Fastball",92,90,90,-3.2313177578120644,3.2313177578120817,0,1,30,1,30,0,0,"1:30","1:30"," 0H 00M"
2026,"Gore, MacKenzie",669022,"L","FF",285,"95.5",2254,"17.5",0.8214783168274629,0.9138032613644034,208.02408665562882,202.40910147032022,"4-Seam Fastball",91,660,675,5.614985185308598,5.614985185308578,-15,11,0,11,15,0,15,"11:00","11:15","-0H 15M"
2026,"Estrada, Jeremiah",669093,"R","FF",84,"95.2",2143,"19.8",0.9347464872098995,0.9809159646064514,173.8284666332581,174.73307355399058,"4-Seam Fastball",98,735,735,-0.9046069207324763,0.9046069207324796,0,12,15,12,15,0,0,"12:15","12:15"," 0H 00M"
2026,"May, Dustin",669160,"R","FF",159,"96.9",2299,"17.7",0.8348023194981767,0.9402964626523731,138.9705330357396,142.27293836066244,"4-Seam Fastball",94,75,75,-3.3024053249228302,3.302405324922814,0,1,15,1,15,0,0,"1:15","1:15"," 0H 00M"
2026,"Nelson, Ryne",669194,"R","FF",277,"96",2305,"19.5",0.9104521474237283,0.9790657442806604,170.17516211678253,172.77598088140334,"4-Seam Fastball",98,735,735,-2.6008187646208114,2.600818764620835,0,12,15,12,15,0,0,"12:15","12:15"," 0H 00M"
2026,"Bachar, Lake",669199,"R","FF",102,"94.7",2707,"21",0.9095384539223551,0.903572097611038,148.2541309799831,151.46973031941945,"4-Seam Fastball",90,60,60,-3.215599339436352,3.21559933943636,0,1,0,1,0,0,0,"1:00","1:00"," 0H 00M"
2026,"Gilbert, Logan",669302,"R","FF",222,"95.4",2121,"17.2",0.8142953837068588,0.9148945123279406,155.83445903044463,164.80751363476523,"4-Seam Fastball",91,765,750,-8.973054604320595,8.973054604320595,15,12,45,12,30,0,15,"12:45","12:30","+0H 15M"
2026,"Wells, Tyler",669330,"R","FF",106,"93.4",2410,"18.4",0.8247858782200487,0.9296544010995006,163.93500938488043,171.1172715892061,"4-Seam Fastball",93,750,735,-7.182262204325667,7.182262204325676,15,12,30,12,15,0,15,"12:30","12:15","+0H 15M"
2026,"Baz, Shane",669358,"R","FF",219,"96.8",2437,"18.6",0.8577054648705185,0.949472226219898,146.09278307033995,150.4824918747782,"4-Seam Fastball",95,75,60,-4.389708804438243,4.389708804438228,15,1,15,1,0,0,15,"1:15","1:00","+0H 15M"
2026,"Henry, Cole",669371,"R","FF",75,"93.7",2509,"18.9",0.8311255666717048,0.8891979309287039,129.08098902921256,134.63985386410263,"4-Seam Fastball",89,105,90,-5.558864834890073,5.5588648348900795,15,1,45,1,30,0,15,"1:45","1:30","+0H 15M"
2026,"Ginn, J.T.",669372,"R","FF",73,"94.2",2056,"12.4",0.605665115055188,0.7486908388975794,142.30129872654067,157.41429916492606,"4-Seam Fastball",75,75,765,-15.113000438385399,15.113000438385404,30,1,15,12,45,0,30,"1:15","12:45","+0H 30M"
2026,"Skubal, Tarik",669373,"L","FF",244,"96.6",2333,"17.3",0.8127474794384172,0.8903048086270066,204.00015497110144,192.86828642478432,"4-Seam Fastball",89,675,690,11.131868546317122,11.131868546317108,-15,11,15,11,30,0,15,"11:15","11:30","-0H 15M"
2026,"Mlodzinski, Carmen",669387,"R","FF",163,"94.7",2047,"15.7",0.7672283658222504,0.9444016778952177,136.50066939053144,136.8187767300103,"4-Seam Fastball",94,90,90,-0.31810733947887115,0.3181073394788737,0,1,30,1,30,0,0,"1:30","1:30"," 0H 00M"
2026,"Rogers, Trevor",669432,"L","FF",222,"92.5",2447,"18.2",0.8074993977136345,0.8587329741309978,227.3189169105985,213.92048925568588,"4-Seam Fastball",86,630,645,13.39842765491261,13.39842765491259,-15,10,30,10,45,0,15,"10:30","10:45","-0H 15M"
2026,"Liberatore, Matthew",669461,"L","FF",207,"94.3",2065,"17.2",0.8419320819486448,0.9649667389401598,205.55307229054873,201.98255178816734,"4-Seam Fastball",96,675,675,3.5705205023813846,3.5705205023813584,0,11,15,11,15,0,0,"11:15","11:15"," 0H 00M"
2026,"Pallante, Andre",669467,"R","FF",162,"94.7",2261,"11.9",0.5640656950437737,0.8139138089696835,171.42705334598875,172.21817741587844,"4-Seam Fastball",81,735,735,-0.7911240698896904,0.7911240698897061,0,12,15,12,15,0,0,"12:15","12:15"," 0H 00M"
2026,"Kirby, George",669923,"R","FF",221,"96.6",2220,"15.4",0.7207567159356283,0.9082066651955506,141.1044034114933,143.5686412137969,"4-Seam Fastball",91,75,75,-2.464237802303586,2.4642378023035842,0,1,15,1,15,0,0,"1:15","1:15"," 0H 00M"
2026,"Scholtens, Jesse",669947,"R","FF",86,"92.9",2259,"17.5",0.8159169827286716,0.928372483115899,156.6820715476008,165.8729450615509,"4-Seam Fastball",93,765,750,-9.190873513950095,9.190873513950088,15,12,45,12,30,0,15,"12:45","12:30","+0H 15M"
2026,"Festa, Matt",670036,"R","FF",100,"91.6",2460,"11.5",0.5084153768082705,0.6047342779922663,164.81001173344114,186.83209411713747,"4-Seam Fastball",60,750,705,-22.02208238369633,22.022082383696333,45,12,30,11,45,0,45,"12:30","11:45","+0H 45M"
2026,"Watson, Ryan",670245,"R","FF",73,"93.9",2241,"17.7",0.8168623807308946,0.8924861261475804,144.29476513277655,152.85129532867074,"4-Seam Fastball",89,75,60,-8.556530195894197,8.556530195894203,15,1,15,1,0,0,15,"1:15","1:00","+0H 15M"
2026,"Bednar, David",670280,"R","FF",102,"95.6",2335,"20.3",0.9153832250233238,0.9863203688856956,146.63845657578622,149.40718707343825,"4-Seam Fastball",99,60,60,-2.7687304976520295,2.768730497652048,0,1,0,1,0,0,0,"1:00","1:00"," 0H 00M"
2026,"Ramírez, Yohan",670990,"R","FF",87,"96.2",2335,"17.3",0.8093972563951267,0.8409431360179854,126.74388760583773,136.76543352436335,"4-Seam Fastball",84,105,90,-10.021545918525618,10.021545918525607,15,1,45,1,30,0,15,"1:45","1:30","+0H 15M"
2026,"Abbott, Andrew",671096,"L","FF",286,"92.4",2321,"17.6",0.8113982951093347,0.9078138810799132,203.79335757369614,204.28264758456942,"4-Seam Fastball",91,675,675,-0.48929001087327606,0.48929001087328344,0,11,15,11,15,0,0,"11:15","11:15"," 0H 00M"
2026,"Foster, Cameron",671382,"R","FF",92,"96.3",2493,"19.4",0.8723204210340848,0.9549184526434684,153.32306996435096,155.3437841290923,"4-Seam Fastball",95,60,765,-2.0207141647413494,2.0207141647413325,15,1,0,12,45,0,15,"1:00","12:45","+0H 15M"
2026,"Bradley, Taj",671737,"R","FF",321,"96.4",2284,"19.4",0.9014610115836944,0.9597847691668657,162.71172612359527,165.1707445538867,"4-Seam Fastball",96,750,750,-2.4590184302914224,2.459018430291426,0,12,30,12,30,0,0,"12:30","12:30"," 0H 00M"
2026,"Smith, Cade",671922,"R","FF",172,"96.5",2280,"17.7",0.8312214999243781,0.9239700289852734,149.88175655348422,155.17621052434438,"4-Seam Fastball",92,60,765,-5.294453970860161,5.294453970860142,15,1,0,12,45,0,15,"1:00","12:45","+0H 15M"
2026,"Detmers, Reid",672282,"L","FF",260,"94",2163,"19.4",0.9353726086685951,0.9779261299411804,213.26811834119545,209.7202823163766,"4-Seam Fastball",98,660,660,3.5478360248188494,3.5478360248188068,0,11,0,11,0,0,0,"11:00","11:00"," 0H 00M"
2026,"Montero, Keider",672456,"R","FF",159,"94.1",2244,"17.3",0.807586509698825,0.8707752590479689,151.81214756107377,160.2743174924846,"4-Seam Fastball",87,60,765,-8.462169931410841,8.462169931410845,15,1,0,12,45,0,15,"1:00","12:45","+0H 15M"
2026,"Gómez, Yoendrys",672782,"R","FF",98,"94.9",2442,"17.7",0.8131075427788121,0.8825237084178027,148.6184790680171,157.30979584303893,"4-Seam Fastball",88,60,765,-8.691316775021818,8.691316775021793,15,1,0,12,45,0,15,"1:00","12:45","+0H 15M"
2026,"Senga, Kodai",673540,"R","FF",138,"96.1",2328,"17.5",0.8151900204981735,0.8593904815098462,147.82076947470438,157.46970095056687,"4-Seam Fastball",86,60,765,-9.648931475862497,9.648931475862517,15,1,0,12,45,0,15,"1:00","12:45","+0H 15M"
2026,"Leasure, Jordan",673929,"R","FF",125,"95.8",2300,"19.1",0.8875156582585402,0.9633056773422307,166.76107112563804,169.31695236868023,"4-Seam Fastball",96,750,735,-2.5558812430421938,2.5558812430422044,15,12,30,12,15,0,15,"12:30","12:15","+0H 15M"
2026,"Bido, Osvaldo",674370,"R","FF",88,"94.4",2382,"16.8",0.7982748646054303,0.8598074312107457,138.25659621884685,148.12085991999484,"4-Seam Fastball",86,90,60,-9.86426370114799,9.864263701147971,30,1,30,1,0,0,30,"1:30","1:00","+0H 30M"
2026,"Mejia, Juan",675848,"R","FF",149,"97.6",2410,"12.3",0.608245000002129,0.7688721822781678,152.44810121292895,155.8978826119984,"4-Seam Fastball",77,60,765,-3.449781399069451,3.4497813990694532,15,1,0,12,45,0,15,"1:00","12:45","+0H 15M"
2026,"Junk, Janson",676083,"R","FF",180,"94.3",2296,"19.1",0.8839597905532216,0.9070395219884199,155.970700665466,162.97807479648603,"4-Seam Fastball",91,765,750,-7.007374131020015,7.007374131019992,15,12,45,12,30,0,15,"12:45","12:30","+0H 15M"
2026,"Hancock, Emerson",676106,"R","FF",234,"95",2472,"17.3",0.7680198391473353,0.8142738674491744,119.58218850397623,128.39924747672364,"4-Seam Fastball",81,120,105,-8.817058972747418,8.817058972747416,15,2,0,1,45,0,15,"2:00","1:45","+0H 15M"
2026,"Dreyer, Jack",676263,"L","FF",124,"93.2",2441,"20.1",0.92329519243364,0.9954973274519532,201.41891935680846,196.7449066297672,"4-Seam Fastball",100,675,690,4.674012727041259,4.6740127270412675,-15,11,15,11,30,0,15,"11:15","11:30","-0H 15M"
2026,"Cantillo, Joey",676282,"L","FF",265,"91.6",1865,"17.7",0.8872295641122678,0.9829454958325854,205.89098983434974,201.49575827625114,"4-Seam Fastball",98,675,675,4.395231558098601,4.395231558098624,0,11,15,11,15,0,0,"11:15","11:15"," 0H 00M"
2026,"Bibee, Tanner",676440,"R","FF",171,"94.2",2149,"16.6",0.7977386950738834,0.9099906562893949,161.30242778654534,158.67835617362047,"4-Seam Fastball",91,750,765,2.6240716129248653,2.6240716129248494,-15,12,30,12,45,0,15,"12:30","12:45","-0H 15M"
2026,"Gordon, Colton",676467,"L","FF",73,"91.2",1977,"19.2",0.9395738880867808,0.9863912864263892,224.36789168220278,218.46626547886783,"4-Seam Fastball",99,630,645,5.901626203334956,5.901626203334953,-15,10,30,10,45,0,15,"10:30","10:45","-0H 15M"
2026,"Poulin, PJ",676571,"L","FF",91,"90",2175,"17.2",0.7922198772255401,0.962634873499483,245.84998495413976,243.22226653320774,"4-Seam Fastball",96,585,600,2.6277184209320126,2.627718420932037,-15,9,45,10,0,0,15,"9:45","10:00","-0H 15M"
2026,"Vest, Will",676684,"R","FF",104,"95.4",2247,"17.5",0.8253248832969926,0.8762936427159758,151.60507688471625,161.03135460540778,"4-Seam Fastball",88,60,765,-9.42627772069153,9.426277720691512,15,1,0,12,45,0,15,"1:00","12:45","+0H 15M"
2026,"Mattson, Isaac",676755,"R","FF",241,"93.7",2339,"20.5",0.9446712147406257,0.983329895429881,147.77345703452684,149.4707450057808,"4-Seam Fastball",98,60,60,-1.6972879712539566,1.6972879712539548,0,1,0,1,0,0,0,"1:00","1:00"," 0H 00M"
2026,"Marinaccio, Ron",676760,"R","FF",129,"93.3",2173,"19.6",0.9325976308697792,0.9851144054768393,129.1122627015856,130.1465525695365,"4-Seam Fastball",99,105,105,-1.0342898679509176,1.0342898679509018,0,1,45,1,45,0,0,"1:45","1:45"," 0H 00M"
2026,"Cavalli, Cade",676917,"R","FF",201,"96.3",2319,"15.5",0.7155339124907053,0.7795327350292366,151.92657686640618,163.9311163127342,"4-Seam Fastball",78,60,750,-12.00453944632801,12.004539446328,30,1,0,12,30,0,30,"1:00","12:30","+0H 30M"
2026,"Brown, Ben",676962,"R","FF",145,"96.5",2219,"18.4",0.8588373748113713,0.9461541135973854,149.37399622488647,153.99839128018664,"4-Seam Fastball",95,60,765,-4.62439505530017,4.624395055300172,15,1,0,12,45,0,15,"1:00","12:45","+0H 15M"
2026,"Meyer, Max",676974,"R","FF",125,"95",2546,"19",0.8407605642005969,0.8829785537265836,140.02322781206828,149.7444572386199,"4-Seam Fastball",88,75,60,-9.721229426551616,9.721229426551599,15,1,15,1,0,0,15,"1:15","1:00","+0H 15M"
2026,"Crochet, Garrett",676979,"L","FF",174,"95.8",2384,"18.1",0.8119983830027442,0.8743212257193186,217.00392818379382,208.33457182437053,"4-Seam Fastball",87,645,660,8.66935635942329,8.669356359423285,-15,10,45,11,0,0,15,"10:45","11:00","-0H 15M"
2026,"Nardi, Andrew",677053,"L","FF",110,"94.5",2389,"18.1",0.8248997218487046,0.8585201383898825,215.44462699946263,203.82703121174518,"4-Seam Fastball",86,645,675,11.617595787717448,11.617595787717468,-30,10,45,11,15,0,30,"10:45","11:15","-0H 30M"
2026,"Cecconi, Slade",677944,"R","FF",211,"93",2346,"20",0.9050749488684129,0.956717502079699,138.9593636133422,143.8341333148059,"4-Seam Fastball",96,75,75,-4.87476970146372,4.87476970146373,0,1,15,1,15,0,0,"1:15","1:15"," 0H 00M"
2026,"Ashcraft, Braxton",677952,"R","FF",194,"96.8",2378,"18.1",0.8390676186444648,0.9062832057192358,138.58667294906977,146.92777348077178,"4-Seam Fastball",91,90,60,-8.341100531702011,8.341100531702018,30,1,30,1,0,0,30,"1:30","1:00","+0H 30M"
2026,"Weathers, Ryan",677960,"L","FF",197,"95.9",2340,"18.9",0.8545310886337921,0.9343193293236847,225.1607351954287,220.69727595930163,"4-Seam Fastball",93,630,645,4.463459236127079,4.463459236127073,-15,10,30,10,45,0,15,"10:30","10:45","-0H 15M"
2026,"Perkins, Jack",678022,"R","FF",83,"96",2193,"17",0.8066578673376371,0.9118708838682891,139.71298048307128,147.34489245189346,"4-Seam Fastball",91,75,60,-7.63191196882218,7.6319119688222035,15,1,15,1,0,0,15,"1:15","1:00","+0H 15M"
2026,"Teng, Kai-Wei",678906,"R","FF",98,"94.8",2505,"17.4",0.7839043031337988,0.8263360330183497,128.00037264249227,138.22612354616385,"4-Seam Fastball",83,105,90,-10.225750903671582,10.225750903671578,15,1,45,1,30,0,15,"1:45","1:30","+0H 15M"
2026,"Woods Richardson, Simeon",680573,"R","FF",240,"92.5",2196,"19.2",0.8968014067180828,0.9574804918711161,162.83652588690256,160.48449438357846,"4-Seam Fastball",96,750,765,2.352031503324099,2.3520315033241244,-15,12,30,12,45,0,15,"12:30","12:45","-0H 15M"
2026,"Bradish, Kyle",680694,"R","FF",109,"93.9",2384,"12.9",0.5893867090529146,0.6983943833213916,179.7444234609897,193.52683747233652,"4-Seam Fastball",70,720,690,-13.782414011346816,13.782414011346805,30,12,0,11,30,0,30,"12:00","11:30","+0H 30M"
2026,"Burke, Sean",680732,"R","FF",231,"94",2545,"19.5",0.8686643736313343,0.8747695266650387,159.90272328915404,165.44318262215413,"4-Seam Fastball",87,765,750,-5.540459333000086,5.540459333000076,15,12,45,12,30,0,15,"12:45","12:30","+0H 15M"
2026,"Wrobleski, Justin",680736,"L","FF",262,"93.5",2416,"16.2",0.769402755410456,0.8276965490854162,214.48384945405755,201.91711163822453,"4-Seam Fastball",83,645,675,12.566737815833022,12.566737815833019,-30,10,45,11,15,0,30,"10:45","11:15","-0H 30M"
2026,"Bowlan, Jonathan",680742,"R","FF",72,"97.1",2379,"20.2",0.9261547954562547,0.9401515851529328,149.49706239939383,153.51593029223227,"4-Seam Fastball",94,60,60,-4.018867892838443,4.018867892838442,0,1,0,1,0,0,0,"1:00","1:00"," 0H 00M"
2026,"Vodnik, Victor",680767,"R","FF",123,"98.8",2285,"14.1",0.719412820841201,0.8703374336431573,153.45495073967103,157.00303313794086,"4-Seam Fastball",87,60,765,-3.548082398269827,3.5480823982698038,15,1,0,12,45,0,15,"1:00","12:45","+0H 15M"
2026,"Weiss, Ryan",680802,"R","FF",194,"95.2",2448,"17.8",0.8172192789692438,0.8835580904963941,149.78404777552765,159.28332383654455,"4-Seam Fastball",88,60,765,-9.4992760610169,9.499276061016914,15,1,0,12,45,0,15,"1:00","12:45","+0H 15M"
2026,"Vásquez, Randy",681190,"R","FF",195,"94.8",2432,"18.7",0.8559499006203053,0.9075840176610622,144.33870837707033,146.82028054558398,"4-Seam Fastball",91,75,60,-2.481572168513651,2.481572168513653,15,1,15,1,0,0,15,"1:15","1:00","+0H 15M"
2026,"Silseth, Chase",681217,"R","FF",74,"96.1",2418,"17.2",0.7958026967261358,0.8493047021298987,147.75041762770041,153.4622547868171,"4-Seam Fastball",85,60,60,-5.711837159116698,5.7118371591167,0,1,0,1,0,0,0,"1:00","1:00"," 0H 00M"
2026,"Arrighetti, Spencer",681293,"R","FF",91,"92.5",2336,"18.4",0.8293518268757513,0.9288633729928555,133.4991954347649,136.33791170413883,"4-Seam Fastball",93,90,90,-2.8387162693739185,2.838716269373909,0,1,30,1,30,0,0,"1:30","1:30"," 0H 00M"
2026,"Smith, Shane",681343,"R","FF",74,"95.3",2233,"17.3",0.7993550157557692,0.8014464348732493,147.44726059510117,153.28514328047564,"4-Seam Fastball",80,60,60,-5.837882685374467,5.837882685374462,0,1,0,1,0,0,0,"1:00","1:00"," 0H 00M"
2026,"Burrows, Mike",681347,"R","FF",166,"95",2295,"18.3",0.8697767487160087,0.9312466594043634,145.1999525399889,150.60811323945663,"4-Seam Fastball",93,75,60,-5.4081606994677145,5.40816069946771,15,1,15,1,0,0,15,"1:15","1:00","+0H 15M"
2026,"Varland, Gus",681402,"R","FF",98,"95.2",2287,"19.8",0.9221415063258331,0.9727138491124067,150.1679027235976,151.51356935522205,"4-Seam Fastball",97,60,60,-1.3456666316244537,1.345666631624476,0,1,0,1,0,0,0,"1:00","1:00"," 0H 00M"
2026,"Leahy, Kyle",681517,"R","FF",188,"93.6",2179,"15.7",0.7485636996256185,0.8768742301933854,154.60785389800887,163.47259333579942,"4-Seam Fastball",88,765,750,-8.864739437790547,8.864739437790549,15,12,45,12,30,0,15,"12:45","12:30","+0H 15M"
2026,"Sabrowski, Erik",681870,"L","FF",160,"94.3",2529,"21.5",0.9530640134304976,0.9582610626208746,211.5226720103622,208.52951085245684,"4-Seam Fastball",96,660,660,2.993161157905348,2.9931611579053747,0,11,0,11,0,0,0,"11:00","11:00"," 0H 00M"
2026,"Vesia, Alex",681911,"L","FF",115,"91",2439,"21.4",0.9654900295198708,0.9802707358847037,193.6265487682338,192.06775579370546,"4-Seam Fastball",98,690,690,1.5587929745283304,1.5587929745283537,0,11,30,11,30,0,0,"11:30","11:30"," 0H 00M"
2026,"Anderson, Grant",681982,"R","FF",91,"93.1",2393,"17.8",0.7989671810727734,0.7955842069890003,124.4281321237663,136.2690533266734,"4-Seam Fastball",80,105,90,-11.840921202907097,11.84092120290708,15,1,45,1,30,0,15,"1:45","1:30","+0H 15M"
2026,"Lopez, Jacob",682052,"L","FF",193,"90.5",2143,"18.6",0.8669639682118788,0.9425077960639833,230.76286808683244,228.55021380597387,"4-Seam Fastball",94,615,630,2.2126542808585725,2.2126542808585468,-15,10,15,10,30,0,15,"10:15","10:30","-0H 15M"
2026,"Williamson, Brandon",682227,"L","FF",106,"92.5",2178,"19.2",0.9070448524651833,0.9900316191320616,214.508255258749,208.43423131278908,"4-Seam Fastball",99,645,660,6.074023945959908,6.0740239459599215,-15,10,45,11,0,0,15,"10:45","11:00","-0H 15M"
2026,"Montgomery, Mason",682254,"L","FF",155,"98.4",2246,"18.8",0.8973846373922263,0.9795969197689839,196.03559314132036,193.391670105811,"4-Seam Fastball",98,690,690,2.643923035509374,2.6439230355093706,0,11,30,11,30,0,0,"11:30","11:30"," 0H 00M"
2026,"Barco, Hunter",682995,"L","FF",81,"94.3",2351,"19.2",0.9079006441520271,0.9796817696518164,238.9068005403547,233.4164511219738,"4-Seam Fastball",98,600,615,5.490349418380902,5.490349418380894,-15,10,0,10,15,0,15,"10:00","10:15","-0H 15M"
2026,"Leiter, Jack",683004,"R","FF",268,"96.8",2452,"19.1",0.8733945025499295,0.9341709980173866,149.7958814184393,155.2580847916539,"4-Seam Fastball",93,60,765,-5.4622033732146065,5.4622033732146305,15,1,0,12,45,0,15,"1:00","12:45","+0H 15M"
2026,"Phillips, Connor",683175,"R","FF",161,"98",2488,"19.6",0.893993107723179,0.908040145764679,139.7031644552441,147.0838106076394,"4-Seam Fastball",91,75,60,-7.380646152395315,7.380646152395319,15,1,15,1,0,0,15,"1:15","1:00","+0H 15M"
2026,"Mears, Nick",683232,"R","FF",78,"94.6",2256,"20.3",0.9605738675498054,0.9856595634165318,154.71025812292075,155.34423243752116,"4-Seam Fastball",99,765,765,-0.6339743146004082,0.6339743146003934,0,12,45,12,45,0,0,"12:45","12:45"," 0H 00M"
2026,"Franco, Jose",683742,"R","FF",94,"95.1",2330,"19.3",0.8951934569234451,0.9638271640428264,145.94756676683767,149.3340483895766,"4-Seam Fastball",96,75,60,-3.386481622738927,3.3864816227388936,15,1,15,1,0,0,15,"1:15","1:00","+0H 15M"
2026,"Imanaga, Shota",684007,"L","FF",263,"91.9",2520,"21.4",0.9349109169708705,0.9782673365780119,212.48917817790118,212.97506289670625,"4-Seam Fastball",98,660,660,-0.48588471880506745,0.4858847188050802,0,11,0,11,0,0,0,"11:00","11:00"," 0H 00M"
2026,"Gordon, Tanner",685299,"R","FF",82,"93.7",2267,"18.1",0.9429302822886879,0.9775297345361068,143.14487609759408,146.54303127072572,"4-Seam Fastball",98,75,60,-3.3981551731316415,3.3981551731316344,15,1,15,1,0,0,15,"1:15","1:00","+0H 15M"
2026,"Bigge, Hunter",685801,"R","FF",84,"96.6",2413,"18.7",0.8583594463812728,0.917360373343889,162.73133125098906,167.76230304691265,"4-Seam Fastball",92,750,750,-5.030971795923591,5.030971795923596,0,12,30,12,30,0,0,"12:30","12:30"," 0H 00M"
2026,"Sheehan, Emmet",686218,"R","FF",212,"94.1",2398,"20",0.9309404890035079,0.9856314013064397,152.317097663389,152.766644453145,"4-Seam Fastball",99,60,60,-0.44954678975599904,0.44954678975598605,0,1,0,1,0,0,0,"1:00","1:00"," 0H 00M"
2026,"Kochanowicz, Jack",686799,"R","FF",121,"96.1",2303,"15.5",0.7343677934373949,0.8235730497717679,140.09601088305533,152.5325070960888,"4-Seam Fastball",82,75,60,-12.436496213033479,12.436496213033479,15,1,15,1,0,0,15,"1:15","1:00","+0H 15M"
2026,"Varland, Louis",686973,"R","FF",132,"98.3",2276,"17.9",0.8517068775135951,0.921871741807683,146.89493368752062,152.95372054093403,"4-Seam Fastball",92,60,60,-6.058786853413409,6.058786853413418,0,1,0,1,0,0,0,"1:00","1:00"," 0H 00M"
2026,"Sterner, Justin",686993,"R","FF",122,"93.1",2349,"19.3",0.8764878779730284,0.9374183651045191,146.95661125777593,154.3138291234773,"4-Seam Fastball",94,60,765,-7.357217865701358,7.3572178657013785,15,1,0,12,45,0,15,"1:00","12:45","+0H 15M"
2026,"Young, Brandon",687064,"R","FF",82,"94.1",2226,"18.3",0.8441792956252558,0.9458331200379961,156.83313950598833,162.39085101337085,"4-Seam Fastball",95,765,750,-5.557711507382521,5.55771150738253,15,12,45,12,30,0,15,"12:45","12:30","+0H 15M"
2026,"Headrick, Brent",687396,"L","FF",124,"94",2358,"19.3",0.8664434136973769,0.9431983391778272,212.35220982257937,206.09128010249003,"4-Seam Fastball",94,660,675,6.260929720089337,6.26092972008936,-15,11,0,11,15,0,15,"11:00","11:15","-0H 15M"
2026,"Prielipp, Connor",687570,"L","FF",86,"95.2",2210,"17.3",0.8102562362023402,0.9115251641313197,219.3280202559181,209.25125678144195,"4-Seam Fastball",91,645,660,10.076763474476138,10.076763474476097,-15,10,45,11,0,0,15,"10:45","11:00","-0H 15M"
2026,"King, Bryan",687911,"L","FF",123,"91.8",2095,"13.4",0.637258883015038,0.7551540727571394,212.19916523003874,195.34594128824244,"4-Seam Fastball",76,660,690,16.8532239417963,16.853223941796333,-30,11,0,11,30,0,30,"11:00","11:30","-0H 30M"
2026,"Agnos, Zach",688642,"R","FF",86,"94.7",2370,"16.7",0.8317498906310158,0.9445697216437466,145.78794649069633,150.3802816521433,"4-Seam Fastball",94,75,60,-4.592335161446982,4.592335161446981,15,1,15,1,0,0,15,"1:15","1:00","+0H 15M"
2026,"Pallette, Peyton",688883,"R","FF",162,"95.4",2269,"20.2",0.9353207294961923,0.987061040674217,139.74376724793763,141.57014815416878,"4-Seam Fastball",99,75,75,-1.826380906231151,1.8263809062311491,0,1,15,1,15,0,0,"1:15","1:15"," 0H 00M"
2026,"Beeter, Clayton",690925,"R","FF",101,"96.5",2394,"17.7",0.8162167048035299,0.8918700330789088,162.68401806396508,169.77567003115587,"4-Seam Fastball",89,750,735,-7.091651967190785,7.091651967190781,15,12,30,12,15,0,15,"12:30","12:15","+0H 15M"
2026,"Abel, Mick",690953,"R","FF",153,"94.8",2516,"18.1",0.7941776310521228,0.823400943078588,148.43584817111164,154.4585377238764,"4-Seam Fastball",82,60,765,-6.022689552764746,6.022689552764735,15,1,0,12,45,0,15,"1:00","12:45","+0H 15M"
2026,"Harrison, Kyle",690986,"L","FF",303,"94.6",2338,"19.7",0.9097846164953349,0.9806688818780629,227.2093148909038,223.72804901519987,"4-Seam Fastball",98,630,630,3.48126587570394,3.4812658757039268,0,10,30,10,30,0,0,"10:30","10:30"," 0H 00M"
2026,"McLean, Nolan",690997,"R","FF",109,"96.4",2361,"18.7",0.8419855161215488,0.8946142224727677,133.14610879048598,140.6883912756392,"4-Seam Fastball",89,90,75,-7.542282485153208,7.5422824851531916,15,1,30,1,15,0,15,"1:30","1:15","+0H 15M"
2026,"Pérez, Eury",691587,"R","FF",327,"98.1",2643,"20.6",0.9117240434742959,0.954637095405654,144.80727564960375,146.95238162973112,"4-Seam Fastball",95,75,60,-2.1451059801273686,2.145105980127363,15,1,15,1,0,0,15,"1:15","1:00","+0H 15M"
2026,"Painter, Andrew",691725,"R","FF",204,"96.5",2249,"16.1",0.7610410094637949,0.9020463249188504,165.39451663599334,169.42204894780724,"4-Seam Fastball",90,750,735,-4.0275323118139,4.0275323118138875,15,12,30,12,15,0,15,"12:30","12:15","+0H 15M"
2026,"Taylor, Grant",691799,"R","FF",172,"98.6",2418,"17.2",0.798707393391845,0.8755212635140428,164.97510558574524,171.2584328523219,"4-Seam Fastball",88,750,735,-6.283327266576663,6.2833272665766815,15,12,30,12,15,0,15,"12:30","12:15","+0H 15M"
2026,"Nicolas, Kyle",693312,"R","FF",96,"96.8",2389,"18.9",0.8811770423357466,0.9615983153716516,149.96891719099614,153.15740713536533,"4-Seam Fastball",96,60,60,-3.188489944369195,3.1884899443691888,0,1,0,1,0,0,0,"1:00","1:00"," 0H 00M"
2026,"Woo, Bryan",693433,"R","FF",278,"95.7",2239,"17.7",0.8300116378481147,0.9048144464237394,134.89458923253864,142.65582099060026,"4-Seam Fastball",90,90,75,-7.761231758061626,7.761231758061631,15,1,30,1,15,0,15,"1:30","1:15","+0H 15M"
2026,"Schlittler, Cam",693645,"R","FF",303,"97.9",2450,"17.8",0.8072709292527078,0.8816603240224484,155.4037970234454,161.5977319888134,"4-Seam Fastball",88,765,750,-6.193934965367987,6.193934965367967,15,12,45,12,30,0,15,"12:45","12:30","+0H 15M"
2026,"Elder, Bryce",693821,"R","FF",144,"92.5",2218,"15.7",0.7486559812361829,0.8124065879926243,156.3699103158125,163.51398779959888,"4-Seam Fastball",81,765,750,-7.14407748378639,7.144077483786391,15,12,45,12,30,0,15,"12:45","12:30","+0H 15M"
2026,"Klein, Will",694361,"R","FF",116,"97.6",2156,"17.4",0.8766429223836463,0.9791477410795333,145.96256736116155,150.1810330722724,"4-Seam Fastball",98,75,60,-4.218465711110866,4.21846571111086,15,1,15,1,0,0,15,"1:15","1:00","+0H 15M"
2026,"Patrick, Chad",694477,"R","FF",127,"94.2",2296,"18.2",0.850902246306374,0.9358354804024097,144.0275260367011,148.94758653060296,"4-Seam Fastball",94,75,60,-4.920060493901872,4.9200604939018815,15,1,15,1,0,0,15,"1:15","1:00","+0H 15M"
2026,"Misiorowski, Jacob",694819,"R","FF",392,"99.3",2592,"19.5",0.8710980248836332,0.9288697073670261,139.0196714861184,142.80429613652714,"4-Seam Fastball",93,75,75,-3.7846246504087446,3.784624650408759,0,1,15,1,15,0,0,"1:15","1:15"," 0H 00M"
2026,"Hoffmann, Andrew",694851,"R","FF",105,"94.3",2259,"16.3",0.7800625384048014,0.941097318298581,152.9811857278101,159.07788843676911,"4-Seam Fastball",94,60,765,-6.096702708959015,6.096702708959015,15,1,0,12,45,0,15,"1:00","12:45","+0H 15M"
2026,"Tidwell, Blade",694918,"R","FF",76,"96.2",2245,"18.7",0.8668903670453844,0.9467301123613265,148.5901469995345,154.10663667642902,"4-Seam Fastball",95,60,765,-5.516489676894508,5.516489676894523,15,1,0,12,45,0,15,"1:00","12:45","+0H 15M"
2026,"Skenes, Paul",694973,"R","FF",192,"97.4",2261,"18.5",0.8808533556227557,0.9597615540776854,127.40337598774244,132.80001036410295,"4-Seam Fastball",96,105,90,-5.39663437636051,5.396634376360522,15,1,45,1,30,0,15,"1:45","1:30","+0H 15M"
2026,"Lowder, Rhett",695076,"R","FF",141,"93",2254,"17.8",0.8307539935582683,0.9100773706475574,135.1929195028742,139.31754390791045,"4-Seam Fastball",91,90,75,-4.124624405036258,4.124624405036268,15,1,30,1,15,0,15,"1:30","1:15","+0H 15M"
2026,"Miller, Mason",695243,"R","FF",91,"101.2",2537,"18.3",0.8318042661038105,0.8805283896558097,157.5706552701834,156.45881861766912,"4-Seam Fastball",88,765,765,1.1118366525142847,1.1118366525142944,0,12,45,12,45,0,0,"12:45","12:45"," 0H 00M"
2026,"Lord, Brad",695418,"R","FF",151,"94.5",2374,"18.8",0.8489355721481138,0.968497458206088,114.27826872970824,120.39050123637821,"4-Seam Fastball",97,135,120,-6.112232506669969,6.112232506669955,15,2,15,2,0,0,15,"2:15","2:00","+0H 15M"
2026,"Burns, Chase",695505,"R","FF",345,"98.1",2542,"18.5",0.8466805396217271,0.9144984233313448,161.93773323626797,167.31140896842936,"4-Seam Fastball",91,750,750,-5.373675732161388,5.3736757321613675,0,12,30,12,30,0,0,"12:30","12:30"," 0H 00M"
2026,"Chandler, Bubba",696149,"R","FF",281,"98.6",2413,"19",0.896118398049635,0.9331812826339176,153.798266970949,160.45298289662878,"4-Seam Fastball",93,765,765,-6.654715925679795,6.654715925679794,0,12,45,12,45,0,0,"12:45","12:45"," 0H 00M"
2026,"McGreevy, Michael",700241,"R","FF",157,"91.3",2254,"14.7",0.681813202343932,0.794745607649682,140.4131506680647,146.58335547130096,"4-Seam Fastball",79,75,60,-6.17020480323626,6.170204803236246,15,1,15,1,0,0,15,"1:15","1:00","+0H 15M"
2026,"Povich, Cade",700249,"L","FF",100,"91.9",2466,"20.3",0.8863204759633483,0.8894122053832805,205.7172644131258,201.72119509988613,"4-Seam Fastball",89,675,675,3.9960693132396727,3.996069313239656,0,11,15,11,15,0,0,"11:15","11:15"," 0H 00M"
2026,"Graceffo, Gordon",700669,"R","FF",111,"95.6",2060,"16.2",0.7947510270237683,0.9101508305615416,148.13970288966075,153.79320728361859,"4-Seam Fastball",91,60,765,-5.6535043939578316,5.653504393957844,15,1,0,12,45,0,15,"1:00","12:45","+0H 15M"
2026,"Warren, Will",701542,"R","FF",251,"93.8",2552,"17.4",0.7587999715573513,0.7500583992070032,141.3378384380361,151.8661017218556,"4-Seam Fastball",75,75,60,-10.528263283819513,10.528263283819504,15,1,15,1,0,0,15,"1:15","1:00","+0H 15M"
2026,"Yesavage, Trey",702056,"R","FF",85,"93.7",2312,"20.1",0.9351721480849301,0.994705527984486,162.6316929114411,163.80170922993756,"4-Seam Fastball",99,750,750,-1.1700163184964651,1.1700163184964587,0,12,30,12,30,0,0,"12:30","12:30"," 0H 00M"
2026,"Cameron, Noah",702070,"L","FF",149,"92.1",2325,"18.2",0.8285813025711791,0.9058636111739926,208.17090011131208,202.62827231195666,"4-Seam Fastball",91,660,675,5.542627799355415,5.542627799355389,-15,11,0,11,15,0,15,"11:00","11:15","-0H 15M"
2026,"Morris, Andrew",702193,"R","FF",96,"95.4",2082,"18.9",0.9105227204403861,0.9846783470829968,163.42699032803324,165.9557809706481,"4-Seam Fastball",98,750,750,-2.528790642614865,2.5287906426148608,0,12,30,12,30,0,0,"12:30","12:30"," 0H 00M"
2026,"Schultz, Noah",702273,"L","FF",104,"95.6",2509,"16.8",0.7527372590705862,0.8801774926002506,229.3801137489527,225.37282469678908,"4-Seam Fastball",88,615,630,4.007289052163628,4.00728905216359,-15,10,15,10,30,0,15,"10:15","10:30","-0H 15M"
2026,"Ritchie, JR",702275,"R","FF",75,"94.1",2341,"16.6",0.7808775060030885,0.8396808211089692,134.3265119578323,143.3655690633961,"4-Seam Fastball",84,90,75,-9.039057105563785,9.03905710556379,15,1,30,1,15,0,15,"1:30","1:15","+0H 15M"
2026,"Messick, Parker",800048,"L","FF",198,"93.6",2141,"17",0.8162470366584802,0.928584188757686,206.4553989957874,197.2444470019814,"4-Seam Fastball",93,660,690,9.210951993805992,9.21095199380597,-30,11,0,11,30,0,30,"11:00","11:30","-0H 30M"
2026,"Fuentes, Didier",800311,"R","FF",115,"96.5",2116,"17.5",0.8796589769567081,0.9674853214552159,137.79958385768458,144.36499799803707,"4-Seam Fastball",97,90,75,-6.5654141403524875,6.565414140352461,15,1,30,1,15,0,15,"1:30","1:15","+0H 15M"
2026,"Tolle, Payton",801139,"L","FF",113,"96.1",2248,"17.7",0.8306799521880045,0.9246374773317427,220.36896198724884,210.89293831101298,"4-Seam Fastball",92,645,660,9.476023676235855,9.476023676235869,-15,10,45,11,0,0,15,"10:45","11:00","-0H 15M"
2026,"Dollander, Chase",801403,"R","FF",231,"99.1",2362,"17.2",0.8580648235490499,0.9384349247185326,127.82664504849195,135.12366532370922,"4-Seam Fastball",94,105,90,-7.297020275217264,7.2970202752172675,15,1,45,1,30,0,15,"1:45","1:30","+0H 15M"
2026,"Blubaugh, AJ",805123,"R","FF",171,"95.5",2239,"19.9",0.941249407889212,0.9956241632050998,141.64546380328278,143.87429073229242,"4-Seam Fastball",100,75,75,-2.2288269290096423,2.2288269290096148,0,1,15,1,15,0,0,"1:15","1:15"," 0H 00M"
2026,"Morales, Luis",806960,"R","FF",86,"96.3",2371,"17.3",0.80091719479427,0.874509353229426,153.1210815690148,149.94084535927198,"4-Seam Fastball",87,60,60,3.180236209742816,3.1802362097428203,0,1,0,1,0,0,0,"1:00","1:00"," 0H 00M"
2026,"Sasaki, Roki",808963,"R","FF",229,"96.9",2145,"17",0.8486495654115731,0.9545182229053677,143.31480581430728,149.60370246023805,"4-Seam Fastball",95,75,60,-6.288896645930777,6.288896645930788,15,1,15,1,0,0,15,"1:15","1:00","+0H 15M"
2026,"Yamamoto, Yoshinobu",808967,"R","FF",167,"95.5",2245,"18.3",0.8605776063579335,0.9319415160834655,144.70419931455223,150.75447976194937,"4-Seam Fastball",93,75,60,-6.050280447397142,6.050280447397143,15,1,15,1,0,0,15,"1:15","1:00","+0H 15M"
2026,"Early, Connelly",813349,"L","FF",209,"93.8",2322,"19.1",0.858955315195653,0.900982917998376,223.03567535088737,214.64562848233135,"4-Seam Fastball",90,630,645,8.390046868556027,8.390046868555988,-15,10,30,10,45,0,15,"10:30","10:45","-0H 15M"
2026,"Farris, Mitch",815083,"L","FF",84,"91.4",2171,"18.8",0.8805060906083564,0.9784440466382914,215.4455451782329,211.11407840600657,"4-Seam Fastball",98,645,660,4.331466772226321,4.331466772226295,-15,10,45,11,0,0,15,"10:45","11:00","-0H 15M"
2026,"Imanaga, Shota",684007,"L","FS",208,"83.3",1101,"13.5",0.8521774909462861,0.9318631033184045,225.89817207678382,242.92858932059133,"Split-Finger",93,630,600,-17.030417243807506,17.03041724380748,30,10,30,10,0,0,30,"10:30","10:00","+0H 30M"
2026,"Bradley, Taj",671737,"R","FS",157,"90.6",1724,"12.5",0.6447613264178744,0.7822005931749904,149.46259085268798,117.18748962401457,"Split-Finger",78,60,120,32.27510122867341,32.2751012286734,-60,1,0,2,0,1,0,"1:00","2:00","-1H 00M"
2026,"Kremer, Dean",665152,"R","FS",74,"82.6",1240,"15.1",0.8909809437667552,0.9080466434550957,146.7761887570694,129.66714992083305,"Split-Finger",91,60,105,17.10903883623635,17.109038836236337,-45,1,0,1,45,0,45,"1:00","1:45","-0H 45M"
2026,"Gausman, Kevin",592332,"R","FS",240,"83.8",1616,"14.9",0.7769367769374412,0.7587640307971206,131.1876111530773,99.8997639576732,"Split-Finger",76,105,165,31.28784719540411,31.28784719540409,-60,1,45,2,45,1,0,"1:45","2:45","-1H 00M"
2026,"Hoffman, Jeff",656546,"R","FS",74,"90",1749,"16.4",0.856344303777364,0.9171913062523622,115.5046015533189,91.45592315357668,"Split-Finger",92,135,180,24.04867839974223,24.04867839974222,-45,2,15,3,0,0,45,"2:15","3:00","-0H 45M"
2026,"Sugano, Tomoyuki",608372,"R","FS",119,"87.2",1756,"13.2",0.7289939707115105,0.8223285353897011,144.89242028080625,113.78146209711124,"Split-Finger",82,75,135,31.110958183695004,31.110958183695004,-60,1,15,2,15,1,0,"1:15","2:15","-1H 00M"
2026,"Soriano, José",667755,"R","FS",97,"93",1644,"14",0.7587402813022017,0.8425860028306794,117.14828484493508,82.98246367526347,"Split-Finger",84,120,195,34.1658211696716,34.165821169671595,-75,2,0,3,15,1,15,"2:00","3:15","-1H 15M"
2026,"Littell, Zack",641793,"R","FS",77,"83.6",1049,"11.6",0.7597629588888292,0.7427346783355031,115.61573114011124,87.10748186682443,"Split-Finger",74,135,180,28.508249273286808,28.508249273286825,-45,2,15,3,0,0,45,"2:15","3:00","-0H 45M"
2026,"Sasaki, Roki",808963,"R","FS",130,"87.4",803,"8.6",0.7337843096658118,0.8429562615936901,87.44694414875042,66.06388023764208,"Split-Finger",84,180,225,21.383063911108337,21.383063911108326,-45,3,0,3,45,0,45,"3:00","3:45","-0H 45M"
2026,"Kikuchi, Yusei",579328,"L","FS",117,"86.8",1618,"13.3",0.6994010330823577,0.8904270543349586,209.10718487918174,233.31010064727909,"Split-Finger",89,660,615,-24.20291576809734,24.202915768097338,45,11,0,10,15,0,45,"11:00","10:15","+0H 45M"
2026,"Mlodzinski, Carmen",669387,"R","FS",164,"85.2",1638,"9.4",0.49230589881858483,0.6045039540957426,110.51396798401959,75.24349216157911,"Split-Finger",60,135,210,35.270475822440474,35.27047582244048,-75,2,15,3,30,1,15,"2:15","3:30","-1H 15M"
2026,"Mize, Casey",663554,"R","FS",137,"87.1",1441,"17",0.9550411362440352,0.9492988070784195,124.49019605709535,102.38395173765457,"Split-Finger",95,105,150,22.106244319440776,22.10624431944079,-45,1,45,2,30,0,45,"1:45","2:30","-0H 45M"
2026,"Cruz, Fernando",518585,"R","FS",112,"80",780,"5.9",0.4724840076366477,0.38903729301136997,129.70631590280485,94.74395623119425,"Split-Finger",39,105,165,34.9623596716106,34.96235967161061,-60,1,45,2,45,1,0,"1:45","2:45","-1H 00M"
2026,"Orze, Eric",679358,"R","FS",139,"83",1695,"16.9",0.833854916632109,0.7379901556610874,123.28420496198629,90.1625222668023,"Split-Finger",74,120,180,33.12168269518399,33.12168269518399,-60,2,0,3,0,1,0,"2:00","3:00","-1H 00M"
2026,"Yamamoto, Yoshinobu",808967,"R","FS",169,"91.3",1479,"13.9",0.7865456271788926,0.8192517803223993,125.97732753871509,95.50371720744424,"Split-Finger",82,105,165,30.473610331270848,30.473610331270866,-60,1,45,2,45,1,0,"1:45","2:45","-1H 00M"
2026,"Walker, Taijuan",592836,"R","FS",85,"86.7",1400,"13",0.761356065253522,0.8236170963822061,139.49807856174237,104.88732951553705,"Split-Finger",82,75,150,34.61074904620533,34.61074904620534,-75,1,15,2,30,1,15,"1:15","2:30","-1H 15M"
2026,"Woods Richardson, Simeon",680573,"R","FS",148,"86.7",1190,"14.5",0.9072114622019346,0.89760487925887,141.8697971689196,115.62159007844221,"Split-Finger",90,75,135,26.248207090477393,26.248207090477397,-60,1,15,2,15,1,0,"1:15","2:15","-1H 00M"
2026,"Rea, Colin",607067,"R","FS",75,"87.6",1422,"13.5",0.7656982974848274,0.79865917902924,109.29192667850707,74.17657681771195,"Split-Finger",80,135,210,35.11534986079512,35.11534986079512,-75,2,15,3,30,1,15,"2:15","3:30","-1H 15M"
2026,"Mahle, Tyler",641816,"R","FS",153,"85.3",1640,"15.1",0.7746442802112324,0.8894839265067269,130.7534691002349,104.28853109059754,"Split-Finger",89,105,150,26.46493800963735,26.46493800963735,-45,1,45,2,30,0,45,"1:45","2:30","-0H 45M"
2026,"Winn, Keaton",676775,"R","FS",101,"89.3",1565,"14.9",0.7974594975206606,0.8259587629437833,116.47849496394583,81.4769925250634,"Split-Finger",83,120,195,35.00150243888244,35.00150243888243,-75,2,0,3,15,1,15,"2:00","3:15","-1H 15M"
2026,"Eovaldi, Nathan",543135,"R","FS",178,"88.5",1559,"13.6",0.7472259068331983,0.8569818766264263,123.778967998493,88.89730103449355,"Split-Finger",86,105,180,34.88166696399945,34.88166696399945,-75,1,45,3,0,1,15,"1:45","3:00","-1H 15M"
2026,"Phillips, Tyler",663969,"R","FS",78,"87.9",1277,"12.9",0.7711564229236628,0.8910983978896275,119.79684016991575,92.33048645381339,"Split-Finger",89,120,180,27.46635371610236,27.466353716102358,-60,2,0,3,0,1,0,"2:00","3:00","-1H 00M"
2026,"Gilbert, Logan",669302,"R","FS",76,"80.7",714,"6.8",0.5754582198509336,0.5073964501228678,71.7280549362805,39.18901548071176,"Split-Finger",51,210,285,32.53903945556874,32.53903945556875,-75,3,30,4,45,1,15,"3:30","4:45","-1H 15M"
2026,"Ryan, Joe",657746,"R","SI",78,"92.6",2159,"20.6",0.9675616563445728,0.9468770570053371,130.10245897435794,112.72359181073553,"Sinker",95,105,135,17.378867163622417,17.378867163622417,-30,1,45,2,15,0,30,"1:45","2:15","-0H 30M"
2026,"Lowder, Rhett",695076,"R","SI",181,"92.3",2285,"20.3",0.9402360178091781,0.9336866079025413,124.42183981700151,107.83052665261515,"Sinker",93,105,150,16.591313164386364,16.591313164386374,-45,1,45,2,30,0,45,"1:45","2:30","-0H 45M"
2026,"Woo, Bryan",693433,"R","SI",118,"95.4",2268,"17.6",0.8243327583660652,0.842243467617131,136.78785350247065,102.88436198457654,"Sinker",84,90,150,33.90349151789411,33.903491517894096,-60,1,30,2,30,1,0,"1:30","2:30","-1H 00M"
2026,"Wolfram, Grant",664991,"L","SI",89,"95.5",2220,"19.4",0.9190651124108281,0.8445821665388067,214.2941764669774,233.20950795475375,"Sinker",84,645,615,-18.915331487776342,18.91533148777639,30,10,45,10,15,0,30,"10:45","10:15","+0H 30M"
2026,"Kelly, Kevin",687330,"R","SI",103,"91.2",2039,"18.5",0.8903862972460123,0.8172115066725332,106.05384462688716,72.99380315121294,"Sinker",82,150,210,33.06004147567421,33.06004147567424,-60,2,30,3,30,1,0,"2:30","3:30","-1H 00M"
2026,"Hancock, Emerson",676106,"R","SI",156,"94.7",2351,"19.2",0.8814280398566268,0.8355441691366999,114.67323142953836,88.24850798239675,"Sinker",84,135,180,26.424723447141616,26.424723447141613,-45,2,15,3,0,0,45,"2:15","3:00","-0H 45M"
2026,"Lawrence, Justin",664875,"R","SI",94,"95.2",2414,"19",0.8678463704026558,0.7775194037700676,114.03132850799403,90.35563932548193,"Sinker",78,135,180,23.6756891825121,23.675689182512105,-45,2,15,3,0,0,45,"2:15","3:00","-0H 45M"
2026,"Bazardo, Eduard",660825,"R","SI",155,"94.5",2185,"19.1",0.897717177200698,0.8709876166955988,146.01813840443089,118.79517188157652,"Sinker",87,75,120,27.222966522854364,27.222966522854367,-45,1,15,2,0,0,45,"1:15","2:00","-0H 45M"
2026,"Walker, Ryan",676254,"R","SI",168,"95.5",2376,"19.4",0.8805246204025585,0.8372285908075672,124.86515540611413,97.56079638354956,"Sinker",84,105,165,27.30435902256457,27.304359022564576,-60,1,45,2,45,1,0,"1:45","2:45","-1H 00M"
2026,"Littell, Zack",641793,"R","SI",88,"90.8",1931,"18.8",0.9286720660485357,0.9476064792737692,143.7752737666652,123.02870024319068,"Sinker",95,75,120,20.746573523474524,20.746573523474503,-45,1,15,2,0,0,45,"1:15","2:00","-0H 45M"
2026,"Sproat, Brandon",687075,"R","SI",119,"96.5",2000,"17.6",0.8849518854240128,0.8182049525208137,136.93962343493644,105.25283181514321,"Sinker",82,90,150,31.686791619793226,31.68679161979322,-60,1,30,2,30,1,0,"1:30","2:30","-1H 00M"
2026,"Pallante, Andre",669467,"R","SI",102,"94.6",2121,"18.8",0.913268294757603,0.8595523963638206,164.91322635540217,139.9594636098309,"Sinker",86,750,75,24.953762745571282,24.953762745571265,-45,12,30,1,15,0,45,"12:30","1:15","-0H 45M"
2026,"Uribe, Abner",682842,"R","SI",116,"97.9",2262,"16.6",0.7910678424300281,0.7360142993921939,149.44492783290545,111.71897293647658,"Sinker",74,60,135,37.725954896428874,37.72595489642887,-75,1,0,2,15,1,15,"1:00","2:15","-1H 15M"
2026,"Castillo, Luis",622491,"R","SI",123,"95.2",2068,"19.7",0.9490435177211887,0.9042336718594792,123.85837552697913,101.24628227070504,"Sinker",90,105,165,22.612093256274093,22.61209325627411,-60,1,45,2,45,1,0,"1:45","2:45","-1H 00M"
2026,"Schlittler, Cam",693645,"R","SI",139,"97.3",2227,"18.2",0.8490219602951246,0.815467094773738,156.24539508387028,123.77481675596547,"Sinker",82,765,105,32.4705783279048,32.47057832790479,-60,12,45,1,45,1,0,"12:45","1:45","-1H 00M"
2026,"Morejon, Adrian",670970,"L","SI",127,"99.2",2423,"18.7",0.8601394392372701,0.795162097867688,209.5742030044039,243.08997104647506,"Sinker",80,660,600,-33.51576804207116,33.515768042071166,60,11,0,10,0,1,0,"11:00","10:00","+1H 00M"
2026,"Hurter, Brant",676428,"L","SI",141,"92.1",2035,"17.1",0.8273798841275531,0.7851107723365452,235.2379943865513,269.5176029598799,"Sinker",79,615,540,-34.27960857332863,34.2796085733286,75,10,15,9,0,1,15,"10:15","9:00","+1H 15M"
2026,"Keller, Mitch",656605,"R","SI",113,"92.3",2334,"16.8",0.7594513245529632,0.8006850756997161,141.86466771754291,110.65892930701666,"Sinker",80,75,135,31.20573841052625,31.20573841052625,-60,1,15,2,15,1,0,"1:15","2:15","-1H 00M"
2026,"Martin, Davis",663436,"R","SI",93,"92.8",2389,"17.6",0.7962556206296506,0.7462471879863509,146.68743783520628,115.63428708632482,"Sinker",75,60,135,31.053150748881464,31.05315074888146,-75,1,0,2,15,1,15,"1:00","2:15","-1H 15M"
2026,"Nola, Aaron",605400,"R","SI",119,"90.9",2230,"19.9",0.922380733823875,0.9184025410734058,132.53689996175518,111.60394059284094,"Sinker",92,90,135,20.93295936891424,20.932959368914247,-45,1,30,2,15,0,45,"1:30","2:15","-0H 45M"
2026,"Sánchez, Cristopher",650911,"L","SI",296,"94.7",2128,"19.7",0.9459103440917607,0.933342037644758,238.53527981837635,261.0590586368517,"Sinker",93,600,555,-22.523778818475364,22.523778818475343,45,10,0,9,15,0,45,"10:00","9:15","+0H 45M"
2026,"Bubic, Kris",663460,"L","SI",72,"91.1",2238,"14.9",0.7014824977439128,0.7883630096075837,208.2688968606267,240.46773055383952,"Sinker",79,660,600,-32.198833693212805,32.19883369321278,60,11,0,10,0,1,0,"11:00","10:00","+1H 00M"
2026,"Valdez, Framber",664285,"L","SI",287,"93.8",2174,"17.1",0.8129970058400657,0.7633219400438143,219.76335707829077,254.46134852965758,"Sinker",76,645,570,-34.69799145136682,34.69799145136678,75,10,45,9,30,1,15,"10:45","9:30","+1H 15M"
2026,"Brubaker, JT",664141,"R","SI",126,"93.8",2210,"19.2",0.8941442024429701,0.8927705458312358,138.2956451554057,116.74097341256493,"Sinker",89,90,120,21.55467174284078,21.554671742840767,-30,1,30,2,0,0,30,"1:30","2:00","-0H 30M"
2026,"Morgan, David",688158,"R","SI",79,"96.4",2163,"18.4",0.9060742743669167,0.8715945741557308,132.33791654381884,107.77617216545077,"Sinker",87,90,150,24.56174437836806,24.56174437836806,-60,1,30,2,30,1,0,"1:30","2:30","-1H 00M"
2026,"Lord, Brad",695418,"R","SI",94,"94.3",2265,"19.6",0.9071516151978876,0.9781551211962716,109.4918656067327,96.48916889991887,"Sinker",98,135,165,13.002696706813836,13.00269670681383,-30,2,15,2,45,0,30,"2:15","2:45","-0H 30M"
2026,"Romero, JoJo",668941,"L","SI",118,"93.9",2184,"18.6",0.883672845400803,0.7841541435777104,236.92364658744697,270.11792668733784,"Sinker",78,600,540,-33.194280099890875,33.1942800998909,60,10,0,9,0,1,0,"10:00","9:00","+1H 00M"
2026,"Bibee, Tanner",676440,"R","SI",101,"94",2157,"18",0.871647109780656,0.9127801727800936,150.96716167969575,126.06734899523914,"Sinker",91,60,105,24.899812684456606,24.899812684456613,-45,1,0,1,45,0,45,"1:00","1:45","-0H 45M"
2026,"Alvarado, José",621237,"L","SI",154,"98.2",2022,"19.4",0.9713580166257231,0.9350137809152375,212.93214996697114,235.7325375138438,"Sinker",94,660,615,-22.800387546872656,22.80038754687262,45,11,0,10,15,0,45,"11:00","10:15","+0H 45M"
2026,"Miles, Spencer",693686,"R","SI",92,"96.2",2244,"18.3",0.8683684342297536,0.8295919076270379,134.48610946078668,110.79840379713718,"Sinker",83,90,135,23.687705663649496,23.687705663649503,-45,1,30,2,15,0,45,"1:30","2:15","-0H 45M"
2026,"Dollander, Chase",801403,"R","SI",146,"98.5",2398,"18.5",0.9196941736751663,0.8997196566274063,127.24272456585503,105.1962859531997,"Sinker",90,105,150,22.046438612655322,22.046438612655326,-45,1,45,2,30,0,45,"1:45","2:30","-0H 45M"
2026,"Bachman, Sam",696147,"R","SI",82,"98.5",2354,"18.9",0.8958433992062501,0.9387605546329311,133.22538933088208,114.48174340898186,"Sinker",94,90,135,18.743645921900224,18.743645921900214,-45,1,30,2,15,0,45,"1:30","2:15","-0H 45M"
2026,"Mayza, Tim",641835,"L","SI",187,"94.2",2074,"18",0.8800267856307332,0.8404141842412843,215.9865284988997,244.74244451415512,"Sinker",84,645,585,-28.755916015255423,28.75591601525542,60,10,45,9,45,1,0,"10:45","9:45","+1H 00M"
2026,"Whitlock, Garrett",676477,"R","SI",118,"94.4",2147,"20.1",0.9484824859134491,0.9954891208437343,133.82076136639614,139.96179667475337,"Sinker",100,90,75,-6.141035308357232,6.1410353083572415,15,1,30,1,15,0,15,"1:30","1:15","+0H 15M"
2026,"Irvin, Jake",663623,"R","SI",137,"92.1",2288,"17.7",0.8116477429746225,0.783470369965092,139.02868959344437,111.72781536634305,"Sinker",78,75,135,27.300874227101318,27.300874227101314,-60,1,15,2,15,1,0,"1:15","2:15","-1H 00M"
2026,"Griffin, Foster",656492,"L","SI",78,"90.9",2008,"17.9",0.8662070002211663,0.8556316340040239,213.23395880251033,239.83101150093998,"Sinker",86,660,600,-26.59705269842965,26.597052698429675,60,11,0,10,0,1,0,"11:00","10:00","+1H 00M"
2026,"Phillips, Tyler",663969,"R","SI",100,"96.1",2102,"19.7",0.9543420512543029,0.8991145758026865,138.83256405534482,114.01785767337861,"Sinker",90,75,135,24.814706381966204,24.81470638196619,-60,1,15,2,15,1,0,"1:15","2:15","-1H 00M"
2026,"McCullers Jr., Lance",621121,"R","SI",140,"91.3",2067,"17.2",0.8217146330064715,0.8097495611647675,134.32792403426947,105.99963420258317,"Sinker",81,90,150,28.328289831686305,28.328289831686295,-60,1,30,2,30,1,0,"1:30","2:30","-1H 00M"
2026,"Hicks, Jordan",663855,"R","SI",158,"98.3",1854,"19.4",1.0126215678507107,0.9468976098468164,124.67055184929973,108.7041225369899,"Sinker",95,105,150,15.966429312309828,15.966429312309803,-45,1,45,2,30,0,45,"1:45","2:30","-0H 45M"
2026,"Williams, Gavin",668909,"R","SI",83,"95.8",2023,"19.6",0.952149739193138,0.9786814336918782,128.7996215548596,114.8448889453669,"Sinker",98,105,135,13.954732609492709,13.954732609492702,-30,1,45,2,15,0,30,"1:45","2:15","-0H 30M"
2026,"Singer, Brady",663903,"R","SI",275,"91",2352,"19.5",0.8797240211037973,0.7944578834768223,142.0979478467773,116.51280901702988,"Sinker",79,75,120,25.585138829747407,25.58513882974743,-45,1,15,2,0,0,45,"1:15","2:00","-0H 45M"
2026,"O'Brien, Riley",676617,"R","SI",144,"98.4",2220,"18.6",0.8930010090913596,0.8166218321779845,135.72475984169972,102.87581773081465,"Sinker",82,90,150,32.848942110885076,32.84894211088508,-60,1,30,2,30,1,0,"1:30","2:30","-1H 00M"
2026,"Elder, Bryce",693821,"R","SI",131,"91.4",2064,"16.1",0.792293695319934,0.7405299195346722,150.3349631630802,113.67464497074974,"Sinker",74,60,135,36.660318192330465,36.66031819233046,-75,1,0,2,15,1,15,"1:00","2:15","-1H 15M"
2026,"Early, Connelly",813349,"L","SI",107,"92.1",2163,"20.6",0.9436788200840104,0.9050240350545019,229.56235197571266,250.94606677643338,"Sinker",91,615,585,-21.383714800720725,21.38371480072075,30,10,15,9,45,0,30,"10:15","9:45","+0H 30M"
2026,"Rogers, Tyler",643511,"R","SI",142,"82.8",1972,"14.9",0.7042256556861296,0.7207580469100104,37.12114558888504,7.272548902055348,"Sinker",72,285,345,29.848596686829694,29.848596686829698,-60,4,45,5,45,1,0,"4:45","5:45","-1H 00M"
2026,"Peralta, Wandy",593974,"L","SI",92,"95.4",2085,"18.7",0.9109796331690508,0.9734257274639453,227.7729967538467,241.26059225868175,"Sinker",97,630,600,-13.487595504835042,13.48759550483503,30,10,30,10,0,0,30,"10:30","10:00","+0H 30M"
2026,"Ashby, Aaron",676879,"L","SI",183,"97.1",2108,"17.2",0.8413162168625534,0.810369075835295,211.09444086756315,246.0543143553133,"Sinker",81,660,585,-34.959873487750144,34.95987348775017,75,11,0,9,45,1,15,"11:00","9:45","+1H 15M"
2026,"Blackburn, Paul",621112,"R","SI",72,"94.1",2107,"17.6",0.8374545163136453,0.9178901120013405,150.91736909147994,126.28093016641087,"Sinker",92,60,105,24.636438925069072,24.63643892506907,-45,1,0,1,45,0,45,"1:00","1:45","-0H 45M"
2026,"Walker, Taijuan",592836,"R","SI",93,"91.8",1970,"19.9",0.988342766781235,0.9605861330892543,147.33825974962377,126.66064322985295,"Sinker",96,60,105,20.677616519770822,20.67761651977083,-45,1,0,1,45,0,45,"1:00","1:45","-0H 45M"
2026,"McGreevy, Michael",700241,"R","SI",96,"90",2190,"13",0.6027322268389008,0.6666356230041944,140.66160775567204,109.24423491158946,"Sinker",67,75,135,31.41737284408258,31.417372844082607,-60,1,15,2,15,1,0,"1:15","2:15","-1H 00M"
2026,"Cavalli, Cade",676917,"R","SI",106,"95.7",2166,"16.5",0.7874193152397557,0.8045807130566651,147.12277376559828,116.13397707275084,"Sinker",80,60,135,30.988796692847444,30.988796692847448,-75,1,0,2,15,1,15,"1:00","2:15","-1H 15M"
2026,"Suter, Brent",608718,"L","SI",78,"88.2",2093,"16.9",0.7997769895371055,0.8805673591577093,205.82404601502307,227.19880483996454,"Sinker",88,675,630,-21.374758824941466,21.374758824941466,45,11,15,10,30,0,45,"11:15","10:30","+0H 45M"
2026,"Brown, Ben",676962,"R","SI",91,"96.7",2146,"20.6",0.9784512626301207,0.9366360058954696,149.05059425282508,128.96665002542704,"Sinker",94,60,105,20.083944227398035,20.08394422739806,-45,1,0,1,45,0,45,"1:00","1:45","-0H 45M"
2026,"Pfaadt, Brandon",694297,"R","SI",93,"93.2",2302,"18",0.8595077943860551,0.8329926667479066,137.6639246871256,109.52427131583185,"Sinker",83,90,135,28.139653371293733,28.139653371293736,-45,1,30,2,15,0,45,"1:30","2:15","-0H 45M"
2026,"Suarez, Ranger",624133,"L","SI",151,"90.6",1991,"16.2",0.7767005545861867,0.7154213032661609,213.76961045668128,251.5799397686448,"Sinker",72,645,570,-37.81032931196353,37.81032931196353,75,10,45,9,30,1,15,"10:45","9:30","+1H 15M"
2026,"Mikolas, Miles",571945,"R","SI",105,"92.1",2130,"19",0.8791472364808554,0.8296716022862773,143.85753122406265,117.12516612330882,"Sinker",83,75,120,26.73236510075384,26.73236510075382,-45,1,15,2,0,0,45,"1:15","2:00","-0H 45M"
2026,"Meyer, Max",676974,"R","SI",78,"93.6",2428,"19.2",0.8715949022588317,0.9180641774527319,134.77357971938778,112.41075888913532,"Sinker",92,90,135,22.36282083025246,22.362820830252453,-45,1,30,2,15,0,45,"1:30","2:15","-0H 45M"
2026,"Wacha, Michael",608379,"R","SI",91,"92.9",2055,"20.4",1.0042564749900387,0.9662558535753757,154.35204291073256,138.96409849995078,"Sinker",97,765,75,15.387944410781785,15.387944410781788,-30,12,45,1,15,0,30,"12:45","1:15","-0H 30M"
2026,"Alcantara, Sandy",645261,"R","SI",149,"97.3",2301,"20.5",0.9641166530910638,0.9607795480815245,128.72559252090306,114.10966809289827,"Sinker",96,105,135,14.615924428004789,14.615924428004785,-30,1,45,2,15,0,30,"1:45","2:15","-0H 30M"
2026,"Crochet, Garrett",676979,"L","SI",116,"95.2",2360,"18.7",0.8408591277036547,0.8677047113247629,221.5183576182469,247.29258682319778,"Sinker",87,630,585,-25.77422920495087,25.774229204950903,45,10,30,9,45,0,45,"10:30","9:45","+0H 45M"
2026,"Bassitt, Chris",605135,"R","SI",197,"91.7",2073,"18.5",0.8823772133413508,0.8169988789933553,131.22367096292928,102.26945886438013,"Sinker",82,105,150,28.95421209854915,28.954212098549153,-45,1,45,2,30,0,45,"1:45","2:30","-0H 45M"
2026,"Soriano, José",667755,"R","SI",175,"97",1973,"15.6",0.7892667818130421,0.8526827722409562,127.04694645663514,94.40493987701204,"Sinker",85,105,165,32.6420065796231,32.6420065796231,-60,1,45,2,45,1,0,"1:45","2:45","-1H 00M"
2026,"Svanson, Matt",694335,"R","SI",171,"96.1",2273,"18.1",0.8540402117688347,0.8319180495404888,135.71115356024094,112.31334954709207,"Sinker",83,90,135,23.39780401314887,23.39780401314888,-45,1,30,2,15,0,45,"1:30","2:15","-0H 45M"
2026,"Bruihl, Justin",677865,"L","SI",127,"90.1",2178,"17.7",0.8301980937525217,0.7437971202797041,237.71091802209304,270.6488790343672,"Sinker",74,600,540,-32.93796101227417,32.93796101227418,60,10,0,9,0,1,0,"10:00","9:00","+1H 00M"
2026,"McLean, Nolan",690997,"R","SI",229,"95",2165,"19.6",0.9094236212576265,0.8543831363812769,130.56055342070016,102.84168579285559,"Sinker",85,105,150,27.718867627844574,27.718867627844567,-45,1,45,2,30,0,45,"1:45","2:30","-0H 45M"
2026,"Fried, Max",608331,"L","SI",165,"93",2087,"11.9",0.5681066868716712,0.6958485834595945,210.25162335004583,254.00470086577582,"Sinker",70,660,570,-43.753077515729984,43.75307751572997,90,11,0,9,30,1,30,"11:00","9:30","+1H 30M"
2026,"Schultz, Noah",702273,"L","SI",72,"95.5",2459,"19.9",0.9037675970240855,0.8995811784405344,231.10714339186865,251.21508402273054,"Sinker",90,615,585,-20.10794063086189,20.10794063086187,30,10,15,9,45,0,30,"10:15","9:45","+0H 30M"
2026,"Cecconi, Slade",677944,"R","SI",73,"92.9",2227,"19.7",0.9160937566679764,0.9740059719904126,130.79416201685322,116.89748918534141,"Sinker",97,105,120,13.896672831511808,13.896672831511792,-15,1,45,2,0,0,15,"1:45","2:00","-0H 15M"
2026,"Weissert, Greg",669711,"R","SI",81,"93.9",2146,"19.1",0.8892992705916231,0.7942049868564264,125.100609854829,97.64436676925399,"Sinker",79,105,165,27.45624308557501,27.45624308557501,-60,1,45,2,45,1,0,"1:45","2:45","-1H 00M"
2026,"Lugo, Seth",607625,"R","SI",134,"91.4",2335,"18.8",0.8705865589425462,0.8722794569360866,137.42281129318397,112.43448976372015,"Sinker",87,90,135,24.988321529463818,24.988321529463807,-45,1,30,2,15,0,45,"1:30","2:15","-0H 45M"
2026,"Ashcraft, Braxton",677952,"R","SI",104,"96.5",2356,"18.4",0.8629903248168719,0.864523915024934,137.14129310163094,110.73327141429122,"Sinker",86,90,135,26.408021687339712,26.408021687339737,-45,1,30,2,15,0,45,"1:30","2:15","-0H 45M"
2026,"Milner, Hoby",571948,"L","SI",103,"86.9",1899,"18.4",0.8899964757511621,0.9273081407364975,257.095305291299,275.93292537949446,"Sinker",93,570,525,-18.83762008819548,18.83762008819546,45,9,30,8,45,0,45,"9:30","8:45","+0H 45M"
2026,"Skubal, Tarik",669373,"L","SI",111,"96.4",2177,"18.7",0.8967655009851528,0.8242915109739779,209.17363169413508,233.046522706002,"Sinker",82,660,615,-23.872891011866926,23.872891011866955,45,11,0,10,15,0,45,"11:00","10:15","+0H 45M"
2026,"Rocker, Kumar",677958,"R","SI",185,"94.5",2116,"18",0.8739295707286187,0.8857862862228134,140.5637625015935,110.17710512301753,"Sinker",89,75,135,30.38665737857596,30.386657378575958,-60,1,15,2,15,1,0,"1:15","2:15","-1H 00M"
2026,"Pop, Zach",647315,"R","SI",80,"96.2",2168,"20.1",0.9661589886295529,0.9094263535065632,134.71048736877256,109.51458191828856,"Sinker",91,90,135,25.195905450484005,25.195905450483995,-45,1,30,2,15,0,45,"1:30","2:15","-0H 45M"
2026,"Luzardo, Jesús",666200,"L","SI",97,"96.3",2258,"19.6",0.9434201906608418,0.9170098077746208,232.86781720788295,255.82343683767147,"Sinker",92,615,570,-22.955619629788515,22.955619629788558,45,10,15,9,30,0,45,"10:15","9:30","+0H 45M"
2026,"Weathers, Ryan",677960,"L","SI",105,"94.1",2258,"21",0.9444365479629862,0.9505202124765124,228.78846036243277,244.759360991076,"Sinker",95,615,585,-15.970900628643221,15.97090062864319,30,10,15,9,45,0,30,"10:15","9:45","+0H 30M"
2026,"Kirby, George",669923,"R","SI",118,"96.7",2275,"18.5",0.8575917484110049,0.8702263369648386,142.20921712904214,109.6437237760322,"Sinker",87,75,135,32.56549335300994,32.56549335300994,-60,1,15,2,15,1,0,"1:15","2:15","-1H 00M"
2026,"Patrick, Chad",694477,"R","SI",109,"94.3",2129,"19.4",0.9368596823242157,0.8903242581358182,144.22447787175213,121.07292601590913,"Sinker",89,75,120,23.151551855842996,23.151551855843003,-45,1,15,2,0,0,45,"1:15","2:00","-0H 45M"
2026,"Bummer, Aaron",607481,"L","SI",79,"90.1",1983,"15.3",0.7688864060134072,0.7870876427533001,241.61015574391206,276.3054337847101,"Sinker",79,600,525,-34.69527804079803,34.69527804079805,75,10,0,8,45,1,15,"10:00","8:45","+1H 15M"
2026,"Bello, Brayan",678394,"R","SI",221,"94.5",2029,"18.1",0.8786943870542444,0.8511419521649691,136.6979320435154,107.31551803423014,"Sinker",85,90,150,29.38241400928527,29.382414009285274,-60,1,30,2,30,1,0,"1:30","2:30","-1H 00M"
2026,"Ferrer, Jose A.",678606,"L","SI",166,"97",2116,"20.2",0.9744991698385836,0.9855551431648583,245.46179447409233,253.86674286034906,"Sinker",99,585,570,-8.404948386256734,8.404948386256747,15,9,45,9,30,0,15,"9:45","9:30","+0H 15M"
2026,"Mantiply, Joe",573009,"L","SI",90,"88.6",2161,"19.6",0.9136817054204096,0.928179517819621,252.00889208406048,269.6165914808728,"Sinker",93,570,540,-17.607699396812308,17.607699396812322,30,9,30,9,0,0,30,"9:30","9:00","+0H 30M"
2026,"Pérez, Martín",527048,"L","SI",139,"90.2",1980,"19.2",0.9636814906380899,0.9440798630576863,226.22704203200078,246.60854056604086,"Sinker",94,630,585,-20.381498534040077,20.381498534040063,45,10,30,9,45,0,45,"10:30","9:45","+0H 45M"
2026,"Backhus, Kyle",679775,"L","SI",92,"91.1",2184,"19.9",0.9453419996229951,0.962535051854383,259.7224571388515,273.8387910895864,"Sinker",96,555,525,-14.116333950734884,14.11633395073483,30,9,15,8,45,0,30,"9:15","8:45","+0H 30M"
2026,"Moll, Sam",594580,"L","SI",92,"90.8",2419,"17.2",0.7667034350981524,0.7270530464619241,250.09329887860267,283.1159291107789,"Sinker",73,585,510,-33.022630232176226,33.02263023217621,75,9,45,8,30,1,15,"9:45","8:30","+1H 15M"
2026,"Kay, Anthony",641743,"L","SI",87,"95",2231,"18.1",0.8595650522003703,0.7658635793888988,223.93870356051363,255.5043950161654,"Sinker",77,630,570,-31.565691455651773,31.56569145565175,60,10,30,9,30,1,0,"10:30","9:30","+1H 00M"
2026,"Mlodzinski, Carmen",669387,"R","SI",124,"94.2",2001,"18.8",0.9240283088223434,0.9213872901368326,129.20487124010734,107.30939583453085,"Sinker",92,105,150,21.89547540557649,21.895475405576484,-45,1,45,2,30,0,45,"1:45","2:30","-0H 45M"
2026,"Topa, Justin",623437,"R","SI",123,"93.4",2182,"19",0.8905253020159454,0.8885249115311541,111.42546987186927,88.01556452814042,"Sinker",89,135,180,23.409905343728852,23.40990534372884,-45,2,15,3,0,0,45,"2:15","3:00","-0H 45M"
2026,"Bradish, Kyle",680694,"R","SI",163,"94.6",2155,"16.5",0.7845425774521395,0.72143199579316,168.6612733690615,138.38091059089638,"Sinker",72,750,90,30.280362778165113,30.280362778165095,-60,12,30,1,30,1,0,"12:30","1:30","-1H 00M"
2026,"Brazobán, Huascar",623211,"R","SI",107,"95.7",2268,"20.9",0.9690791106853909,0.9028004648006187,132.66916320831336,109.82603399880571,"Sinker",90,90,135,22.84312920950765,22.84312920950765,-45,1,30,2,15,0,45,"1:30","2:15","-0H 45M"
2026,"Kuhnel, Joel",669270,"R","SI",89,"94.3",2253,"17.1",0.7921746110485366,0.7877973492994804,145.75167005519256,110.33738280180049,"Sinker",79,75,135,35.414287253392075,35.41428725339206,-60,1,15,2,15,1,0,"1:15","2:15","-1H 00M"
2026,"Scholtens, Jesse",669947,"R","SI",82,"92",2204,"19.6",0.9155544123666355,0.8472520047859571,157.48995391238782,127.32178904864358,"Sinker",85,765,105,30.168164863744238,30.168164863744252,-60,12,45,1,45,1,0,"12:45","1:45","-1H 00M"
2026,"Martinez, Nick",607259,"R","SI",187,"92.4",2284,"19.5",0.9050803060950086,0.8582190594707446,154.880112597952,125.54513785197163,"Sinker",86,765,105,29.334974745980375,29.33497474598039,-60,12,45,1,45,1,0,"12:45","1:45","-1H 00M"
2026,"Burke, Sean",680732,"R","SI",97,"94.2",2362,"20.4",0.9523158100903938,0.933236951570939,155.06259544154094,137.3049900769095,"Sinker",93,765,90,17.757605364631445,17.757605364631445,-45,12,45,1,30,0,45,"12:45","1:30","-0H 45M"
2026,"Montero, Keider",672456,"R","SI",103,"94.5",2237,"19.2",0.892477040112136,0.8494781746206777,151.34346811190227,124.92340653565839,"Sinker",85,60,105,26.42006157624388,26.420061576243892,-45,1,0,1,45,0,45,"1:00","1:45","-0H 45M"
2026,"Roupp, Landen",694738,"R","SI",248,"93.2",2050,"19",0.9115424597905516,0.8881589270652247,119.40161682214767,95.96895212784534,"Sinker",89,120,165,23.432664694302332,23.432664694302336,-45,2,0,2,45,0,45,"2:00","2:45","-0H 45M"
2026,"Matz, Steven",571927,"L","SI",291,"93.2",2196,"19.8",0.9324043209772039,0.996100012914385,236.33588184803787,235.83628667866543,"Sinker",100,600,615,0.49959516937244075,0.4995951693724959,-15,10,0,10,15,0,15,"10:00","10:15","-0H 15M"
2026,"Severino, Luis",622663,"R","SI",147,"96.4",2138,"18.9",0.9191271509513097,0.9172730530643894,146.7290169029185,127.76612519657658,"Sinker",92,60,105,18.962891706341907,18.962891706341907,-45,1,0,1,45,0,45,"1:00","1:45","-0H 45M"
2026,"Kochanowicz, Jack",686799,"R","SI",241,"95.7",2135,"14.7",0.7145906633886949,0.7750919797648326,140.70545242913641,105.7515481268904,"Sinker",78,75,150,34.953904302246016,34.95390430224601,-75,1,15,2,30,1,15,"1:15","2:30","-1H 15M"
2026,"Zerpa, Angel",672582,"L","SI",142,"95.6",2029,"18.3",0.9106005281260869,0.8670125693299245,236.1554036944944,263.72727647246745,"Sinker",87,615,555,-27.571872777973056,27.57187277797308,60,10,15,9,15,1,0,"10:15","9:15","+1H 00M"
2026,"Fedde, Erick",607200,"R","SI",120,"93.7",2054,"13.6",0.6610388172689082,0.6891842845336947,158.29254716292195,129.8276170494879,"Sinker",69,765,105,28.464930113434036,28.464930113434036,-60,12,45,1,45,1,0,"12:45","1:45","-1H 00M"
2026,"Holmes, Clay",605280,"R","SI",299,"93.5",2128,"17.1",0.8071139602053287,0.754000301412318,130.04973816725283,93.3749472912595,"Sinker",75,105,180,36.674790875993324,36.67479087599331,-75,1,45,3,0,1,15,"1:45","3:00","-1H 15M"
2026,"Vásquez, Randy",681190,"R","SI",76,"94.5",2376,"20.9",0.9456995388234085,0.879939341932125,142.02147029987657,121.2453414931845,"Sinker",88,75,120,20.77612880669207,20.77612880669206,-45,1,15,2,0,0,45,"1:15","2:00","-0H 45M"
2026,"King, Michael",650633,"R","SI",154,"92.6",2285,"19.1",0.869668504674123,0.7310041442904011,132.1906649989737,99.05284798573679,"Sinker",73,90,165,33.1378170132369,33.13781701323688,-75,1,30,2,45,1,15,"1:30","2:45","-1H 15M"
2026,"Assad, Javier",665871,"R","SI",133,"93",2009,"18.9",0.9190802269587793,0.8562841238635339,157.20632832614967,123.92499493331124,"Sinker",86,765,105,33.281333392838434,33.28133339283845,-60,12,45,1,45,1,0,"12:45","1:45","-1H 00M"
2026,"Glasnow, Tyler",607192,"R","SI",141,"95.7",2479,"17.5",0.7952687972893131,0.7361992344980504,170.03224014372634,141.44148335463075,"Sinker",74,735,75,28.590756789095593,28.59075678909561,-60,12,15,1,15,1,0,"12:15","1:15","-1H 00M"
2026,"Messick, Parker",800048,"L","SI",74,"92.5",2024,"16.7",0.8214064230780309,0.913020476817741,213.86359713195517,235.86705962460633,"Sinker",91,645,615,-22.003462492651153,22.00346249265113,30,10,45,10,15,0,30,"10:45","10:15","+0H 30M"
2026,"Civale, Aaron",650644,"R","SI",115,"91.3",2301,"19.2",0.8698563805840667,0.9175761383792584,147.8211398281594,127.87973367364283,"Sinker",92,60,105,19.94140615451657,19.941406154516578,-45,1,0,1,45,0,45,"1:00","1:45","-0H 45M"
2026,"Warren, Will",701542,"R","SI",150,"93.5",2388,"18.4",0.8206625476823185,0.747818059087865,133.77546049565535,102.76796739649082,"Sinker",75,90,150,31.007493099164535,31.007493099164545,-60,1,30,2,30,1,0,"1:30","2:30","-1H 00M"
2026,"May, Dustin",669160,"R","SI",107,"96.5",2352,"19.5",0.9086985877544212,0.9117635045087982,129.40169153152848,103.60337438866998,"Sinker",91,105,150,25.798317142858508,25.798317142858508,-45,1,45,2,30,0,45,"1:45","2:30","-0H 45M"
2026,"Burrows, Mike",681347,"R","SI",101,"94.6",2181,"19.6",0.9373289420747277,0.9415376654010912,144.10285065238207,124.78203672151255,"Sinker",94,75,105,19.32081393086952,19.3208139308695,-30,1,15,1,45,0,30,"1:15","1:45","-0H 30M"
2026,"Skenes, Paul",694973,"R","SI",86,"96.8",2218,"19.6",0.934459895273131,0.9475483704572707,125.8899938997142,108.16766107058862,"Sinker",95,105,150,17.722332829125577,17.722332829125577,-45,1,45,2,30,0,45,"1:45","2:30","-0H 45M"
2026,"Leahy, Kyle",681517,"R","SI",92,"93.6",2178,"17.6",0.8422971392877163,0.8230199550833889,153.59053638192782,126.1545552812995,"Sinker",82,60,105,27.435981100628325,27.435981100628307,-45,1,0,1,45,0,45,"1:00","1:45","-0H 45M"
2026,"Cabrera, Edward",665795,"R","SI",128,"96",2218,"19.6",0.9279660999154702,0.9342596681443512,133.97137233694926,115.789908639477,"Sinker",93,90,135,18.181463697472253,18.181463697472253,-45,1,30,2,15,0,45,"1:30","2:15","-0H 45M"
2026,"Quintana, Jose",500779,"L","SI",74,"89.9",2104,"17.8",0.8894208660346478,0.8357012615554649,208.60931092161852,230.58566887484986,"Sinker",84,660,615,-21.976357953231343,21.97635795323135,45,11,0,10,15,0,45,"11:00","10:15","+0H 45M"
2026,"Alexander, Tyler",641302,"L","SI",72,"90.8",2111,"19.8",0.9374131574279008,0.9360220534914127,223.86681723557902,244.23111696183287,"Sinker",94,630,585,-20.364299726253847,20.36429972625387,45,10,30,9,45,0,45,"10:30","9:45","+0H 45M"
2026,"Funderburk, Kody",681892,"L","SI",81,"92.1",2348,"17.5",0.7961368168719853,0.7494936987323736,217.95935556327964,250.58577458527486,"Sinker",75,645,585,-32.62641902199522,32.626419021995204,60,10,45,9,45,1,0,"10:45","9:45","+1H 00M"
2026,"Rogers, Taylor",573124,"L","SI",89,"91",2078,"19",0.9031584641110713,0.8859720762050908,229.5789367379416,250.52700330759993,"Sinker",89,615,585,-20.948066569658323,20.948066569658316,30,10,15,9,45,0,30,"10:15","9:45","+0H 30M"
2026,"Peterson, David",656849,"L","SI",164,"91.4",2122,"14.8",0.693890598406735,0.7233521864414708,210.97865052993131,241.63357331376037,"Sinker",72,660,600,-30.65492278382905,30.654922783829022,60,11,0,10,0,1,0,"11:00","10:00","+1H 00M"
2026,"Rasmussen, Drew",656876,"R","SI",91,"95.5",2435,"20.1",0.9204683464693986,0.8655077943199739,150.03450522834055,124.76001087420669,"Sinker",87,60,105,25.274494354133864,25.274494354133864,-45,1,0,1,45,0,45,"1:00","1:45","-0H 45M"
2026,"Houser, Adrian",605288,"R","SI",205,"94.9",2181,"19.1",0.8936487419911436,0.8780803194669059,139.16177214896084,111.32195862854425,"Sinker",88,75,135,27.839813520416584,27.839813520416566,-60,1,15,2,15,1,0,"1:15","2:15","-1H 00M"
2026,"Corbin, Patrick",571578,"L","SI",133,"91.4",2065,"18.4",0.8845708977019813,0.854651386304035,215.0999379702641,236.43664176956415,"Sinker",85,645,600,-21.33670379930004,21.336703799300047,45,10,45,10,0,0,45,"10:45","10:00","+0H 45M"
2026,"Lorenzen, Michael",547179,"R","SI",96,"93.2",2192,"18.5",0.9079310635979437,0.918121956751609,135.0526181806889,115.53363541438821,"Sinker",92,90,135,19.518982766300695,19.518982766300688,-45,1,30,2,15,0,45,"1:30","2:15","-0H 45M"
2026,"Hall, DL",669084,"L","SI",108,"94.3",2104,"19.2",0.9235228969292932,0.8807546182037325,217.25137394402344,241.31354434443517,"Sinker",88,645,600,-24.06217040041173,24.062170400411695,45,10,45,10,0,0,45,"10:45","10:00","+0H 45M"
2026,"Thompson, Ryan",657044,"R","SI",100,"89",1988,"16.8",0.8233467897236675,0.7506788743200586,87.59065385501779,54.50525353166111,"Sinker",75,180,255,33.08540032335668,33.08540032335667,-75,3,0,4,15,1,15,"3:00","4:15","-1H 15M"
2026,"Woodruff, Brandon",605540,"R","SI",77,"92.5",2300,"20.4",0.934618186803054,0.8654169392346488,154.27214758487918,132.6758503393791,"Sinker",87,765,90,21.596297245500068,21.596297245500093,-45,12,45,1,30,0,45,"12:45","1:30","-0H 45M"
2026,"Ginn, J.T.",669372,"R","SI",149,"94.2",1967,"15.9",0.7901672305056296,0.740817865504435,142.36381892103847,100.23958530525216,"Sinker",74,75,165,42.12423361578631,42.12423361578631,-90,1,15,2,45,1,30,"1:15","2:45","-1H 30M"
2026,"Medina, Luis",665622,"R","SI",73,"97",2481,"19.4",0.8848976174848971,0.8836368756214957,146.70225835156356,124.12963213650005,"Sinker",88,60,105,22.572626215063508,22.57262621506351,-45,1,0,1,45,0,45,"1:00","1:45","-0H 45M"
2026,"Webb, Logan",657277,"R","SI",224,"92.2",1934,"17.4",0.8534529943238497,0.7597889957274556,120.31413719524554,88.17050336440886,"Sinker",76,120,180,32.14363383083668,32.14363383083669,-60,2,0,3,0,1,0,"2:00","3:00","-1H 00M"
2026,"Newcomb, Sean",656794,"L","SI",102,"92.9",2261,"18.2",0.8478047822231323,0.8289370552606856,228.52286489376357,261.4351487056677,"Sinker",83,630,555,-32.91228381190413,32.91228381190412,75,10,30,9,15,1,15,"10:30","9:15","+1H 15M"
2026,"Miller, Erik",669062,"L","SI",104,"97",2353,"20.3",0.9236644646249041,0.9348793601496932,226.0303127691384,246.67514700188764,"Sinker",93,630,585,-20.644834232749247,20.644834232749297,45,10,30,9,45,0,45,"10:30","9:45","+0H 45M"
2026,"Soto, Gregory",642397,"L","SI",104,"95.8",2297,"19.9",0.9364769451518337,0.8864654225630614,224.11526527034394,247.79886881033258,"Sinker",89,630,585,-23.68360353998864,23.683603539988642,45,10,30,9,45,0,45,"10:30","9:45","+0H 45M"
2026,"Bernardino, Brennan",657514,"L","SI",97,"89.9",2183,"14.7",0.7622080515356334,0.7184168115072306,232.18784205019358,256.7714751600272,"Sinker",72,615,570,-24.583633109833613,24.58363310983364,45,10,15,9,30,0,45,"10:15","9:30","+0H 45M"
2026,"Hill, Tim",657612,"L","SI",124,"88.5",2092,"19.6",0.9063034950561213,0.9294326328115147,275.7817864456433,296.48159807712955,"Sinker",93,525,480,-20.699811631486227,20.69981163148623,45,8,45,8,0,0,45,"8:45","8:00","+0H 45M"
2026,"Mize, Casey",663554,"R","SL",111,"87.3",2159,"5.7",0.2645261300400712,0.3866056761592168,184.29277503398077,220.51957235029758,"Slider",39,705,645,-36.226797316316805,36.226797316316784,60,11,45,10,45,1,0,"11:45","10:45","+1H 00M"
2026,"Beeter, Clayton",690925,"R","SL",80,"86.7",2708,"9.3",0.3887233563689541,0.4722453870611565,333.1693426214383,329.8100379276923,"Slider",47,420,420,3.359304693746026,3.359304693745987,0,7,0,7,0,0,0,"7:00","7:00"," 0H 00M"
2026,"Scholtens, Jesse",669947,"R","SL",125,"88.2",2395,"7.9",0.3541449880203629,0.4833610407023666,179.7643138026097,219.23980353780712,"Slider",48,720,645,-39.475489735197414,39.47548973519741,75,12,0,10,45,1,15,"12:00","10:45","+1H 15M"
2026,"Granillo, Andre",701552,"R","SL",99,"82.4",2333,"5.7",0.24272549538131757,0.2569897390624772,261.8633257126087,252.04102727341058,"Slider",26,555,570,9.822298439198107,9.822298439198143,-15,9,15,9,30,0,15,"9:15","9:30","-0H 15M"
2026,"López, Reynaldo",625643,"R","SL",130,"83.2",2311,"7.3",0.3293950179273685,0.3610462063294449,251.03020732706364,287.8943720577354,"Slider",36,585,510,-36.864164730671746,36.8641647306718,75,9,45,8,30,1,15,"9:45","8:30","+1H 15M"
2026,"Boyle, Joe",671212,"R","SL",89,"88.9",2646,"5.1",0.21429181277617587,0.321390646735216,247.69523814964953,272.3218957708774,"Slider",32,585,540,-24.626657621227878,24.626657621227857,45,9,45,9,0,0,45,"9:45","9:00","+0H 45M"
2026,"Imai, Tatsuya",837227,"R","SL",88,"86.9",2231,"7.3",0.33475132567327703,0.24858991723313664,104.15256448107714,88.63639663780731,"Slider",25,150,180,15.516167843269827,15.516167843269814,-30,2,30,3,0,0,30,"2:30","3:00","-0H 30M"
2026,"Herget, Jimmy",623474,"R","SL",72,"85.9",2630,"5.9",0.27192419714393534,0.30932155816532525,159.12416541281686,199.03162755185622,"Slider",31,765,675,-39.90746213903935,39.907462139039346,90,12,45,11,15,1,30,"12:45","11:15","+1H 30M"
2026,"Pérez, Eury",691587,"R","SL",99,"87.3",2426,"5.1",0.22179157452959472,0.28923873239890563,210.14776471903957,222.94228560225002,"Slider",29,660,630,-12.794520883210453,12.794520883210444,30,11,0,10,30,0,30,"11:00","10:30","+0H 30M"
2026,"Detmers, Reid",672282,"L","SL",223,"86.3",2424,"6.7",0.29175821616944264,0.36042039087008454,70.05106067122789,36.412882806709035,"Slider",36,225,285,33.63817786451885,33.638177864518845,-60,3,45,4,45,1,0,"3:45","4:45","-1H 00M"
2026,"Montero, Keider",672456,"R","SL",84,"85.4",2615,"9.5",0.3980012259272884,0.2903192213466756,284.4172532428419,268.1522151410925,"Slider",29,510,540,16.26503810174944,16.265038101749486,-30,8,30,9,0,0,30,"8:30","9:00","-0H 30M"
2026,"Painter, Andrew",691725,"R","SL",94,"88.1",2505,"7.8",0.3389508671805092,0.4145585660852385,218.87293362010854,240.68392207778953,"Slider",41,645,600,-21.810988457680992,21.81098845768101,45,10,45,10,0,0,45,"10:45","10:00","+0H 45M"
2026,"Matz, Steven",571927,"L","SL",75,"82.5",2300,"10.8",0.4749726768964884,0.40870961380579407,43.13718036659108,74.43121877818085,"Slider",41,270,210,-31.294038411589767,31.294038411589753,60,4,30,3,30,1,0,"4:30","3:30","+1H 00M"
2026,"Leasure, Jordan",673929,"R","SL",112,"87.3",2430,"7.5",0.3311149184711128,0.3616306698649229,226.46439672084182,255.19029810958187,"Slider",36,630,570,-28.725901388740056,28.725901388740056,60,10,30,9,30,1,0,"10:30","9:30","+1H 00M"
2026,"Sasaki, Roki",808963,"R","SL",110,"86.1",2061,"5",0.23393906917741206,0.31550954405260656,289.35003526299886,335.26287990467654,"Slider",32,495,405,-45.91284464167768,45.912844641677665,90,8,15,6,45,1,30,"8:15","6:45","+1H 30M"
2026,"Junk, Janson",676083,"R","SL",136,"86.3",2419,"6.4",0.2780229618794178,0.3576366595356365,228.23026957734177,265.5661337790771,"Slider",36,630,555,-37.33586420173535,37.3358642017353,75,10,30,9,15,1,15,"10:30","9:15","+1H 15M"
2026,"Dreyer, Jack",676263,"L","SL",109,"88.4",2395,"5.2",0.2353460767372654,0.27202424662023306,185.13552865452576,133.72281127778,"Slider",27,705,90,51.412717376745746,51.41271737674573,-105,11,45,1,30,1,45,"11:45","1:30","-1H 45M"
2026,"Cantillo, Joey",676282,"L","SL",78,"82.9",2322,"9.1",0.3941852066527924,0.5065774761007774,51.36266002643487,26.56962503472937,"Slider",51,255,300,24.793034991705497,24.7930349917055,-45,4,15,5,0,0,45,"4:15","5:00","-0H 45M"
2026,"Castillo, Luis",622491,"R","SL",172,"85",2234,"2.3",0.10104520250950125,0.1172232847569225,240.3524401610648,260.97578248310236,"Slider",12,600,555,-20.62334232203756,20.623342322037594,45,10,0,9,15,0,45,"10:00","9:15","+0H 45M"
2026,"Banks, Tanner",621383,"L","SL",91,"86.7",2309,"6.4",0.28872952572597943,0.347624346458202,163.33811629266174,122.3038409396379,"Slider",35,750,120,41.034275353023844,41.03427535302384,-90,12,30,2,0,1,30,"12:30","2:00","-1H 30M"
2026,"Borucki, Ryan",621366,"L","SL",82,"86.4",2304,"3.1",0.13734753967618712,0.14075020598623458,165.00650530142943,116.1356627824611,"Slider",14,750,135,48.87084251896833,48.870842518968324,-105,12,30,2,15,1,45,"12:30","2:15","-1H 45M"
2026,"Whitlock, Garrett",676477,"R","SL",88,"85.6",1972,"4.5",0.20885115662874537,0.2468976793462167,326.42730182615674,353.81276535481544,"Slider",25,420,375,-27.385463528658704,27.385463528658697,45,7,0,6,15,0,45,"7:00","6:15","+0H 45M"
2026,"Elder, Bryce",693821,"R","SL",195,"83.4",2465,"6.5",0.2897037793679847,0.3796565194753271,318.23704778880494,325.0811309227732,"Slider",38,450,435,-6.84408313396824,6.844083133968239,15,7,30,7,15,0,15,"7:30","7:15","+0H 15M"
2026,"Meyer, Max",676974,"R","SL",160,"90.5",2615,"3.7",0.15674709647111396,0.16492372106297562,12.342944129690494,352.39714237365183,"Slider",16,330,375,19.94580175603869,19.94580175603868,-45,5,30,6,15,0,45,"5:30","6:15","-0H 45M"
2026,"Sugano, Tomoyuki",608372,"R","SL",73,"84.8",2589,"5.7",0.26927082018988,0.27664573547775523,259.3489321504909,293.20059012790506,"Slider",28,555,495,-33.85165797741416,33.85165797741416,60,9,15,8,15,1,0,"9:15","8:15","+1H 00M"
2026,"Ashcraft, Braxton",677952,"R","SL",111,"91.8",2569,"4.5",0.20053400534998753,0.35234591291374073,176.64925685471258,189.9900805405095,"Slider",35,720,705,-13.34082368579692,13.340823685796932,15,12,0,11,45,0,15,"12:00","11:45","+0H 15M"
2026,"Hill, Jaden",677955,"R","SL",79,"88.1",2470,"4.9",0.22878988452164323,0.22546340592471747,241.86244669719375,298.0358469348655,"Slider",23,600,480,-56.17340023767176,56.173400237671736,120,10,0,8,0,2,0,"10:00","8:00","+2H 00M"
2026,"Rocker, Kumar",677958,"R","SL",174,"83.9",2140,"4.3",0.19780436483226527,0.21296806852052347,304.12735218961336,343.04187258409763,"Slider",21,465,390,-38.91452039448427,38.91452039448427,75,7,45,6,30,1,15,"7:45","6:30","+1H 15M"
2026,"Lugo, Seth",607625,"R","SL",72,"84.3",2615,"5.9",0.2519238276682303,0.3078103841245311,237.54987546076592,267.9543363414411,"Slider",31,600,540,-30.404460880675174,30.404460880675153,60,10,0,9,0,1,0,"10:00","9:00","+1H 00M"
2026,"Wilcox, Cole",677961,"R","SL",84,"87.6",2180,"3.1",0.1406819810757501,0.19130254014468243,337.0208408899995,1.521449655354644,"Slider",19,405,360,-24.500608765355196,24.50060876535519,45,6,45,6,0,0,45,"6:45","6:00","+0H 45M"
2026,"Woods Richardson, Simeon",680573,"R","SL",154,"86",2192,"7.2",0.32597274170582313,0.5373073836652468,194.66007147560697,218.24948474479712,"Slider",54,690,645,-23.589413269190146,23.58941326919016,45,11,30,10,45,0,45,"11:30","10:45","+0H 45M"
2026,"Stanek, Ryne",592773,"R","SL",91,"89.1",2456,"3.5",0.15454928590547792,0.20243958275240248,270.4434048469739,278.3621935013015,"Slider",20,540,525,-7.918788654327557,7.918788654327583,15,9,0,8,45,0,15,"9:00","8:45","+0H 15M"
2026,"Bradish, Kyle",680694,"R","SL",207,"86.8",2624,"14.7",0.6230615088465757,0.4410677792738358,305.6356841629594,276.8157133497454,"Slider",44,465,525,28.819970813214013,28.819970813214013,-60,7,45,8,45,1,0,"7:45","8:45","-1H 00M"
2026,"Ray, Robbie",592662,"L","SL",217,"84.7",2182,"4.7",0.2086674135782016,0.2420772533742037,187.72938266591416,148.55749607986002,"Slider",24,705,60,39.17188658605414,39.171886586054164,-75,11,45,1,0,1,15,"11:45","1:00","-1H 15M"
2026,"Banda, Anthony",607455,"L","SL",113,"83.4",2261,"10.3",0.4472400157673096,0.3305667440286003,43.539633048635125,72.60728840407515,"Slider",33,270,210,-29.067655355440024,29.067655355440028,60,4,30,3,30,1,0,"4:30","3:30","+1H 00M"
2026,"Sandlin, Nick",680704,"R","SL",72,"77.1",2699,"21.2",0.8646917278514841,0.6636965110621875,273.1216244004559,253.90673726601312,"Slider",66,540,570,19.21488713444279,19.214887134442797,-30,9,0,9,30,0,30,"9:00","9:30","-0H 30M"
2026,"Parker, Mitchell",680730,"L","SL",118,"83.3",2261,"9.4",0.41411503725426513,0.3285054322371544,50.14139300401371,77.8161037400736,"Slider",33,255,210,-27.674710736059893,27.67471073605988,45,4,15,3,30,0,45,"4:15","3:30","+0H 45M"
2026,"Burke, Sean",680732,"R","SL",91,"86.5",2465,"6.8",0.297251895994098,0.3466237983447617,192.40920153920854,235.59654464245375,"Slider",35,690,615,-43.18734310324521,43.18734310324522,75,11,30,10,15,1,15,"11:30","10:15","+1H 15M"
2026,"Wrobleski, Justin",680736,"L","SL",178,"85.6",2402,"4.4",0.19863550203594832,0.2579500256234058,104.39706735902462,73.94227261620212,"Slider",26,150,210,30.4547947428225,30.45479474282249,-60,2,30,3,30,1,0,"2:30","3:30","-1H 00M"
2026,"Misiorowski, Jacob",694819,"R","SL",142,"94.8",2540,"7.3",0.3266495874433218,0.4848711987828268,164.81840769930955,191.32750042578402,"Slider",48,750,690,-26.509092726474478,26.509092726474467,60,12,30,11,30,1,0,"12:30","11:30","+1H 00M"
2026,"Fisher, Braydon",680755,"R","SL",139,"88.6",2239,"4",0.184188693519985,0.261501713668221,180.05132399290883,197.19228343024906,"Slider",26,720,690,-17.14095943734023,17.14095943734024,30,12,0,11,30,0,30,"12:00","11:30","+0H 30M"
2026,"Corbin, Patrick",571578,"L","SL",100,"78.7",2194,"5.2",0.23077169148101045,0.22580377238869898,76.61926013740846,57.3105128584851,"Slider",23,210,240,19.308747278923363,19.308747278923363,-30,3,30,4,0,0,30,"3:30","4:00","-0H 30M"
2026,"Burrows, Mike",681347,"R","SL",109,"89.8",2530,"7.4",0.33045304086172433,0.4461959762573347,181.9039053043893,213.57139417857684,"Slider",45,720,660,-31.66748887418754,31.667488874187537,60,12,0,11,0,1,0,"12:00","11:00","+1H 00M"
2026,"Glasnow, Tyler",607192,"R","SL",90,"89.3",2640,"5.1",0.2259133800867344,0.252330202507681,252.56218076585344,282.8161918969344,"Slider",25,570,510,-30.254011131080972,30.254011131080997,60,9,30,8,30,1,0,"9:30","8:30","+1H 00M"
2026,"Varland, Gus",681402,"R","SL",102,"87.5",2194,"2.4",0.10713876874466535,0.14133140866573496,237.92782734465862,273.2950164818277,"Slider",14,600,540,-35.36718913716908,35.36718913716907,60,10,0,9,0,1,0,"10:00","9:00","+1H 00M"
2026,"Kikuchi, Yusei",579328,"L","SL",109,"86.1",2425,"5.2",0.2245657545952748,0.23089243644714375,113.18170001556693,79.17609824790462,"Slider",23,135,195,34.00560176766231,34.005601767662334,-60,2,15,3,15,1,0,"2:15","3:15","-1H 00M"
2026,"Lowder, Rhett",695076,"R","SL",147,"84.9",2773,"3.9",0.1623338626156571,0.19978910235243205,285.10081346482866,294.3851031192091,"Slider",20,510,495,-9.284289654380416,9.284289654380418,15,8,30,8,15,0,15,"8:30","8:15","+0H 15M"
2026,"Scott, Tanner",656945,"L","SL",93,"89.5",2605,"6.7",0.288486590124985,0.3002713744695229,137.49826632262284,99.62970880307057,"Slider",30,90,165,37.86855751955227,37.868557519552255,-75,1,30,2,45,1,15,"1:30","2:45","-1H 15M"
2026,"Sale, Chris",519242,"L","SL",261,"78.5",2445,"14.2",0.6175759037841647,0.6638717772988659,54.36058945609197,60.09537514162004,"Slider",66,255,240,-5.734785685528067,5.73478568552806,15,4,15,4,0,0,15,"4:15","4:00","+0H 15M"
2026,"Leahy, Kyle",681517,"R","SL",92,"89.1",2327,"6.9",0.31504442034938435,0.45005675492031727,199.2868895809468,241.65238428981718,"Slider",45,675,600,-42.365494708870386,42.365494708870386,75,11,15,10,0,1,15,"11:15","10:00","+1H 15M"
2026,"Peterson, David",656849,"L","SL",115,"86",2258,"3.1",0.14282408495243226,0.17068893395700058,159.51623264705347,123.4831935522459,"Slider",17,765,120,36.03303909480758,36.033039094807584,-75,12,45,2,0,1,15,"12:45","2:00","-1H 15M"
2026,"Gage, Matt",657424,"L","SL",121,"84.2",2288,"5.2",0.22498271571468406,0.26239379818744113,110.35347739325235,80.54273829828402,"Slider",26,135,195,29.810739094968326,29.810739094968334,-60,2,15,3,15,1,0,"2:15","3:15","-1H 00M"
2026,"Lopez, Jacob",682052,"L","SL",153,"77.3",2402,"10.9",0.4549004342941397,0.5034651580699968,88.07030348014166,91.04892506888133,"Slider",50,180,180,-2.9786215887396708,2.978621588739677,0,3,0,3,0,0,0,"3:00","3:00"," 0H 00M"
2026,"Springs, Jeffrey",605488,"L","SL",151,"83.4",2317,"5",0.21725151217423047,0.3080533886498745,125.60545930423535,79.03039570695248,"Slider",31,105,195,46.57506359728288,46.5750635972829,-90,1,45,3,15,1,30,"1:45","3:15","-1H 30M"
2026,"Miller, Mason",695243,"R","SL",116,"87.7",2415,"11.8",0.515086827934646,0.5822553046724861,318.6409747763794,300.5603844914663,"Slider",58,450,480,18.080590284913058,18.080590284913107,-30,7,30,8,0,0,30,"7:30","8:00","-0H 30M"
2026,"Latz, Jacob",656641,"L","SL",72,"85.2",2500,"7.2",0.30633147122329224,0.30106581384433795,135.25597576950256,100.65359124105598,"Slider",30,90,165,34.60238452844658,34.60238452844658,-75,1,30,2,45,1,15,"1:30","2:45","-1H 15M"
2026,"Romano, Jordan",605447,"R","SL",86,"84.7",2176,"6.7",0.305541043554896,0.38164466944073805,293.41577191797774,332.12360922312024,"Slider",38,495,420,-38.707837305142505,38.70783730514252,75,8,15,7,0,1,15,"8:15","7:00","+1H 15M"
2026,"De Los Santos, Enyel",660853,"R","SL",72,"86.1",2113,"4.7",0.225104413709178,0.3210706611745414,154.64857952165892,193.11277242378725,"Slider",32,765,690,-38.46419290212833,38.46419290212831,75,12,45,11,30,1,15,"12:45","11:30","+1H 15M"
2026,"Scherzer, Max",453286,"R","SL",77,"86.4",2396,"5.8",0.2592696157255855,0.2895582569619232,177.83547742457648,221.18152656878883,"Slider",29,720,645,-43.346049144212344,43.34604914421234,75,12,0,10,45,1,15,"12:00","10:45","+1H 15M"
2026,"Uribe, Abner",682842,"R","SL",79,"86.2",2468,"12",0.5237284665041367,0.3597258901089242,280.92939076982657,255.18936768491056,"Slider",36,525,570,25.740023084916004,25.74002308491597,-45,8,45,9,30,0,45,"8:45","9:30","-0H 45M"
2026,"Muñoz, Andrés",662253,"R","SL",145,"86.7",2323,"7.3",0.3193886348934948,0.3926270099583872,260.5128449577007,291.39761037155495,"Slider",39,555,495,-30.884765413854268,30.88476541385429,60,9,15,8,15,1,0,"9:15","8:15","+1H 00M"
2026,"Lord, Brad",695418,"R","SL",108,"85.5",2551,"4",0.16987958194510358,0.17993188259243625,284.577034490293,328.46613470146224,"Slider",18,510,420,-43.88910021116925,43.88910021116926,90,8,30,7,0,1,30,"8:30","7:00","+1H 30M"
2026,"Leiter, Jack",683004,"R","SL",114,"86.7",2636,"5.3",0.22499339811349822,0.24316854398771479,272.3398770049837,309.14021938706117,"Slider",24,540,465,-36.800342382077474,36.80034238207747,75,9,0,7,45,1,15,"9:00","7:45","+1H 15M"
2026,"Martin, Davis",663436,"R","SL",87,"87.1",2575,"5.4",0.23402417069792408,0.20759766638712968,234.55898442559956,265.604063905236,"Slider",21,615,555,-31.045079479636428,31.045079479636456,60,10,15,9,15,1,0,"10:15","9:15","+1H 00M"
2026,"Lange, Alex",656638,"R","SL",72,"87.4",2259,"4.4",0.20133968368690067,0.211321160054805,347.0519646670664,24.72784163403236,"Slider",21,390,315,-37.67587696696597,37.675876966966015,75,6,30,5,15,1,15,"6:30","5:15","+1H 15M"
2026,"Dollander, Chase",801403,"R","SL",91,"87.9",2727,"6.7",0.30648942836121446,0.37592917608689774,245.34960851167057,286.34934601377904,"Slider",38,585,510,-40.999737502108474,40.99973750210847,75,9,45,8,30,1,15,"9:45","8:30","+1H 15M"
2026,"Pallante, Andre",669467,"R","SL",140,"86.9",2325,"5.8",0.2628833004277406,0.3157334486263511,238.89034397752874,280.2931390142511,"Slider",32,600,525,-41.40279503672235,41.40279503672238,75,10,0,8,45,1,15,"10:00","8:45","+1H 15M"
2026,"McClanahan, Shane",663556,"L","SL",127,"87.8",2362,"4.2",0.18516240395474776,0.2128018823048148,124.12368755088181,96.81144769526723,"Slider",21,105,165,27.31223985561458,27.31223985561457,-60,1,45,2,45,1,0,"1:45","2:45","-1H 00M"
2026,"Burns, Chase",695505,"R","SL",239,"90.8",2696,"3.8",0.16342825513480003,0.19211578756769865,233.49427346033008,281.3112945749149,"Slider",19,615,510,-47.817021114584804,47.817021114584826,105,10,15,8,30,1,45,"10:15","8:30","+1H 45M"
2026,"Holmes, Grant",656550,"R","SL",216,"85.4",2751,"7",0.30190027197728886,0.2925512138037989,312.93728599549195,340.9830179391032,"Slider",29,450,405,-28.04573194361126,28.045731943611266,45,7,30,6,45,0,45,"7:30","6:45","+0H 45M"
2026,"Franco, Jose",683742,"R","SL",81,"84.9",2520,"3.9",0.16922291300011333,0.17525676322702952,253.9104612989134,280.96379801279113,"Slider",18,570,525,-27.05333671387774,27.053336713877748,45,9,30,8,45,0,45,"9:30","8:45","+0H 45M"
2026,"Gaddis, Hunter",683769,"R","SL",76,"89.6",2311,"7.8",0.35850502941918894,0.4799586371520261,206.54699923784983,239.7835866858253,"Slider",48,660,600,-33.23658744797547,33.23658744797544,60,11,0,10,0,1,0,"11:00","10:00","+1H 00M"
2026,"Hoffman, Jeff",656546,"R","SL",74,"88",2693,"3.9",0.16662684711284265,0.12421138777725335,220.53804935001182,234.76085734299284,"Slider",12,645,615,-14.222807992981018,14.222807992980988,30,10,45,10,15,0,30,"10:45","10:15","+0H 30M"
2026,"Ginkel, Kevin",656464,"R","SL",120,"84.8",2409,"6.2",0.2752961590595169,0.306176527156433,291.4153007019047,307.7715144521796,"Slider",31,495,465,-16.35621375027489,16.356213750274904,30,8,15,7,45,0,30,"8:15","7:45","+0H 30M"
2026,"Singer, Brady",663903,"R","SL",174,"82.2",2407,"6.3",0.27381296035241703,0.33532184266693355,267.59887772708004,304.1415391993988,"Slider",34,540,465,-36.54266147231874,36.54266147231871,75,9,0,7,45,1,15,"9:00","7:45","+1H 15M"
2026,"Flaherty, Jack",656427,"R","SL",154,"84.5",2413,"6.6",0.28329127046780306,0.434357603682779,234.33197912123597,256.4663194918481,"Slider",43,615,570,-22.134340370612108,22.13434037061213,45,10,15,9,30,0,45,"10:15","9:30","+0H 45M"
2026,"Cease, Dylan",656302,"R","SL",205,"89.4",2739,"3.1",0.13144834130628152,0.2368313425449089,232.88305335694952,204.649389819648,"Slider",24,615,675,28.23366353730151,28.233663537301464,-60,10,15,11,15,1,0,"10:15","11:15","-1H 00M"
2026,"Bachman, Sam",696147,"R","SL",149,"88.9",2683,"3.3",0.14335394729868686,0.1716980229518602,276.1369207596717,313.2140998311236,"Slider",17,525,450,-37.077179071451894,37.0771790714519,75,8,45,7,30,1,15,"8:45","7:30","+1H 15M"
2026,"Burke, Brock",656271,"L","SL",81,"86.1",2279,"4",0.17746938865828374,0.4068965464352615,191.15109129180436,188.83003730904665,"Slider",41,705,705,2.321053982757718,2.3210539827577326,0,11,45,11,45,0,0,"11:45","11:45"," 0H 00M"
2026,"Sheehan, Emmet",686218,"R","SL",176,"86.9",2304,"4",0.18448591274429263,0.3148177428013943,177.0093150080802,208.9601887153196,"Slider",31,720,660,-31.950873707239396,31.950873707239424,60,12,0,11,0,1,0,"12:00","11:00","+1H 00M"
2026,"Sánchez, Cristopher",650911,"L","SL",122,"85.6",2051,"6.5",0.301450188155348,0.30237392994455975,59.88462176538499,18.378993657293876,"Slider",30,240,330,41.505628108091116,41.505628108091116,-90,4,0,5,30,1,30,"4:00","5:30","-1H 30M"
2026,"Kochanowicz, Jack",686799,"R","SL",127,"85.6",2837,"9.3",0.38503491415748364,0.33270531323011404,321.4113279703103,314.37346575137326,"Slider",33,435,450,7.03786221893705,7.03786221893703,-15,7,15,7,30,0,15,"7:15","7:30","-0H 15M"
2026,"Soriano, George",666277,"R","SL",74,"87.5",2629,"3",0.1295393159981708,0.14239024399512015,339.0525567759244,353.46203479594175,"Slider",14,405,375,-14.409478020017332,14.409478020017334,30,6,45,6,15,0,30,"6:45","6:15","+0H 30M"
2026,"Brash, Matt",666374,"R","SL",82,"86.5",2921,"15.4",0.6191769050036658,0.47325855266249955,303.47850579269465,277.721384773399,"Slider",47,480,525,25.757121019295653,25.757121019295653,-45,8,0,8,45,0,45,"8:00","8:45","-0H 45M"
2026,"Abreu, Bryan",650556,"R","SL",126,"86.6",2758,"9.6",0.3993353061600304,0.49177605383013157,307.7728818949273,325.0165361166836,"Slider",49,465,435,-17.243654221756287,17.243654221756305,30,7,45,7,15,0,30,"7:45","7:15","+0H 30M"
2026,"Nance, Tommy",667297,"R","SL",75,"88.4",2733,"3",0.1280363202049659,0.12659283503274024,308.96468497890106,331.64062718701587,"Slider",13,465,420,-22.675942208114805,22.675942208114783,45,7,45,7,0,0,45,"7:45","7:00","+0H 45M"
2026,"Erceg, Lucas",668674,"R","SL",72,"84.3",2002,"5.3",0.25138411770268404,0.3139754393706007,333.3080562578186,352.5863149571339,"Slider",31,420,375,-19.278258699315302,19.27825869931533,45,7,0,6,15,0,45,"7:00","6:15","+0H 45M"
2026,"Gallen, Zac",668678,"R","SL",125,"89",2316,"7.1",0.3207257734219567,0.4002980495791966,198.93586271427543,227.15274775846257,"Slider",40,675,630,-28.216885044187137,28.216885044187144,45,11,15,10,30,0,45,"11:15","10:30","+0H 45M"
2026,"Alcantara, Sandy",645261,"R","SL",103,"84.8",2370,"6",0.2612025292073886,0.25788554516902207,276.40608570908717,270.1526555226757,"Slider",26,525,540,6.253430186411492,6.253430186411489,-15,8,45,9,0,0,15,"8:45","9:00","-0H 15M"
2026,"Ashcraft, Graham",668933,"R","SL",141,"91",2909,"8.4",0.35312124747344065,0.28011158670084346,310.7956688893069,277.6299277624627,"Slider",28,465,525,33.16574112684418,33.16574112684419,-60,7,45,8,45,1,0,"7:45","8:45","-1H 00M"
2026,"Santana, Dennis",642701,"R","SL",96,"85.3",2497,"3.7",0.16040907223782344,0.2123149321596973,200.68363764954637,241.88911073510405,"Slider",21,675,600,-41.205473085557685,41.20547308555767,75,11,15,10,0,1,15,"11:15","10:00","+1H 15M"
2026,"Headrick, Brent",687396,"L","SL",91,"83.7",2077,"5.4",0.2437757241240802,0.31321381498101725,176.75054253452208,125.42042587130042,"Slider",31,720,105,51.33011666322166,51.330116663221666,-105,12,0,1,45,1,45,"12:00","1:45","-1H 45M"
2026,"Miller, Erik",669062,"L","SL",86,"86",2584,"5.7",0.23894493036241005,0.15899852632998704,55.59231092782302,66.3101198521121,"Slider",16,255,225,-10.717808924289074,10.717808924289072,30,4,15,3,45,0,30,"4:15","3:45","+0H 30M"
2026,"Prielipp, Connor",687570,"L","SL",102,"87.5",2856,"3.6",0.14395189517989382,0.17990866063083882,85.34711378745807,88.83365139227102,"Slider",18,195,180,-3.486537604812952,3.486537604812951,15,3,15,3,0,0,15,"3:15","3:00","+0H 15M"
2026,"Nelson, Ryne",669194,"R","SL",92,"87.9",2433,"6.1",0.2725481243821165,0.31557346283448856,247.36617431668896,257.00372839625777,"Slider",32,585,570,-9.637554079568815,9.637554079568785,15,9,45,9,30,0,15,"9:45","9:30","+0H 15M"
2026,"Junis, Jakob",596001,"R","SL",79,"81.7",2456,"17",0.7254265287627132,0.5893726334962853,299.3585425106892,280.80080719775805,"Slider",59,480,525,18.55773531293113,18.557735312931154,-45,8,0,8,45,0,45,"8:00","8:45","-0H 45M"
2026,"Lee, Dylan",669276,"L","SL",132,"83.5",2129,"4.5",0.2112924232872942,0.2736348448745181,186.76199497835563,149.02773378994547,"Slider",27,705,60,37.73426118841016,37.73426118841016,-75,11,45,1,0,1,15,"11:45","1:00","-1H 15M"
2026,"Gilbert, Logan",669302,"R","SL",148,"86.2",2071,"4.4",0.20296014949957267,0.2911749797287153,298.2509415689469,337.09634336409977,"Slider",29,480,405,-38.84540179515284,38.8454017951529,75,8,0,6,45,1,15,"8:00","6:45","+1H 15M"
2026,"Speier, Gabe",642100,"L","SL",75,"83.6",2235,"5.8",0.25786234451019174,0.320144287044734,88.68569975150679,46.62234187283772,"Slider",32,180,270,42.063357878669066,42.063357878669066,-90,3,0,4,30,1,30,"3:00","4:30","-1H 30M"
2026,"Ober, Bailey",641927,"R","SL",97,"82.5",2102,"7.3",0.32564334511244103,0.45930566670919964,192.0178761366943,224.35576021464053,"Slider",46,690,630,-32.33788407794623,32.33788407794624,60,11,30,10,30,1,0,"11:30","10:30","+1H 00M"
2026,"Wells, Tyler",669330,"R","SL",76,"87.2",2485,"7.8",0.33735662401452127,0.4450321488283307,208.7135674814163,238.20340706887663,"Slider",45,660,600,-29.489839587460324,29.4898395874603,60,11,0,10,0,1,0,"11:00","10:00","+1H 00M"
2026,"Okert, Steven",595345,"L","SL",171,"80.9",2353,"10.3",0.4426354807679534,0.3605232371734594,106.13913024731616,136.36074224494195,"Slider",36,150,90,-30.221611997625786,30.221611997625782,60,2,30,1,30,1,0,"2:30","1:30","+1H 00M"
2026,"Mayza, Tim",641835,"L","SL",90,"86.9",2217,"4.2",0.19354690569341715,0.18214998190667175,65.59241480113026,29.014158002772916,"Slider",18,225,300,36.578256798357344,36.57825679835735,-75,3,45,5,0,1,15,"3:45","5:00","-1H 15M"
2026,"Ginn, J.T.",669372,"R","SL",76,"85.7",2366,"8.7",0.3829059214822879,0.3371244358430992,322.0324672107738,314.8227222444963,"Slider",34,435,450,7.209744966277526,7.209744966277517,-15,7,15,7,30,0,15,"7:15","7:30","-0H 15M"
2026,"Mikolas, Miles",571945,"R","SL",86,"87",2245,"6.1",0.26866508893264085,0.3025852143297679,189.3133203417475,223.79980028779687,"Slider",30,705,630,-34.48647994604937,34.486479946049386,75,11,45,10,30,1,15,"11:45","10:30","+1H 15M"
2026,"Skubal, Tarik",669373,"L","SL",86,"89.3",2244,"4.7",0.21550439646839148,0.24055975178584466,162.3271112022043,127.61151156195555,"Slider",24,750,105,34.71559964024874,34.71559964024873,-75,12,30,1,45,1,15,"12:30","1:45","-1H 15M"
2026,"Littell, Zack",641793,"R","SL",132,"87.5",2118,"9.7",0.4495195459395531,0.5861195164599798,165.45255779719645,191.888513437027,"Slider",59,750,690,-26.435955639830553,26.43595563983055,60,12,30,11,30,1,0,"12:30","11:30","+1H 00M"
2026,"Kinley, Tyler",641755,"R","SL",189,"86.7",2581,"3.6",0.15786046586023827,0.2050964040218385,225.50105828112356,248.85132692340545,"Slider",21,630,585,-23.35026864228189,23.35026864228187,45,10,30,9,45,0,45,"10:30","9:45","+0H 45M"
2026,"deGrom, Jacob",594798,"R","SL",151,"91.2",2660,"5.8",0.2521183938528633,0.3470251852053759,211.24438812683792,250.58188204773592,"Slider",35,660,585,-39.337493920898,39.337493920898034,75,11,0,9,45,1,15,"11:00","9:45","+1H 15M"
2026,"Liberatore, Matthew",669461,"L","SL",154,"86.2",2607,"5.5",0.23627449816527069,0.24216545556130487,106.49854936711937,85.47983576818842,"Slider",24,150,195,21.018713598930944,21.01871359893093,-45,2,30,3,15,0,45,"2:30","3:15","-0H 45M"
2026,"Bazardo, Eduard",660825,"R","ST",84,"82.3",2593,"17.6",0.7240804309980121,0.5747084154405586,313.74396238221783,290.292108102159,"Sweeper",57,450,495,23.451854280058853,23.451854280058853,-45,7,30,8,15,0,45,"7:30","8:15","-0H 45M"
2026,"Festa, Matt",670036,"R","ST",116,"82.1",2652,"17",0.7078489392280599,0.5369573708012446,296.13211330986536,272.8398092193309,"Sweeper",54,495,540,23.292304090534458,23.292304090534444,-45,8,15,9,0,0,45,"8:15","9:00","-0H 45M"
2026,"Holmes, Clay",605280,"R","ST",107,"82",2882,"18.9",0.7513748357921084,0.5217678014162843,317.67208848968136,290.02865373391325,"Sweeper",52,450,495,27.643434755768112,27.64343475576814,-45,7,30,8,15,0,45,"7:30","8:15","-0H 45M"
2026,"Kirby, George",669923,"R","ST",148,"86.5",2358,"14.7",0.643306808038737,0.5969196875982187,319.619824393704,296.2187119472816,"Sweeper",60,435,495,23.401112446422417,23.401112446422445,-60,7,15,8,15,1,0,"7:15","8:15","-1H 00M"
2026,"Herget, Jimmy",623474,"R","ST",75,"77.9",2979,"17",0.720397217063677,0.5592011352667451,279.70225024771474,267.30577695046895,"Sweeper",56,525,540,12.396473297245791,12.396473297245802,-15,8,45,9,0,0,15,"8:45","9:00","-0H 15M"
2026,"Zeferjahn, Ryan",666171,"R","ST",119,"85",2653,"15.9",0.6691843172805819,0.5079273408810724,277.86966458448757,255.97486735707534,"Sweeper",51,525,570,21.894797227412226,21.894797227412226,-45,8,45,9,30,0,45,"8:45","9:30","-0H 45M"
2026,"Weiss, Ryan",680802,"R","ST",172,"83.8",2615,"16.8",0.7213197321720926,0.5331528169637505,304.5121657219995,278.037654559209,"Sweeper",53,465,525,26.47451116279052,26.47451116279054,-60,7,45,8,45,1,0,"7:45","8:45","-1H 00M"
2026,"Luzardo, Jesús",666200,"L","ST",240,"86.4",2382,"10.3",0.46112005695504366,0.35942338689677555,34.506119358774896,68.63528588349791,"Sweeper",36,285,225,-34.12916652472302,34.12916652472302,60,4,45,3,45,1,0,"4:45","3:45","+1H 00M"
2026,"King, Michael",650633,"R","ST",109,"81.7",2847,"15.3",0.6104912724781072,0.5680475185572053,293.7241245700645,269.9064823266994,"Sweeper",57,495,540,23.81764224336507,23.817642243365086,-45,8,15,9,0,0,45,"8:15","9:00","-0H 45M"
2026,"Teng, Kai-Wei",678906,"R","ST",127,"84.9",2780,"16.9",0.7018000196886107,0.5024250045341744,302.47439204638687,274.13783642564977,"Sweeper",50,480,525,28.3365556207371,28.336555620737062,-45,8,0,8,45,0,45,"8:00","8:45","-0H 45M"
2026,"Weathers, Ryan",677960,"L","ST",123,"81.5",2579,"12.5",0.509947039485262,0.3699480310742244,71.06588439702881,91.52918083948708,"Sweeper",37,225,180,-20.463296442458272,20.463296442458283,45,3,45,3,0,0,45,"3:45","3:00","+0H 45M"
2026,"Taillon, Jameson",592791,"R","ST",85,"79.8",2729,"17",0.6814218841672754,0.5568976692438353,297.4300524843733,277.1087621673677,"Sweeper",56,480,525,20.321290317005605,20.32129031700565,-45,8,0,8,45,0,45,"8:00","8:45","-0H 45M"
2026,"Bruihl, Justin",677865,"L","ST",114,"78.2",2573,"20",0.8256719836654629,0.6470300472134751,61.85092361422711,81.16731590681216,"Sweeper",65,240,195,-19.31639229258505,19.316392292585054,45,4,0,3,15,0,45,"4:00","3:15","+0H 45M"
2026,"Nardi, Andrew",677053,"L","ST",94,"83.6",2436,"12.5",0.5367011381432841,0.36562562448144875,87.72745308458948,97.6729116873591,"Sweeper",37,180,165,-9.94545860276962,9.945458602769623,15,3,0,2,45,0,15,"3:00","2:45","+0H 15M"
2026,"Svanson, Matt",694335,"R","ST",87,"86.7",2197,"10.9",0.5052166149304919,0.34229883322864557,279.38503847039306,264.0478598037093,"Sweeper",34,525,555,15.33717866668377,15.33717866668375,-30,8,45,9,15,0,30,"8:45","9:15","-0H 30M"
2026,"Warren, Will",701542,"R","ST",145,"84.3",3001,"18.4",0.7209881092917573,0.5410854096785309,300.327389759531,272.95115608003357,"Sweeper",54,480,540,27.37623367949743,27.376233679497435,-60,8,0,9,0,1,0,"8:00","9:00","-1H 00M"
2026,"Sterner, Justin",686993,"R","ST",85,"81.3",2692,"15.4",0.6258742501605797,0.4714543268434438,290.6363676179667,261.39597656079246,"Sweeper",47,495,555,29.240391057174236,29.240391057174268,-60,8,15,9,15,1,0,"8:15","9:15","-1H 00M"
2026,"Bender, Anthony",669622,"R","ST",106,"83.6",2824,"20.3",0.8203875490918529,0.5956659565521659,291.9376087020138,265.3799724867425,"Sweeper",60,495,555,26.557636215271316,26.55763621527128,-60,8,15,9,15,1,0,"8:15","9:15","-1H 00M"
2026,"Crochet, Garrett",676979,"L","ST",74,"83.4",2420,"15.1",0.6360770943490376,0.5074864597840538,60.32491408411879,78.52636689274559,"Sweeper",51,240,210,-18.201452808626797,18.201452808626797,30,4,0,3,30,0,30,"4:00","3:30","+0H 30M"
2026,"Meyer, Max",676974,"R","ST",154,"88.2",2633,"14.3",0.6095429554040233,0.40455690866635163,339.7285040834213,311.1017457018663,"Sweeper",40,405,465,28.626758381554964,28.62675838155497,-60,6,45,7,45,1,0,"6:45","7:45","-1H 00M"
2026,"Cavalli, Cade",676917,"R","ST",80,"85",2240,"18.2",0.8039037510913121,0.796211743024202,320.97525440031006,306.4583152059181,"Sweeper",80,435,465,14.516939194391966,14.516939194391986,-30,7,15,7,45,0,30,"7:15","7:45","-0H 30M"
2026,"Williams, Gavin",668909,"R","ST",177,"86.6",2280,"11.3",0.5025883946317996,0.517299982367172,300.3670124968284,279.6974340446758,"Sweeper",52,480,525,20.66957845215262,20.669578452152585,-45,8,0,8,45,0,45,"8:00","8:45","-0H 45M"
2026,"Abbott, Andrew",671096,"L","ST",102,"81.5",2810,"15.6",0.6361824409893286,0.4493177845529464,60.91529824997954,77.99943223145803,"Sweeper",45,240,210,-17.084133981478487,17.084133981478505,30,4,0,3,30,0,30,"4:00","3:30","+0H 30M"
2026,"McCullers Jr., Lance",621121,"R","ST",87,"82.3",2672,"18.2",0.745022390473481,0.5500902853502705,278.7491179423307,253.99339375243525,"Sweeper",55,525,570,24.75572418989546,24.755724189895425,-45,8,45,9,30,0,45,"8:45","9:30","-0H 45M"
2026,"Barlow, Scott",605130,"R","ST",72,"79.3",2403,"13.3",0.5576788521357036,0.4814235597792976,266.58406751888083,239.5618324758268,"Sweeper",48,540,600,27.022235043054025,27.022235043053982,-60,9,0,10,0,1,0,"9:00","10:00","-1H 00M"
2026,"Poulin, PJ",676571,"L","ST",108,"79",2363,"9.4",0.39441206057221534,0.2198413987691046,118.38968262775983,120.27168689367423,"Sweeper",22,120,120,-1.8820042659144036,1.882004265914417,0,2,0,2,0,0,0,"2:00","2:00"," 0H 00M"
2026,"Fluharty, Mason",689254,"L","ST",97,"82.9",2697,"16",0.6609279137742287,0.5013323748047964,64.65263707027496,87.94783785604464,"Sweeper",50,225,180,-23.29520078576968,23.295200785769687,45,3,45,3,0,0,45,"3:45","3:00","+0H 45M"
2026,"Jax, Griffin",643377,"R","ST",72,"88.6",3013,"12.3",0.5029037865330608,0.3614296192521816,303.41598129097474,277.1608427437558,"Sweeper",36,480,525,26.255138547218962,26.25513854721902,-45,8,0,8,45,0,45,"8:00","8:45","-0H 45M"
2026,"Romero, JoJo",668941,"L","ST",107,"82.9",2824,"17.9",0.7242262811576523,0.4930089522485556,61.974277509176645,83.50144160888676,"Sweeper",49,240,195,-21.52716409971012,21.527164099710127,45,4,0,3,15,0,45,"4:00","3:15","+0H 45M"
2026,"Schultz, Noah",702273,"L","ST",78,"82.7",2853,"15.9",0.6411453593427424,0.5409874315628674,76.08323386283803,88.1711277674442,"Sweeper",54,210,180,-12.087893904606176,12.087893904606164,30,3,30,3,0,0,30,"3:30","3:00","+0H 30M"
2026,"Moll, Sam",594580,"L","ST",99,"80.4",2833,"16.9",0.6790857918932721,0.47876294566455685,53.10313545980969,76.30019614953395,"Sweeper",48,255,210,-23.197060689724253,23.197060689724246,45,4,15,3,30,0,45,"4:15","3:30","+0H 45M"
2026,"Hancock, Emerson",676106,"R","ST",151,"77.7",2624,"17.4",0.7008285082670048,0.6259878171876105,285.1761806972285,270.9418180934176,"Sweeper",63,510,540,14.234362603810894,14.23436260381088,-30,8,30,9,0,0,30,"8:30","9:00","-0H 30M"
2026,"McLean, Nolan",690997,"R","ST",94,"84.8",3083,"22.7",0.8700220106226715,0.6788719472791304,304.2374781140338,282.5070960488323,"Sweeper",68,465,510,21.730382065201525,21.73038206520153,-45,7,45,8,30,0,45,"7:45","8:30","-0H 45M"
2026,"Treinen, Blake",595014,"R","ST",89,"83.7",2558,"14.8",0.6357775704052536,0.5373034630405674,306.77002106737933,282.4102676417506,"Sweeper",54,465,510,24.359753425628753,24.359753425628774,-45,7,45,8,30,0,45,"7:45","8:30","-0H 45M"
2026,"Domínguez, Seranthony",622554,"R","ST",78,"85",2431,"11.2",0.48752741669903393,0.37905507827757884,278.6841235045738,247.4052743937955,"Sweeper",38,525,585,31.278849110778282,31.278849110778296,-60,8,45,9,45,1,0,"8:45","9:45","-1H 00M"
2026,"Kay, Anthony",641743,"L","ST",120,"82.8",2431,"13.7",0.5945074549910878,0.5396547706222515,62.00543728346325,82.31458937711041,"Sweeper",54,240,195,-20.309152093647157,20.30915209364716,45,4,0,3,15,0,45,"4:00","3:15","+0H 45M"
2026,"Junk, Janson",676083,"R","ST",88,"80",2372,"15.1",0.6459492845355889,0.5106094053515159,297.13287634696866,274.47092427204603,"Sweeper",51,480,525,22.661952074922624,22.661952074922624,-45,8,0,8,45,0,45,"8:00","8:45","-0H 45M"
2026,"Woo, Bryan",693433,"R","ST",85,"83.9",2457,"12.8",0.5480198809831928,0.4710932698460423,290.9669941451492,263.06944179362176,"Sweeper",47,495,555,27.89755235152745,27.897552351527462,-60,8,15,9,15,1,0,"8:15","9:15","-1H 00M"
2026,"Mejia, Juan",675848,"R","ST",134,"84.3",2843,"16.7",0.725587085218709,0.583570601314737,299.756034034435,284.98922349689195,"Sweeper",58,480,510,14.766810537543051,14.76681053754306,-30,8,0,8,30,0,30,"8:00","8:30","-0H 30M"
2026,"Soto, Gregory",642397,"L","ST",74,"82",2578,"14.2",0.597162675326125,0.32778345014261573,74.62380154325463,88.39989986893883,"Sweeper",33,210,180,-13.776098325684202,13.776098325684192,30,3,30,3,0,0,30,"3:30","3:00","+0H 30M"
2026,"May, Dustin",669160,"R","ST",112,"85.6",3120,"18.3",0.7308999379589975,0.6529597959804101,307.90825229505276,287.39438721304225,"Sweeper",65,465,510,20.51386508201051,20.513865082010557,-45,7,45,8,30,0,45,"7:45","8:30","-0H 45M"
2026,"Severino, Luis",622663,"R","ST",169,"84.5",2586,"18.8",0.7921125944684083,0.6345754458360429,282.4233249928361,264.2227593371083,"Sweeper",63,510,555,18.200565655727814,18.200565655727843,-45,8,30,9,15,0,45,"8:30","9:15","-0H 45M"
2026,"Ramírez, Yohan",670990,"R","ST",123,"83.9",2633,"16",0.6695065012561245,0.5315999671902373,287.4428683331425,262.7428521883966,"Sweeper",53,510,555,24.70001614474586,24.700016144745828,-45,8,30,9,15,0,45,"8:30","9:15","-0H 45M"
2026,"Phillips, Tyler",663969,"R","ST",94,"84.5",2503,"13.4",0.5676213707258114,0.3778683898844135,297.99367471274513,273.04841125752995,"Sweeper",38,480,540,24.945263455215184,24.94526345521518,-60,8,0,9,0,1,0,"8:00","9:00","-1H 00M"
2026,"Griffin, Foster",656492,"L","ST",88,"79.9",2453,"17.7",0.7391565119374273,0.5227016401390702,61.27324867682145,82.7609004509259,"Sweeper",52,240,195,-21.48765177410445,21.48765177410445,45,4,0,3,15,0,45,"4:00","3:15","+0H 45M"
2026,"Imanaga, Shota",684007,"L","ST",95,"81.7",2538,"14.5",0.6124166691986748,0.42720645467471674,62.823237553640766,83.2579037312366,"Sweeper",43,240,195,-20.43466617759583,20.43466617759583,45,4,0,3,15,0,45,"4:00","3:15","+0H 45M"
2026,"Manaea, Sean",640455,"L","ST",147,"74.4",2199,"13.9",0.5746143444510307,0.506585100404335,79.26464335636774,93.81101955102622,"Sweeper",51,195,165,-14.546376194658478,14.546376194658492,30,3,15,2,45,0,30,"3:15","2:45","+0H 30M"
2026,"Blubaugh, AJ",805123,"R","ST",90,"83.6",2633,"13.9",0.5962961121216004,0.5068788016047115,285.44414764670205,264.8458798234558,"Sweeper",51,510,555,20.59826782324626,20.598267823246257,-45,8,30,9,15,0,45,"8:30","9:15","-0H 45M"
2026,"Lovelady, Richard",663992,"L","ST",96,"81.6",2468,"16.3",0.6789691127666753,0.6040038949441228,64.21966810732367,78.68773463538969,"Sweeper",60,225,210,-14.468066528066018,14.46806652806602,15,3,45,3,30,0,15,"3:45","3:30","+0H 15M"
2026,"Phillips, Connor",683175,"R","ST",177,"85.9",2497,"16.8",0.7229543453477825,0.5339159964381955,294.4490872405532,267.73292456983523,"Sweeper",53,495,540,26.71616267071795,26.716162670718028,-45,8,15,9,0,0,45,"8:15","9:00","-0H 45M"
2026,"Hudson, Bryan",663542,"L","ST",78,"81",2098,"17.2",0.7758795101648392,0.7945347022906821,56.51793793901486,67.14770768004486,"Sweeper",79,240,225,-10.629769741030003,10.629769741029998,15,4,0,3,45,0,15,"4:00","3:45","+0H 15M"
2026,"Bird, Jake",656234,"R","ST",74,"84.4",2709,"16",0.653501856051533,0.5642619231138147,279.84374696166367,253.19464141536992,"Sweeper",56,525,570,26.649105546293754,26.64910554629377,-45,8,45,9,30,0,45,"8:45","9:30","-0H 45M"
2026,"Keller, Mitch",656605,"R","ST",124,"82.4",2673,"18.4",0.7550773147678481,0.5777552800087218,295.4482635913922,269.01129352532826,"Sweeper",58,495,540,26.436970066063964,26.43697006606395,-45,8,15,9,0,0,45,"8:15","9:00","-0H 45M"
2026,"Bubic, Kris",663460,"L","ST",97,"82.3",2625,"15.9",0.6695154164103266,0.5095578420323058,42.02422595328099,66.32260856711918,"Sweeper",51,270,225,-24.298382613838186,24.29838261383819,45,4,30,3,45,0,45,"4:30","3:45","+0H 45M"
2026,"Sewald, Paul",623149,"R","ST",72,"83",2481,"13",0.5802883877862807,0.3604058752580208,268.8668380967805,247.35074367848026,"Sweeper",36,540,585,21.51609441830024,21.516094418300252,-45,9,0,9,45,0,45,"9:00","9:45","-0H 45M"
2026,"Lawrence, Justin",664875,"R","ST",99,"81.8",2985,"18.6",0.7361031831188957,0.5971033319331955,288.02085967744927,270.0232100873704,"Sweeper",60,510,540,17.99764959007888,17.99764959007889,-30,8,30,9,0,0,30,"8:30","9:00","-0H 30M"
2026,"Pérez, Eury",691587,"R","ST",93,"83.6",2494,"13.3",0.5638074032236569,0.39643404775472646,247.55426714930496,219.62277884948904,"Sweeper",40,585,645,27.931488299815925,27.93148829981588,-60,9,45,10,45,1,0,"9:45","10:45","-1H 00M"
2026,"Ohtani, Shohei",660271,"R","ST",102,"84.8",2698,"15.7",0.6530792568632144,0.511784821478131,290.8512912010881,260.62771753667573,"Sweeper",51,495,555,30.223573664412356,30.223573664412335,-60,8,15,9,15,1,0,"8:15","9:15","-1H 00M"
2026,"Rogers, Taylor",573124,"L","ST",100,"77.9",2724,"17.3",0.6938283490420487,0.6280206948797431,73.02832531367717,85.06627724999686,"Sweeper",63,210,195,-12.037951936319686,12.037951936319692,15,3,30,3,15,0,15,"3:30","3:15","+0H 15M"
2026,"Webb, Logan",657277,"R","ST",139,"84.3",2566,"15.2",0.6356768349931702,0.44477608254953666,301.8469388209294,272.8016939958328,"Sweeper",44,480,540,29.045244825096574,29.0452448250966,-60,8,0,9,0,1,0,"8:00","9:00","-1H 00M"
2026,"Anderson, Grant",681982,"R","ST",88,"79.9",2561,"14.6",0.6031368458461427,0.6032247169475263,274.55408440158004,263.78293894442794,"Sweeper",60,525,555,10.771145457152102,10.77114545715213,-30,8,45,9,15,0,30,"8:45","9:15","-0H 30M"
2026,"Kerkering, Orion",689147,"R","ST",87,"87",2945,"16",0.6463993026716621,0.5001654685970163,303.7690510402406,278.4629365338226,"Sweeper",50,465,525,25.306114506417998,25.306114506418044,-60,7,45,8,45,1,0,"7:45","8:45","-1H 00M"
2026,"Hart, Kyle",606996,"L","ST",81,"82.3",2689,"17.9",0.7485970576787812,0.4969726904941564,69.82866027353263,87.97346754361067,"Sweeper",50,225,180,-18.144807270078033,18.14480727007804,45,3,45,3,0,0,45,"3:45","3:00","+0H 45M"
2026,"Skenes, Paul",694973,"R","ST",87,"83.8",2436,"12.8",0.5586956707408168,0.39482768472796365,273.7673956941586,248.90640093003663,"Sweeper",39,525,585,24.860994764121983,24.860994764121997,-60,8,45,9,45,1,0,"8:45","9:45","-1H 00M"
2026,"Nunez, Anthony",689296,"R","ST",80,"85.8",2929,"16.8",0.6831011885007181,0.4818327184918736,311.22851402567846,283.0056637625702,"Sweeper",48,465,510,28.222850263108285,28.222850263108256,-45,7,45,8,30,0,45,"7:45","8:30","-0H 45M"
2026,"Tidwell, Blade",694918,"R","ST",72,"83",2925,"17.5",0.6873949679014094,0.5277292703545567,283.8069913413195,258.19310913564334,"Sweeper",53,510,570,25.613882205676134,25.613882205676106,-60,8,30,9,30,1,0,"8:30","9:30","-1H 00M"
2026,"Raley, Brooks",548384,"L","ST",74,"80.4",2906,"19.9",0.7736690485472191,0.5697001754186831,76.21502714732682,100.18030230662362,"Sweeper",57,210,165,-23.965275159296795,23.965275159296787,45,3,30,2,45,0,45,"3:30","2:45","+0H 45M"
2026,"Fedde, Erick",607200,"R","ST",198,"81.5",2494,"16.6",0.7017613581561353,0.5715570105804011,295.34677730580006,273.62253051059,"Sweeper",57,495,540,21.724246795210036,21.724246795210036,-45,8,15,9,0,0,45,"8:15","9:00","-0H 45M"
2026,"Soroka, Michael",647336,"R","SV",168,"80.9",2883,"15.3",0.6330415631182886,0.6204246779542434,300.6693025769366,313.1078215771627,"Slurve",62,480,450,-12.438519000226108,12.43851900022611,30,8,0,7,30,0,30,"8:00","7:30","+0H 30M"
2026,"Patrick, Chad",694477,"R","SV",77,"85",2381,"7",0.31045740039124814,0.38806618422760897,281.6878973254035,317.46681708047424,"Slurve",39,510,450,-35.77891975507072,35.778919755070746,60,8,30,7,30,1,0,"8:30","7:30","+1H 00M"
2026,"Harrison, Kyle",690986,"L","SV",136,"81.9",2151,"13.1",0.5870323966000945,0.4652848477654789,38.882887836313444,64.66369302395653,"Slurve",47,285,225,-25.780805187643082,25.780805187643075,60,4,45,3,45,1,0,"4:45","3:45","+1H 00M"
2026,"Newcomb, Sean",656794,"L","SV",118,"82",2829,"21.7",0.8831278801482114,0.6579904631757335,50.337039682212406,70.21202151242943,"Slurve",66,255,225,-19.874981830217024,19.874981830217017,30,4,15,3,45,0,30,"4:15","3:45","+0H 30M"
2026,"Santillan, Tony",663574,"R","SV",82,"84.1",2265,"14.7",0.6566347348570324,0.4729624391177093,326.9064542720595,300.8117171844897,"Slurve",47,420,480,26.094737087569797,26.094737087569765,-60,7,0,8,0,1,0,"7:00","8:00","-1H 00M"