"last_name, first_name",player_id,year,pa,k_percent,bb_percent,woba,xwoba,sweet_spot_percent,barrel_batted_rate,hard_hit_percent,avg_best_speed,avg_hyper_speed,whiff_percent,swing_percent
"Colon, Bartolo",112526,2015,815,16.7,2.9,.316,.314,34.1,6.1,34.7,79.319844363,93.303190654,14.7,48.6
"Colon, Bartolo",112526,2016,791,16.2,4,.311,.318,29.9,5.9,37.6,80.64008598,93.890421364,13.6,47.2
"Hunter, Torii",116338,2015,567,18.5,6.2,.304,.290,28.5,5.6,34.9,98.563404126,93.39348,23.1,53.4
"Ortiz, David",120074,2015,614,15.5,12.5,.379,.420,34.8,14.6,49.1,102.85113274,96.053057671,23.2,44.7
"Ortiz, David",120074,2016,626,13.7,12.8,.419,.430,39.3,18.1,47.2,103.045533739,96.143183874,19.4,43.5
"Rodriguez, Alex",121347,2015,620,23.4,13.5,.361,.368,31.4,11.8,43.9,101.381141361,95.014380393,32,43.9
"Ramirez, Aramis",133380,2015,516,13.2,6,.309,.304,33.5,6.1,34.5,97.851255714,92.944762734,17.9,52.9
"Beltré, Adrian",134181,2015,619,10.5,6.6,.337,.360,35.7,5.8,40.4,99.25269668,93.842412257,16.8,48.1
"Beltré, Adrian",134181,2016,640,10.3,7.5,.371,.366,34.2,9.3,40.4,99.676160388,94.135210872,15.2,48.7
"Beltrán, Carlos",136860,2015,531,16,8.5,.346,.346,34.1,6.6,41.9,100.406684388,94.465737033,18.1,45.4
"Beltrán, Carlos",136860,2016,593,17,5.9,.358,.320,32.5,7.4,38.5,100.288108,94.247053333,19.6,45.6
"Beltrán, Carlos",136860,2017,509,20,6.5,.283,.284,29.4,5.4,31,97.251447204,92.65384752,19.8,47.9
"Werth, Jayson",150029,2016,606,22.9,11.7,.327,.337,31.9,8.3,44.6,101.514039895,95.15487147,20.9,38.1
"Burnett, A.J.",150359,2015,699,20.5,7,.315,.323,30.4,5.6,38.7,79.730745252,94.17832792,22.3,45.1
"Rollins, Jimmy",276519,2015,563,15.3,7.8,.283,.285,32.1,2.9,23.1,94.846070976,91.436044694,18.2,45
"Buehrle, Mark",279824,2015,827,11,4,.321,.335,33.3,5.4,33,76.008295164,93.075436936,11.9,48.1
"Sabathia, CC",282332,2015,726,18.9,6.9,.343,.304,29.1,4.7,31.1,77.839901853,92.926783733,21.6,46.2
"Sabathia, CC",282332,2016,768,19.8,8.5,.312,.289,27.5,5,26.9,74.149818745,92.141573867,23,46.4
"Dickey, R.A.",285079,2015,884,14.3,6.9,.307,.314,32.7,4.9,30.5,77.444821923,92.707226701,19.5,49.4
"Dickey, R.A.",285079,2016,728,17.3,8.7,.338,.350,34.7,8,35.5,76.222407311,93.57778803,23.6,48.1
"Dickey, R.A.",285079,2017,815,16.7,8.2,.334,.318,30.9,4.9,30.8,75.232212544,92.575979634,21,47.4
"Martinez, Victor",400121,2016,610,14.8,8.2,.351,.364,37.8,9.1,42.1,99.515406052,94.050070323,17.2,46.4
"Martinez, Victor",400121,2018,508,9.6,6.3,.281,.313,35.1,5.2,30.6,96.557884057,92.300796265,14.3,49.2
"Utley, Chase",400284,2016,565,20.4,7.1,.312,.314,35.6,4.7,33.8,97.089810462,92.614725578,18.9,40.2
"Pujols, Albert",405395,2015,661,10.9,7.6,.333,.346,29.5,8.7,38.3,100.504659847,94.487584551,16.3,45.4
"Pujols, Albert",405395,2016,650,11.5,7.5,.331,.367,31.5,10.4,44.1,101.520633672,95.107410489,15.7,45.8
"Pujols, Albert",405395,2017,636,14.6,5.8,.286,.316,31.9,5.9,39.2,99.285027729,93.741547151,20.6,47.1
"Pujols, Albert",405395,2019,545,12.5,7.9,.308,.319,26.5,6.5,36.6,98.702028255,93.397586981,18.2,44.5
"Byrd, Marlon",407781,2015,544,26.7,5.3,.317,.311,33.9,9.5,31.1,97.831679429,92.932033009,31.2,60.2
"Lackey, John",407793,2015,896,19.5,5.9,.295,.295,30,6.4,32.5,78.302827175,93.220840763,20.4,50.7
"Lackey, John",407793,2016,748,24.1,7.1,.280,.316,32.6,6.9,38.1,79.577643008,94.146629301,25.5,49
"Lackey, John",407793,2017,731,20.4,7.3,.331,.344,34.8,7.6,36.2,77.411569084,93.589858625,23.1,47.5
"Lewis, Colby",407890,2015,859,16.5,4.9,.317,.329,35.1,7.5,35.1,80.101462086,93.402320123,19.8,46.8
"Mauer, Joe",408045,2015,666,16.8,10.1,.311,.338,33.3,4,39.9,99.035012259,93.792457552,16.9,40.7
"Mauer, Joe",408045,2016,576,16.1,13.7,.327,.357,36.5,6.4,42.9,99.073111465,93.903650684,15.3,35.5
"Mauer, Joe",408045,2017,597,13.9,11.1,.349,.368,35.7,4.8,46.3,99.765368281,94.505396871,12.8,36.6
"Mauer, Joe",408045,2018,543,15.8,9.4,.319,.354,36.9,5.3,44.3,99.892945918,94.507836292,15.1,35.3
"Cabrera, Miguel",408234,2015,511,16,15.1,.413,.432,35.8,11.4,53.3,104.226000936,97.024709123,23.1,44.9
"Cabrera, Miguel",408234,2016,679,17.1,11,.399,.449,40.1,17.5,50.6,104.209910539,96.808753326,22.5,48.7
"Cabrera, Miguel",408234,2017,529,20.8,10.2,.313,.370,41.7,11,48.2,101.694912597,95.468080194,23.1,50.3
"Cabrera, Miguel",408234,2019,549,19.7,8.7,.318,.331,38.5,6.9,44.4,100.398112564,94.438305641,24.4,49.6
"Cabrera, Miguel",408234,2020,231,22.1,10.4,.323,.379,36.8,9.8,49.7,102.655113117,96.026886144,31.6,47.7
"Cabrera, Miguel",408234,2021,526,22.4,7.6,.305,.313,32.8,8.4,49,101.953387486,95.613068408,25.8,49.4
"González, Adrián",408236,2015,642,16.7,9.7,.354,.368,40.7,9.4,36.8,98.744358772,93.442550154,21.6,49.7
"González, Adrián",408236,2016,633,18.5,8.7,.334,.327,38.9,5,33.9,97.49832385,92.844400863,22.9,48.1
"Phillips, Brandon",408252,2015,623,10.9,4.3,.315,.316,32.6,2.6,26,95.811326601,91.918819386,18.9,54.2
"Phillips, Brandon",408252,2016,584,11.6,3.1,.315,.289,35.1,3,25.5,95.874930249,91.938637593,19,57.6
"Phillips, Brandon",408252,2017,604,12.1,3.5,.316,.300,31.1,2.7,25.1,95.331401585,91.737077703,20.2,56.3
"Reyes, José",408314,2015,519,11.9,5,.300,.260,28.1,0.3,18.6,93.914872935,91.119830448,16.4,50.3
"Reyes, José",408314,2017,561,14.1,8.9,.312,.290,32.8,3,24.2,94.454647109,91.42633867,17.7,45.2
"Harang, Aaron",421685,2015,748,14.4,6.8,.345,.345,35.5,8.1,37,81.243384179,93.787132571,17,48.1
"Peralta, Jhonny",425509,2015,640,17.3,7.8,.323,.332,35.2,4.9,34,98.062979471,93.145918612,23.1,49.9
"Choo, Shin-Soo",425783,2015,653,22.5,11.6,.365,.357,33.5,9.4,44.1,100.512095792,94.585823515,27,41.9
"Choo, Shin-Soo",425783,2017,636,21.1,12.1,.339,.367,36.1,9.5,37.8,99.32635,93.783161845,23.2,42.1
"Choo, Shin-Soo",425783,2018,665,23.5,13.8,.355,.362,35.9,11.8,40.5,99.924696535,94.11825245,27,40.9
"Choo, Shin-Soo",425783,2019,660,25,11.8,.353,.362,31.8,9.2,49,102.002794264,95.652745761,29.3,42.4
"Wainwright, Adam",425794,2016,847,19,7,.335,.329,37.5,6.6,30.2,76.527704073,92.663444238,20.2,44.1
"Wainwright, Adam",425794,2019,745,20.5,8.6,.330,.328,32.1,7.1,39.2,78.292462056,93.845111434,19.5,42.4
"Wainwright, Adam",425794,2020,262,20.6,5.7,.277,.324,33,6.3,36.6,75.684768404,93.58274617,24.1,46
"Wainwright, Adam",425794,2021,828,21,6,.273,.302,34.3,6.2,35.6,77.656330068,93.426713667,20.2,43.8
"Wainwright, Adam",425794,2022,803,17.8,6.7,.306,.332,37.4,6.5,36.6,76.636927659,93.594969883,16.9,43.5
"Upton, B.J.",425834,2016,538,28.8,6.9,.297,.294,31.4,6.3,36.6,98.525363353,93.336834147,34.7,50.2
"Greinke, Zack",425844,2015,843,23.7,4.7,.225,.255,28.1,4.8,27.8,77.378314772,92.576581107,27.1,48.1
"Greinke, Zack",425844,2017,801,26.8,5.6,.282,.287,31.6,8.9,30.9,76.531302652,93.147849508,29,46.2
"Greinke, Zack",425844,2018,839,23.7,5.1,.286,.303,35.4,7,33.5,77.487911633,93.216715877,26,45.3
"Greinke, Zack",425844,2019,810,23.1,3.7,.263,.281,34.1,7,33.3,77.091723759,92.997307621,24.1,46.7
"Greinke, Zack",425844,2020,273,24.5,3.3,.293,.299,34.7,8.2,35.2,74.93030732,93.291148144,27.7,40.8
"Greinke, Zack",425844,2021,697,17.2,5.2,.309,.321,35.3,6.5,35.4,77.616197191,93.635624981,21.8,46
"Molina, Yadier",425877,2015,530,11.1,6,.287,.270,32.6,2.5,25.3,95.490076558,91.769427529,16.9,54.1
"Molina, Yadier",425877,2016,581,10.8,6.7,.342,.329,35.5,4.1,28.1,96.332986111,92.235852393,15.3,53.3
"Molina, Yadier",425877,2017,543,13.6,5.2,.316,.330,35.2,6.5,35,97.479471767,92.916483,18.7,52.7
"Molina, Yadier",425877,2018,503,13.1,5.8,.323,.329,37.6,5.9,33.8,97.338858241,92.806835201,17.2,52.7
"Fielder, Prince",425902,2015,693,12.7,9.2,.360,.350,29.4,7,44.5,101.496553053,95.058382691,20.7,47.9
"Canó, Robinson",429664,2015,674,15.9,6.4,.335,.356,32.4,8.1,45.7,102.302889373,95.449848118,19.1,49.8
"Canó, Robinson",429664,2016,715,14,6.6,.370,.348,32.7,8.1,42.8,101.243038116,94.873902464,17.3,50.8
"Canó, Robinson",429664,2017,648,13.1,7.6,.334,.355,33.9,6.8,44,101.09943898,94.796904086,17.8,52
"Encarnación, Edwin",429665,2015,624,15.7,12.3,.392,.379,31.1,11.5,43.9,101.759241789,95.067321839,23.1,43.1
"Encarnación, Edwin",429665,2016,701,19.7,12.4,.373,.380,35.9,13.6,40.8,100.992646966,94.7357806,23.6,42.4
"Encarnación, Edwin",429665,2017,669,19.9,15.5,.373,.389,36.4,11.1,42.5,100.818156901,94.516538662,25.4,43
"Encarnación, Edwin",429665,2018,578,22.8,10.9,.346,.356,34.1,12.2,41.4,100.766551311,94.616548279,26.3,44.6
"Howard, Ryan",429667,2015,502,27.5,5.4,.308,.359,42.5,12.5,45.2,101.021573988,94.888513877,31.9,54.6
"Haren, Dan",429717,2015,768,17.2,4.9,.315,.312,33.4,7.3,33.7,78.460799683,93.023868765,15.7,45.1
"Santana, Ervin",429722,2016,748,19.9,7.1,.296,.313,32.8,6.8,31.7,78.073854633,93.358087853,22.9,47.2
"Santana, Ervin",429722,2017,863,19.4,7.1,.291,.300,29.8,6.8,30.1,74.555954838,92.70750678,23.4,48.5
"Simon, Alfredo",430580,2015,820,14.3,8.3,.348,.352,30.9,7.1,39.1,79.565210507,94.153379882,18.7,46.8
"Bautista, José",430832,2015,666,15.9,16.5,.389,.390,29.9,14.7,45.6,102.503981,95.539945444,20.4,39.3
"Bautista, José",430832,2016,517,19.9,16.8,.355,.360,30.6,9.4,45.7,102.85874764,95.78624941,21.2,36.7
"Bautista, José",430832,2017,686,24.8,12.2,.295,.306,29.7,7.5,35.6,99.742989147,93.902020711,28.4,41
"Hamels, Cole",430935,2015,880,24.4,7,.294,.288,30.7,5,33.4,77.063607526,93.214380941,28.4,50.6
"Hamels, Cole",430935,2016,848,23.6,9.1,.307,.315,32,6.7,35.7,75.943485474,93.704193047,27.2,48.7
"Hamels, Cole",430935,2018,805,23.4,8.1,.325,.332,34.4,8.2,35.9,77.926503042,93.724410552,27,47.8
"Jones, Adam",430945,2015,581,17.6,4.1,.334,.338,27.5,10.5,34.5,98.745910091,93.398517016,24.1,60.4
"Jones, Adam",430945,2016,672,17.1,5.8,.319,.328,31.8,9.2,34.7,99.066221633,93.612539581,26.2,60.4
"Jones, Adam",430945,2017,635,17.8,4.3,.334,.317,33.6,7.2,31.1,97.612420249,92.806676992,24.4,58.4
"Jones, Adam",430945,2018,613,15.2,3.9,.315,.311,35.6,5.4,33.1,98.02876214,93.087198701,23.8,55.1
"Jones, Adam",430945,2019,528,19.1,5.9,.308,.319,31.3,7.3,31,97.264484508,92.647410494,26.7,54.5
"Aybar, Erick",430947,2015,638,11.4,3.9,.280,.294,31.3,1.1,19.4,94.647213387,91.323779254,13.3,52.6
"Martin, Russell",431145,2015,507,20.9,10.5,.340,.333,26.8,9.6,40,100.091759217,94.124560242,23.5,41
"Martin, Russell",431145,2016,535,27.7,12,.322,.326,29.4,10.2,40.3,99.735703529,94.022415882,29.9,39
"Kazmir, Scott",431148,2015,763,20.3,7.7,.298,.317,35.4,5.9,34.3,76.907047099,93.018461584,23.1,48.5
"Danks, John",433579,2015,768,16.1,7.3,.344,.312,32,6,30.4,76.769793345,92.916730432,20,48.1
"Hernández, Félix",433587,2015,825,23.2,7,.299,.291,26.8,4.8,34.6,78.866245772,93.348857077,25.1,47
"Granderson, Curtis",434158,2015,682,22.1,13.3,.357,.363,40.9,9,40,98.865756495,93.651697921,20.8,37.5
"Granderson, Curtis",434158,2016,633,20.5,11.7,.339,.333,33.8,7.6,33.1,97.844558841,93.013354879,22,36.5
"Granderson, Curtis",434158,2017,527,23.3,13.5,.330,.340,33.1,12.5,34.4,97.813685466,92.975982733,19.2,38.4
"Verlander, Justin",434378,2016,903,28.1,6.3,.272,.274,29.8,8.3,32.9,77.434162902,93.214610402,26.9,50.2
"Verlander, Justin",434378,2017,849,25.8,8.5,.285,.315,37.4,7.9,35.6,76.196477055,93.56629623,23.6,49.3
"Verlander, Justin",434378,2018,833,34.8,4.4,.259,.237,31.1,7,32.7,78.75990849,93.215622592,31.6,51.2
"Verlander, Justin",434378,2019,847,35.4,5,.243,.248,30.1,8.4,33.3,76.535831441,93.055670637,33.6,51.9
"Verlander, Justin",434378,2022,666,27.8,4.4,.222,.258,32.5,6.3,34.8,77.135794344,93.330588186,24.2,53.7
"Verlander, Justin",434378,2023,669,21.5,6.7,.284,.295,30.5,8.2,41.3,79.990406017,94.269512972,22.5,49.6
"Liriano, Francisco",434538,2015,773,26.5,9.1,.282,.291,33.7,4.8,28.2,74.971629958,92.380109645,33.5,44.9
"Liriano, Francisco",434538,2016,731,23,11.6,.336,.320,28.6,7.1,33.3,78.13093163,93.357773598,28.2,43.3
"Jiménez, Ubaldo",434622,2015,791,21.2,8.6,.320,.305,32.2,5.1,31.8,77.809462528,92.86969483,21.5,41.9
"Hammel, Jason",434628,2015,710,24.2,5.6,.305,.314,37.2,8,36.4,78.569691213,93.540558954,25,48.2
"Hammel, Jason",434628,2016,692,20.8,7.7,.315,.324,33.5,8.2,37.2,80.270904768,93.989707505,23.8,46.6
"Hammel, Jason",434628,2017,804,18,6,.329,.345,35.5,8,33.9,77.770795017,93.393397793,21.5,48
"Pagán, Ángel",434636,2015,551,16.9,5.8,.280,.281,32.9,0.8,22.6,95.094960746,91.576020075,12.4,41.5
"Pagán, Ángel",434636,2016,541,12.2,7.8,.324,.320,36.1,3.4,21.8,94.517204211,91.274645933,11.6,40.7
"Ramirez, Hanley",434670,2016,620,19.4,9.7,.367,.348,29.6,12.2,42,102.60270654,95.461057488,23.9,46.4
"Ramirez, Hanley",434670,2017,553,21,9.2,.318,.347,35,10.5,38.4,100.642184895,94.389231636,25.6,48
"Sánchez, Aníbal",434671,2019,712,18.8,8.1,.296,.312,37.8,7.3,28.3,76.624751693,92.714450571,22.4,48.4
"Morales, Kendrys",434778,2015,639,16.1,9.1,.364,.374,34.3,10,47.4,101.951024342,95.445822105,22.9,47.9
"Morales, Kendrys",434778,2016,618,19.4,7.8,.339,.389,34.5,12.1,49.9,102.729617945,95.980574224,24,48
"Morales, Kendrys",434778,2017,608,21.7,7.1,.320,.354,31.1,10.8,46.6,102.120359252,95.560212248,29,49.6
"Kendrick, Howie",435062,2016,543,17.7,9.2,.303,.332,26.9,6.5,42.1,100.905633472,94.674374404,20.8,47.9
"Napoli, Mike",435063,2016,645,30.1,12.1,.343,.340,33.2,15,39.4,100.694645355,94.626004575,30.5,43.8
"Kinsler, Ian",435079,2015,675,11.9,6.4,.335,.311,36.6,3.1,26.6,95.232079663,91.628863659,12.3,47.1
"Kinsler, Ian",435079,2016,679,16.9,6.6,.356,.326,37.4,4.1,30.8,96.809080402,92.439064779,15.9,44.9
"Kinsler, Ian",435079,2017,613,14,9,.313,.328,37.2,5.5,30.1,96.329091379,92.174345162,15.6,44.5
"Kinsler, Ian",435079,2018,534,12,7.5,.298,.301,36.6,3.3,26.2,95.239510751,91.635867224,12.2,45.5
"McCann, Brian",435263,2015,535,18.1,9.7,.327,.307,29.1,5.9,36.5,98.444416778,93.388572278,17.3,42.1
"Walker, Neil",435522,2015,603,18.2,7.3,.325,.315,33.3,5.1,37.6,98.365567397,93.313297009,19.5,49.7
"Desmond, Ian",435622,2015,641,29.2,7,.294,.286,25.9,8,41.1,101.605778974,94.99907141,29,49.9
"Desmond, Ian",435622,2016,677,23.6,6.5,.336,.319,28.4,8.4,43.6,101.481379741,94.914392441,27.7,46.5
"Desmond, Ian",435622,2018,619,23.6,8.6,.315,.303,28.5,7.6,43.2,100.744285942,94.630591501,29.1,48.3
"Cruz, Nelson",443558,2015,655,25,9,.396,.385,35.4,16.1,47.8,104.801318125,96.787248293,30.8,48.1
"Cruz, Nelson",443558,2016,667,23.8,9.3,.383,.397,34.8,18.5,52.4,105.455090607,97.540246628,29.1,47.4
"Cruz, Nelson",443558,2017,645,21.7,10.9,.385,.405,34.5,15.5,48.3,105.334256066,97.180409265,30.5,47.2
"Cruz, Nelson",443558,2018,591,20.6,9.3,.361,.396,31.3,14.9,51.7,105.6614156,97.439653125,30.6,46.5
"Cruz, Nelson",443558,2019,521,25.1,10.7,.417,.415,38.3,21.5,51.5,105.351946319,97.322233957,32.6,46.2
"Cruz, Nelson",443558,2020,214,27.1,11.7,.411,.383,39.4,15.2,47.2,102.723679524,95.93307824,34.2,47.6
"Cruz, Nelson",443558,2021,584,21.6,8.7,.346,.367,31.8,13.6,52.5,105.497885455,97.364589369,30.7,51
"Cruz, Nelson",443558,2022,507,23.5,9.7,.292,.322,28,9.4,46.1,102.29838061,95.468978262,32,50.8
"Trumbo, Mark",444432,2015,545,24.2,6.6,.327,.325,31,11.5,43,103.250637892,95.84658252,30.9,51.5
"Trumbo, Mark",444432,2016,667,25.5,7.6,.358,.370,31.8,17.9,44.7,104.542707696,96.586320716,29.3,49.3
"Trumbo, Mark",444432,2017,603,24.7,7,.295,.300,26.5,7.9,38.5,101.885594829,94.981976406,29.9,49.6
"Peralta, David",444482,2015,517,20.7,8.5,.380,.355,35.4,9.2,43.4,102.180038418,95.352553116,24.5,47.6
"Peralta, David",444482,2017,577,16.3,7.5,.342,.316,27,4.9,35.4,99.665493426,93.848729537,21.8,48.6
"Peralta, David",444482,2018,614,20.2,7.8,.368,.353,32.9,8.3,46.3,102.631180594,95.674140388,23.7,48
"Peralta, David",444482,2020,218,20.6,6,.333,.299,29.4,5.1,36.3,100.556636709,94.354591139,21.1,46.6
"Peralta, David",444482,2021,538,17.1,8.6,.314,.294,27.2,5.1,41.8,101.204662576,94.748489747,21.3,46.5
"Escobar, Alcides",444876,2015,662,11.3,3.9,.271,.281,30.4,1,16.5,93.173673636,90.678851935,18.5,52
"Escobar, Alcides",444876,2016,682,14.1,4,.278,.262,31.7,1.7,17.6,93.292750522,90.768535541,20.6,53.7
"Escobar, Alcides",444876,2017,629,16.2,2.4,.269,.272,34.1,2.5,21,94.29035898,91.165861694,20.9,53.9
"Escobar, Alcides",444876,2018,531,13.9,5.5,.261,.274,30.3,2.4,21.5,94.38942201,91.220654436,20.5,52.4
"Jay, Jon",445055,2018,586,16.2,5.6,.301,.293,31.8,2,21.4,94.550730605,91.290685023,19.9,49.1
"Nolasco, Ricky",445060,2016,817,17.6,5.4,.318,.318,33.8,7.1,35.9,78.558677785,93.551862007,20.9,46.5
"Nolasco, Ricky",445060,2017,786,18.2,7.4,.357,.365,36.6,9.2,40,79.727428951,94.38914035,25.4,45.9
"Prado, Martín",445988,2015,551,12.3,6.7,.318,.312,33.8,2.5,33.6,97.538678618,92.859026106,11.6,39.5
"Prado, Martín",445988,2016,658,10.5,7.4,.335,.312,31.2,1.4,30.8,96.716693916,92.438265029,10.4,39.6
"Duda, Lucas",446263,2015,554,24.9,11.9,.359,.372,40.2,13,42.3,101.332638,94.972465319,24.9,41.8
"Longoria, Evan",446334,2015,670,19.7,7.6,.327,.340,33.5,9.6,39.7,99.904231429,94.097663789,23.7,46.8
"Longoria, Evan",446334,2016,685,21,6.1,.350,.361,38.1,13.4,41.5,100.450586423,94.476940468,26.1,48.5
"Longoria, Evan",446334,2017,677,16.1,6.8,.312,.310,32.4,5.8,32.4,97.328537054,92.672334806,20.9,49.8
"Longoria, Evan",446334,2018,512,19.7,4.3,.295,.310,32.6,8.2,37.2,98.455586354,93.303418724,20.6,48.6
"Longoria, Evan",446334,2019,508,22,8.5,.322,.351,35.8,7.8,40.8,99.366085607,93.904958902,25.7,46.8
"Longoria, Evan",446334,2020,209,18.7,5.3,.308,.364,29.9,11.5,45.2,101.530260256,95.520896474,21,45
"Cozart, Zack",446359,2016,508,16.5,7.3,.312,.289,31.4,2.6,27.5,96.082829628,92.042175027,18.7,46.8
"Cozart, Zack",446359,2017,507,15.4,12.2,.392,.330,35.7,4.7,28.9,96.24154978,92.132340744,16,40.9
"Kluber, Corey",446372,2015,886,27.7,5.1,.283,.284,33.2,6.3,32.1,77.765719929,93.146480906,27,51.1
"Kluber, Corey",446372,2016,860,26.4,6.6,.275,.282,34.4,6.6,30.4,75.860158029,92.779869048,28.2,48.5
"Kluber, Corey",446372,2017,777,34.1,4.6,.240,.248,33.8,5.9,29.2,73.482502112,92.579947586,33.6,49.1
"Kluber, Corey",446372,2018,842,26.4,4,.270,.276,32.1,7,34.5,77.474814353,93.263122919,26.9,48.2
"Kluber, Corey",446372,2022,689,20.2,3,.316,.316,35.8,6.9,34.7,75.470981451,93.389888686,23.9,51.2
"Shields, James",448306,2015,860,25.1,9.4,.335,.308,31.2,6.3,37.7,79.058752444,93.754663803,28.8,45.8
"Shields, James",448306,2016,821,16.4,10,.377,.359,34.6,9.2,33.3,78.659147619,93.438884966,22.3,44
"Shields, James",448306,2018,871,17.7,9,.326,.350,35.9,9,35.6,78.170011093,93.584878939,24.5,45.4
"Reynolds, Mark",448602,2017,593,29.5,11.6,.357,.320,36.5,9,35.9,99.407083161,93.780711758,34.3,44.6
"Davis, Chris",448801,2015,670,31,12.5,.390,.403,39.7,18.4,45.9,102.292316778,95.621133417,35.6,47.3
"Davis, Chris",448801,2016,665,32.9,13.2,.340,.353,35.7,16.7,44,101.565109535,95.133377791,37.1,42.6
"Davis, Chris",448801,2017,524,37.2,11.6,.312,.329,40.4,13.8,45.5,101.208092652,94.924044487,35.2,42.9
"Davis, Chris",448801,2018,522,36.8,7.9,.239,.272,35.5,11,40.1,99.809059357,94.0388635,34.5,45.1
"García, Jaime",448802,2016,741,20.2,7.7,.334,.310,28.1,6.5,35.3,78.07956375,93.764564168,21.7,45.8
"Volquez, Edinson",450172,2015,850,18.2,8.5,.305,.329,32.7,6.4,33.5,78.44127096,93.321047164,22.5,45.7
"Volquez, Edinson",450172,2016,853,16.3,8.9,.343,.347,32.2,7.3,35.5,78.467344645,93.710160517,19.8,45.8
"Morton, Charlie",450203,2018,695,28.9,9.2,.293,.284,32,6.2,31,76.951516373,93.08194473,28.5,44.8
"Morton, Charlie",450203,2019,790,30.4,7.2,.270,.274,34.3,5.3,32.8,75.623727833,93.081770919,29.6,47.4
"Morton, Charlie",450203,2021,756,28.6,7.7,.264,.284,29.9,5,32.5,77.626260088,93.368970396,29.1,46
"Morton, Charlie",450203,2022,728,28.2,8.7,.320,.318,38,9.5,42.1,78.111657215,94.430490297,29.3,45.6
"Morton, Charlie",450203,2023,716,25.6,11.6,.318,.330,36.8,7.8,39.1,77.30793493,94.400073953,32.2,42.9
"Morton, Charlie",450203,2024,701,23.8,9.3,.335,.331,33,9.3,38.4,77.729736875,93.929105313,26.1,46.6
"Vargas, Jason",450306,2017,756,17.7,7.7,.326,.325,33.8,6.4,32.7,76.494210109,92.888416733,23.6,43.4
"Weaver, Jered",450308,2016,766,13.4,6.7,.365,.352,38.3,8.4,32.1,78.239708822,93.133951804,18.8,45.8
"Zobrist, Ben",450314,2015,535,10.5,11.6,.349,.324,29.3,4.1,34.9,97.625725245,92.940798084,12.6,36.8
"Zobrist, Ben",450314,2016,631,13,15.2,.360,.357,32.5,5.1,35.6,98.19911162,93.170031019,12.8,35.5
"Zobrist, Ben",450314,2018,520,11.5,10.6,.355,.333,35,3.2,38.7,98.1077867,93.360354185,14.2,41.1
"Fister, Doug",450729,2016,778,14.8,8,.340,.331,34.2,5,35.7,76.519269522,93.25770971,15.6,40.5
"Fowler, Dexter",451594,2015,690,22.3,12.2,.333,.307,32,5,30.2,97.222402523,92.630480115,22,41.6
"Fowler, Dexter",451594,2016,551,22.5,14.3,.367,.350,37.1,6.6,33.8,98.048856319,93.030671963,22,39.2
"Fowler, Dexter",451594,2019,574,24.7,12.9,.326,.340,40.6,7.9,28.7,96.524358779,92.292498076,27.1,42.9
"Gallardo, Yovani",451596,2015,793,15.3,8.6,.320,.323,33,3.2,34.3,78.001390777,93.200094358,16.9,42.2
"Headley, Chase",452104,2015,642,21,7.9,.307,.323,36.7,5.6,32.5,97.832743516,92.940152123,21.3,42.9
"Headley, Chase",452104,2016,529,22.3,9.6,.312,.308,33.6,6.4,33.1,97.969209257,93.020418343,24.8,44
"Headley, Chase",452104,2017,586,22.5,10.2,.329,.316,36.9,5.1,33.2,97.54704401,92.799730234,26,44.4
"Lind, Adam",452252,2015,572,17.5,11.5,.351,.327,31.4,8,36,99.239098955,93.694054015,21.2,44.4
"Pence, Hunter",452254,2017,539,18.9,7.4,.303,.319,25.3,6.3,37.6,99.58201599,93.953045685,26.9,44.8
"Span, Denard",452655,2016,637,12.4,8.3,.312,.324,29.5,3.3,29.7,97.007839412,92.543263074,14.2,44.3
"Span, Denard",452655,2017,542,12.7,7.4,.325,.327,34.2,3.7,25.1,95.627568152,91.838526588,11.8,44.1
"Lester, Jon",452657,2015,827,25,5.7,.289,.277,31.3,5.3,28.4,76.763550147,92.74883356,24.5,45.9
"Lester, Jon",452657,2016,796,24.7,6.5,.264,.272,31.2,4.9,29.2,77.528217198,92.686430661,24,47.1
"Lester, Jon",452657,2017,763,23.6,7.9,.320,.304,34.1,6.4,29.5,75.657403976,92.577866844,25.2,45.4
"Lester, Jon",452657,2018,761,19.6,8.4,.319,.342,38.9,7.4,35.4,78.516620951,93.495959886,20.3,44.3
"Lester, Jon",452657,2019,764,21.6,6.8,.344,.336,37.1,8.2,34.7,78.141982472,93.604731689,21.1,45.7
"Lester, Jon",452657,2020,265,15.8,6.4,.333,.363,34,12.3,38.9,77.820627228,94.226303762,18.1,44.3
"Cabrera, Asdrúbal",452678,2015,551,19.4,6.5,.319,.292,32.1,6,32.3,96.997058223,92.551497386,22.9,54
"Cabrera, Asdrúbal",452678,2016,568,18.1,6.7,.345,.317,36.4,6.3,33.3,97.172298873,92.748565343,23,50.8
"Cabrera, Asdrúbal",452678,2017,540,15.4,9.3,.338,.331,37.6,5.2,33.5,96.988177222,92.610835758,19.1,47
"Cabrera, Asdrúbal",452678,2018,592,20.1,6.9,.332,.321,33.3,7.8,39.6,98.671527887,93.577552518,22.6,49.1
"Cabrera, Asdrúbal",452678,2019,514,20,11.1,.331,.317,37.3,6.1,35.3,97.630785829,92.935685272,20.6,45.5
"Cabrera, Asdrúbal",452678,2020,213,18.8,8.9,.319,.317,30.5,6.5,38.3,97.982868684,93.323023224,20.5,46.1
"Ellsbury, Jacoby",453056,2016,616,13.6,8.8,.308,.307,30.8,1.9,31.4,96.949773991,92.49193176,16.9,46.5
"Tulowitzki, Troy",453064,2015,534,21.3,7.1,.335,.320,31.6,6,40.4,100.349359399,94.443323973,23,44.9
"Tulowitzki, Troy",453064,2016,544,18.6,7.9,.327,.351,33.7,10.4,40.8,99.968194416,94.172079084,20.9,44.6
"Kennedy, Ian",453178,2015,712,24.4,7.2,.347,.327,35.6,9.4,39.8,79.265289476,94.03931779,25.1,46.9
"Kennedy, Ian",453178,2016,818,22.5,8.1,.312,.323,32.4,8.6,38.7,79.045151148,93.924687625,23.4,47.3
"LeBlanc, Wade",453281,2018,662,19.6,6,.306,.317,36.2,9.7,34.6,76.268529752,93.257556715,21.9,46.2
"Scherzer, Max",453286,2015,899,30.7,3.8,.259,.253,33.2,6.6,29.8,76.531769821,92.79660595,31,55.2
"Scherzer, Max",453286,2016,902,31.5,6.2,.267,.259,30.8,7.3,29.5,76.600744771,92.906856711,32.4,51.8
"Scherzer, Max",453286,2017,779,34.4,6.9,.247,.243,31.4,6.3,29.5,76.053612615,92.471210917,32.2,52
"Scherzer, Max",453286,2018,866,34.6,5.9,.252,.248,33.8,7.4,31.7,75.860880685,92.647810141,33.1,52.4
"Scherzer, Max",453286,2019,693,35.1,4.8,.269,.253,35.2,7.1,35.5,76.796564853,93.26843887,33.9,52.5
"Scherzer, Max",453286,2020,295,31.2,7.8,.319,.321,41.9,8.5,36.3,77.195484023,94.048872832,32.5,50.5
"Scherzer, Max",453286,2021,693,34.1,5.2,.248,.262,33.6,8,34.3,76.620696404,93.694755975,34.2,50.6
"Richard, Clayton",453385,2017,858,17.6,6.9,.357,.324,29.1,4.9,33.3,75.946296741,93.477245504,20.6,48.5
"Arrieta, Jake",453562,2015,870,27.1,5.5,.225,.241,27.6,2.6,24.7,74.621439928,91.862529588,25.4,47.4
"Arrieta, Jake",453562,2016,795,23.9,9.6,.261,.291,30.8,5.5,29.6,76.361267362,92.51406872,25.2,45.6
"Arrieta, Jake",453562,2017,707,23.1,7.8,.306,.304,31.3,6.3,33.3,76.739003445,93.043328674,21.3,44.1
"Arrieta, Jake",453562,2018,722,19.1,7.9,.315,.312,32.9,6.1,31.7,77.758042023,92.933534786,19.5,46.1
"Blackmon, Charlie",453568,2015,682,16.4,6.7,.345,.318,35.4,4.3,29,96.789253682,92.405017945,16,42.8
"Blackmon, Charlie",453568,2016,641,15.9,6.7,.394,.362,39.1,7.6,33.5,98.398370641,93.276940427,17.2,47.1
"Blackmon, Charlie",453568,2017,725,18.6,9,.414,.372,38.1,9.6,36.4,98.886140196,93.502053399,19,46.4
"Blackmon, Charlie",453568,2018,696,19.3,8.5,.368,.346,34.9,6.9,35.2,98.508488049,93.303951996,20.3,47.7
"Blackmon, Charlie",453568,2019,634,16.4,6.3,.387,.367,36.8,8.8,40.3,99.698822,94.031157328,19.7,49.9
"Blackmon, Charlie",453568,2020,247,17.8,7.7,.340,.331,38.5,5,29.7,97.303074157,92.71975736,23.3,50.2
"Blackmon, Charlie",453568,2021,582,15.6,9.3,.333,.358,32.6,7,38.5,99.359821596,93.750499272,20.2,47.3
"Blackmon, Charlie",453568,2022,577,18.9,5.5,.317,.304,36.7,4.4,30.6,97.426435333,92.732128429,21.4,51.5
"Frazier, Todd",453943,2015,678,20.2,6.5,.342,.331,32.7,10.6,38.8,100.175287966,94.201525487,24.9,52.9
"Frazier, Todd",453943,2016,666,24.5,9.6,.326,.314,31.7,11.5,35.6,99.373683535,93.75314655,28.3,46.7
"Frazier, Todd",453943,2017,576,21.7,14.4,.335,.355,33.1,11.2,30.3,97.706168418,92.869453003,25.7,40.4
"Markakis, Nick",455976,2015,686,12.1,10.2,.327,.305,30.6,0.9,33.6,97.823168238,92.998083551,11.6,41.6
"Markakis, Nick",455976,2016,684,14.8,10.4,.321,.337,37.7,5.5,42.6,99.656467012,94.166160539,12.8,40.4
"Markakis, Nick",455976,2017,670,16.4,10.1,.321,.320,34,3.6,34.7,98.025201618,93.159777069,15.6,40.7
"Markakis, Nick",455976,2018,705,11.3,10.2,.345,.345,38.4,3.3,41.6,99.103546255,93.900090291,11.4,40.4
"Pedroia, Dustin",456030,2016,698,10.5,8.7,.358,.331,35.3,2.8,28.9,96.143655071,92.220249481,12.2,43.1
"Price, David",456034,2015,888,25.3,5.3,.270,.279,34.1,5.2,30.8,76.771431486,93.048346294,25.4,51
"Price, David",456034,2016,951,24,5.3,.309,.298,32.4,7.1,33,76.790504264,93.434837926,24.8,51
"Price, David",456034,2018,722,24.5,6.9,.300,.313,33.2,7.7,35.7,78.004062241,93.851433472,22.9,47.5
"Núñez, Eduardo",456488,2016,595,14.8,4.9,.324,.299,28.8,5.2,37,99.593665721,93.89352893,17.5,53.6
"Núñez, Eduardo",456488,2018,502,13.7,3.2,.292,.280,27.2,3.8,35.7,98.951093671,93.495721304,15.7,53.8
"Cueto, Johnny",456501,2015,866,20.3,5.3,.294,.299,31.9,5.7,31.8,75.641304415,92.894103702,22.1,49.9
"Cueto, Johnny",456501,2016,881,22.5,5.1,.276,.291,30.2,5.2,33.2,77.282585166,93.196412053,21.8,48.2
"Cueto, Johnny",456501,2020,277,20.2,9.4,.324,.336,34.4,5.8,33.9,77.153333789,93.34431836,19.9,45.2
"Bailey, Homer",456701,2019,696,21.4,7.6,.307,.318,31.6,6.2,39.5,80.757001033,94.235323884,24.3,48.5
"Butler, Billy",456714,2015,601,16.8,8.7,.311,.335,30.8,8.4,40.6,99.857258558,94.077021585,18.8,44.7
"Cain, Lorenzo",456715,2015,604,16.2,6.1,.360,.364,35.4,6.3,38.1,100.538744215,94.492575708,19,49.4
"Cain, Lorenzo",456715,2017,645,15.5,8.4,.347,.348,32.1,3.9,35.6,99.721094938,93.977696337,19.8,49.3
"Cain, Lorenzo",456715,2018,620,15.2,11.5,.359,.342,30.9,3.6,40.5,100.234808348,94.292649284,17.8,42.3
"Cain, Lorenzo",456715,2019,623,17,8,.302,.335,31.1,4.4,42.1,100.238276903,94.349469379,19.2,44.7
"Solano, Donovan",456781,2020,203,19.2,4.9,.357,.320,43.4,4.6,34.9,98.263815526,93.264044768,22,51.9
"McCutchen, Andrew",457705,2015,685,19.4,14.3,.380,.396,41,9.8,44.6,100.222109318,94.543010159,26.1,43.3
"McCutchen, Andrew",457705,2016,675,21.2,10.2,.329,.341,32.1,9.8,41.7,100.0584415,94.291172278,25.5,46.2
"McCutchen, Andrew",457705,2017,650,17.8,11.2,.360,.358,33.7,8.5,38.9,99.573228009,93.969810708,21.2,44.9
"McCutchen, Andrew",457705,2018,682,21.3,13.9,.347,.357,36.2,9,41.9,99.79801907,94.152564884,22.5,39.8
"McCutchen, Andrew",457705,2020,241,19.9,9.1,.327,.355,36.5,8.3,41.2,99.22758119,93.968213095,22,40.6
"McCutchen, Andrew",457705,2021,574,23,14.1,.335,.340,33.6,9,39.5,99.449259775,93.945349747,25.9,41.7
"McCutchen, Andrew",457705,2022,580,21.4,9.8,.309,.325,36.2,8.6,40,99.92693269,94.143160838,24.2,44.9
"McCutchen, Andrew",457705,2024,515,25.8,11.3,.325,.325,31.9,12,36.9,99.424962893,93.831123091,28.9,42
"McCutchen, Andrew",457705,2025,551,21.4,12.2,.309,.333,34.5,8.4,42.5,100.124243278,94.328514568,26.2,45.6
"Jackson, Austin",457706,2015,527,23.9,5.5,.305,.304,34.4,4.3,39.8,99.140160971,93.730833811,22.2,44.3
"Upton, Justin",457708,2015,619,25.7,11,.340,.330,28.9,11.4,39.2,100.612936,94.512007079,31.8,44.4
"Upton, Justin",457708,2016,626,28.6,8,.329,.342,33.3,13.8,45.5,103.617772296,96.069918389,30.8,44
"Upton, Justin",457708,2017,635,28.3,11.7,.378,.361,36,14.5,41.3,100.869304656,94.541684074,30.5,44.4
"Upton, Justin",457708,2018,613,28.7,10.4,.348,.354,34.7,15.2,47.4,102.528237857,95.640779669,31.5,42.6
"Maybin, Cameron",457727,2015,555,18.4,8.1,.307,.312,26.8,3.2,35.9,98.775083737,93.417937899,20.5,43.6
"Turner, Justin",457759,2016,622,17.2,7.7,.353,.354,37.4,9.3,41.4,99.439496974,94.092821934,18.5,44.4
"Turner, Justin",457759,2017,543,10.3,10.9,.400,.399,37.7,9.1,38.6,98.406863564,93.433791092,15.7,43.8
"Turner, Justin",457759,2019,549,16,9.3,.370,.377,38.6,8.5,43,99.316567333,94.054303103,17.2,45.5
"Turner, Justin",457759,2021,612,16,10,.358,.361,36.5,8,42.4,99.559758318,94.25153575,17.7,44.5
"Turner, Justin",457759,2022,532,16.7,9.4,.343,.345,40.6,8,40.6,99.002545648,93.736858523,20.3,48.2
"Turner, Justin",457759,2023,626,17.6,8.1,.346,.338,36.8,5.7,39,98.567368238,93.587032225,17.5,45
"Turner, Justin",457759,2024,539,17.6,10.9,.327,.333,40.1,4.6,32.5,96.702342312,92.434680753,17,45.4
"Posey, Buster",457763,2015,623,8.3,9,.363,.377,33.6,6.9,37.5,98.97351098,93.670422163,13.3,47.2
"Posey, Buster",457763,2016,614,11.1,10.4,.341,.361,32.6,7.7,43.2,99.980849274,94.339517495,14.1,46.7
"Posey, Buster",457763,2017,568,11.6,10.7,.366,.345,36.5,3.8,34.8,97.772684491,93.076547332,15.9,44.2
"Espinosa, Danny",457787,2016,601,29,9,.294,.286,26.6,10.2,33.4,100.021848141,94.167752026,33,48.9
"Bruce, Jay",457803,2015,649,22.3,8.9,.309,.325,34.2,9,37.6,99.74158108,94.037484108,25.1,48.2
"Bruce, Jay",457803,2016,589,21.4,7.5,.340,.329,35.8,9.2,38.2,99.066186699,93.59365767,26,51.4
"Bruce, Jay",457803,2017,617,22.5,9.2,.350,.354,39.4,11.2,38.8,99.028100909,93.629769688,27.6,49.8
"Happ, J.A.",457918,2015,717,21.1,6.3,.304,.304,34.9,5.3,37.4,79.230778048,93.879585269,20.2,45.8
"Happ, J.A.",457918,2016,796,20.5,7.5,.291,.321,32.1,8.2,37.2,79.006846942,94.164660342,22.3,47
"Happ, J.A.",457918,2018,732,26.4,7,.295,.302,30.9,9.6,34,77.746689496,93.580311996,24.1,47.8
"Votto, Joey",458015,2015,695,19.4,20.6,.427,.422,42.7,12.1,42.2,100.0119881,94.32793995,24,36.7
"Votto, Joey",458015,2016,677,17.7,16,.413,.399,40.5,10.3,39.9,98.837699864,93.672828526,18.6,41.5
"Votto, Joey",458015,2017,707,11.7,19,.428,.416,40.5,9.6,32.8,97.453070166,92.834896258,15.4,41.9
"Votto, Joey",458015,2018,623,16.2,17.3,.370,.391,45.9,6.9,35.1,97.532085714,92.877803679,17.9,39.7
"Votto, Joey",458015,2019,608,20.2,12.5,.332,.347,40.7,7.4,38.2,98.39220904,93.284395747,19.6,41.5
"Votto, Joey",458015,2020,223,19.3,16.6,.347,.369,36.4,9.1,35.7,98.39738875,93.296095944,22.5,36.2
"Votto, Joey",458015,2021,533,23.8,14.4,.391,.404,44.3,17.2,53.2,102.539441104,96.093851969,29.4,43.9
"Coghlan, Chris",458085,2015,503,18.7,11.5,.337,.325,32.8,6.1,33.3,97.564280647,92.868263982,19.8,43.8
"Lynn, Lance",458681,2015,751,22.2,9.1,.311,.303,29,5.8,30.9,79.057149957,93.430351151,21.2,46.9
"Lynn, Lance",458681,2017,776,19.7,10.1,.305,.315,32.3,6.6,27.5,75.979605172,92.614986169,22.7,44.9
"Lynn, Lance",458681,2019,875,28.1,6.7,.294,.283,34,6.5,33.8,77.48156893,93.230290407,28.5,49
"Lynn, Lance",458681,2020,344,25.9,7.3,.287,.279,34.4,5.4,37.5,77.997525495,93.735972793,25.4,49.5
"Lynn, Lance",458681,2023,808,23.6,8.3,.347,.336,35.2,10.4,39.3,77.065476868,94.313936189,28.8,50.1
"Tomlin, Josh",458708,2016,725,16.3,2.8,.327,.332,35.4,7.9,32.2,77.349528786,93.261151109,17,48.4
"Gardner, Brett",458731,2015,656,20.6,10.4,.327,.332,32,4.6,34.9,98.0788911,93.139408732,21.4,37.4
"Gardner, Brett",458731,2016,634,16.7,11,.317,.311,27.8,2.7,24,95.537567202,91.768783601,15.4,37.3
"Gardner, Brett",458731,2017,682,17.9,10.6,.336,.333,34.4,4.1,31,96.828625447,92.422865617,15.5,36.3
"Gardner, Brett",458731,2018,609,17.6,10.7,.305,.293,30.6,3.1,32.9,97.371252958,92.777033318,13.7,36.3
"Gardner, Brett",458731,2019,550,19.6,9.5,.344,.299,29.5,4.7,32.7,97.488521211,92.787581583,19.9,38.7
"Saunders, Michael",459431,2016,558,28.1,10.6,.348,.318,33.2,8.5,44.5,100.77075,94.693404424,29.2,44.7
"Joyce, Matt",459964,2017,544,20.8,12.1,.343,.356,38.3,9.6,34.4,98.388749333,93.231177361,24.9,42.3
"Pelfrey, Mike",460059,2015,714,12,6.3,.339,.347,33.1,5,37.1,77.623296223,93.637482703,14.1,45.4
"Braun, Ryan",460075,2015,567,20.3,9.5,.366,.374,31.7,12.7,45.4,102.451967436,95.645331568,23,50.3
"Braun, Ryan",460075,2016,564,17.4,8.2,.378,.349,27.2,10.2,38.9,100.969640293,94.600225854,20.9,50.9
"Braun, Ryan",460075,2019,508,20.7,6.7,.354,.339,33.3,10.5,45.3,102.052932898,95.456152393,24.9,51.6
"Gordon, Alex",460086,2016,506,29.2,10.3,.303,.323,35.2,9.4,36.6,98.612210203,93.42446878,29.4,43.5
"Gordon, Alex",460086,2017,541,23.3,8.3,.269,.296,34.6,5.2,31.3,97.557368844,92.780268526,23,47.4
"Gordon, Alex",460086,2018,568,21.8,8.8,.305,.329,36.5,7.2,39.7,99.24484599,93.730821802,23.9,46.5
"Gordon, Alex",460086,2019,633,15.8,8.1,.319,.330,33.7,5.7,38.4,98.714198996,93.515087773,21.8,48.1
"Moss, Brandon",461235,2015,526,28.1,9.3,.308,.336,34.9,13.7,39.5,100.855427338,94.607305682,29.6,49.3
"Kemp, Matt",461314,2015,648,22.7,6,.325,.336,34.4,9,40.5,99.434988125,94.002033557,26.3,50.9
"Kemp, Matt",461314,2016,672,23.2,5.4,.333,.347,37.2,11.8,38,99.092328235,93.605489937,29.4,54.9
"Kemp, Matt",461314,2018,506,22.7,7.1,.348,.359,42.1,12.1,39.1,100.160493488,94.303897872,29.4,50.7
"Gonzalez, Gio",461829,2015,758,22.3,9.1,.312,.303,28.9,5.6,34.1,77.611293427,93.365742762,23.7,44.9
"Gonzalez, Gio",461829,2016,765,22.4,7.7,.317,.316,31.2,6.8,33.8,78.905913695,93.393239034,23.4,44.2
"Gonzalez, Gio",461829,2017,827,22.7,9.6,.281,.295,29.5,5.6,27.9,75.115433494,92.514745688,22.3,42.3
"Gonzalez, Gio",461829,2018,746,19.8,10.7,.320,.329,35.1,6.2,34.5,76.94446063,93.321813688,24,43.2
"Plouffe, Trevor",461858,2015,632,19.6,7.9,.321,.330,33.5,8.9,39.4,99.770838744,94.070649305,21,44.9
"Andrus, Elvis",462101,2015,661,11.8,7,.292,.288,28,1.7,27.1,96.71924004,92.364700359,14.8,43.1
"Andrus, Elvis",462101,2016,568,12.3,8.3,.344,.320,32.4,2,31.8,97.358116652,92.748998186,16.3,43.4
"Andrus, Elvis",462101,2017,689,14.7,5.5,.344,.309,32.5,4.6,31.3,97.34644348,92.675939744,19.6,47.3
"Andrus, Elvis",462101,2019,648,14.8,5.2,.300,.311,32.5,3.8,34.8,98.037067647,93.090040864,19.6,46.4
"Andrus, Elvis",462101,2021,541,15,5.7,.270,.311,34,2.1,34.8,98.143821256,93.154317918,19.6,48.9
"Andrus, Elvis",462101,2022,577,15.9,6.8,.310,.296,29.1,4.5,34.8,98.336003699,93.236647643,21.4,45.6
"Estrada, Marco",462136,2015,724,18.1,7.6,.276,.288,31,6,30.8,78.214969847,92.751640515,21.9,49.6
"Estrada, Marco",462136,2016,723,22.8,9,.279,.296,31.9,8.5,31.5,77.811059017,93.240246859,26.2,45.8
"Estrada, Marco",462136,2017,806,21.8,8.8,.333,.305,30.8,8,30.2,76.270660362,92.870869528,24.2,49.3
"Cervelli, Francisco",465041,2015,510,18.4,9,.341,.325,33.4,4.6,35.6,98.245588146,93.233819466,19.1,41.3
"Cabrera, Melky",466320,2015,683,12.9,5.9,.307,.306,30.9,2.8,36.2,99.156851015,93.703486598,13.5,47
"Cabrera, Melky",466320,2016,646,10.7,7.3,.342,.312,33.6,2.4,34.2,98.407373462,93.273342212,14,49
"Cabrera, Melky",466320,2017,666,11.1,5.4,.319,.331,33.6,4.3,35.1,98.704474364,93.396938436,13.4,46.2
"Sandoval, Pablo",467055,2015,505,14.5,5,.288,.278,28.7,5.6,33.5,98.173751684,93.137433146,19.1,58.8
"Ramos, Wilson",467092,2015,504,20,4.2,.265,.300,30.1,7,44.5,101.887378191,95.193514787,24.3,53.6
"Ramos, Wilson",467092,2016,523,15.1,6.7,.361,.348,32.4,8.5,43.2,101.888754495,95.29017757,19.1,50
"Ramos, Wilson",467092,2019,524,13.2,8.4,.327,.314,25.8,4.9,42.5,100.551024657,94.552424005,20.5,53.9
"Nova, Iván",467100,2016,684,18.6,4.1,.330,.323,31.9,7.7,41,80.616567347,94.698374816,20.5,49.5
"Nova, Iván",467100,2017,785,16.7,4.6,.330,.340,34,7.8,36.8,79.549556807,93.808280474,17.9,50.5
"Nova, Iván",467100,2019,806,14.1,5.8,.351,.352,34.6,7.8,38.4,77.427465176,94.102419968,18.5,48.9
"Santana, Carlos",467793,2015,666,18.3,16.2,.331,.345,27.9,8.2,39.7,100.380489577,94.255167488,19.4,36.6
"Santana, Carlos",467793,2016,688,14.4,14.4,.370,.385,29.3,10.8,43.2,101.171694421,94.818326219,19.2,39.2
"Santana, Carlos",467793,2017,667,14.1,13.2,.350,.359,28.4,8.3,38.6,100.531000591,94.310816646,19.4,40
"Santana, Carlos",467793,2018,679,13.7,16.2,.333,.346,30.1,7.7,39.1,100.036000042,94.116971911,19.4,41.4
"Santana, Carlos",467793,2019,686,15.7,15.7,.380,.367,29.1,10.3,44.9,101.70770382,95.190037742,20.4,39.5
"Santana, Carlos",467793,2020,255,16.9,18.4,.316,.372,32.3,6.8,36.6,99.260366296,93.650599074,20.6,36.3
"Santana, Carlos",467793,2021,659,15.5,13.1,.294,.333,28,6.9,41.9,100.529242479,94.571698094,22.3,43.4
"Santana, Carlos",467793,2022,506,17.4,14,.308,.356,31.6,9.3,44.9,100.993708488,94.851060233,21.3,42.6
"Santana, Carlos",467793,2023,619,16.8,10.5,.323,.309,31.3,6.7,36.4,99.367236,93.791213073,22.1,45.3
"Santana, Carlos",467793,2024,594,16.7,10.9,.326,.333,30.9,7.3,39.9,99.506124387,94.004167778,23.3,43.3
"Parra, Gerardo",467827,2015,589,15.6,4.8,.334,.302,32.8,3.8,30,97.181814459,92.647995711,18.4,54.8
"Chacín, Jhoulys",468504,2017,765,20,9.4,.302,.307,29.1,6.6,28.4,75.784707597,92.380081553,20.5,42.6
"Chacín, Jhoulys",468504,2018,796,19.6,8.9,.287,.320,32.8,7,37.8,78.050611481,93.927760278,21.3,43.4
"González, Carlos",471865,2015,608,21.9,7.6,.364,.340,30.6,12.3,38.6,102.528334335,95.310136173,30.6,53.7
"González, Carlos",471865,2016,632,20.4,7.3,.361,.339,32.2,9.5,41.2,102.688740536,95.434184743,30.7,51.3
"González, Carlos",471865,2017,534,22.3,10.5,.327,.303,28.9,6.6,37,100.346325,94.176876433,32,50
"González, Carlos",471865,2018,504,22.4,7.3,.338,.300,30,6.8,39.1,102.137361648,95.184971852,29.4,50.3
"Carrasco, Carlos",471911,2015,730,29.6,5.9,.281,.265,28.8,5.4,34.1,78.885063423,93.372458397,28.7,52
"Carrasco, Carlos",471911,2017,798,28.3,5.8,.289,.295,34.1,8,34.6,75.954064646,93.471092998,29.8,48.9
"Carrasco, Carlos",471911,2018,784,29.5,5.5,.288,.283,32.9,6.7,39.1,79.706658008,94.074574751,33.1,49.7
"Carrasco, Carlos",471911,2020,280,29.3,9.6,.292,.300,35.5,8.3,34.9,76.917276386,93.634904277,32.8,48.8
"Anderson, Brett",474463,2015,750,15.5,6.1,.316,.293,24.9,5,32.8,78.461492226,93.051265707,18.5,46
"Anderson, Brett",474463,2019,743,12.1,6.6,.308,.347,30.5,7.8,40,78.996192736,94.183617343,17,47.5
"Mercer, Jordy",474568,2016,584,14.2,8.7,.304,.294,27.9,2.6,26.3,96.404053905,92.223860262,15.1,43.5
"Mercer, Jordy",474568,2017,558,15.8,9.1,.308,.299,35.3,3.4,32.4,96.630869951,92.331540922,15.6,41.9
"Belt, Brandon",474832,2015,556,26.4,10.1,.359,.373,46.4,11.2,41.8,100.109191928,94.416939063,28.2,49.8
"Belt, Brandon",474832,2016,655,22.6,15.9,.374,.383,42.2,12.7,32.4,98.247399791,93.202240472,25.3,47.4
"Belt, Brandon",474832,2019,616,20.6,13.5,.319,.346,41.4,9.2,35.7,97.86413404,92.972052601,22.8,46.3
"Carter, Chris",474892,2016,644,32,11.8,.346,.368,36.3,19.4,46.2,103.546610229,96.086521862,38.4,43.7
"Ross, Tyson",475115,2015,823,25.8,10.2,.292,.277,25,3.7,32.8,77.537817165,92.672191791,30.6,43.2
"Alonso, Yonder",475174,2016,532,13.9,8.5,.299,.316,33.3,4.4,37.4,99.474821244,93.843411119,17.6,46.4
"Alonso, Yonder",475174,2017,521,22.6,13.1,.366,.362,35.7,10.6,41.1,100.057401916,94.206907808,26.1,47.2
"Alonso, Yonder",475174,2018,574,21.4,8.9,.319,.331,36.9,10.7,37.5,99.193885206,93.63834634,25.4,50.4
"Smoak, Justin",475253,2017,637,20.1,11.5,.371,.390,39.4,14.8,43,100.441081336,94.461572656,23.5,43
"Smoak, Justin",475253,2018,594,26.3,14,.349,.337,36.9,11.7,42.5,100.299994716,94.321346524,25.3,40.3
"Zimmerman, Ryan",475582,2017,576,21.9,7.6,.387,.378,32.3,13.3,49.1,103.274381658,96.067274534,24.4,44.3
"Hellickson, Jeremy",476451,2016,772,19.9,5.8,.304,.322,37.4,8.2,28.4,77.188686877,93.001822156,24.1,48
"Hellickson, Jeremy",476451,2017,695,13.8,6.8,.338,.350,35.3,7.4,34.7,76.992957681,93.326679048,18.1,48
"Lowrie, Jed",476704,2017,645,15.5,11.3,.347,.365,43.2,6.2,37.7,97.922941288,93.186905794,18.8,48.2
"Lowrie, Jed",476704,2018,680,18.8,11.5,.347,.327,38,5.6,37.9,98.082412906,93.245694957,20.4,45.9
"Lowrie, Jed",476704,2021,512,21.1,9.6,.311,.344,36.5,9.3,45.9,100.200115198,94.60925779,24.2,46.7
"Niese, Jonathon",477003,2015,770,14.7,7.1,.333,.319,29.8,5,32.5,78.239220284,93.410442487,14.8,45.2
"Kershaw, Clayton",477132,2015,890,33.8,4.7,.231,.228,29,3.9,24.4,75.253223876,92.038684524,32.6,51.4
"Kershaw, Clayton",477132,2017,678,29.8,4.4,.258,.263,30.5,7.5,27.1,74.004493868,92.361550426,29.9,51.7
"Kershaw, Clayton",477132,2019,706,26.8,5.8,.280,.289,30.1,7.8,34.1,78.595967339,93.45842669,27.7,51.3
"Brantley, Michael",488726,2015,596,8.6,10.1,.368,.346,36,4.4,36.2,98.738259072,93.479789979,8.7,42.3
"Brantley, Michael",488726,2018,630,9.5,7.6,.359,.357,38.3,3.8,38.4,98.880704167,93.709531213,11,44.2
"Brantley, Michael",488726,2019,637,10.4,8,.367,.357,36.3,5.9,37.3,98.944887791,93.592931345,10.7,43.8
"Brantley, Michael",488726,2020,187,15,9.1,.362,.325,34.5,4.9,37.3,98.251374648,93.415636667,16.3,39.9
"Brantley, Michael",488726,2021,508,10.4,6.5,.347,.361,38.8,5.8,42.9,99.686219375,94.187918365,10.9,45.6
"Cashner, Andrew",488768,2015,804,20.5,8.2,.335,.306,30.5,5.8,34.6,78.766129007,93.562191363,19.7,45.6
"Cashner, Andrew",488768,2017,704,12.2,9.1,.304,.330,32.3,4.1,32.3,75.696292841,93.277513974,14.9,44.7
"Escobar, Yunel",488862,2015,591,11.8,7.6,.348,.335,29.9,3.4,36.3,98.747718114,93.570374276,17.8,49.9
"Escobar, Yunel",488862,2016,567,11.8,7.1,.327,.316,27.8,3.2,36.1,98.884000405,93.515528397,16.7,48.7
"Miley, Wade",489119,2015,831,17.7,7.7,.323,.311,33.8,5,31.5,76.891431457,93.016582255,21,43.3
"Miley, Wade",489119,2016,711,19.3,6.9,.346,.345,35.1,7.6,37.4,78.408058577,93.886690891,20.8,46.7
"Miley, Wade",489119,2019,720,19.4,8.5,.311,.307,29,5,32.5,76.949157521,93.08191824,22.9,44.6
"Miley, Wade",489119,2021,690,18.1,7.2,.317,.312,31.8,6.1,34.2,73.012654016,93.173406821,23.9,47.5
"Morrison, Logan",489149,2015,511,15.9,9.2,.298,.338,29,7.8,37.7,100.455092473,94.373840577,18.5,47.9
"Morrison, Logan",489149,2017,601,24.8,13.5,.363,.368,39.6,14.2,42.3,100.762449945,94.491850929,28.8,46
"Cespedes, Yoenis",493316,2015,676,20.9,4.9,.367,.380,32.4,12.6,44.8,103.085078601,95.983210103,23.6,48.9
"Cespedes, Yoenis",493316,2016,543,19.9,9.4,.369,.374,32.9,10.7,47.5,102.453598777,95.709704587,24.7,47
"Gurriel, Yuli",493329,2017,564,11,3.9,.344,.326,29.2,3.9,43.5,100.797824255,94.666288745,17.7,48.3
"Gurriel, Yuli",493329,2018,573,11,4,.323,.290,32.6,2.1,36.6,98.250145353,93.267952557,15.7,50.3
"Gurriel, Yuli",493329,2019,612,10.6,6,.364,.321,33.5,4,38.1,99.115304494,93.675495972,14.8,49.7
"Gurriel, Yuli",493329,2020,230,11.7,5.2,.281,.318,34.4,3.7,36.5,98.527696064,93.454652781,15.6,48.8
"Gurriel, Yuli",493329,2021,605,11.2,9.8,.363,.326,31,3.4,42,99.889790127,94.187271203,13.9,42.8
"Gurriel, Yuli",493329,2022,584,12.5,5.1,.285,.275,30.3,1.9,35.6,98.291200127,93.270425297,14.3,48.5
"Ramirez, Alexei",493351,2015,622,10.9,5,.279,.268,32.2,1.1,22.2,94.535576969,91.313183176,15.6,48.6
"Ramirez, Alexei",493351,2016,506,12.5,4.2,.264,.256,30.9,0.5,23.9,94.51692267,91.334103114,16.6,48.6
"Solarte, Yangervis",500208,2015,571,9.8,6,.324,.298,29.1,2.5,31.4,97.296716537,92.733719416,13.3,48.4
"Solarte, Yangervis",500208,2017,512,11.9,7.2,.311,.295,31.8,4.5,27.6,96.683606453,92.370714926,16,51.5
"Solarte, Yangervis",500208,2018,506,14.2,6.1,.284,.301,30,5,32,97.4511858,92.742862155,17.5,54.3
"Rojas, Miguel",500743,2018,528,13.1,4.5,.281,.289,35.2,1,23.8,94.810442,91.494047976,15.5,49
"Rojas, Miguel",500743,2019,526,11.8,6.1,.305,.299,31.9,2.7,28.8,96.91060967,92.477684269,16.5,47.1
"Rojas, Miguel",500743,2021,539,13.7,6.9,.311,.286,32.4,2.8,32.9,96.919576095,92.460967976,19.3,45.7
"Rojas, Miguel",500743,2022,507,12,5.1,.268,.292,33.1,1.9,27.1,96.249960631,92.126001845,15.8,47.9
"Quintana, Jose",500779,2015,862,20.5,5.1,.312,.307,34,4.8,32.9,77.662764887,93.199397267,21.7,46.5
"Quintana, Jose",500779,2016,837,21.6,6,.297,.293,33.1,5,34.2,78.012765118,93.183909207,18.6,45.8
"Quintana, Jose",500779,2017,790,26.2,7.7,.301,.309,36.3,6.7,35.5,76.595901344,93.267433228,21.4,43.9
"Quintana, Jose",500779,2018,739,21.4,9.2,.319,.321,33.7,6.7,37.6,79.719928826,93.737849168,20.6,42.8
"Quintana, Jose",500779,2019,745,20.4,6.2,.321,.326,34.7,6.5,37.9,80.580937899,93.957980447,20.9,44.3
"Quintana, Jose",500779,2022,679,20.2,6.9,.286,.307,34.4,5.5,35.8,74.438826914,93.299908909,24,47.9
"Quintana, Jose",500779,2024,717,18.8,8.8,.312,.330,32.9,6.7,38.2,76.44604848,93.89600374,22.2,43.1
"Escobar, Eduardo",500871,2018,631,20,8.2,.346,.323,38.6,9,27.6,96.604661719,92.302469842,23.9,53
"Escobar, Eduardo",500871,2019,699,18.6,7.2,.341,.326,38.6,7.5,31.4,96.833323953,92.47242407,24.8,52.6
"Escobar, Eduardo",500871,2020,222,18.5,6.8,.257,.306,34.8,5.5,31.7,97.095200488,92.633428037,21.6,51.4
"Escobar, Eduardo",500871,2021,599,20.7,8,.334,.329,38,8.9,34.5,98.233403679,93.168115165,23.9,49.5
"Escobar, Eduardo",500871,2022,542,23.8,7.4,.311,.321,38.7,9.4,37.6,99.290072903,93.799689784,27.7,52.4
"Martínez, José A.",500874,2018,590,17.6,8.3,.356,.378,37.5,10.1,44.6,101.608807696,95.105993672,21.4,43.6
"Pineda, Michael",501381,2016,755,27.4,7,.335,.304,35.6,7.5,39.3,79.597226066,94.022051211,31.2,48.8
"Freese, David",501896,2017,503,23.1,11.5,.326,.341,31.2,6.8,42.9,100.616931154,94.565123301,23.2,43.4
"Tillman, Chris",501957,2015,740,16.2,8.6,.331,.326,30.1,5.9,32.3,80.548342156,93.455534469,18.5,45.8
"Tillman, Chris",501957,2016,715,19.6,9.2,.317,.330,34.7,8.8,35.3,79.233002249,93.500010463,21.9,45.7
"Davis, Khris",501981,2016,610,27.2,6.9,.349,.369,31.5,18.8,48.2,103.007386943,95.874376839,33.9,51.9
"Davis, Khris",501981,2017,652,29.9,11.2,.361,.387,37.6,18.9,52.4,103.405577302,96.415094577,33.7,47.2
"Davis, Khris",501981,2018,654,26.8,9,.365,.376,37.7,18.4,48.1,102.732917228,95.842457104,33.7,49.3
"Davis, Khris",501981,2019,533,27.4,8.8,.289,.317,31.5,10.6,40.4,100.123268606,94.332532128,34.9,51.8
"Minor, Mike",501985,2019,863,23.2,7.9,.301,.297,31.6,7.6,30.4,76.162254845,92.844435876,26.2,47.8
"Archer, Chris",502042,2015,868,29,7.6,.272,.281,30.9,5.2,39.1,79.487533755,93.998146933,29.7,47.2
"Archer, Chris",502042,2016,850,27.4,7.9,.304,.302,29.7,9.3,40.5,80.17965382,94.340095524,29.6,45.5
"Archer, Chris",502042,2017,852,29.2,7,.306,.296,34.8,6.7,40.2,79.336618302,94.061407524,30.3,47.9
"Gibson, Kyle",502043,2015,821,17.7,7.9,.304,.311,29,5.7,34.4,77.676319761,93.527102718,22.9,46.5
"Gibson, Kyle",502043,2018,826,21.7,9.6,.306,.319,30.9,6.2,36.4,76.675027942,93.491631935,26.8,45.2
"Gibson, Kyle",502043,2020,301,19.3,10,.356,.360,33.3,7.3,39.6,76.836915825,93.881787171,23.3,41.5
"Gibson, Kyle",502043,2021,754,20.6,8.5,.293,.302,30.6,4.9,39.1,78.008978053,93.968936756,25.2,44.8
"Gibson, Kyle",502043,2022,718,20.1,6.7,.331,.326,34.8,7.6,37.5,77.435542039,93.992252392,25.2,48.5
"Gibson, Kyle",502043,2023,807,19.5,6.8,.326,.333,33.4,7.6,44.5,78.377673356,94.787380789,25.4,45.6
"Gibson, Kyle",502043,2024,722,20.9,9.4,.323,.340,34.3,9.3,39.1,76.558654534,94.071640304,25.9,42.9
"Locke, Jeff",502046,2015,736,17.5,8.2,.321,.306,30.6,4,30,76.969609693,92.973761382,21.8,45.3
"Pham, Tommy",502054,2017,530,22.1,13.4,.398,.377,34.3,10,43.7,102.042591879,95.223853252,21,37.9
"Pham, Tommy",502054,2018,570,24.6,11.8,.359,.376,38.7,10.6,49.9,102.781071517,96.114537978,25.4,39.8
"Pham, Tommy",502054,2019,654,18.8,12.4,.349,.354,29.7,8.5,45,101.772675315,95.171833612,20.2,38.4
"Pham, Tommy",502054,2021,561,22.8,13.9,.318,.349,35.6,10,47.6,101.782107886,95.261546371,23.6,38.2
"Pham, Tommy",502054,2022,622,26.8,9,.304,.314,33.2,7.9,48.5,102.514437436,95.778101436,26,42
"Martinez, J.D.",502110,2015,657,27.1,8.1,.372,.396,39.9,18.7,48.5,102.630364348,95.786734396,30.8,52.7
"Martinez, J.D.",502110,2016,517,24.8,9.5,.384,.397,38,15.1,47.2,102.304141488,95.653218448,29.3,52.4
"Martinez, J.D.",502110,2018,649,22.5,10.6,.427,.418,40,16.8,52.7,103.681482791,96.582993333,28.2,50.3
"Martinez, J.D.",502110,2019,657,21,11,.386,.400,41.9,12.5,48.3,102.267810181,95.582029229,26.7,49.5
"Martinez, J.D.",502110,2020,237,24.9,9.3,.290,.318,39.6,11.1,41.6,99.85455974,94.246308758,28.1,51.9
"Martinez, J.D.",502110,2021,634,23.7,8.7,.364,.372,41.2,12.5,49.4,102.421753991,95.887919576,29.2,54.2
"Martinez, J.D.",502110,2022,596,24.3,8.7,.343,.352,42,12.5,41.7,100.92394699,94.707836352,30.1,51.9
"Valencia, Danny",502143,2016,517,22.2,7.9,.342,.348,35.2,8.6,41.1,101.449815843,94.886325211,28.2,44.1
"Cobb, Alex",502171,2017,742,17.3,5.9,.304,.324,31.6,6.6,35.1,77.452471536,93.570908318,16.9,44.3
"Samardzija, Jeff",502188,2015,910,17.9,5.4,.330,.323,34.7,5.9,31.8,78.064710741,93.073936491,21.5,50.9
"Samardzija, Jeff",502188,2016,829,20.1,6.5,.303,.307,31.1,6.9,35.1,78.57450771,93.55389312,20.7,48.6
"Samardzija, Jeff",502188,2017,847,24.2,3.8,.309,.301,36.1,6.8,33.8,76.297457625,93.23230199,22.5,49.1
"Samardzija, Jeff",502188,2019,740,18.9,6.6,.289,.326,34.5,8.9,37.7,79.575589554,93.884060149,20.2,48.3
"Leake, Mike",502190,2015,778,15.3,6.3,.296,.330,31,6.1,35.9,78.160870874,93.826761259,14.9,46.8
"Leake, Mike",502190,2016,757,16.5,4,.323,.327,29.7,7.1,36.8,78.379602063,93.866092434,16.3,47.9
"Leake, Mike",502190,2017,782,16.6,4.7,.316,.319,30.9,5.8,36.4,75.993789829,93.662660188,18.5,48.4
"Leake, Mike",502190,2018,783,15.2,4.3,.326,.348,35.4,7.3,39.6,79.210878553,94.224811479,16.7,49.7
"Leake, Mike",502190,2019,835,15.2,3.2,.341,.354,31.4,9.7,42.9,80.453543825,94.685339864,18,50.4
"Reddick, Josh",502210,2015,579,11.2,8.5,.338,.329,32.1,5.7,32.8,97.986171894,93.042643062,16,43.4
"Reddick, Josh",502210,2017,533,13.5,8.1,.357,.340,38.3,4.2,31.6,97.653595,92.85719691,15.7,44.1
"Reddick, Josh",502210,2019,550,12,6.5,.308,.316,36,3.8,29.4,96.674681023,92.339940093,14.8,51.3
"Reddick, Josh",502210,2020,210,20,9.5,.304,.303,34.7,4.8,29.3,96.145119315,92.092886986,22.6,46.5
"Santiago, Héctor",502327,2015,776,20.9,9.1,.313,.312,32.6,8.9,35.8,78.859518053,93.615714264,21.4,44.1
"Santiago, Héctor",502327,2016,785,18.3,10.1,.332,.353,33,10.4,39.3,79.385412198,94.190346703,19.9,46.2
"Murphy, Daniel",502517,2015,538,7.1,5.8,.325,.335,32.3,5.3,37.9,99.198471783,93.791789325,9,48.4
"Murphy, Daniel",502517,2016,582,9.8,6,.408,.395,36.3,9.3,41.5,100.212879325,94.415590485,12,46
"Murphy, Daniel",502517,2017,593,13,8.8,.385,.359,39.6,5.2,41.8,99.20205313,93.870564488,13.7,47.1
"Goldschmidt, Paul",502671,2015,694,21.8,17,.418,.403,39.2,14.2,46.3,102.005582609,95.508273792,25.2,38.1
"Goldschmidt, Paul",502671,2016,704,21.3,15.6,.382,.365,33,9.2,42.6,101.29233537,94.885125731,22.9,38.4
"Goldschmidt, Paul",502671,2017,664,22.1,14.2,.400,.397,32.8,14.3,47.5,101.943215433,95.53559947,26.5,40.9
"Goldschmidt, Paul",502671,2018,690,25.1,13,.390,.384,37.1,14.8,44,101.82062219,95.180345881,26.4,42.4
"Goldschmidt, Paul",502671,2019,682,24.3,11.4,.346,.359,36.4,12.3,42.4,101.099060419,94.813832214,26.3,46.5
"Goldschmidt, Paul",502671,2020,231,18.6,16,.387,.396,42.3,10.7,40.9,99.2678272,93.874685503,23.7,40.6
"Goldschmidt, Paul",502671,2021,679,20,9.9,.373,.396,36.9,13.6,50.6,102.744108602,96.119572675,24.9,44.2
"Goldschmidt, Paul",502671,2022,651,21.7,12.1,.419,.372,31.8,11.6,47.4,102.244608246,95.440152299,26.8,41.7
"Goldschmidt, Paul",502671,2023,687,23.4,12.7,.350,.365,35.6,12,50.8,102.40959555,95.767792759,27.5,44
"Goldschmidt, Paul",502671,2024,654,26.5,7.2,.310,.332,34.3,10.8,49.6,101.892583709,95.666428146,27.4,47.7
"Goldschmidt, Paul",502671,2025,534,18.7,6.7,.316,.329,36.1,8,43.7,100.708316256,94.748625913,20.5,47.8
"Holland, Derek",502706,2018,727,23.2,9.2,.309,.312,34.1,7.2,35.4,77.555262532,93.635942743,23.8,47
"Gonzalez, Marwin",503556,2016,518,22.8,4.2,.298,.288,30.3,6.3,35.9,99.872519123,94.084600029,25.7,49.2
"Gonzalez, Marwin",503556,2017,515,19.2,9.5,.382,.320,29.4,7.5,36.6,98.976971932,93.631260456,20.3,42.4
"Gonzalez, Marwin",503556,2018,552,22.8,9.6,.318,.321,35.7,7.4,41.5,99.618396872,93.945171401,24.7,44.4
"Gonzalez, Marwin",503556,2020,199,20.6,8.5,.269,.314,31.9,5.1,38.4,98.202361739,93.451501168,23.5,43
"Darvish, Yu",506433,2017,766,27.3,7.6,.296,.295,35.7,6.9,31.4,74.59683219,92.93961155,28,47
"Darvish, Yu",506433,2019,731,31.3,7.7,.294,.297,32.6,8,37.5,77.989468148,93.709835568,30.4,48.3
"Darvish, Yu",506433,2020,297,31.3,4.7,.250,.269,36.9,6.5,34.2,78.651437283,93.49421,32.1,49.7
"Darvish, Yu",506433,2021,681,29.2,6.5,.301,.280,35.1,8.9,34.9,78.08731436,93.203429953,27.3,47.6
"Darvish, Yu",506433,2022,771,25.6,4.8,.259,.293,31.2,8.8,37.1,77.848459808,93.614823873,25.1,49.7
"Altuve, Jose",514888,2015,689,9.7,4.8,.347,.300,31.2,3.4,28.6,96.184716937,92.100077743,11.3,51.7
"Altuve, Jose",514888,2016,717,9.8,8.4,.391,.385,39.3,7.5,36.4,98.15027078,93.138465364,15.3,48.6
"Altuve, Jose",514888,2017,662,12.7,8.8,.405,.360,34.8,7.7,28.1,96.843290843,92.421645422,16.8,47.8
"Altuve, Jose",514888,2018,599,13.2,9.2,.363,.352,34,6.2,33.8,98.154526533,93.131461867,17.9,47.4
"Altuve, Jose",514888,2019,548,15,7.5,.374,.344,28.2,9.2,34.5,98.232746332,93.15652902,20.7,47.6
"Altuve, Jose",514888,2020,210,18.6,8.1,.278,.288,24.8,4.6,33.3,97.480630811,92.777053741,20.2,50
"Altuve, Jose",514888,2021,678,13.4,9.7,.357,.333,32.1,6.4,35,98.384760909,93.261160455,15.9,47.4
"Altuve, Jose",514888,2022,604,14.4,10.9,.397,.356,35.4,7.8,29.7,97.300246419,92.671072541,16.3,44.3
"Altuve, Jose",514888,2024,682,17.4,6.9,.344,.319,35.4,6.5,31.2,97.323672581,92.693762581,22.1,51.5
"Altuve, Jose",514888,2025,654,16.7,8.4,.331,.300,29.8,6.2,30.9,97.313797857,92.666821705,20.7,50
"Altuve, Jose",514888,2026,185,18.9,10.3,.317,.314,33.1,6.3,36.9,98.366335238,93.267306,24.7,47.2
"Hernández, César",514917,2016,622,18.6,10.6,.335,.312,29.9,2.1,29.2,96.866862696,92.504901204,20.2,45.2
"Hernández, César",514917,2017,577,18,10.6,.346,.331,33.3,3.3,29.7,96.927691371,92.494293766,20.8,41.1
"Hernández, César",514917,2018,708,21.9,13.4,.320,.315,30.2,4.5,28.5,96.430238082,92.227163181,20.3,38.2
"Hernández, César",514917,2019,667,15,6.7,.315,.302,32,3,28.3,96.063685391,92.063206289,17.2,46
"Hernández, César",514917,2020,261,21.8,9.2,.335,.330,37.3,4,37.3,98.999012093,93.787809064,19.8,43.6
"Hernández, César",514917,2021,637,21.2,9.3,.302,.311,32.6,6.9,33.2,98.368510187,93.237272693,22,47.1
"Hernández, César",514917,2022,617,18.5,7.3,.283,.295,33.3,2.5,29.7,96.449267051,92.257329931,21,47.5
"Segura, Jean",516416,2015,584,15.9,2.2,.268,.257,25.4,1.5,27.1,96.366808217,92.194029063,17.6,53.7
"Segura, Jean",516416,2016,694,14.6,5.6,.371,.339,31,7.3,33.8,98.450899387,93.352097165,17,46.9
"Segura, Jean",516416,2017,566,14.7,6,.334,.315,32.8,3.5,34.5,98.294770822,93.183790708,15.8,49.4
"Segura, Jean",516416,2018,632,10.9,5.1,.327,.310,30,4,32.3,97.786619923,92.937096615,12.6,49
"Segura, Jean",516416,2019,618,11.8,4.9,.315,.310,31,3.6,32.7,98.140826245,93.158728356,14.6,47.5
"Segura, Jean",516416,2020,217,20.7,10.6,.333,.318,31.8,6.1,38.5,99.748813288,93.958321438,22.4,46.8
"Segura, Jean",516416,2021,567,13.8,6.9,.338,.321,31.1,5.9,37.4,99.697739358,93.921203784,17.3,48.7
"Castro, Starlin",516770,2015,578,15.7,3.6,.288,.280,28.2,4.9,28,97.023970176,92.535522119,19.7,48.7
"Castro, Starlin",516770,2016,610,19.3,3.9,.313,.308,32.3,6.2,34.2,98.830703261,93.46552573,23.3,51.6
"Castro, Starlin",516770,2018,647,19.2,7.4,.315,.311,32,7.4,36.2,99.029341092,93.607510063,22.8,46
"Castro, Starlin",516770,2019,676,16.4,4.1,.307,.314,29.6,6.5,37.7,99.25870618,93.71512167,19.1,49.2
"Marte, Starling",516782,2015,633,19.4,4.3,.337,.344,32.8,7.6,35.1,99.496750225,93.811685282,26.1,57.1
"Marte, Starling",516782,2016,529,19.7,4.3,.351,.332,35.8,6,37,99.619785348,93.866708177,25.6,54.2
"Marte, Starling",516782,2018,606,18,5.8,.337,.335,31.5,8.2,38.8,99.447829005,93.857964966,24.2,54.5
"Marte, Starling",516782,2019,586,16,4.3,.353,.362,31.3,8.8,38.6,100.167259491,94.183408704,25.1,53.7
"Marte, Starling",516782,2020,250,16.4,4.8,.333,.326,30.3,6.5,30.3,97.604057802,92.829315028,25.4,52.7
"Marte, Starling",516782,2021,526,18.8,8.2,.364,.348,32.6,8.4,39.6,100.239516776,94.207705479,24.6,49.5
"Marte, Starling",516782,2022,505,19.2,5.1,.355,.337,38.5,6.8,33.9,99.153544837,93.595179373,24.3,49.8
"Salazar, Danny",517593,2015,757,25.8,7,.293,.302,32.1,7,37.5,79.648272731,93.976816861,25.6,50.1
"Bettis, Chad",518452,2016,814,17,7.2,.332,.329,31.1,6.3,34.9,78.376797424,93.557475874,21.6,45.1
"Bumgarner, Madison",518516,2015,869,26.9,4.5,.266,.276,31.1,5.7,30.1,77.451582296,92.840258905,27,50.5
"Bumgarner, Madison",518516,2016,912,27.5,5.9,.269,.279,29.5,7.7,31.2,78.651695105,93.234360787,25.9,48.1
"Bumgarner, Madison",518516,2019,844,24.1,5.1,.300,.321,35.9,9.9,41.8,80.539498293,94.529638345,24.6,50.7
"Dietrich, Derek",518618,2018,551,25.4,5.3,.326,.303,34.1,6.6,37.8,99.045312376,93.544161413,25.5,50.5
"Donaldson, Josh",518626,2015,711,18.7,10.3,.398,.390,31.1,13.6,46.5,103.112725082,96.028966988,25.3,45.8
"Donaldson, Josh",518626,2016,700,17,15.6,.403,.403,32.4,13.7,49.2,102.982235175,96.025999209,24.1,41.7
"Donaldson, Josh",518626,2019,659,23.5,15.2,.377,.385,33.3,17.3,50.5,103.481444646,96.329034343,29.9,43.9
"Donaldson, Josh",518626,2021,543,21,13.6,.353,.386,30.2,17.4,52.7,104.204804343,97.023133829,27.6,45.2
"Donaldson, Josh",518626,2022,546,27.1,9.9,.302,.302,34.8,9.9,43.3,100.977600417,94.867949761,33.3,47.3
"Duffy, Danny",518633,2016,731,25.7,5.7,.305,.308,34.8,8.8,36,79.742936708,93.732759521,27.3,51.5
"Freeman, Freddie",518692,2016,693,24.7,12.8,.402,.396,44.7,14.6,44.7,101.263528204,95.138950898,29.5,51.5
"Freeman, Freddie",518692,2017,514,18.5,12.6,.407,.403,40.1,14.3,42.7,99.772299825,94.186366667,24.9,52.9
"Freeman, Freddie",518692,2018,707,18.7,10.7,.378,.385,44.7,9.7,39.8,99.091841098,93.722198676,24.3,55.6
"Freeman, Freddie",518692,2019,692,18.4,12.6,.387,.394,40,12.9,42.5,100.291077106,94.346356255,24.3,52.1
"Freeman, Freddie",518692,2020,262,14.1,17.2,.456,.464,49.2,14.8,54.2,101.812650227,95.798406705,20.1,48.2
"Freeman, Freddie",518692,2021,695,15.4,12.2,.379,.410,37.2,11.5,46.1,101.764448826,95.351215951,21,51.2
"Freeman, Freddie",518692,2022,708,14.4,11.9,.393,.406,42.9,9.9,47.8,100.761588016,95.094269494,19.5,49.3
"Freeman, Freddie",518692,2023,730,16.6,9.9,.411,.406,46.6,11.2,42.2,100.590638269,94.617661541,20.4,51
"Freeman, Freddie",518692,2024,638,15.7,12.2,.365,.369,43.1,9.1,41.8,100.349133067,94.527301044,20.2,49.4
"Freeman, Freddie",518692,2025,627,20.4,9.6,.370,.350,36.7,10.4,45.7,100.776056343,94.869970093,27.3,51.9
"Freeman, Freddie",518692,2026,186,12.9,9.7,.335,.383,37.1,11.2,47.6,101.399679167,95.155863077,20.8,51.8
"Grandal, Yasmani",518735,2018,518,23.9,13.9,.352,.337,32.9,12.9,40.4,99.742040255,93.988959204,28,38.5
"Grandal, Yasmani",518735,2019,632,22,17.2,.361,.366,37.5,12.4,41.8,101.083447676,94.798444108,25.5,38.5
"Grandal, Yasmani",518735,2020,194,29.9,15.5,.338,.327,38.1,7.6,43.8,99.928859811,94.403731524,30.7,34.1
"Harvey, Matt",518774,2015,754,24.9,4.9,.266,.252,29.6,4,30.4,78.42124908,92.6701357,26.5,48.5
"Heston, Chris",518790,2015,746,18.9,8.6,.320,.321,29.4,5.5,36.6,77.84712888,93.609834208,22.6,41.6
"Heyward, Jason",518792,2015,608,14.8,9.2,.346,.317,23.9,3.7,34.6,99.497214525,93.775945204,16.2,41.1
"Heyward, Jason",518792,2016,592,15.7,9.1,.282,.301,28.9,3.5,30.9,97.470768295,92.752995635,17,41.5
"Heyward, Jason",518792,2019,589,18.7,11.5,.328,.323,31.8,6.3,36.5,99.605955423,93.856621272,22.7,45.5
"Kelly, Merrill",518876,2019,777,20.3,7.3,.318,.344,33.2,10.2,40,79.658110873,94.334380656,22.4,47.2
"Kelly, Merrill",518876,2022,804,22,7.6,.289,.299,31.2,8.4,36.5,77.983406942,93.653412973,23.6,48.5
"Kelly, Merrill",518876,2023,721,25.9,9.4,.294,.313,35.1,7.8,41.8,78.631396856,94.559456681,27,49.1
"Kelly, Merrill",518876,2025,748,22.3,6.4,.288,.316,32.4,9.3,43.5,79.116163359,94.908594218,24.1,49.3
"LeMahieu, DJ",518934,2015,620,17.3,8.1,.327,.319,32.7,2.3,40,99.577467604,94.078375737,16.5,43.5
"LeMahieu, DJ",518934,2016,635,12.6,10.4,.391,.391,36.2,5.5,47.7,101.419669362,95.226161876,11.6,41.9
"LeMahieu, DJ",518934,2017,682,13.2,8.7,.342,.341,31.7,2,41.4,99.676551609,94.064556449,12.8,41.7
"LeMahieu, DJ",518934,2018,581,14.1,6.4,.322,.326,31.3,5.7,43.2,100.986973904,94.873592632,14,41.9
"LeMahieu, DJ",518934,2019,655,13.7,7,.375,.378,36.2,8.1,48.7,101.290348333,95.241788097,16,45.6
"LeMahieu, DJ",518934,2020,216,9.7,8.3,.429,.366,29.7,2.9,45.7,100.540551744,94.953852733,11.2,44.1
"LeMahieu, DJ",518934,2021,679,13.8,10.8,.315,.342,33.3,3.8,43.5,100.113305573,94.512956356,14.4,41.4
"LeMahieu, DJ",518934,2022,541,13.1,12.4,.329,.347,32.8,5.3,41.1,99.499628485,94.048075494,15.7,39.5
"LeMahieu, DJ",518934,2023,562,22.2,10.7,.315,.323,31.6,5.9,43,100.265359786,94.32212244,19.7,39.2
"Lucroy, Jonathan",518960,2016,544,18.4,8.6,.362,.345,37.6,8.3,35,98.720672526,93.393876959,19.5,42.8
"Moore, Matt",519043,2016,838,21.2,8.6,.304,.316,30.9,7.3,31.4,79.032774515,93.295812705,24.2,47
"Moore, Matt",519043,2017,790,18.7,8.5,.354,.361,36.4,10,40.3,79.060694549,94.293487491,19.8,48
"Moreland, Mitch",519048,2015,515,21.7,6.2,.348,.362,35.4,11.5,45.9,101.774299392,95.279958615,25.7,47
"Moreland, Mitch",519048,2016,503,23.5,7,.307,.337,33.6,10.6,39.5,101.251864556,94.865020148,28.5,48.6
"Moreland, Mitch",519048,2017,576,20.8,9.9,.326,.371,34.9,13.2,36.4,99.826345773,94.029338763,25.8,46.4
"Moustakas, Mike",519058,2015,614,12.4,7,.353,.339,30.3,7.7,36.5,99.636445022,93.899501627,16.7,47.3
"Moustakas, Mike",519058,2017,598,15.7,5.7,.345,.338,34,9.7,33.8,98.85229069,93.438181577,20.9,55.7
"Moustakas, Mike",519058,2018,635,16.2,7.7,.329,.336,31.3,9.8,39.1,100.225167764,94.281679979,21.9,52.2
"Moustakas, Mike",519058,2019,584,16.8,9.1,.348,.350,32.3,11.5,40.8,100.616091659,94.477699005,24.9,49.9
"Nelson, Jimmy",519076,2015,752,19.7,8.6,.309,.306,29.3,5.7,28.9,76.297878178,92.82515002,22.6,47.3
"Nelson, Jimmy",519076,2016,807,17.3,10.7,.345,.327,27.8,6.4,35.1,78.539410511,93.601808227,19,45
"Nelson, Jimmy",519076,2017,728,27.3,6.6,.301,.285,32,4.4,31.4,73.969938326,92.957324581,25.5,48.7
"Norris, Derek",519083,2015,557,23.5,6.3,.309,.270,31.4,2.7,35.1,98.764430741,93.385736111,21.5,44.9
"Pomeranz, Drew",519141,2016,703,26.5,9.2,.286,.279,28.4,8.3,34.4,77.782632719,93.231277581,25.9,46.2
"Pomeranz, Drew",519141,2017,739,23.5,9.2,.310,.317,32.5,7.4,35.7,76.800647833,93.572409186,24.2,44.6
"Porcello, Rick",519144,2015,737,20.2,5.2,.340,.327,36.9,6.1,36.5,78.506975189,93.767292235,21,46.9
"Porcello, Rick",519144,2016,890,21.2,3.6,.274,.301,32.8,7.9,35.1,77.86729175,93.520286813,18.6,48.4
"Porcello, Rick",519144,2017,885,20.5,5.4,.348,.337,36.5,8.8,35.7,77.299764006,93.661091431,21.1,49.6
"Porcello, Rick",519144,2018,808,23.5,5.9,.303,.310,33.8,7.7,35.7,78.511315127,93.854074499,20.5,47.1
"Porcello, Rick",519144,2019,768,18.6,5.9,.338,.333,34.9,10.4,37.7,77.472255684,93.752973902,18,49.4
"Revere, Ben",519184,2015,634,10.1,5,.316,.298,34.9,0,14.6,92.591946342,90.358172296,10.8,42.5
"Rizzo, Anthony",519203,2015,701,15,11.1,.384,.383,35.7,8.9,38.3,99.906731037,93.98838711,19.2,45.9
"Rizzo, Anthony",519203,2016,676,16,10.9,.391,.363,31.6,10.5,36.2,99.883567811,93.995997161,19.8,44.9
"Rizzo, Anthony",519203,2017,691,13,13.2,.380,.395,34.2,10.4,39.1,100.330837875,94.252253424,18.2,46.5
"Rizzo, Anthony",519203,2018,665,12,10.5,.359,.367,36.2,7,40.6,100.439451098,94.335677882,17,47.7
"Rizzo, Anthony",519203,2019,613,14,11.6,.390,.388,36.8,7.5,37,100.200593521,94.167510706,19.7,45.7
"Rizzo, Anthony",519203,2020,243,15.6,11.5,.326,.355,34.7,7.8,34.7,99.57215061,93.849255427,19.3,42.5
"Rizzo, Anthony",519203,2021,576,15.1,9,.339,.348,31.4,7.7,41.1,100.696655631,94.60294966,20.8,46.5
"Rizzo, Anthony",519203,2022,548,18.4,10.6,.352,.352,33.9,11,40.8,99.612268626,94.102554011,22.8,46.1
"Sale, Chris",519242,2015,854,32.1,4.9,.285,.260,32.6,4.6,26.7,75.168316324,92.308492154,32.7,49.4
"Sale, Chris",519242,2016,907,25.7,5,.282,.294,33.5,6.4,33.3,78.974299831,93.259390777,24.8,49.3
"Sale, Chris",519242,2017,851,36.2,5.1,.260,.252,35.8,6.8,30.5,75.977415802,92.794633025,31.8,50.1
"Sale, Chris",519242,2024,702,32.1,5.6,.260,.263,34.9,5.6,31.2,75.016805094,93.046190662,31,49
"Sale, Chris",519242,2026,216,29.6,6.5,.253,.280,30.8,7.5,31.6,75.631472985,93.076420602,28.5,50.6
"Souza Jr., Steven",519306,2017,617,29,13.6,.348,.350,33.4,12.9,38.6,100.694178,94.395868941,32,44.1
"Stanton, Giancarlo",519317,2017,692,23.6,12.3,.410,.400,31.6,19.9,45.6,105.945187156,97.153915517,31.8,42.9
"Stanton, Giancarlo",519317,2018,705,29.9,9.9,.360,.342,30,16.5,50.8,106.893910918,98.042255411,34.4,44.9
"Stanton, Giancarlo",519317,2021,579,27.1,10.9,.370,.361,32.6,15.9,56.3,108.657830625,99.263673807,32.6,44.2
"Thames, Eric",519346,2017,551,29.6,13.6,.369,.342,36.3,12.1,39.3,100.054975461,94.204381184,31.5,43.2
"Vogt, Stephen",519390,2015,511,19,11,.335,.322,33.7,6,30.1,97.093405429,92.568393811,18.5,41.2
"Vogt, Stephen",519390,2016,532,15.6,6.6,.305,.313,40.7,5.8,26.8,96.084116318,92.042396393,17.2,45.4
"Zimmermann, Jordan",519455,2015,831,19.7,4.7,.304,.308,33.2,4.7,32.9,76.514312824,93.19115396,19.1,50
"Galvis, Freddy",520471,2015,603,17.1,5,.283,.272,33.2,2.5,22.1,94.695452091,91.357112938,19.2,51.2
"Galvis, Freddy",520471,2016,624,21.8,4,.284,.262,33.9,3.4,27.4,96.130726313,92.093201293,21,52.9
"Galvis, Freddy",520471,2017,663,16.7,6.8,.298,.286,32.8,2.7,23.5,95.108863429,91.559622918,17.7,48.9
"Galvis, Freddy",520471,2018,656,22.4,6.9,.294,.273,32.3,4.4,28.9,96.514213591,92.377750068,26.4,50.3
"Galvis, Freddy",520471,2019,589,24.6,4.8,.307,.280,31.8,6,36.4,97.641622,92.96163978,28.5,54.4
"Perez, Salvador",521692,2015,553,14.8,2.4,.300,.298,32.8,6.3,32.6,98.159469954,93.100742654,18.1,53.9
"Perez, Salvador",521692,2016,546,21.8,4,.308,.288,29.5,7,37.8,99.609483939,93.912413392,23.4,54.8
"Perez, Salvador",521692,2018,544,19.9,3.1,.304,.334,35.4,11.6,47.5,101.386645369,95.018960271,23.8,57
"Perez, Salvador",521692,2021,665,25.6,4.2,.359,.369,34.1,16.3,56.2,104.087645903,97.05981185,33.7,58.9
"Perez, Salvador",521692,2023,580,23.3,3.3,.302,.326,38,8.8,44,101.357412537,94.955683293,30.2,60.2
"Perez, Salvador",521692,2024,652,19.8,6.7,.335,.361,39.4,12.3,44.8,101.856275647,95.341857371,27.8,57.8
"Perez, Salvador",521692,2025,641,19.5,4.4,.311,.357,35.7,14.8,46.7,102.06590789,95.318358013,26.9,57.4
"Perez, Salvador",521692,2026,185,22.2,3.2,.247,.270,31.9,8.9,40,99.661083235,93.97233963,27.3,57.9
"Forsythe, Logan",523253,2015,615,18,8.9,.350,.323,33.6,4.1,32.2,97.443170047,92.812743395,18.6,40.3
"Forsythe, Logan",523253,2016,567,22.4,8.1,.336,.352,38.9,8.4,38.9,99.051979948,93.678695156,22.7,39.6
"De La Rosa, Rubby",523989,2015,809,18.5,7.8,.336,.312,28.9,7.2,32.8,78.727268997,93.193483692,24.7,48.9
"Flores, Wilmer",527038,2015,510,12.4,3.7,.304,.270,32.1,2.1,25.7,95.819043043,91.913370193,14.3,48.8
"Flores, Wilmer",527038,2020,213,16.9,6.1,.347,.309,37.4,6.1,34.4,97.808676707,93.175661718,17.8,48
"Flores, Wilmer",527038,2022,602,17.1,9.8,.312,.312,35.7,6.3,35.4,97.672013814,92.963528089,18.9,45.6
"Pérez, Martín",527048,2016,855,12,8.9,.323,.354,31.5,6.7,37.4,79.463669018,93.982063149,18.4,48.1
"Pérez, Martín",527048,2017,811,14.2,7.8,.349,.356,35.7,5.9,32.4,76.054533323,93.105965654,17.9,44.9
"Pérez, Martín",527048,2019,737,18.3,9.1,.334,.305,33.8,5.7,29.7,74.984020191,92.727144015,21.7,49
"Pérez, Martín",527048,2020,262,17.6,10.7,.325,.334,34.6,7.7,29.2,75.493130333,92.55774838,22.1,43.3
"Pérez, Martín",527048,2022,821,20.6,8.4,.289,.299,30.9,4.4,34.9,77.422939036,93.581278732,21,44.5
"Teheran, Julio",527054,2015,843,20.3,8.7,.322,.335,33.7,5.8,36.6,79.00118689,93.651211572,25.9,45.9
"Teheran, Julio",527054,2016,758,22,5.4,.281,.298,33.1,7.5,33.6,78.801189731,93.514894605,24.1,48.6
"Teheran, Julio",527054,2017,812,18.6,8.9,.330,.324,30.6,7.2,30.5,76.701951696,92.903528463,21.6,47
"Teheran, Julio",527054,2018,724,22.4,11.6,.295,.323,34.5,7.9,36.7,78.445574805,93.562641302,28.5,43.1
"Teheran, Julio",527054,2019,754,21.5,11,.310,.327,31.2,7.6,35.4,78.882257325,93.652615134,22.2,45.3
"Ramírez, Erasmo",541640,2015,665,18.9,6,.289,.307,28.2,5.7,33.7,78.259464093,93.416894989,23.8,49.8
"García, Avisaíl",541645,2015,601,23.5,6,.295,.324,34.1,5.4,37.5,100.218207612,94.171980025,31.1,58.8
"García, Avisaíl",541645,2017,561,19.8,5.9,.375,.365,31.4,9.7,40.8,101.598104039,94.980249901,29.3,58.9
"García, Avisaíl",541645,2019,530,23.6,5.8,.334,.343,34.1,12.4,40.3,102.26663962,95.27715218,32,56.4
"García, Avisaíl",541645,2020,207,23.7,9.7,.296,.317,37.1,3.8,37.1,99.290871364,93.692910455,34.7,54.6
"García, Avisaíl",541645,2021,515,23.5,7.4,.346,.364,35.9,12.2,46.4,102.661785607,95.672483217,33.7,58.1
"Inciarte, Ender",542255,2015,561,10.3,4.6,.325,.285,28.8,1.6,19.9,94.226997059,91.130268235,12,48.7
"Inciarte, Ender",542255,2016,578,11.8,7.8,.319,.291,31.5,0.8,15,92.885941031,90.486452966,11.6,47.2
"Inciarte, Ender",542255,2017,718,13.1,6.8,.328,.292,34.3,0.6,13.1,92.299376691,90.267135109,14.7,53.1
"Inciarte, Ender",542255,2018,660,13,7.4,.308,.296,32.8,1.7,18.7,93.757705476,90.921322698,14.9,50.3
"Ozuna, Marcell",542303,2016,608,18.9,7.1,.330,.340,32.3,8.6,42.2,101.048471735,94.801005457,26.6,46.9
"Ozuna, Marcell",542303,2017,679,21.2,9.4,.388,.364,31,10.2,45.6,103.371358846,95.955017949,26.9,49.6
"Ozuna, Marcell",542303,2018,628,17.5,6.1,.327,.354,30.3,10.4,45.1,102.886295042,95.740956463,24.3,48.5
"Ozuna, Marcell",542303,2019,549,20.8,11.3,.336,.375,32.8,13.1,49.2,102.910036923,95.876849368,27.6,44.9
"Ozuna, Marcell",542303,2020,267,22.5,14.2,.444,.434,39.1,15.4,54.4,103.534352941,96.562612663,31.4,46.3
"Ozuna, Marcell",542303,2022,507,24.1,6.1,.298,.337,31.8,13.1,43.8,101.775141886,95.035047714,28.7,49.4
"Ozuna, Marcell",542303,2023,592,22.6,9.6,.381,.395,34.9,16.7,49,103.257673232,96.232240934,26.7,48.4
"Ozuna, Marcell",542303,2024,688,24.7,10.8,.395,.404,40.5,15.5,53.4,103.338991136,96.489686128,31.4,46.8
"Ozuna, Marcell",542303,2025,592,24.3,15.9,.334,.354,35.1,11.5,44.6,101.322693218,94.957629109,25.8,39.4
"Ozuna, Marcell",542303,2026,166,27.7,9.6,.266,.318,39.2,9,39.2,99.9093108,94.1823963,29.5,40.8
"Villar, Jonathan",542340,2016,679,25.6,11.6,.356,.315,28.8,7.8,38.2,100.634149095,94.531060201,27.3,43.8
"Villar, Jonathan",542340,2018,515,26.8,8,.312,.288,27.2,5.8,36,98.982895563,93.56982325,29.5,48.9
"Villar, Jonathan",542340,2019,714,24.6,8.5,.335,.315,30.3,7.6,37.1,100.064624522,94.076027283,27.5,49.8
"Villar, Jonathan",542340,2020,207,26.1,9.2,.266,.261,18.7,1.5,35.8,99.470722344,93.853135313,32,51.6
"Villar, Jonathan",542340,2021,505,26.1,9.1,.320,.307,29.9,7.4,34.9,99.828691447,93.930594182,30.1,49.9
"Santana, Danny",542454,2019,511,29.5,4.9,.352,.345,37.8,10.3,43.6,100.974542805,94.798723537,32.1,55.8
"Aguilar, Jesús",542583,2018,566,25.3,10.2,.374,.356,38.2,12.1,42.9,100.514656,94.533110864,28.7,45.5
"Aguilar, Jesús",542583,2020,216,18.5,10.6,.347,.345,37.5,7.2,37.5,99.078188947,93.762450461,22.3,47.3
"Aguilar, Jesús",542583,2021,510,18.2,9,.334,.333,34.7,8.5,41,100.000025495,94.305900248,25.9,44.8
"Aguilar, Jesús",542583,2022,507,23.5,5.5,.288,.302,39.7,6.9,36,98.459753543,93.301003066,27,49.5
"Anderson, Tyler",542881,2018,736,22.3,7.9,.323,.296,35.8,6.3,31.4,77.142577937,93.073733618,25.4,49.1
"Anderson, Tyler",542881,2021,703,19.1,5.4,.319,.315,35.7,8.5,33,75.112696758,93.471536654,23.1,54.2
"Anderson, Tyler",542881,2022,707,19.5,4.8,.271,.281,34.2,5,28.5,73.22844707,92.353431738,24.3,52.7
"Anderson, Tyler",542881,2024,765,18.6,9.5,.308,.326,34.1,7.9,33,76.273537333,93.1219435,27.8,49.3
"Beckham, Tim",542921,2017,575,29,6.3,.334,.327,34.8,10.5,40.7,100.076084365,94.14195338,30.9,50.6
"Burns, Billy",542993,2015,555,14.6,4.7,.317,.260,26.9,0.6,14.7,92.105101148,90.378655108,16.3,58.5
"Cole, Gerrit",543037,2015,832,24.3,5.3,.274,.294,34.7,5,34.7,77.828299751,93.342487456,23.1,48.3
"Cole, Gerrit",543037,2017,849,23.1,6.5,.315,.317,34,8.4,34.4,74.046742743,93.325617774,21.9,46.5
"Cole, Gerrit",543037,2018,799,34.5,8,.265,.271,35.8,6.8,39.8,78.980530897,93.793774719,30.9,49.6
"Cole, Gerrit",543037,2019,817,39.9,5.9,.246,.237,33.2,6.5,35.5,76.678804977,93.320113158,37.2,49.9
"Cole, Gerrit",543037,2020,288,32.6,5.9,.279,.273,32,9.3,44.6,79.873113372,94.802339591,34.2,49.6
"Cole, Gerrit",543037,2021,726,33.5,5.6,.276,.271,33,9.8,38.6,77.565526758,94.105607466,31.9,48.9
"Cole, Gerrit",543037,2022,793,32.4,6.3,.283,.290,32.5,9.6,40.2,78.808854118,94.227606134,34.1,48.2
"Cole, Gerrit",543037,2023,821,27,5.8,.256,.288,33.7,7.6,39.2,78.703162612,93.996080634,26.2,50.1
"Crawford, Brandon",543063,2015,561,21.2,7,.332,.349,34.2,10.1,42.9,100.178212162,94.481315257,28,51.8
"Crawford, Brandon",543063,2016,623,18.5,9.1,.327,.317,33.8,6.3,34.7,98.486221327,93.378538246,26.6,50.9
"Crawford, Brandon",543063,2017,570,19.8,7.4,.301,.302,34.8,6.3,33.5,97.580685874,92.852968589,28,51.4
"Crawford, Brandon",543063,2018,594,20.5,8.4,.306,.305,37.2,3.9,33.3,97.383235194,92.718286578,29.2,52.1
"Crawford, Brandon",543063,2019,560,20.9,9.5,.281,.306,36.7,5.9,35.1,97.781885729,92.971044648,28.3,51.3
"Crawford, Brandon",543063,2020,193,24.4,7.8,.334,.309,35.4,9.5,39.4,98.74086254,93.673056111,31.5,54.6
"Crawford, Brandon",543063,2021,549,19.1,10.2,.377,.353,35.8,11.5,43.3,99.818696492,94.078049948,29.3,51.7
"Cron, C.J.",543068,2018,560,25.9,6.6,.347,.345,34.3,13.5,36.6,100.817058453,94.484469806,29.1,50.8
"Cron, C.J.",543068,2021,547,21.4,11,.383,.366,31.9,11.5,42,101.733108492,94.934202465,27.4,47.1
"Cron, C.J.",543068,2022,632,25.9,6.8,.335,.319,36.8,10.8,42.3,101.410198894,94.867484771,24.3,47.7
"DeSclafani, Anthony",543101,2015,785,19.2,7,.321,.308,31.7,5.7,34.3,78.190501402,93.487995738,21.6,48.9
"DeSclafani, Anthony",543101,2019,696,24,7,.300,.297,33.4,8,38.7,78.281595859,94.084247775,23.6,48.1
"DeSclafani, Anthony",543101,2021,676,22.5,6.2,.276,.305,32.7,8.1,38.8,77.778434661,94.264522633,24.2,48.9
"Eovaldi, Nathan",543135,2021,764,25.5,4.6,.298,.285,37,6.3,36.4,76.964025856,93.6398384,25.9,51.6
"Eovaldi, Nathan",543135,2024,696,23.9,6,.291,.309,33.5,7.7,42.6,77.906442017,94.485768718,26.8,52.2
"Eovaldi, Nathan",543135,2026,200,23.5,5,.321,.331,32.1,8.6,46.4,79.241950571,95.121335929,30.7,53.6
"Giavotella, Johnny",543213,2015,502,11.8,6.4,.303,.291,30.1,1.2,19.6,94.579461692,91.291923462,14.8,45.6
"Gose, Anthony",543238,2015,535,27.1,8.4,.304,.276,30.4,2.9,30.7,98.131964813,93.084668281,26.9,50
"Gray, Sonny",543243,2015,831,20.3,7.1,.262,.290,27.6,5.1,34.6,78.922780842,93.538810404,22.5,46.8
"Gray, Sonny",543243,2017,678,22.6,8.4,.290,.310,29.5,6.7,38.6,75.107633231,93.97063919,27.3,46.6
"Gray, Sonny",543243,2019,708,29,9.6,.265,.286,30.1,7.5,33.3,77.34451901,93.509332705,28.4,42.2
"Gray, Sonny",543243,2023,754,24.3,7.3,.270,.298,32.9,6.9,39.2,78.435195138,94.126464752,26.1,47.7
"Gray, Sonny",543243,2024,671,30.3,5.8,.292,.300,38.1,9,37.9,79.276406538,94.211961253,29.8,48.7
"Gray, Sonny",543243,2025,753,26.7,5,.314,.306,34.8,9.8,40.7,76.982367233,94.518739901,27.5,47.4
"Grossman, Robbie",543257,2020,192,19.8,10.9,.351,.328,33.6,5.5,37.5,98.280297813,93.396949921,18.4,43.4
"Grossman, Robbie",543257,2021,671,23.1,14.6,.337,.335,39.5,7.6,34.1,97.650887745,92.935303661,21.6,38.4
"Harrison, Josh",543281,2016,522,14.6,3.4,.301,.269,36.6,2.4,22.9,94.751721133,91.385064296,20,54.7
"Harrison, Josh",543281,2017,542,16.6,5.2,.332,.311,38.4,3,24.1,94.705423179,91.362796555,21.7,53
"Harrison, Josh",543281,2021,558,13.4,5.6,.325,.334,39.5,4.4,32.6,97.20370125,92.65377125,18.8,55.4
"Hendricks, Kyle",543294,2015,739,22.6,5.8,.296,.294,31.5,4.1,29.2,78.196721633,92.92299988,20.4,43.8
"Hendricks, Kyle",543294,2016,745,22.8,5.9,.254,.259,28.9,4.3,26.2,76.410293878,92.363342796,24.7,43.2
"Hendricks, Kyle",543294,2018,812,19.8,5.4,.295,.299,32.6,6.3,30.8,74.975273162,92.907246598,22.1,44.7
"Hendricks, Kyle",543294,2019,730,20.5,4.4,.290,.294,33.6,6,31.5,75.452932107,92.809975739,22.1,49.3
"Hendricks, Kyle",543294,2020,315,20.3,2.5,.269,.274,34.3,4.6,32,74.950220833,92.680787573,24.9,49.8
"Hendricks, Kyle",543294,2021,785,16.7,5.6,.345,.338,37.4,8.4,33,74.205278373,93.217965246,20.1,48.6
"Hendricks, Kyle",543294,2025,695,16.4,6.2,.324,.308,32.6,8.3,34.3,73.673250302,93.310892792,18.3,48
"Hicks, Aaron",543305,2018,581,19.1,15.5,.360,.372,34.2,9.7,43,99.91669773,94.148582324,23.1,40
"Hicks, Aaron",543305,2020,211,18,19.4,.351,.374,29.8,6.9,38.2,99.738009846,93.99654093,27.9,39.4
"Hosmer, Eric",543333,2015,667,16.2,9.1,.355,.361,30.1,8.4,40.8,101.558532092,94.941129182,20.6,45.5
"Hosmer, Eric",543333,2016,667,19.8,8.5,.326,.330,26,11,44.2,102.281034043,95.409042851,26,48.6
"Hosmer, Eric",543333,2017,671,15.5,9.8,.376,.352,30.3,8.1,39.4,101.348699758,94.761279456,21.6,47.1
"Hosmer, Eric",543333,2018,677,21,9.2,.309,.302,26.3,6.5,38.2,100.755741595,94.460155032,27.7,48.5
"Hosmer, Eric",543333,2019,667,24.4,6,.309,.304,29.1,7.6,46,102.123969913,95.383913595,28.9,50
"Hosmer, Eric",543333,2021,565,17.5,8.5,.319,.327,26.6,5.9,47,102.446751471,95.653349314,22.9,48.3
"Kipnis, Jason",543401,2015,641,16.7,8.9,.355,.349,35.9,3.1,38.5,98.754656711,93.53848539,16.8,43.3
"Kipnis, Jason",543401,2016,688,21.2,8.7,.347,.345,38.2,7.4,39.5,99.214970913,93.986365142,19.6,43.3
"Kipnis, Jason",543401,2018,601,18.6,10,.308,.318,34.4,7.3,31.6,96.725167833,92.385166305,20.8,43
"Kipnis, Jason",543401,2019,511,17.2,7.8,.301,.316,33.1,6,34.4,97.701285761,92.914942527,20.4,46.3
"Koehler, Tom",543408,2015,800,17.1,9.6,.323,.323,29.1,6.5,37.1,79.895137143,93.912067321,18,44.4
"Koehler, Tom",543408,2016,774,19,10.7,.330,.333,36.4,7.5,33.4,77.202523385,93.205661946,23.5,44.4
"Lawrie, Brett",543434,2015,602,23.9,4.7,.306,.302,30.6,5.3,39.1,100.327308447,94.380264696,26.3,48.7
"Lyles, Jordan",543475,2021,769,19,7.3,.354,.350,35.5,9.1,41.6,79.618644051,94.390029088,23.5,48.2
"Lyles, Jordan",543475,2022,774,18.6,6.7,.341,.343,35.1,10.4,38.8,77.398185352,94.093867266,21.9,46.3
"Lyles, Jordan",543475,2023,748,16,6,.340,.338,34.6,9.9,35.5,78.646858035,93.749665333,20.1,48.1
"McHugh, Collin",543521,2015,859,19.9,6.2,.308,.287,31.9,3.9,29.2,75.473398208,92.354895856,23.6,47.9
"McHugh, Collin",543521,2016,795,22.3,6.8,.338,.289,33.6,5.3,28.3,76.699155602,92.67386547,23.9,47.6
"Miller, Brad",543543,2016,601,24.8,7.8,.333,.322,29.6,11.5,42.5,101.453516818,94.89482101,26.9,49.1
"Odorizzi, Jake",543606,2015,700,21.4,6.6,.295,.314,33.1,7,33.9,78.238788099,93.388143017,23.4,48.9
"Odorizzi, Jake",543606,2016,773,21.5,7,.306,.317,34.6,9.2,35.9,80.403831513,93.892650572,21.8,49
"Odorizzi, Jake",543606,2018,711,22.8,9.8,.322,.332,35.2,8.6,39,78.555609372,93.924690112,24.7,47.4
"Rendon, Anthony",543685,2016,647,18.1,10,.342,.349,35.4,6.8,41.5,100.59849724,94.619975193,17,42.7
"Rendon, Anthony",543685,2017,605,13.6,13.9,.394,.369,34.7,7.3,38.4,98.816573832,93.605964941,14.3,40.5
"Rendon, Anthony",543685,2018,597,13.7,9.2,.383,.384,39.8,11.1,44.8,100.518330132,94.575829692,13.9,47.7
"Rendon, Anthony",543685,2019,646,13.3,12.4,.413,.414,38.7,13.2,46.6,100.105818761,94.364729594,12.9,43.1
"Rendon, Anthony",543685,2020,232,13.4,16.4,.395,.390,39.2,6.4,40.5,98.602933924,93.634717389,14.7,40.5
"Roark, Tanner",543699,2016,855,20.1,8.5,.282,.305,30.5,6,30.3,77.099292586,92.874983506,21.9,43.8
"Roark, Tanner",543699,2017,776,21.4,8.2,.313,.314,34.8,5.9,33.1,76.004916579,92.951654049,23.5,46.1
"Roark, Tanner",543699,2018,760,19.2,6.6,.319,.318,32.7,6.5,33.6,76.992998608,93.388263945,20.4,45.8
"Roark, Tanner",543699,2019,722,21.9,7.1,.340,.341,37.1,9.2,37.3,78.472414874,93.904787242,21.1,45.9
"Semien, Marcus",543760,2015,601,22,7,.311,.298,37.1,5,28.9,96.820899279,92.433096346,22.4,43.8
"Semien, Marcus",543760,2016,621,22.4,8.2,.315,.303,31.8,7.4,35.3,98.212134905,93.241960643,23.8,45.7
"Semien, Marcus",543760,2018,703,18.6,8.7,.307,.305,34.9,4.9,32.1,96.985600317,92.497777778,20.3,43.8
"Semien, Marcus",543760,2019,747,13.7,11.6,.373,.363,34,9.3,38.1,98.394543077,93.291025385,18.3,42.2
"Semien, Marcus",543760,2020,236,21.2,10.6,.299,.287,32.9,5,28.6,96.361638375,92.211459874,23.3,44.1
"Semien, Marcus",543760,2021,724,20.2,9.1,.368,.336,35.2,9.9,41.3,99.347364664,93.999108178,21.5,45.1
"Semien, Marcus",543760,2022,724,16.6,7.3,.317,.311,32.4,6.8,34.9,97.838624343,93.00847117,20.6,47.2
"Semien, Marcus",543760,2023,753,14.6,9.6,.354,.335,37.5,6.6,37,98.08417844,93.189258191,18,47.1
"Semien, Marcus",543760,2024,718,14.6,8.9,.306,.320,33,6.6,35.2,97.806210919,93.005121934,20.2,50
"Semien, Marcus",543760,2025,534,17.4,9.4,.295,.318,35.8,6.8,35,98.284177358,93.274231455,22.6,49
"Semien, Marcus",543760,2026,177,20.3,7.3,.274,.310,34.6,8,34.6,97.132597258,92.607450976,23.3,50.4
"Shaw, Travis",543768,2016,530,25.1,8.1,.310,.307,34.2,9.5,34.2,99.10840157,93.573573459,24.4,47.9
"Shaw, Travis",543768,2017,606,22.8,9.9,.361,.328,34.7,8.2,39.4,100.236793035,94.229055473,21.1,45.3
"Shaw, Travis",543768,2018,587,18.4,13.3,.351,.350,31.2,11.2,38.3,100.143580711,94.174454707,20.3,44.8
"Springer, George",543807,2016,744,23.9,11.8,.353,.359,32.1,11.9,38.5,101.185728559,94.633465655,27.9,47.3
"Springer, George",543807,2017,628,17.7,10.2,.376,.384,31.1,10.3,43.2,101.928994429,95.130726888,23.3,44.7
"Springer, George",543807,2018,617,19.8,10.4,.340,.346,30.1,9.5,37.4,100.053591643,94.091163859,24.6,44.3
"Springer, George",543807,2019,556,20.3,12.1,.400,.400,31.6,15.3,44.8,102.243162402,95.348781653,26.5,44
"Springer, George",543807,2020,222,17.1,10.8,.379,.405,35.3,12.6,42.5,101.012866184,94.708160132,25.3,47.7
"Springer, George",543807,2022,583,17.2,9.3,.352,.345,31.8,8.4,42.3,101.320507081,94.768491799,28.2,50.9
"Springer, George",543807,2023,683,18.3,8.8,.320,.330,32.2,7.8,39.9,100.34851102,94.297792755,22.3,49.3
"Springer, George",543807,2024,614,18.7,9.8,.298,.325,29.2,9.3,37.4,99.896868,94.046929394,25.3,49.1
"Springer, George",543807,2025,586,18.9,11.8,.408,.404,41.2,16.2,47.6,102.436288051,95.608566256,26.1,46.2
"Strange-Gordon, Dee",543829,2015,653,13.9,3.8,.337,.283,28.6,1.3,17,93.574659795,90.838043504,14,51.9
"Strange-Gordon, Dee",543829,2017,694,13.4,3.6,.312,.274,27.7,0.2,11.2,91.71690717,90.084866623,14.6,54.2
"Strange-Gordon, Dee",543829,2018,588,13.6,1.5,.277,.272,30.2,0.2,12.5,92.172521004,90.196982686,15.6,55.1
"Vázquez, Christian",543877,2019,521,19.4,6.3,.331,.310,38.5,6.4,40.3,98.607970314,93.531031811,20.5,49.9
"Vázquez, Christian",543877,2020,189,22.8,8.5,.346,.281,33.1,4.7,40,98.429126154,93.35878876,22.9,47.6
"Wong, Kolten",543939,2015,613,15.5,5.9,.310,.309,31.9,3.5,33.8,98.193268744,93.119913011,19.6,50.4
"Wong, Kolten",543939,2019,549,15.1,8.6,.334,.297,28.6,2.6,25.4,96.025301799,92.013404021,18.4,48
"Wong, Kolten",543939,2020,208,14.4,9.6,.305,.286,31.2,0.7,26.6,95.584306892,91.793051554,15.8,43.9
"Gregorius, Didi",544369,2015,578,14.7,5.7,.303,.291,33.4,1.8,24.5,95.50167129,91.775831617,22.8,51.8
"Gregorius, Didi",544369,2016,597,13.7,3.2,.319,.274,32.4,3.3,25.3,95.376123305,91.703249979,18.6,55.4
"Gregorius, Didi",544369,2017,569,12.3,4.4,.335,.294,35.5,4.1,20.9,94.283550726,91.231041517,21.8,58.4
"Gregorius, Didi",544369,2018,569,12.1,8.4,.350,.318,32.8,5.2,30.8,97.146679227,92.592951727,19.5,51.7
"Gregorius, Didi",544369,2020,237,11.8,6.3,.348,.311,35.3,4.2,27.9,96.139141064,92.158376631,19,53.5
"García, Leury",544725,2019,618,22.5,3.4,.294,.272,30.3,4.1,29.9,97.233707717,92.660403959,24.6,54.4
"Strasburg, Stephen",544931,2017,701,29.1,6.7,.252,.262,28.2,7.2,32,76.544349151,93.078753853,27.8,49.7
"Strasburg, Stephen",544931,2019,841,29.8,6.7,.265,.267,29.8,6.7,33.8,77.367434479,93.302916673,30.6,47.7
"Vargas, Ildemaro",545121,2026,155,10.3,3.2,.401,.334,33.1,4.5,34.6,98.352296308,93.216631692,14.8,52.1
"Bauer, Trevor",545333,2015,744,22.8,10.6,.314,.309,31.8,6.7,33.9,77.597691392,93.385749557,22.6,45.3
"Bauer, Trevor",545333,2016,811,20.7,8.6,.310,.325,30.3,6.5,39.7,79.530937546,94.059035186,22.5,44.2
"Bauer, Trevor",545333,2017,749,26.2,8,.332,.320,36.1,8.5,39.2,79.320654855,93.93590112,23.9,42.2
"Bauer, Trevor",545333,2018,717,30.8,7.9,.260,.259,33,4.8,29.1,77.965412547,92.860139007,31.5,45.1
"Bauer, Trevor",545333,2019,911,27.8,9,.316,.310,33.8,9.3,37.7,78.030029018,93.847217,29.4,45.3
"Bauer, Trevor",545333,2020,278,36,6.1,.227,.224,25.9,6.3,38,77.766438101,93.703112739,30.4,46.4
"Grichuk, Randal",545341,2019,628,26,5.6,.307,.304,31.3,9.4,39.8,100.740131792,94.423631368,28.1,50.2
"Grichuk, Randal",545341,2020,231,21.2,5.6,.334,.333,27.2,11.4,39.6,100.547348929,94.472173234,23.1,51.7
"Grichuk, Randal",545341,2021,545,20.9,5,.300,.297,30.4,8.6,41.1,101.265902714,94.873053501,23.2,52.3
"Grichuk, Randal",545341,2022,538,23.6,4.5,.315,.288,27.3,6.9,43.6,101.601495926,95.066145714,24.7,50.6
"Trout, Mike",545361,2015,682,23.2,13.5,.415,.422,38.9,17.7,48.6,104.322363541,96.689220935,22,37.4
"Trout, Mike",545361,2016,681,20.1,17,.418,.427,37.6,16.2,40.3,102.379849109,95.44265062,20.7,38.3
"Trout, Mike",545361,2017,507,17.8,18.5,.437,.425,36.4,14.7,39.9,102.005181076,95.046112595,18.2,37.7
"Trout, Mike",545361,2018,608,20.4,20.1,.447,.434,41,17.7,46.2,103.530154261,96.114603105,18.6,37.6
"Trout, Mike",545361,2019,600,20,18.3,.436,.460,43.8,20.9,44.4,103.466773886,95.970475845,19.2,36.8
"Trout, Mike",545361,2020,241,23.2,14.5,.407,.428,36.1,15.3,55.1,103.522413333,96.756365347,19.5,36.7
"Trout, Mike",545361,2025,556,32,15.6,.343,.358,44.4,15.8,49.3,103.439903451,96.179463887,29.9,38.8
"Trout, Mike",545361,2026,204,26,20.1,.390,.424,34.6,22.6,51.4,104.252293208,96.793673679,22.4,36.9
"Herrera, Odúbel",546318,2015,537,24,5.2,.333,.291,33.1,3.8,33.9,99.082478136,93.601329122,25.5,50
"Herrera, Odúbel",546318,2016,656,20.4,9.6,.338,.296,30.7,5,30.9,98.153791009,93.091367982,23.6,49
"Herrera, Odúbel",546318,2017,563,22.4,5.5,.329,.308,35.1,7.2,32.3,99.127229949,93.580679418,26.6,53.3
"Herrera, Odúbel",546318,2018,597,20.4,6.4,.315,.285,28.8,5.5,31.9,98.41611554,93.233040518,27.6,52.4
"Ruiz, Rio",547004,2020,204,22.5,8.3,.303,.277,27.7,8.6,39,99.181741429,93.707106906,27.3,52
"Harper, Bryce",547180,2015,654,20,19,.461,.418,37.1,13.9,47.5,102.728474588,95.847158243,26.9,44.2
"Harper, Bryce",547180,2016,627,18.7,17.2,.343,.352,30.1,8.5,36.1,99.951699683,94.03816619,23.1,41.7
"Harper, Bryce",547180,2018,695,24.3,18.7,.376,.391,35.1,12.4,45.4,102.062017113,95.359408191,31.4,45.7
"Harper, Bryce",547180,2019,682,26.1,14.5,.365,.387,37.6,15.5,45.6,103.137354264,96.043547766,33.8,48.7
"Harper, Bryce",547180,2020,244,17.6,20.1,.400,.454,33.3,17.3,50.7,104.136840278,96.785819375,28.6,45.9
"Harper, Bryce",547180,2021,599,22.4,16.7,.431,.431,38.9,18.1,49.7,104.095508409,96.641756068,32,47.5
"Harper, Bryce",547180,2023,546,21.8,14.7,.384,.396,36.8,15.2,46.8,103.839812899,96.235486154,33.5,51.4
"Harper, Bryce",547180,2024,631,21.9,12,.380,.361,36.1,10.6,48.2,102.531835097,95.63882949,26.7,52.9
"Harper, Bryce",547180,2025,580,20.9,12.1,.361,.368,37.6,12.3,47.5,102.783123874,95.800004672,30.7,54.2
"Harper, Bryce",547180,2026,193,16.6,13.5,.401,.417,38.5,14.1,40,100.762400588,94.464435778,27,52.8
"Iwakuma, Hisashi",547874,2016,836,17.6,5.5,.331,.329,33.5,6.6,33.9,78.463285455,93.597793685,17.4,48.8
"Tanaka, Masahiro",547888,2016,805,20.5,4.5,.278,.293,31.6,5,36.3,78.535028893,93.74311565,23.3,50.2
"Tanaka, Masahiro",547888,2017,751,25.8,5.5,.326,.315,34.6,9.9,36.2,76.975184325,93.577293373,31.2,51.2
"Tanaka, Masahiro",547888,2019,759,19.6,5.3,.314,.316,33.1,6.7,37.9,78.778854255,93.819559787,23.2,50.4
"Ryu, Hyun Jin",547943,2019,723,22.5,3.3,.263,.281,32.5,5.2,30.8,75.101874845,93.046409264,24.9,49.7
"Ryu, Hyun Jin",547943,2020,275,26.2,6.2,.279,.274,32.4,3.3,29.2,76.646542667,92.768601899,26.2,49.3
"Ryu, Hyun Jin",547943,2021,701,20.4,5.3,.313,.322,33.7,8.5,41.6,78.898751797,94.364837227,22.6,47.5
"Martin, Leonys",547982,2016,576,25.9,7.6,.298,.277,30.3,5.7,31.3,99.19060691,93.604107893,29.9,51.6
"Abreu, José",547989,2015,668,21,5.8,.361,.338,30.4,10.6,41.8,102.420020087,95.40629902,24.9,48.7
"Abreu, José",547989,2016,695,18,6.8,.349,.348,32.7,8.6,39.4,100.621289442,94.406076355,23.8,51.1
"Abreu, José",547989,2017,675,17.6,5.2,.377,.364,34.2,10.6,45.2,102.600732709,95.527623347,22.5,48.2
"Abreu, José",547989,2018,553,19.7,6.7,.337,.356,35.4,9.9,45.2,102.778714091,95.630259116,24.6,49
"Abreu, José",547989,2019,693,21.9,5.2,.344,.358,35.2,13.7,48.2,103.146324797,95.996655894,25.3,49.5
"Abreu, José",547989,2020,262,22.5,6.9,.411,.399,37.4,14.3,53.3,104.315308571,96.898123022,30.1,48.5
"Abreu, José",547989,2021,659,21.7,9.3,.354,.347,31.2,10.2,49.3,102.892077685,95.964420464,27.7,48.4
"Abreu, José",547989,2022,679,16.2,9.1,.361,.374,34.5,9.5,51.8,102.953606518,96.20270568,23.2,47.3
"Abreu, José",547989,2023,594,21.9,7.1,.295,.315,32.5,8.7,41.6,100.821833606,94.59770588,26.4,50.1
"Díaz, Elias",553869,2023,526,22.4,6.5,.314,.296,31.2,6.2,38.4,100.035107459,94.071648482,28.4,54.8
"Suárez, Eugenio",553993,2016,627,24.7,8.1,.316,.306,38.3,6.9,29.1,96.987910197,92.506009852,24.8,43.5
"Suárez, Eugenio",553993,2017,632,23.3,13.3,.356,.352,39,7.6,32.1,97.835045408,92.917522704,24.4,42.2
"Suárez, Eugenio",553993,2018,606,23.4,10.6,.376,.373,38.6,9.9,45.6,101.179570462,94.983993462,25.7,44.7
"Suárez, Eugenio",553993,2019,662,28.5,10.6,.381,.355,38,14.8,40.8,100.844864896,94.608867917,28.7,44.4
"Suárez, Eugenio",553993,2020,231,29,13,.332,.342,29.5,14.4,44.7,101.191154545,94.886730076,31.7,41.7
"Suárez, Eugenio",553993,2021,574,29.8,9.8,.306,.323,33,15,39.8,100.26923,94.340085339,29.5,42.7
"Suárez, Eugenio",553993,2022,629,31.2,11.6,.344,.344,36.4,14.8,43.5,100.691818466,94.681885812,33.1,41.8
"Suárez, Eugenio",553993,2023,694,30.8,10.1,.313,.323,37.7,13.2,43,100.661115455,94.726665316,32.8,44.5
"Suárez, Eugenio",553993,2024,640,27.5,7.7,.337,.335,40.4,11.4,42.4,100.570552315,94.463438988,29.1,47.2
"Suárez, Eugenio",553993,2025,657,29.8,7,.347,.320,32.8,14.3,47.6,101.4773033,95.099828471,33.3,50.4
"Wheeler, Zack",554430,2018,744,24.1,7.4,.272,.278,32.9,5.3,27.1,75.422836173,92.398570412,24.7,49.2
"Wheeler, Zack",554430,2019,828,23.6,6,.294,.297,34.5,5.8,32.4,75.98017,93.070746151,23,50.9
"Wheeler, Zack",554430,2020,288,18.4,5.6,.291,.292,30.7,3.8,34,73.20301619,93.138928469,22.6,52.9
"Wheeler, Zack",554430,2021,849,29.1,5.4,.257,.259,31.2,4.6,28.5,71.902242948,92.688965373,26.8,51.9
"Wheeler, Zack",554430,2023,787,26.9,5,.277,.278,35.1,5.1,36.4,75.393585916,93.267420573,28.6,51.3
"Wheeler, Zack",554430,2024,787,28.5,6.6,.256,.262,32.6,8.3,33.6,74.93491968,93.046728036,27.5,51.2
"Polanco, Gregory",570256,2015,652,18.6,8.4,.304,.312,30.5,5,39.8,100.779030043,94.513144401,19.9,44.8
"Polanco, Gregory",570256,2016,587,20.3,9,.331,.337,34.5,6.8,40,100.669037931,94.450076773,21.7,46.1
"Polanco, Gregory",570256,2018,534,21.9,11.4,.353,.339,33.6,10.3,37.8,99.828552069,93.989606945,24,45.3
"Santana, Domingo",570267,2017,607,29.3,12,.372,.355,40.6,10.1,40.4,99.892418171,94.125195014,32.2,46.3
"Santana, Domingo",570267,2019,507,32.3,9.9,.326,.342,40.1,12.9,42.1,100.050234643,94.228038964,31.9,46.8
"González, Erik",570481,2020,193,26.4,4.1,.262,.293,33.6,6.8,44,100.617211515,94.399348561,32,53.4
"Urshela, Gio",570482,2022,551,17.4,7.4,.332,.327,38.6,7.1,37.6,99.120552402,93.736875907,21.4,53.1
"Sánchez, Yolmer",570560,2017,534,20.8,6.6,.313,.285,32.6,3.7,24.6,95.607226845,91.820362219,23.6,50.3
"Sánchez, Yolmer",570560,2018,662,20.8,7.4,.297,.289,35.1,3.4,28.3,96.258067895,92.139175077,21.5,47.9
"Sánchez, Yolmer",570560,2019,555,21.1,7.9,.281,.274,32.1,1.2,27,95.805694709,91.918524721,22.8,48.8
"Ureña, José",570632,2017,724,15.6,8.8,.316,.345,34.3,9.6,30.9,75.156262664,92.867668147,19.9,45.5
"Ureña, José",570632,2018,712,18.3,7.2,.298,.311,30.3,6.8,36.2,77.792187843,93.641051667,20.2,47.5
"Ventura, Yordano",570649,2015,693,22.5,8.4,.307,.313,30.6,6.4,31.9,79.457668818,93.4825925,24.4,45.5
"Ventura, Yordano",570649,2016,816,17.6,9.6,.329,.342,30.2,8.9,38.4,79.682925276,94.09919715,22.1,44.4
"Schoop, Jonathan",570731,2016,647,21.2,3.2,.320,.299,29.7,7.9,35.1,99.72271097,93.877671057,28.9,60.2
"Schoop, Jonathan",570731,2017,675,21,5.2,.355,.330,35.3,7.6,37.2,100.22187123,94.139732916,28.1,52.4
"Schoop, Jonathan",570731,2021,674,19.7,5.5,.324,.311,30.1,6.8,40.2,101.189261968,94.661372435,24.7,52.5
"Schoop, Jonathan",570731,2022,510,21,3.7,.245,.275,29.1,4.8,38.6,99.967628556,93.993791257,28.2,55.5
"Arenado, Nolan",571448,2015,665,16.5,5.1,.371,.336,33.7,9.7,40.2,100.206577918,94.441647592,21.2,53.1
"Arenado, Nolan",571448,2016,696,14.8,9.8,.386,.347,32.7,10,39.8,99.388730155,93.900808953,18.9,48.1
"Arenado, Nolan",571448,2017,679,15.6,9.1,.395,.366,37.5,9.4,37.9,99.061597036,93.71612097,23.3,48.2
"Arenado, Nolan",571448,2018,673,18.1,10.8,.391,.353,35.6,7.8,40.5,99.562138945,94.062325687,24.6,49.8
"Arenado, Nolan",571448,2019,662,14,9.4,.392,.343,34.6,8.8,37.6,99.240765317,93.75734495,20.9,51.4
"Arenado, Nolan",571448,2020,201,10,7.5,.308,.288,27.1,5.4,33.7,98.207786506,93.152140723,17.9,48.1
"Arenado, Nolan",571448,2021,653,14.7,7.7,.336,.313,34.1,6.7,37.5,98.719642976,93.570965437,18.5,46.8
"Arenado, Nolan",571448,2022,620,11.6,8.4,.381,.343,35.4,8.2,38.9,99.558566721,93.952810862,19.1,48.4
"Arenado, Nolan",571448,2023,612,16.5,6.7,.327,.320,33,7.3,38.1,99.311427863,93.760489679,20.2,48.5
"Arenado, Nolan",571448,2024,635,14.5,6.9,.314,.299,35.9,3.3,31.6,96.924147927,92.483246402,17.2,46.8
"Arenado, Nolan",571448,2026,158,19.6,9.5,.355,.329,35.5,7.3,29.1,96.387477091,92.265080364,24,44.8
"Barnhart, Tucker",571466,2018,522,18.4,10.3,.307,.301,35.7,3.8,30.3,96.579929171,92.342225651,20.2,45.7
"Boyd, Matthew",571510,2018,709,22.4,7.2,.305,.287,34.4,6.8,32.3,77.335605187,92.730585239,23.6,46.5
"Boyd, Matthew",571510,2019,788,30.2,6.3,.320,.297,33,10,35.3,79.49947113,93.602302531,31.1,49.8
"Boyd, Matthew",571510,2020,271,22.1,8.1,.378,.349,37,10.9,37,75.498472609,93.758217268,28.1,48.5
"Boyd, Matthew",571510,2025,718,21.4,5.8,.287,.301,31.4,9,38,77.347035336,93.962286673,23.1,51.5
"Corbin, Patrick",571578,2017,826,21.5,7.4,.333,.320,30.1,7.5,35.6,76.167283693,93.879800506,25.6,47
"Corbin, Patrick",571578,2018,800,30.8,6,.265,.283,31.1,6.2,35.6,77.787217137,93.521333354,34.7,47.6
"Corbin, Patrick",571578,2019,835,28.5,8.4,.285,.303,31.7,10.4,38.7,78.977153813,94.527443294,31.7,47.4
"Corbin, Patrick",571578,2020,295,20.3,6.1,.357,.343,32.3,6.5,44.2,80.567643519,94.923821302,23.6,50.4
"Corbin, Patrick",571578,2021,751,19,8,.362,.358,32.9,9.2,41.2,78.148020906,94.634299585,24.9,47.9
"Corbin, Patrick",571578,2023,790,15.7,7.2,.353,.373,37.9,9.3,44,80.192000808,94.927415572,21.4,45.7
"Corbin, Patrick",571578,2024,764,18.2,7.1,.357,.359,37.3,8.3,46.7,79.877843129,95.30570991,22.4,48.2
"Farmer, Kyle",571657,2021,529,18.3,4.2,.316,.302,36,4.3,31.9,97.545416308,92.888295077,20,49.9
"Farmer, Kyle",571657,2022,583,17,5.7,.309,.316,37.7,4.4,33.8,97.050252093,92.534027326,19.4,50.3
"Fiers, Mike",571666,2015,761,23.7,8.4,.308,.303,34.6,7.2,29.4,78.263366612,92.831843043,22,48
"Fiers, Mike",571666,2016,724,18.5,5.8,.342,.332,35.5,6.8,39.2,79.698250602,94.093293835,21.6,45.9
"Fiers, Mike",571666,2018,714,19.5,5.2,.319,.336,33.2,11.2,37.4,79.904929198,93.997538092,19.9,46.6
"Fiers, Mike",571666,2019,754,16.7,7,.303,.335,31.6,8.1,38.3,77.021922904,93.655507408,18.2,47.3
"Gennett, Scooter",571697,2016,541,21.1,7,.315,.275,34.4,4.6,24.5,95.715714737,91.861584184,22.7,51.4
"Gennett, Scooter",571697,2018,638,19.6,6.6,.362,.311,37.5,6.2,32.3,97.179696753,92.670910889,20.2,53.6
"Hamilton, Billy",571740,2017,633,21,7,.278,.262,32.5,0.5,11.7,90.07305375,89.719251415,19.8,46.4
"Hamilton, Billy",571740,2018,556,23.7,8.3,.277,.256,36.6,0.6,8.5,89.217314033,89.436125276,23.9,48.6
"Haniger, Mitch",571745,2018,683,21.7,10.2,.367,.366,36.5,11,43.2,100.909986608,94.71924207,23.3,41.8
"Haniger, Mitch",571745,2021,691,24.5,7.8,.340,.348,33.6,12.6,45.1,100.90811287,94.762439739,29.8,46.6
"Heaney, Andrew",571760,2018,749,24,6,.310,.311,36.2,8.4,37.2,76.27365626,93.602442327,26.3,48.5
"Heaney, Andrew",571760,2020,279,25.1,6.8,.306,.321,36.2,7.4,39.4,77.671291809,93.87947738,27.9,50.5
"Hernández, Enrique",571771,2021,585,18.8,10.4,.338,.348,36.5,8.4,43.2,99.999080443,94.357513827,23.5,44.6
"Hernández, Enrique",571771,2023,508,19.1,6.7,.282,.273,31,4.5,33.7,97.831208503,92.980265241,23.6,46.7
"Holt, Brock",571788,2015,509,19.1,9,.322,.294,31.7,0.6,24.2,95.443424229,91.7332198,15.1,40.6
"Joseph, Tommy",571830,2017,533,24.2,6.2,.305,.298,30.9,8.3,40.3,101.256795902,94.721492404,26.6,49.6
"Lamb, Jake",571875,2016,594,25.9,10.8,.352,.343,34.6,13.5,43.4,101.002369891,94.781711172,29,43.6
"Lamb, Jake",571875,2017,635,23.9,13.7,.353,.353,34.4,11.1,36.3,99.214110309,93.669038041,23.8,39.8
"Mikolas, Miles",571945,2018,808,18.1,3.6,.271,.285,31.5,5.5,29.4,76.173718553,92.670905865,20.2,52.5
"Mikolas, Miles",571945,2019,764,18.8,4.2,.319,.329,33,6.8,36.6,77.882734945,93.621470874,21.7,49.3
"Mikolas, Miles",571945,2022,805,19,4.8,.279,.310,35.1,7,36,76.747856744,93.485106739,18.7,48.9
"Mikolas, Miles",571945,2023,860,15.9,4.5,.330,.355,38.9,9.8,43,80.242845536,94.593177009,16.7,49.7
"Mikolas, Miles",571945,2024,720,16.9,3.5,.339,.334,38.1,8.1,42.3,77.511449435,94.25374515,16.4,49.8
"Miller, Shelby",571946,2015,860,19.9,8.5,.290,.285,26.6,4.3,27.7,77.148635104,92.609204132,21.3,49.4
"Muncy, Max",571970,2019,589,25.3,15.3,.372,.380,38.9,12.7,43.4,100.624856095,94.560041662,28.9,40.1
"Muncy, Max",571970,2020,248,24.2,15.7,.316,.360,29,12.4,40,99.706862329,94.042931517,26.8,36.6
"Muncy, Max",571970,2021,592,20.3,14,.379,.406,34.9,16.2,46.6,102.0590325,95.545324574,23.4,37.6
"Muncy, Max",571970,2022,565,25,15.9,.318,.346,34.3,13.4,45.6,100.488456196,94.680756043,26.1,38.6
"Muncy, Max",571970,2023,579,26.4,14.7,.344,.362,33.7,14.6,46.6,101.315308623,95.11269018,29.6,39.3
"Muncy, Max",571970,2026,169,23.7,13.6,.403,.422,34.9,18.9,52.8,102.983081698,96.145351038,28.1,44
"Myers, Wil",571976,2016,676,23.7,10.1,.341,.334,36.7,7.7,39.2,100.073744208,94.11312127,21.8,40.7
"Myers, Wil",571976,2017,649,27.7,10.8,.335,.330,35.3,10.4,44.6,101.313633077,94.869239974,25.8,44.2
"Myers, Wil",571976,2020,218,25.7,8.3,.400,.396,40.8,15,45.8,101.631815571,95.352673957,25.9,42.6
"Owings, Chris",572008,2015,552,26.1,4.7,.255,.261,32.8,3.2,24.9,95.964633295,91.994393191,26.1,53.6
"Piscotty, Stephen",572039,2016,648,20.5,7.9,.345,.343,33.4,9.5,37.8,99.313960583,93.753640966,25.8,52.4
"Piscotty, Stephen",572039,2018,605,18.8,6.9,.351,.356,34.3,10,38.7,99.557644654,93.875006475,25.5,53.3
"Pollock, AJ",572041,2015,673,13.2,7.9,.371,.347,31.2,6.6,39.1,99.71304376,93.946765136,17.1,46.3
"Pollock, AJ",572041,2020,210,21.4,5.7,.364,.345,37.9,10.6,43.1,100.207984474,94.434710861,24.7,47.7
"Pollock, AJ",572041,2022,527,18.6,6.1,.297,.324,32.9,9.4,42,100.414319188,94.34853632,24.7,53.6
"Richards, Garrett",572070,2015,865,20.3,8.8,.293,.294,27.3,5.5,31.6,76.569052939,93.016402889,26,46.1
"Seager, Kyle",572122,2015,686,14.3,7.9,.335,.353,36.1,7.6,34.6,98.570178482,93.434971381,17.6,45.4
"Seager, Kyle",572122,2016,676,16,10.2,.363,.377,36.3,9.7,41.3,100.061292552,94.277043368,18.5,42.2
"Seager, Kyle",572122,2017,650,16.9,8.9,.326,.344,35.2,9.2,33.9,98.087707991,93.113487131,20.9,42.9
"Seager, Kyle",572122,2018,630,21.9,6,.288,.305,37,6,39.6,98.826304866,93.604766094,22.3,47.2
"Seager, Kyle",572122,2020,248,13.3,12.9,.338,.365,30.7,10.2,39.8,98.417159318,93.543557614,20.4,40.3
"Seager, Kyle",572122,2021,670,24,8.8,.308,.320,35.7,12.3,40.1,99.68216,94.062280564,29.7,49.6
"Taylor, Michael A.",572191,2015,511,30.9,6.8,.274,.288,32.8,7.4,35.6,99.60454698,93.854731409,33.3,52.2
"Taylor, Michael A.",572191,2021,528,27.3,6.3,.286,.300,30.6,6.6,40.2,100.404271228,94.393365396,31.2,51.9
"Voit, Luke",572228,2019,510,27.8,13.9,.360,.368,39.6,14.5,42.4,101.044367708,94.803622951,35.1,47.3
"Voit, Luke",572228,2020,234,23.1,7.3,.393,.389,37.5,13.3,40,100.684343544,94.623051203,27.6,52.1
"Voit, Luke",572228,2022,568,31.5,9.7,.311,.328,34.6,14.7,44.3,101.411871585,94.98573844,37.6,52
"Walker, Christian",572233,2019,603,25.7,11.1,.346,.364,34.1,14,48.8,102.727625691,95.697243147,28.8,48.7
"Walker, Christian",572233,2020,243,20.6,7.8,.339,.339,34.5,6.5,48.5,101.908890353,95.476667059,27.1,51.8
"Walker, Christian",572233,2022,667,19.6,10.3,.346,.362,33.3,11.6,44,101.466371179,95.00141326,24.6,44.7
"Walker, Christian",572233,2023,661,19.2,9.4,.351,.340,32.6,11.4,40.4,100.601281422,94.397470475,26.4,48.6
"Walker, Christian",572233,2024,552,24.1,10,.343,.354,35,13.3,48,103.127969548,96.011102521,25.6,48
"Walker, Christian",572233,2025,640,27.7,6.3,.310,.314,34.5,12.9,46.1,102.499785971,95.668558155,30.5,52.2
"Walker, Christian",572233,2026,190,19.5,9.5,.375,.343,31.6,12.8,45.9,101.931196567,95.526560977,28.2,50.6
"Carpenter, Matt",572761,2015,665,22.7,12.2,.372,.389,42.4,10.2,35.8,99.020981881,93.621808342,21.5,38.9
"Carpenter, Matt",572761,2016,566,19.1,14.3,.375,.397,43,12.3,41.9,99.808493,94.367605111,19.3,38.5
"Carpenter, Matt",572761,2017,622,20.1,17.5,.361,.379,37.7,8.7,37,98.859121087,93.683129538,19.5,34.6
"Carpenter, Matt",572761,2018,676,23.4,15.1,.375,.389,44.1,14.6,44.7,100.1082214,94.5737371,24.2,37.5
"Dickerson, Corey",572816,2016,548,24.5,6,.319,.304,34.1,12.6,38.1,99.143155798,93.68168625,29.1,55.9
"Dickerson, Corey",572816,2017,628,24.2,5.6,.341,.314,35.6,8.5,31.7,98.092830872,93.059310667,28.6,58.7
"Dickerson, Corey",572816,2018,533,15,3.9,.341,.330,37.6,6.6,32.4,97.786101745,92.916270165,22.1,59.4
"Dickerson, Corey",572816,2020,210,16.7,7.1,.308,.305,25.8,5.7,30.8,97.061493671,92.538034367,25.7,53.4
"Dozier, Brian",572821,2015,704,21,8.7,.323,.299,34.2,7,31.1,96.886231967,92.484104519,22.3,45.2
"Dozier, Brian",572821,2016,691,20,8.8,.370,.329,31.2,9.5,36.2,98.504495805,93.326305541,23.4,43.7
"Dozier, Brian",572821,2017,705,20,11.1,.362,.342,32,9.4,34.7,97.834204025,93.060110869,24.7,41.7
"Dozier, Brian",572821,2018,632,20.4,11.1,.304,.288,30.5,7.3,29.4,96.03410601,92.028184038,22.6,39.8
"Keuchel, Dallas",572971,2015,911,23.7,5.6,.254,.264,25.2,3.7,28,74.698599397,92.432825698,25.2,44.5
"Keuchel, Dallas",572971,2016,701,20.5,6.8,.317,.306,29.6,7.7,36.9,77.11993996,93.87472086,23.2,44.1
"Keuchel, Dallas",572971,2018,874,17.5,6.6,.305,.293,29,4.8,33,76.207144634,93.215602668,19.8,45.3
"Keuchel, Dallas",572971,2020,257,16.3,6.6,.249,.317,34.3,4.1,31.3,74.956208144,93.354275567,23.8,45.1
"Keuchel, Dallas",572971,2021,720,13.2,8.2,.356,.373,34.4,9,39.8,76.12819018,94.346269387,21.1,44.2
"Straily, Dan",573185,2016,792,20.5,9.2,.307,.324,35.7,8.2,35,78.939690712,93.516067978,23.4,47.4
"Straily, Dan",573185,2017,769,22.1,7.8,.330,.306,32.4,8.1,29.2,76.965294825,92.746977879,26.6,49.9
"Stroman, Marcus",573186,2016,854,19.4,6.3,.312,.306,26.5,5.5,41.9,79.92819657,94.684735397,21.5,47.3
"Stroman, Marcus",573186,2017,834,19.7,7.4,.310,.314,24.3,5.5,38.6,77.352262517,94.068462118,23.6,44.5
"Stroman, Marcus",573186,2019,774,20.5,7.5,.299,.292,27.2,4.5,35.6,77.145629341,93.642928165,24.7,45.1
"Stroman, Marcus",573186,2021,729,21.7,5.9,.284,.318,33.6,6.6,42,77.468444661,94.596511195,26.8,48.5
"Yastrzemski, Mike",573262,2020,225,24.4,13.3,.407,.364,35,10.9,42.3,99.26844913,93.715521022,24.7,39.1
"Yastrzemski, Mike",573262,2021,532,24.6,9.6,.326,.316,33.1,10.3,39.3,99.157264671,93.794353174,24.2,45.9
"Yastrzemski, Mike",573262,2022,558,25.3,10.9,.307,.314,36.2,11.1,42.5,99.830966069,94.251098237,22.7,42.9
"Yastrzemski, Mike",573262,2025,558,19.4,12.9,.321,.329,35.6,8.5,42.6,99.919347541,94.459655315,19,41.8
"Contreras, Willson",575929,2018,544,22.2,9.7,.321,.303,28.9,8.4,33.3,99.890442931,93.949346351,28.1,49.7
"Contreras, Willson",575929,2020,225,25.3,8.9,.336,.353,35.8,10.4,47.8,102.281617612,95.465128571,33.8,47.9
"Contreras, Willson",575929,2025,563,25.2,7.8,.344,.358,37.1,13.9,49,103.153936457,96.033080457,28.9,48.5
"Contreras, Willson",575929,2026,182,28,11,.367,.392,34,16.8,44.7,103.797438235,96.157810792,34.3,45.7
"Iglesias, Jose",578428,2016,513,9.7,5.5,.283,.276,29,0.8,20.8,93.884205317,91.095194976,10.5,44.8
"Iglesias, Jose",578428,2019,530,13.2,3.8,.306,.284,29.7,2.5,24.2,94.71843919,91.441140476,15.3,55.5
"Iglesias, Jose",578428,2021,511,14.7,4.1,.304,.299,35.5,3.5,28.6,96.602792118,92.312438321,18.9,55
"Kikuchi, Yusei",579328,2023,700,25.9,6.9,.319,.318,37.7,9,42.4,80.862697662,94.432324264,28,48.7
"Kikuchi, Yusei",579328,2024,736,28,6,.297,.301,33.5,9.7,45,79.146503958,94.844128643,29,48.4
"Kikuchi, Yusei",579328,2025,772,22.5,9.6,.327,.327,34.2,9.4,42.2,80.679269806,95.007564466,23.6,48.3
"Hechavarría, Adeiny",588751,2016,547,13.3,6,.256,.293,29.8,1.3,31.4,97.250481896,92.710874394,16.4,50.2
"Bryant, Kris",592178,2015,650,30.6,11.8,.371,.354,33.7,12.5,43.8,101.012069116,94.798555983,35.6,48.9
"Bryant, Kris",592178,2016,699,22,10.7,.396,.386,36.3,12.7,38.9,100.570829776,94.490280787,28.1,48.5
"Bryant, Kris",592178,2017,665,19.2,14.3,.399,.376,35.1,10.7,36.6,98.80344338,93.415540729,24.1,45.4
"Bryant, Kris",592178,2019,634,22.9,11.7,.379,.349,35.8,10.1,34.1,98.53167269,93.281246777,28.4,48.5
"Bryant, Kris",592178,2021,586,23,10.6,.356,.347,37.1,10.3,40,99.222537,93.821051447,28,48.7
"Canha, Mark",592192,2020,243,22.2,15.2,.351,.359,37.3,7.9,39.4,98.907806143,93.708491143,24,38
"Canha, Mark",592192,2021,625,20.5,12.3,.333,.332,36.1,7.1,35.4,97.938321269,93.004303181,21.5,40.5
"Canha, Mark",592192,2022,542,17.9,8.9,.343,.328,32.2,4.9,36.6,98.317698315,93.261380654,22.2,42.9
"Canha, Mark",592192,2023,507,15.6,9.7,.333,.323,30.9,4.7,36.7,98.959607624,93.632062936,18.3,41.6
"Castellanos, Nick",592206,2015,595,25.5,6.6,.311,.322,37.5,8.2,34.5,97.738445628,92.919924962,29.7,49.7
"Castellanos, Nick",592206,2017,665,21.4,6.2,.341,.373,42.8,11.2,42,99.656003697,94.03061645,26.8,51.2
"Castellanos, Nick",592206,2018,678,22.3,7.2,.363,.374,45.3,11.6,40.7,99.334787542,93.887539089,30.2,55.1
"Castellanos, Nick",592206,2019,664,21.5,6.2,.357,.363,39.8,11.4,41.5,99.936858686,94.155142055,26.9,54.7
"Castellanos, Nick",592206,2020,242,28.5,7.9,.329,.375,39.3,16.1,46.7,100.5504196,94.703394832,34.2,51.8
"Castellanos, Nick",592206,2021,585,20.7,7,.391,.375,44,10.6,46.9,101.478243413,95.160421779,30.7,55
"Castellanos, Nick",592206,2022,558,23.3,5.2,.304,.306,36.9,6.6,35.1,98.393032843,93.293370431,32.2,57
"Castellanos, Nick",592206,2023,671,27.6,5.4,.335,.322,36.5,10.3,43.2,100.3894813,94.419143027,35.4,56.2
"Castellanos, Nick",592206,2024,659,21.1,6.2,.321,.337,39,8.1,38.2,99.266703034,93.738511581,30.1,58
"Castellanos, Nick",592206,2025,589,22.6,5.4,.300,.302,39,7.6,34.5,98.623467608,93.407329952,29.9,58.8
"Drury, Brandon",592273,2022,568,22.2,6.7,.350,.321,34.8,10.4,42.2,100.586892132,94.438998321,21.5,45.9
"Drury, Brandon",592273,2023,523,26,4.8,.339,.317,35,11,46.3,101.80875267,95.132794574,30.2,51.6
"Foltynewicz, Mike",592314,2018,743,27.2,9.2,.265,.274,30.8,7.6,34.5,78.613296983,93.337673211,25.7,44
"Gamel, Ben",592325,2017,550,22.2,6.5,.315,.297,33.2,4.5,29.3,96.731259021,92.374731572,20.9,44.7
"Gausman, Kevin",592332,2016,757,23,6.2,.319,.314,31.5,8.5,33.7,78.357793386,93.493115354,25.4,48.4
"Gausman, Kevin",592332,2017,816,21.9,8.7,.346,.343,37.8,8.9,33.7,76.544743863,93.436369079,25.9,46.5
"Gausman, Kevin",592332,2018,776,19.1,6.4,.324,.333,33.5,7.8,40.8,77.951337254,94.193265704,24.7,49.3
"Gausman, Kevin",592332,2021,775,29.3,6.5,.265,.291,30.6,7.1,40.9,77.914911777,94.447687867,31.4,52.4
"Gausman, Kevin",592332,2022,725,28.3,3.9,.304,.288,38.1,8.1,38.5,78.199092336,94.021611581,29.4,55.9
"Gausman, Kevin",592332,2023,763,31.1,7.2,.292,.303,36.9,9.9,43.3,77.897586061,94.803198308,28.9,49.3
"Gausman, Kevin",592332,2024,756,21.4,7.4,.300,.336,35.5,9.9,42.4,79.496181832,94.740771683,23.4,49.9
"Gausman, Kevin",592332,2025,775,24.4,6.5,.273,.301,35,8.5,41.4,78.114323042,94.522007833,26.4,51.6
"Gausman, Kevin",592332,2026,209,23,4.3,.288,.297,34.9,9.2,36.2,74.968217067,94.192725867,26.6,51.8
"Gray, Jon",592351,2016,711,26,8.3,.307,.310,36,6.9,34.7,77.573562329,93.545400457,26.5,49
"Gray, Jon",592351,2018,742,24.7,7,.332,.306,31.9,6.3,37.9,79.780287358,93.996075703,29.2,45.9
"Healy, Ryon",592387,2017,605,23.5,3.8,.320,.313,35.6,8.1,40.4,100.120816558,94.153437791,26.8,47.6
"Healy, Ryon",592387,2018,524,21.6,5.2,.296,.322,32.2,7.5,41.6,100.362215526,94.321891316,25.4,47.5
"Judge, Aaron",592450,2017,678,30.7,18.7,.430,.450,38.2,27.6,54.7,108.114253018,98.934467418,34.9,41.1
"Judge, Aaron",592450,2021,633,25,11.8,.387,.418,38.5,17.8,58.4,107.090197563,98.864780584,29.1,42.5
"Judge, Aaron",592450,2022,696,25.1,15.9,.458,.468,39,26.6,61.9,107.110072714,99.053359221,29.8,42.7
"Judge, Aaron",592450,2024,704,24.3,18.9,.476,.480,40.8,27.1,61,107.20043567,99.103701521,30.7,42
"Judge, Aaron",592450,2025,679,23.6,18.3,.463,.460,39.4,24.8,58.2,106.838113247,98.650676124,34.6,43.7
"Judge, Aaron",592450,2026,204,27.9,17.2,.433,.434,37,23.1,55.6,105.409016481,97.701590185,32.9,42.9
"Machado, Manny",592518,2015,713,15.6,9.8,.370,.345,29.7,8.9,41.7,101.713928171,95.062350934,17.6,43.2
"Machado, Manny",592518,2016,696,17.2,6.9,.366,.366,34.9,10.6,43.2,102.442245154,95.431908015,22.3,49.3
"Machado, Manny",592518,2017,690,16.7,7.2,.328,.360,30.3,11.4,47.5,103.633014962,96.162352904,21.9,49
"Machado, Manny",592518,2018,709,14.7,9.9,.377,.369,33.8,12.1,48.2,102.92654779,95.846052083,22.2,48.9
"Machado, Manny",592518,2019,661,19.4,9.8,.335,.343,31.2,8.7,43.7,102.073663723,95.40263803,24.2,46.7
"Machado, Manny",592518,2020,254,14.6,10.2,.391,.385,34.6,11.1,43.5,102.695949158,95.565070368,21.7,46.7
"Machado, Manny",592518,2021,640,15.9,9.8,.350,.377,33.8,13.3,52.2,104.861270593,97.161278811,23,48
"Machado, Manny",592518,2022,644,20.7,9.8,.382,.345,36.7,9.8,49,102.622706786,95.790495526,24.9,50.8
"Machado, Manny",592518,2023,601,18.1,8.3,.334,.334,30.2,10.5,45.9,102.375377,95.525381708,23.9,49.3
"Machado, Manny",592518,2024,643,19.3,7,.340,.340,33.8,11,48.8,103.370494128,96.17209183,24.4,51.6
"Machado, Manny",592518,2025,678,19.3,8.1,.341,.355,34.8,12.9,51.5,103.43453,96.416401779,26.1,50
"Machado, Manny",592518,2026,180,21.7,12.2,.274,.307,29.4,5.9,43.7,101.040752034,95.014728475,23.9,47.6
"Moran, Colin",592567,2019,503,23.3,6,.315,.314,37.1,8,34.8,98.556321897,93.372829654,24.7,53.7
"Moran, Colin",592567,2020,200,26,9.5,.340,.350,32.3,13.5,47.2,102.613770159,95.95598352,28,49.9
"Pederson, Joc",592626,2015,585,29.1,15.7,.335,.345,28.3,13.8,45.2,102.070124803,95.343527796,35.9,42.5
"Pederson, Joc",592626,2019,514,21.6,9.7,.362,.344,31.4,11.6,43.5,101.926819048,95.251138896,24.1,46.1
"Ray, Robbie",592662,2016,776,28.1,9.1,.332,.317,32.2,8,39.3,79.578419784,94.224562138,26.6,46.6
"Ray, Robbie",592662,2017,665,32.8,10.7,.282,.297,31.5,7.1,41,79.748876264,94.264737912,34.4,44.7
"Ray, Robbie",592662,2019,747,31.5,11.2,.322,.322,38.9,11.9,38.6,77.763446782,94.068618515,32.7,45.4
"Ray, Robbie",592662,2021,773,32.1,6.7,.287,.293,34.3,9.9,43.1,79.567923906,94.918518906,32.3,52
"Ray, Robbie",592662,2022,775,27.4,8,.315,.299,34,7.9,39.1,79.38448151,94.312919224,30,51.5
"Ray, Robbie",592662,2025,755,24.6,9.7,.299,.300,35.4,9.6,44.7,81.357482769,94.734721694,27.8,49.3
"Ray, Robbie",592662,2026,203,24.1,9.9,.316,.337,38.8,12.1,33.6,77.414031231,93.448132692,27.3,48.5
"Realmuto, J.T.",592663,2016,545,18.3,5.1,.333,.306,28.4,4.5,35.2,98.844654951,93.53126027,19.5,48.1
"Realmuto, J.T.",592663,2017,579,18.3,6.2,.332,.335,32.6,6.9,35.5,99.057183458,93.605391733,19.2,48.3
"Realmuto, J.T.",592663,2018,529,19.7,7.2,.353,.351,39.8,9.8,41.2,99.592811111,93.991368276,22.5,47.1
"Realmuto, J.T.",592663,2019,593,20.7,6.9,.340,.341,35,9.5,41.1,101.081746462,94.730632317,23.8,50.7
"Realmuto, J.T.",592663,2020,195,24.6,8.2,.361,.356,32.8,13.6,42.4,101.277934921,95.12123304,29.8,45.3
"Realmuto, J.T.",592663,2021,537,24,8.9,.336,.329,31.2,8.6,44.7,101.300227486,94.997809341,27,49.5
"Realmuto, J.T.",592663,2022,562,21.2,7.3,.354,.354,35.6,11.3,47.2,101.252893641,95.157569177,25.7,49
"Realmuto, J.T.",592663,2023,540,25.6,6.5,.324,.334,36.2,11.2,43.3,101.30139764,94.961935393,26.2,50.5
"Realmuto, J.T.",592663,2025,550,23.5,6.4,.307,.316,36.7,8.8,45.5,101.254721596,94.894975239,24.3,48.6
"Renfroe, Hunter",592669,2021,572,22.7,7.7,.344,.352,32.7,14.4,44.3,102.674148889,95.514085899,25.9,48.2
"Renfroe, Hunter",592669,2022,522,23.2,7.5,.347,.324,32.7,10.9,43.6,101.645981292,95.173188394,27,47.8
"Renfroe, Hunter",592669,2023,548,22.8,8,.308,.289,29.5,6.2,39.1,100.508778984,94.37524563,26.4,50.8
"Rosario, Eddie",592696,2017,589,18,5.9,.349,.332,32.4,8,31.8,97.412271591,92.783380568,24.4,55.4
"Rosario, Eddie",592696,2018,592,17.6,5.1,.340,.302,32.5,9.3,34.2,97.544744865,92.844520405,23.4,58
"Rosario, Eddie",592696,2019,590,14.6,3.7,.329,.327,33.2,9.4,36,98.424787531,93.352567757,21.3,59.3
"Rosario, Eddie",592696,2020,231,14.7,8.2,.333,.318,30.3,6.2,35.4,97.149699091,92.643316171,22.6,51.9
"Rosario, Eddie",592696,2023,516,23.6,6.6,.322,.317,35.9,9.5,35.4,98.60055257,93.424315434,29.8,57.4
"Sanchez, Aaron",592717,2016,790,20.4,8,.277,.313,27.5,6.8,39.8,79.37410574,94.444513755,21,43.5
"Simmons, Andrelton",592743,2015,583,8.2,6.7,.290,.305,27.8,1.2,29,96.646254958,92.330440996,11.9,45.9
"Simmons, Andrelton",592743,2017,647,10.4,7.3,.323,.307,31.3,2.8,28.7,96.360267241,92.180495536,13.6,46.3
"Simmons, Andrelton",592743,2018,600,7.3,5.8,.326,.316,28.3,4.4,36.3,98.349949646,93.226546693,13.7,45.6
"Smyly, Drew",592767,2016,738,22.6,6.6,.323,.300,34,7.7,31,77.317629882,93.170192992,25,47.5
"Syndergaard, Noah",592789,2016,744,29.3,5.8,.277,.259,31.8,4,31.8,76.807153632,93.207222073,30.4,50.4
"Syndergaard, Noah",592789,2019,824,24.5,5.9,.301,.280,29.8,5.4,31.2,76.312662,92.673274768,26.9,50.8
"Taillon, Jameson",592791,2018,785,22.8,5.9,.294,.289,35,4.8,31.9,77.767895667,92.920155889,23.8,49.3
"Taillon, Jameson",592791,2022,728,20.7,4.4,.308,.320,34.5,8.4,36.2,77.238196617,94.010264444,23.1,49.1
"Taillon, Jameson",592791,2024,675,18.5,4.9,.289,.314,32.2,7.2,38.8,79.650003386,94.067909961,19.5,48.2
"Taillon, Jameson",592791,2026,210,20,8.1,.355,.353,34.9,14.8,36.2,75.648372973,94.049179122,25.5,45.4
"Walker, Taijuan",592836,2015,705,22.3,5.5,.311,.318,35,8.7,33.8,79.749700286,93.610758221,23.5,47.8
"Walker, Taijuan",592836,2023,733,18.8,9.7,.313,.322,33.1,6.8,40.9,77.901900078,94.417705363,20.5,44.1
"Williams, Trevor",592866,2018,701,18,7.8,.287,.309,34.3,6.4,31,76.001327849,92.883373832,18.8,47.2
"Yelich, Christian",592885,2015,525,19.2,9,.343,.352,30.1,5.1,45.1,101.95363038,95.456582989,22.4,43.2
"Yelich, Christian",592885,2016,659,20.9,10.9,.367,.383,31.9,10.7,49.9,102.978294744,96.137674,24.4,40.3
"Yelich, Christian",592885,2017,694,19.7,11.5,.348,.357,29.5,7.7,45.8,102.279437897,95.40188514,22.1,42.5
"Yelich, Christian",592885,2018,651,20.7,10.4,.422,.412,36.7,13.9,50.8,103.601265936,96.465574863,22.9,44.3
"Yelich, Christian",592885,2019,580,20.3,13.8,.442,.426,33.2,17.1,49.1,104.869553459,97.015311892,28.3,45.2
"Yelich, Christian",592885,2020,247,30.8,18.6,.343,.374,32.3,12.3,55.6,103.843596557,97.02065123,33.6,34.6
"Yelich, Christian",592885,2022,671,24.1,13.1,.328,.340,30.3,8.2,48.6,102.984892126,96.020852446,25.1,43.2
"Yelich, Christian",592885,2023,632,22.2,12.3,.353,.356,30.4,9.3,50.1,103.18368722,96.096251589,26.8,45
"Yelich, Christian",592885,2025,644,25.9,9.9,.343,.330,31.2,10.3,46.4,102.370284187,95.465991975,29.2,45.7
"Merrifield, Whit",593160,2017,630,14,4.6,.332,.327,36.5,5.7,29.6,96.915633226,92.563743185,17.5,50.8
"Merrifield, Whit",593160,2018,707,16.1,8.6,.349,.343,40.9,5,31.2,96.66095251,92.375330251,19,47.9
"Merrifield, Whit",593160,2019,735,17.1,6.1,.340,.325,42.4,4.8,29.2,96.252648182,92.167329527,20.1,49.3
"Merrifield, Whit",593160,2020,265,12.5,4.5,.329,.336,39.8,5.1,27.3,95.855324206,91.961579112,16.3,49.3
"Merrifield, Whit",593160,2021,720,14.3,5.6,.306,.304,40,3.5,28.8,96.198273099,92.10313669,18.3,50
"Merrifield, Whit",593160,2022,550,15.5,6.9,.294,.297,37.9,4.2,31.1,96.383459857,92.27510481,19.4,50.9
"Merrifield, Whit",593160,2023,592,17.1,6.1,.304,.278,37.2,2.4,24.3,94.880835796,91.453019024,19.5,51.1
"Martinez, Carlos",593372,2015,755,24.4,8.3,.302,.290,28.2,5.3,33.6,76.67779789,92.909762474,24.1,47.4
"Martinez, Carlos",593372,2016,809,21.5,8.7,.286,.283,24.7,4.3,30.5,76.668594502,92.848051624,23.1,47.1
"Martinez, Carlos",593372,2017,858,25.3,8.3,.299,.284,30.5,5.2,33.3,75.664595818,93.155882382,24.6,46.8
"Montas, Frankie",593423,2021,778,26.6,7.3,.290,.305,34.4,8.7,42.3,77.996835422,94.578879859,29.6,50.5
"Bogaerts, Xander",593428,2015,654,15.4,4.9,.338,.300,28,2.8,33.8,98.391584263,93.278410239,20.5,49.1
"Bogaerts, Xander",593428,2016,719,17.1,8.1,.348,.319,28,6.3,32.7,99.219483664,93.661598721,20,45.4
"Bogaerts, Xander",593428,2017,635,18.3,8.8,.321,.287,26.7,1.5,30.2,98.141221272,93.123143026,20.8,41.9
"Bogaerts, Xander",593428,2018,580,17.6,9.5,.373,.363,32.9,10.4,41.8,101.100815529,94.926741831,21.1,43.2
"Bogaerts, Xander",593428,2019,698,17.5,10.9,.390,.356,35.1,9.3,44.5,101.168690363,94.874752258,20.9,41.1
"Bogaerts, Xander",593428,2020,225,18.2,9.3,.368,.340,31.3,8.6,36.8,99.721139136,94.010233642,23,43.6
"Bogaerts, Xander",593428,2021,603,18.7,10.3,.368,.358,36.4,9.7,43,100.949849336,94.630657583,22,45.7
"Bogaerts, Xander",593428,2022,631,18.7,9,.363,.325,30.3,6.5,39.5,99.97943964,94.08380455,24.8,45.7
"Bogaerts, Xander",593428,2023,665,16.5,8.4,.343,.317,28.3,6.1,34.6,98.476149796,93.284202061,20.4,42.6
"Bogaerts, Xander",593428,2025,552,17,8.7,.313,.327,36.7,6.9,39.2,100.19021209,94.233073607,21.3,41.9
"Bogaerts, Xander",593428,2026,177,16.4,9.6,.335,.341,32.8,7.6,37.4,99.475555152,93.95291313,21.4,44.6
"Alberto, Hanser",593643,2019,550,9.1,2.9,.318,.300,32.5,3.2,18.5,94.197573506,91.107926269,14.5,59.1
"Alberto, Hanser",593643,2020,231,13,2.2,.301,.261,32.6,1,20.7,93.472612717,90.856123497,16.9,62.9
"Polanco, Jorge",593871,2017,544,14.3,7.5,.309,.291,31.4,2.9,25.8,95.462536439,91.741845868,14.7,43.9
"Polanco, Jorge",593871,2019,704,16.5,8.5,.352,.341,41.6,7.5,33.1,97.46599549,92.78121002,17.5,44.9
"Polanco, Jorge",593871,2020,226,15.5,5.8,.289,.304,39,2.8,33.3,96.651106591,92.358275714,16.8,43.7
"Polanco, Jorge",593871,2021,644,18.3,7,.349,.346,36.1,10.1,37.4,99.644968803,94.059153897,19.7,49.5
"Polanco, Jorge",593871,2025,524,15.6,8,.350,.343,34.3,10.3,45.8,101.532444745,95.138197245,23.3,46.3
"Sanó, Miguel",593934,2020,205,43.9,8.8,.317,.326,31.3,23.2,57.3,107.128241875,98.788112737,42.6,47.3
"Sanó, Miguel",593934,2021,532,34.4,11.1,.332,.323,32.3,17.8,55.9,105.463960417,97.768462404,38.2,44.6
"Rodriguez, Eduardo",593958,2019,859,24.8,8.7,.307,.292,31.7,6.5,29.4,75.237237491,92.609035278,27.4,46.4
"Rodriguez, Eduardo",593958,2026,223,17.5,9.9,.293,.334,35.2,7.4,36.4,78.606821852,93.849240745,18.8,45.2
"Calhoun, Kole",594777,2015,686,23.9,6.6,.317,.317,35.6,7.5,32.2,97.541136121,92.770704009,28,49
"Calhoun, Kole",594777,2016,672,17.6,10,.340,.350,36.2,6.9,40.5,99.688319831,94.056377367,25.3,49.5
"Calhoun, Kole",594777,2017,654,20.5,10.9,.315,.327,34.9,6.3,35.5,98.157786727,93.121755695,25.7,47.9
"Calhoun, Kole",594777,2018,551,24.1,9.6,.283,.332,34.3,9.8,43.1,99.929027308,94.32071272,28.5,49.2
"Calhoun, Kole",594777,2019,632,25.6,11.1,.330,.339,35.2,12.3,42.6,99.943105052,94.209946136,32.1,48.2
"Calhoun, Kole",594777,2020,228,21.9,12.3,.362,.379,36.1,12.1,38.2,99.503862113,93.982617872,32.7,46.8
"deGrom, Jacob",594798,2015,751,27.3,5.1,.251,.259,30.2,4.5,29.6,76.951999079,92.928566625,27,51.9
"deGrom, Jacob",594798,2017,827,28.9,7.1,.291,.273,32.1,6.5,28.8,75.233682278,92.71360176,29.3,49.9
"deGrom, Jacob",594798,2018,835,32.2,5.5,.230,.243,32.2,4.4,28.9,75.417923083,92.619660514,31.4,52.5
"deGrom, Jacob",594798,2019,804,31.7,5.5,.250,.250,31.5,5.6,30.8,75.691489191,92.674544414,31.4,53.4
"deGrom, Jacob",594798,2020,268,38.8,6.7,.246,.256,30.1,9.7,33.6,77.995876806,93.342833889,41,54.1
"deGrom, Jacob",594798,2025,669,27.7,5.5,.259,.286,33.1,9.3,41.9,79.671198045,94.499823864,30.2,51.7
"deGrom, Jacob",594798,2026,197,31,4.1,.272,.284,39.8,10.9,46.1,82.037216719,95.197339685,33.1,53.1
"Duvall, Adam",594807,2016,607,27,6.8,.333,.336,36.1,13.3,41.4,100.034478274,94.148432995,27.8,49.7
"Duvall, Adam",594807,2017,647,26.3,6,.327,.301,34.6,10.2,32.6,97.653855915,92.849745129,26,48.1
"Duvall, Adam",594807,2020,209,25.8,7.2,.348,.342,30.7,14,40.1,100.670608824,94.472182941,27.1,49
"Duvall, Adam",594807,2021,555,31.4,6.3,.324,.329,33.3,16.1,43.9,101.576989532,95.059923684,29.3,50
"Eaton, Adam",594809,2015,689,19,8.4,.346,.308,26.7,3.7,30.9,97.621097412,92.82333833,18.6,44.1
"Eaton, Adam",594809,2016,706,16.3,8.9,.344,.330,31.1,3.6,36.2,98.603473719,93.475307847,17.2,47.7
"Eaton, Adam",594809,2019,656,16.2,9.9,.342,.328,33.9,4.4,34.3,98.729984311,93.47287412,17.8,44.6
"Gattis, Evan",594828,2015,604,19.7,5,.317,.304,29.6,7.9,39.2,99.877000313,94.008730402,25,50.5
"Gonzales, Marco",594835,2018,686,21.1,4.7,.311,.311,37.8,5.7,35,78.18887644,93.497978357,21.1,48.4
"Gonzales, Marco",594835,2019,866,17,6.5,.311,.311,31.5,5.4,35.2,77.912445506,93.493739367,18,47.7
"Gonzales, Marco",594835,2020,277,23.1,2.5,.265,.301,36.6,8.6,34.3,75.196540909,93.023268939,19.8,47.8
"Gonzales, Marco",594835,2022,783,13.2,6.4,.337,.331,32.3,7.2,35,74.968575987,93.265151588,18.3,51
"Schebler, Scott",594988,2017,531,23.5,7.3,.330,.348,30,11.4,40.8,101.413853864,94.931338148,29.3,52.7
"Eickhoff, Jerad",595191,2016,811,20.6,5.2,.313,.293,32.8,6.6,35,78.345859552,93.474457478,21.7,45.7
"Kiermaier, Kevin",595281,2015,535,17.8,4.5,.309,.302,29.7,2.8,30.9,98.091658408,93.064332045,21.1,51.4
"Profar, Jurickson",595777,2018,594,14.8,9.1,.341,.323,33.6,5.4,31.8,97.443892545,92.779007182,18.7,48.6
"Profar, Jurickson",595777,2019,518,14.5,9.3,.301,.328,29.7,7.3,31.3,97.141906243,92.584582042,20.2,45.2
"Profar, Jurickson",595777,2020,202,13.9,7.4,.335,.338,35.5,3.3,27.7,96.940536711,92.4870825,20.1,47.1
"Profar, Jurickson",595777,2022,658,15.7,11.1,.320,.318,34.7,4,34.3,97.859468559,92.98708518,18.8,43.6
"Profar, Jurickson",595777,2023,521,17.3,9.6,.304,.307,37.7,4,31.8,97.18982877,92.606877674,20,47.2
"Profar, Jurickson",595777,2024,668,15.1,11.4,.365,.366,31.3,7.2,44.4,100.952441293,94.862553707,17,45.6
"Báez, Javier",595879,2017,508,28.3,5.9,.326,.291,28.2,9.8,36,99.492966111,93.765627399,36.7,56.5
"Báez, Javier",595879,2018,645,25.9,4.5,.366,.340,33.1,14.6,43.3,101.960975256,95.233508395,33.9,57.9
"Báez, Javier",595879,2019,561,27.8,5,.347,.332,36.3,14.5,43.6,102.448426524,95.481472949,35.5,55.5
"Báez, Javier",595879,2020,235,31.9,3,.256,.275,24.8,8.2,40.3,101.31207375,94.809897708,38.2,53.2
"Báez, Javier",595879,2021,547,33.6,5.1,.344,.318,32.7,13.4,45.2,102.100878994,95.40051456,40.6,56.9
"Báez, Javier",595879,2022,590,24.9,4.4,.291,.285,29.7,8.1,38,99.689131182,93.890376232,35.8,55.8
"Báez, Javier",595879,2023,547,22.9,4.4,.261,.281,28.9,5.2,39.7,100.19637776,94.157773958,32.7,54.8
"Junis, Jakob",596001,2018,758,21.6,5.7,.331,.323,34.5,9.4,35.6,78.301945,93.595588475,22.4,46.9
"Junis, Jakob",596001,2019,771,21.3,7.5,.340,.345,35.4,9.1,41.2,80.168837313,94.223625504,22.6,45.3
"Lindor, Francisco",596019,2016,684,12.9,8.3,.340,.338,34.6,4.6,33.5,98.275620837,93.192310667,17.1,47.6
"Lindor, Francisco",596019,2017,723,12.9,8.3,.353,.357,32.2,7.9,35.9,99.056732355,93.659809564,15.4,47.4
"Lindor, Francisco",596019,2018,745,14.4,9.4,.368,.375,34.3,10.5,41,100.765468945,94.6836536,17.6,47.1
"Lindor, Francisco",596019,2019,654,15,7,.349,.333,29.8,8.4,41,101.130645418,94.847008982,17.1,51.4
"Lindor, Francisco",596019,2020,266,15.4,9,.324,.346,36.5,5.6,41.1,99.684694433,94.059685052,20.3,48.9
"Lindor, Francisco",596019,2021,524,18.3,11.1,.317,.344,35.6,8.2,44.1,100.654597006,94.782827712,23.2,47.4
"Lindor, Francisco",596019,2022,706,18.8,8.4,.342,.333,29.2,8.3,41.3,99.740565418,94.14308743,22.9,47.8
"Lindor, Francisco",596019,2023,687,19.9,9.6,.346,.346,35.8,10.4,43.9,100.821281314,94.916417775,22.8,48
"Lindor, Francisco",596019,2024,689,18.4,8.1,.363,.381,35.4,13.6,47.4,101.098117236,95.07615815,23.7,48.7
"Lindor, Francisco",596019,2025,732,17.9,8.9,.350,.345,34.6,8.9,44.4,100.755824319,94.874493626,20.8,47.7
"Odor, Rougned",596059,2016,632,21.4,3,.336,.318,31.2,8.8,37.6,100.45374193,94.37478156,23.6,54.7
"Odor, Rougned",596059,2017,651,24.9,4.9,.272,.289,27.2,7.1,36.6,99.639037783,93.931314864,26.1,52.9
"Odor, Rougned",596059,2018,535,23.7,8,.325,.318,30.5,8,38.7,100.916553114,94.677154835,23.1,48.5
"Odor, Rougned",596059,2019,581,30.6,9,.302,.321,30.6,15.4,45.6,101.734976168,95.31182003,29.2,47.9
"Story, Trevor",596115,2017,555,34.4,8.8,.323,.299,37.1,11.3,38.3,99.957246387,94.168023722,31.5,48.2
"Story, Trevor",596115,2018,656,25.6,7.2,.384,.358,38.2,13.7,46.2,102.395632222,95.482000348,24.9,50.3
"Story, Trevor",596115,2019,656,26.5,8.8,.380,.341,36.5,9.2,46,101.223764423,95.034883125,26.4,48.1
"Story, Trevor",596115,2020,259,24.3,9.3,.370,.335,40.1,8.8,41.3,100.396057209,94.467090526,25.7,45.8
"Story, Trevor",596115,2021,595,23.4,8.9,.341,.335,34.2,9.9,42.6,100.826442959,94.729589592,27.4,50.8
"Story, Trevor",596115,2025,654,26.9,5,.320,.311,32.6,9.9,47,102.418939954,95.643419306,29.3,54.4
"Story, Trevor",596115,2026,176,32.4,4.5,.246,.249,30,3.6,41.8,99.268155636,93.840743853,31.7,55.4
"Vogelbach, Daniel",596129,2019,558,26.7,16.5,.333,.345,39,11.3,38,100.052249618,94.193186358,26.9,34
"Sánchez, Gary",596142,2017,525,22.9,7.6,.368,.385,33.5,12.8,42.9,103.241467401,95.80975791,28.5,47.9
"Cuthbert, Cheslor",596144,2016,510,18.8,6.3,.316,.268,27,2.7,36.9,99.681248624,93.891186905,23.2,49.3
"Kepler, Max",596146,2017,568,20.1,8.3,.315,.302,31.9,4.5,36.7,100.408781206,94.244412821,22.5,43.3
"Kepler, Max",596146,2018,611,15.7,11.6,.316,.324,30.1,7.3,38.2,99.909473889,94.078713565,17.8,42.7
"Kepler, Max",596146,2019,596,16.6,10.1,.355,.343,30.5,10,42.1,100.805599577,94.514078635,20.2,49.4
"Kepler, Max",596146,2020,196,18.4,11.2,.328,.340,30.9,5.2,38.2,99.204226765,93.676104222,21.2,44.8
"Gomber, Austin",596295,2024,696,16.7,5.5,.339,.350,37.7,9.6,41.2,80.036265299,94.432492071,19.9,48.3
"Franco, Maikel",596748,2016,630,16.8,6.3,.311,.318,28.6,7.8,40.7,100.800776245,94.493352236,24.2,51.4
"Franco, Maikel",596748,2017,623,15.2,6.6,.292,.303,26.6,6.8,36.2,99.874009298,94.021723996,22.3,50.3
"Franco, Maikel",596748,2020,243,15.6,6.6,.329,.307,33.3,5.9,38.6,100.224684468,94.175420214,24.6,49.9
"Bradley Jr., Jackie",598265,2016,636,22.5,9.9,.354,.331,29,10.2,39.3,99.809015388,94.102304199,26.7,45
"Bradley Jr., Jackie",598265,2017,541,22.9,8.9,.313,.316,30.6,8.2,40,100.079550667,94.175932396,29.6,47.1
"Bradley Jr., Jackie",598265,2018,535,25.6,8.6,.310,.343,35.2,11,50.1,101.981686,95.654560855,30.7,47.3
"Bradley Jr., Jackie",598265,2019,567,27.3,9.9,.314,.318,30.5,10.4,44.8,100.737430117,94.682078123,32.6,48.1
"Bradley Jr., Jackie",598265,2020,217,22.1,10.6,.352,.301,28.5,7.8,36.4,98.602853571,93.472785429,26.1,45.3
"La Stella, Tommy",600303,2020,228,5.3,11.8,.355,.348,32.1,4.8,28.3,96.273957849,92.214603892,11.2,38.1
"Núñez, Renato",600524,2019,599,23.9,7.3,.323,.335,32.1,11.8,40.9,101.416437214,94.827385786,27.4,49.5
"Núñez, Renato",600524,2020,216,29.6,7.9,.347,.315,37.9,12.1,36.4,98.851627273,93.444118636,30.1,52.1
"Candelario, Jeimer",600869,2018,619,25.8,10.7,.311,.292,32,6.6,33.6,98.291855781,93.146780938,25.6,42.6
"Candelario, Jeimer",600869,2020,206,23.8,9.7,.373,.356,37.5,10.4,47.1,101.954374925,95.267632164,27.9,45
"Candelario, Jeimer",600869,2021,626,21.6,10.4,.344,.355,38.6,9,39.1,99.820428626,94.030826508,23.5,47.6
"Candelario, Jeimer",600869,2023,576,22,9.2,.346,.318,36.9,7.9,36.4,99.185208,93.708029184,24.2,47.4
"Pivetta, Nick",601713,2018,694,27.1,7.3,.322,.292,34.1,8.8,34.9,79.04384537,93.536170116,27.5,48.1
"Pivetta, Nick",601713,2022,773,22.6,9.4,.330,.336,36.3,9.1,45.6,80.450207336,94.88258417,23.5,47.6
"Pivetta, Nick",601713,2025,721,26.4,6.9,.256,.309,36.4,10.9,45,79.736148771,94.701402267,24.6,47.7
"Ahmed, Nick",605113,2018,564,19.3,7.1,.300,.292,36.3,5.4,30,96.624658634,92.358719756,25.3,50.4
"Ahmed, Nick",605113,2019,625,18.1,8.3,.315,.321,35.7,6.9,34,97.728699383,92.939083223,21.3,49.5
"Ahmed, Nick",605113,2020,217,21.2,8.3,.318,.304,30.1,5.3,33.3,97.979172667,93.079952,27.4,48.2
"Anderson, Brian",605119,2018,670,19.3,9.3,.333,.334,29.2,6.2,42.4,100.726437706,94.570017532,24.3,46.3
"Anderson, Brian",605119,2019,520,21.9,8.5,.342,.339,31.3,9.7,46,100.764886494,94.722101667,27.4,47.5
"Anderson, Brian",605119,2020,229,28.8,9.6,.348,.324,34.8,9.6,39.3,99.102413382,93.651971037,34.4,49.1
"Bassitt, Chris",605135,2020,261,21.1,6.5,.287,.301,28.9,5.9,37.4,77.390751957,93.869726848,23,46.4
"Bassitt, Chris",605135,2022,745,22.4,6.6,.291,.293,31.1,6.6,32.8,73.740095781,92.802733268,23.6,46.5
"Bassitt, Chris",605135,2023,826,22.5,7.1,.304,.310,36,8.3,35.3,75.819874626,93.662809412,21.9,47.3
"Bassitt, Chris",605135,2024,758,22.2,9.2,.331,.330,36.3,7.5,37.1,75.64419492,94.077816493,21.7,45
"Bassitt, Chris",605135,2025,736,22.6,7.1,.324,.316,34.5,8.5,36.6,75.618546494,93.913717565,23.3,46.8
"Bell, Josh",605137,2017,620,18.9,10.6,.338,.329,28.9,7.1,34.3,98.967820926,93.519439768,23.5,43.6
"Bell, Josh",605137,2018,583,17.8,13.2,.336,.336,29.6,7.7,39.3,100.957818392,94.683419372,24.4,43
"Bell, Josh",605137,2019,613,19.2,12.1,.378,.383,34.6,13.9,47.2,103.082487171,96.001241809,25.3,48.1
"Bell, Josh",605137,2020,223,26.5,9.9,.286,.293,24.3,8.6,42.9,102.09961,95.3740285,33.6,45.9
"Bell, Josh",605137,2021,568,17.8,11.4,.352,.362,28.5,8.8,52,103.31235455,96.348443033,24.1,46.7
"Bell, Josh",605137,2022,647,15.8,12.5,.344,.347,30.7,7.3,40.8,100.551357456,94.511584791,21.7,45.3
"Bell, Josh",605137,2023,617,21.7,10.2,.323,.343,31.3,10.2,43,101.611186796,94.955559951,25.8,47.7
"Bell, Josh",605137,2024,603,19.9,8.5,.317,.312,31.4,7.7,40.1,100.078711292,94.16958744,26.8,48.8
"Bell, Josh",605137,2025,533,16.5,10.7,.324,.359,33.4,12.1,47,102.549856474,95.682677968,23.6,47
"Bell, Josh",605137,2026,178,24.2,7.9,.269,.297,36.7,9.2,41.7,99.624292,94.0227135,27.3,51.2
"Betts, Mookie",605141,2015,654,12.5,7,.351,.341,33.4,6.4,37.5,99.412633162,93.922887905,14.7,40.2
"Betts, Mookie",605141,2016,730,11,6.7,.379,.336,31.7,5.9,39.9,99.700589189,94.049944721,14.2,41.3
"Betts, Mookie",605141,2017,712,11.1,10.8,.339,.340,31.9,5.1,37.9,99.348080766,93.801429818,15.7,35.9
"Betts, Mookie",605141,2018,614,14.8,13.2,.449,.431,39.4,14.9,50.6,101.383521852,95.486972454,15.5,35.6
"Betts, Mookie",605141,2019,706,14.3,13.7,.380,.411,39.4,10.9,47.4,100.567436587,94.76255839,14.5,38.3
"Betts, Mookie",605141,2020,246,15.4,9.8,.390,.362,40.1,7.8,43.4,99.966803556,94.311948056,13.8,40.5
"Betts, Mookie",605141,2021,550,15.6,12.4,.365,.357,34,7.8,41,99.139157135,94.102277154,16.8,40.4
"Betts, Mookie",605141,2022,639,16.3,8.6,.373,.348,36.2,9.8,44.9,99.954466043,94.497072751,16.5,44.2
"Betts, Mookie",605141,2023,693,15.4,13.9,.416,.408,42.5,12.4,48.5,100.865674689,95.28290971,16.7,38.1
"Betts, Mookie",605141,2024,516,11,11.8,.371,.364,39.3,6,39.5,98.50877402,93.575257103,14.9,40.4
"Betts, Mookie",605141,2025,663,10.3,9.2,.318,.330,37.7,5.5,35.8,98.069345714,93.262709925,15.3,41.2
"Bundy, Dylan",605164,2017,698,21.8,7.3,.308,.321,34.2,8.8,36.5,78.080485208,93.825075741,25.4,49.1
"Bundy, Dylan",605164,2018,750,24.5,7.2,.363,.323,37.9,9,37.4,79.34909772,93.785211583,26.8,50.3
"Bundy, Dylan",605164,2020,267,27,6.4,.268,.270,30.6,4.7,32.9,75.951830235,93.090558935,29.3,45
"Clevinger, Mike",605182,2018,809,25.6,8.3,.288,.283,32,6.3,31.8,76.362553053,92.862517252,27.8,46.4
"Davies, Zach",605200,2016,682,19.8,5.6,.313,.293,31.2,6.2,28.6,77.566623222,92.832344833,20.3,44.6
"Davies, Zach",605200,2017,817,15.2,6.7,.323,.336,34,4.4,31.1,74.878122614,92.787750866,18.3,43.4
"Davies, Zach",605200,2020,276,22.8,6.9,.273,.344,36.1,10.4,36.6,76.024619043,93.652096862,25.5,41.7
"Davis, J.D.",605204,2020,229,24.5,13.5,.339,.355,29.6,9,45.2,102.105949851,95.319305299,29.3,44.9
"Davis, J.D.",605204,2023,546,27.8,9.5,.321,.323,33.5,9.6,45.2,101.437064311,95.258851108,34,53.1
"Fernández, José",605228,2016,737,34.3,7.5,.271,.269,36.2,4.3,36.2,79.88189322,93.485750856,32.8,46
"Finnegan, Brandon",605232,2016,734,19.8,11.4,.324,.347,38.9,8.8,35.5,77.669041592,93.589989469,22.6,45.5
"Fulmer, Michael",605242,2017,676,16.9,5.9,.279,.310,32.5,5.4,29.4,74.757091383,92.750320693,21.6,49.5
"Holmes, Clay",605280,2025,708,18.2,9.3,.302,.322,30.5,6.8,42.3,78.369750081,94.822225709,22.1,44.8
"Holmes, Clay",605280,2026,215,20.9,8.4,.262,.306,27.3,5.3,44,79.412858533,94.36789,21.9,47.3
"Musgrove, Joe",605397,2019,718,21.9,5.4,.309,.307,31.6,7,38.7,78.298800906,93.889653787,24.6,51.9
"Musgrove, Joe",605397,2021,748,27.1,7.2,.284,.305,33.8,7.2,38.5,76.746073648,93.540208734,30,46.9
"Musgrove, Joe",605397,2022,740,24.9,5.7,.292,.287,34.7,6,32.5,74.717480366,93.048084318,25.5,46.5
"Nola, Aaron",605400,2017,693,26.6,7.1,.293,.278,33.4,5.5,31,74.156470132,92.633089342,26.6,45.2
"Nola, Aaron",605400,2018,831,27,7,.251,.257,27.9,5.2,31.2,76.78916375,92.730845284,27.7,47.6
"Nola, Aaron",605400,2019,852,26.9,9.4,.304,.310,32.9,7.3,39.5,78.647378213,93.936595657,26.7,44.6
"Nola, Aaron",605400,2020,289,33.2,8,.272,.283,34.5,5.4,38.1,76.996211205,93.982298795,31.2,47.1
"Nola, Aaron",605400,2021,749,29.8,5.2,.297,.285,33.3,7.1,37.4,78.080159789,94.04703055,27.9,49.2
"Nola, Aaron",605400,2022,807,29.1,3.6,.264,.262,34.3,7.1,31.6,77.465376008,93.044162015,27.9,49.5
"Nola, Aaron",605400,2023,793,25.5,5.7,.303,.297,36.3,8.3,38.5,78.53543572,94.143390037,26,49.3
"Nola, Aaron",605400,2024,820,24,6.1,.310,.304,35.4,7.2,38.2,77.265343569,94.038174053,25.2,48.6
"Panik, Joe",605412,2016,526,8.9,9.5,.300,.322,30.6,5.4,26.8,95.964759254,91.993903541,11.2,41.6
"Panik, Joe",605412,2017,573,9.4,8,.329,.307,32.9,2.9,23.9,94.973948297,91.487091485,11.1,43.3
"Smith, Mallex",605480,2018,544,18,8.6,.339,.302,32.2,1.7,23,94.839756471,91.431387433,25.6,49.6
"Smith, Mallex",605480,2019,566,24.9,7.4,.278,.256,29,2.4,20.1,94.189873149,91.140372155,28.2,48.6
"Snell, Blake",605483,2018,700,31.6,9.1,.246,.274,33.1,7.8,32.7,76.84673561,93.090740098,34.7,45.4
"Snell, Blake",605483,2023,742,31.5,13.3,.266,.301,37,7.5,33.8,75.667264472,93.364914171,37.3,42.9
"Springs, Jeffrey",605488,2025,713,19.4,7.6,.309,.321,38.2,8.1,37.3,76.965319805,93.911262183,26,46.3
"Springs, Jeffrey",605488,2026,206,21.4,7.3,.314,.302,35.2,8.3,32.4,77.632240139,93.041083357,24.8,45.7
"Woodruff, Brandon",605540,2020,293,31.1,6.1,.264,.264,26.1,7.3,33.9,74.869262273,93.347296343,28.9,48.3
"Woodruff, Brandon",605540,2021,708,29.8,6.1,.252,.280,36,5.8,32.7,73.412163318,93.487917153,28.2,51.1
"Arcia, Orlando",606115,2017,548,18.2,6.6,.309,.278,28.7,4.3,27.6,96.566548818,92.285483103,25.7,54.2
"Arcia, Orlando",606115,2019,546,20,7.9,.269,.277,26.5,4.9,31.3,97.613876615,92.86605,24.6,47.7
"Arcia, Orlando",606115,2020,189,16.9,7.4,.317,.338,37.3,5.7,38.7,99.346351,93.890230143,23.1,46.8
"Arcia, Orlando",606115,2023,533,19.1,7.3,.321,.306,30.6,6.9,41.1,99.189217927,93.735384508,24.3,46.2
"Arcia, Orlando",606115,2024,602,21.3,6.8,.273,.266,29.9,5.3,37.8,98.41985743,93.283896472,26.6,49.1
"Perdomo, Luis",606131,2017,716,16.5,9.1,.339,.334,26.5,5.6,36.4,76.888645465,93.652672777,21.8,45.3
"Tapia, Raimel",606132,2020,206,18.4,6.8,.338,.285,28.7,2,30,96.593740405,92.307061689,18.7,51.1
"Tapia, Raimel",606132,2021,533,13.1,7.5,.305,.276,19.9,2.1,31.5,96.953380048,92.476739258,14.7,51.2
"Hernández, Teoscar",606192,2018,523,31.2,7.8,.328,.342,35.1,16.6,46.2,102.514606266,95.623418576,38.5,49.5
"Hernández, Teoscar",606192,2020,207,30.4,6.8,.384,.401,40.6,18.1,53.1,104.846097031,97.246447559,34.9,46.4
"Hernández, Teoscar",606192,2021,595,24.9,6.1,.369,.366,37.4,14,49,103.3032702,96.169584775,31.8,51.8
"Hernández, Teoscar",606192,2022,535,28.4,6.4,.348,.357,36.3,15,53.3,103.420419483,96.496717867,35.1,48.8
"Hernández, Teoscar",606192,2023,678,31.1,5.6,.317,.334,35.2,13.8,49.4,103.014681476,96.109592578,35.8,53.6
"Hernández, Teoscar",606192,2024,652,28.8,8.1,.360,.347,33.8,15,46.8,102.727395423,95.689116559,34,51.2
"Hernández, Teoscar",606192,2025,546,24.5,4.8,.315,.323,34,11.5,46.1,101.752887801,95.144195209,31.9,50.4
"Hernández, Teoscar",606192,2026,167,27.5,9,.337,.324,33.7,9.7,42.3,100.1874275,94.316894369,30.2,44.2
"Peraza, José",606299,2017,518,13.5,3.9,.273,.301,32.5,1.9,20,93.326775951,90.934503707,15.3,51.7
"Peraza, José",606299,2018,683,11,4.2,.319,.304,38.2,2.7,23.6,95.18880011,91.637686636,13.8,49.9
"Marte, Ketel",606466,2018,580,13.6,9.3,.330,.320,28.8,5.4,36.9,99.695361455,93.90705754,16.2,45.9
"Marte, Ketel",606466,2019,628,13.7,8.4,.405,.375,34.6,9.9,40,101.092484421,94.7158706,17.6,47.8
"Marte, Ketel",606466,2020,195,10.8,3.6,.316,.306,28.8,3.8,40.5,100.204872785,94.245687975,14.1,45
"Marte, Ketel",606466,2022,558,18.1,9.9,.317,.317,31.6,6.1,41.9,101.202754619,94.845027056,20.7,46.1
"Marte, Ketel",606466,2023,650,16.8,10.9,.361,.342,30.8,8,42.8,101.585403319,95.10445528,20.5,45.5
"Marte, Ketel",606466,2024,583,18.2,11.1,.391,.394,33.7,12.3,53.8,103.991137178,96.920444406,21.3,48.2
"Marte, Ketel",606466,2025,556,14.9,11.5,.381,.390,33,13.5,47,102.65931603,95.815528287,22.5,45.3
"Marte, Ketel",606466,2026,180,17.2,7.2,.285,.344,30.9,9.6,47.1,103.123483824,95.863811778,22.8,49
"Nimmo, Brandon",607043,2018,535,26.2,15,.385,.349,33.4,7,42.1,100.251318483,94.380795517,26.5,39.4
"Nimmo, Brandon",607043,2020,225,19.1,14.7,.387,.359,30.8,7.8,32.9,97.980723714,93.071893214,21.6,41.6
"Nimmo, Brandon",607043,2022,673,17.2,10.5,.353,.337,28.1,7.1,39.8,100.251301732,94.354698482,19.6,43.8
"Nimmo, Brandon",607043,2023,682,21.4,10.9,.359,.352,33.5,9.5,47.9,101.50757,95.462726837,22,42.4
"Nimmo, Brandon",607043,2024,663,23.8,11.6,.321,.338,33.7,9.2,47.4,101.264982933,95.221659687,23.4,44.8
"Nimmo, Brandon",607043,2025,652,21.6,7.7,.329,.321,29.7,8.8,50.2,102.56356141,95.897196556,23.8,47.2
"Nimmo, Brandon",607043,2026,190,19.5,9.5,.337,.371,33.3,9.8,50,101.6105,95.713432652,23.1,49.5
"Peterson, Jace",607054,2015,597,20.1,9.4,.287,.300,33,3.9,26.3,96.526168402,92.264230026,22.9,43.5
"Rea, Colin",607067,2024,714,18.9,6,.327,.342,36.3,8.8,42,80.213678192,94.594415173,19.3,46.8
"Rodón, Carlos",607074,2016,714,23.5,7.6,.328,.303,32.5,5.2,35,79.012157074,93.430907969,23.6,46.3
"Rodón, Carlos",607074,2022,710,33.4,7.3,.255,.257,33.6,6.5,39.8,79.131004203,93.698768499,31.2,49.8
"Rodón, Carlos",607074,2024,736,26.5,7.7,.320,.316,34.6,11,40.9,80.220048043,94.543522745,30.1,49.4
"Rodón, Carlos",607074,2025,789,25.7,9.3,.266,.285,32.3,7.6,38.9,77.269631895,94.179910283,30.3,45.5
"Fedde, Erick",607200,2024,726,21.2,7.2,.293,.309,32.4,7.6,37.7,77.502500545,93.941632164,21.6,45.5
"Turner, Trea",607208,2018,740,17.8,9.3,.331,.335,29,6.4,38.6,99.818035769,94.018835173,20.2,44
"Turner, Trea",607208,2019,569,19.9,7.6,.356,.339,29.8,7.3,42,101.230091659,94.839620073,23.4,46.9
"Turner, Trea",607208,2020,259,13.9,8.5,.413,.383,34.2,9.7,40.7,100.635350612,94.552732551,19.6,46.9
"Turner, Trea",607208,2021,646,17,6.3,.386,.363,34.6,7.4,46.2,101.311622295,94.938968542,23,49.2
"Turner, Trea",607208,2022,708,18.5,6.4,.350,.338,35.3,7.6,41.6,100.188198893,94.238854962,26.3,51.2
"Turner, Trea",607208,2023,691,21.7,6.5,.333,.331,36.1,8.4,42.2,100.292342286,94.550003245,29.6,53.1
"Turner, Trea",607208,2024,539,18.2,5,.349,.323,30.9,6.9,40.7,99.706063382,94.073107543,26.1,53.7
"Turner, Trea",607208,2025,639,16.7,6.7,.352,.321,34.7,5.8,42.1,100.109582645,94.284521756,24.8,51.4
"Turner, Trea",607208,2026,201,21.4,7,.285,.281,31.9,4.2,39.6,99.242529167,93.809137292,26,50.9
"Martinez, Nick",607259,2025,683,17,6.1,.317,.312,37,7,34.5,78.23181311,93.267375748,19.9,47.1
"Martinez, Nick",607259,2026,216,16.2,5.1,.269,.312,31.5,7.1,30.4,75.135457738,93.079389102,18.5,49.4
"Freeland, Kyle",607536,2018,844,20.5,8.3,.292,.299,30.9,5.5,29.2,76.369316014,92.633889036,21.8,45.8
"Freeland, Kyle",607536,2020,304,15.1,7.6,.335,.343,31.9,5.6,35.8,75.81297469,93.455217035,20.5,45.9
"Freeland, Kyle",607536,2022,766,17.1,6.9,.346,.352,35.2,9.7,42.4,79.406275786,94.45487619,20.8,47.5
"Freeland, Kyle",607536,2025,709,17.5,5.4,.341,.342,36.8,9.4,47.3,81.013744552,95.077603477,21,51.3
"Lugo, Seth",607625,2024,836,21.7,5.7,.278,.304,32.8,8,39,77.299278949,93.994017356,22.5,46.7
"Lugo, Seth",607625,2026,221,20.8,8.6,.325,.346,41.7,9.6,41.7,81.678908182,94.616456797,18.4,47.9
"Pillar, Kevin",607680,2015,628,13.5,4.5,.310,.290,28.4,2.1,26.5,96.445338008,92.255471017,18.2,51.2
"Pillar, Kevin",607680,2016,584,15.4,4.1,.295,.289,27.8,3.4,30.2,98.179315268,93.089801987,18.5,49.6
"Pillar, Kevin",607680,2017,632,15,5.2,.302,.311,33.3,3.9,29.1,96.802406504,92.430838371,16.7,52.2
"Pillar, Kevin",607680,2018,542,18.1,3.3,.302,.321,39.3,6.2,36.7,98.807658182,93.42694189,22.4,54
"Pillar, Kevin",607680,2019,645,13.8,2.8,.298,.300,33.1,5.4,30.8,98.016751985,93.018091033,17.8,58.9
"Pillar, Kevin",607680,2020,223,18.4,5.8,.341,.328,34.7,5.5,36.5,98.092420244,93.134598773,25.3,51.9
"Ramírez, José",608070,2016,618,10,7.1,.355,.331,35,3.2,32.9,97.426159841,92.831257565,12.7,44
"Ramírez, José",608070,2017,645,10.7,8.1,.396,.360,35.5,5.5,34.7,98.290089264,93.223881996,13.6,43.3
"Ramírez, José",608070,2018,698,11.5,15.2,.391,.365,34.3,9.4,35.1,98.357231341,93.291449939,13.6,38.6
"Ramírez, José",608070,2019,542,13.7,9.6,.334,.342,32.6,6.9,35.7,98.625705777,93.428589029,14.6,42.5
"Ramírez, José",608070,2020,254,16.9,12.2,.415,.373,36.7,10.2,35.6,99.264116591,93.668352686,16.6,41.4
"Ramírez, José",608070,2021,636,13.7,11.3,.372,.376,33.4,11.2,42.4,100.864817586,94.821900043,14.9,43
"Ramírez, José",608070,2022,685,12,10.1,.363,.325,33.7,6.6,36.9,98.871944811,93.503434175,15.3,46.3
"Ramírez, José",608070,2023,691,10.6,10.6,.346,.360,36.8,7,40.4,100.07775,94.35370079,15.6,46.6
"Ramírez, José",608070,2024,682,12,7.9,.364,.333,34,8.6,39.7,99.642954081,93.982319614,15.2,49.4
"Ramírez, José",608070,2025,673,11,9.8,.359,.342,36.4,7,37,99.107451103,93.765336362,14.9,46.8
"Ramírez, José",608070,2026,207,13.5,15.9,.328,.373,33.8,7.6,41.7,100.100145278,94.293063056,16.5,46
"Bregman, Alex",608324,2017,626,15.5,8.8,.351,.338,34.5,5.3,34.3,97.79176444,92.980252289,16.5,44.7
"Bregman, Alex",608324,2018,705,12.1,13.6,.396,.369,37.9,8.3,39.9,98.834674016,93.548064961,12.9,37.1
"Bregman, Alex",608324,2019,690,12,17.2,.418,.373,35.5,5.4,38,98.440477393,93.337376731,14.3,35.1
"Bregman, Alex",608324,2022,656,11.7,13.3,.358,.357,36.2,7.3,37.8,98.378645333,93.364139021,14.9,40.3
"Bregman, Alex",608324,2023,724,12,12.7,.351,.353,35.8,5.4,38.2,98.071537732,93.248960689,14.1,38.7
"Bregman, Alex",608324,2024,634,13.6,6.9,.331,.325,34.9,6.5,40.5,98.986527952,93.684160984,12.8,44.9
"Bregman, Alex",608324,2026,205,17.1,11.2,.319,.334,31.5,6.8,46.6,99.895415479,94.362796414,17.7,38.1
"Fried, Max",608331,2019,702,24.6,6.7,.315,.297,32.4,4.8,39.1,78.499193718,94.017095085,26,47.4
"Fried, Max",608331,2021,667,23.7,6.1,.278,.287,31.2,6.3,34.3,74.686843214,93.192413445,24.8,49
"Fried, Max",608331,2022,733,23.2,4.4,.255,.266,29.4,4,32.1,74.476912412,92.996220039,26.1,49.7
"Fried, Max",608331,2024,714,23.2,8,.273,.304,30.4,5,34.6,73.871292176,93.362715837,24.1,45.9
"Fried, Max",608331,2025,801,23.6,6.4,.272,.287,29.6,6.9,37.2,74.884362841,93.857707638,26.6,46.9
"Fried, Max",608331,2026,240,20.8,7.9,.244,.254,26.6,1.8,30.8,74.389795904,92.929946807,23.2,44.7
"Gallo, Joey",608336,2017,532,36.8,14.1,.364,.377,36,24,52.2,105.595476587,97.543626429,43.4,47.1
"Gallo, Joey",608336,2018,577,35.9,12.8,.343,.369,37.5,24.7,49.5,105.865542192,97.404336976,40.8,48.6
"Gallo, Joey",608336,2020,226,35,12.8,.297,.315,28.9,14.2,43.9,102.04771537,95.481172685,37.4,43.6
"Gallo, Joey",608336,2021,616,34.6,18,.348,.351,29.4,18.7,45.8,103.455349562,96.100400474,38.8,40.4
"Giolito, Lucas",608337,2018,775,16.1,11.6,.345,.348,30.5,7.6,37.1,78.620984037,93.523389574,21.4,43.4
"Giolito, Lucas",608337,2019,705,32.3,8.1,.275,.283,37.3,10.6,34.6,76.977268551,93.678942663,32.4,49.6
"Giolito, Lucas",608337,2020,288,33.7,9.7,.257,.270,33.5,5.6,35.4,75.1833505,93.575196101,36.6,50.7
"Giolito, Lucas",608337,2021,719,28,7.1,.288,.281,37.4,6.7,34.2,76.832555895,93.323217926,32.2,50.5
"Giolito, Lucas",608337,2023,794,25.7,9.2,.339,.329,33.3,11,41.6,77.97955087,94.420691621,28.8,46.8
"Irvin, Cole",608344,2021,768,16.3,5.5,.323,.338,35.9,7.3,39.3,78.890512423,94.048238838,19.5,52
"Irvin, Cole",608344,2022,741,17.3,4.9,.306,.329,36.1,9.6,39.5,79.40257422,93.912507513,20.6,52
"Russell, Addison",608365,2015,523,28.5,8,.304,.269,34.3,5.9,29.2,96.288762963,92.165076192,31.2,48
"Russell, Addison",608365,2016,598,22.6,9.2,.316,.314,32.3,10.9,31.6,97.734870567,92.92221884,29.2,49.9
"Seager, Corey",608369,2016,687,19.4,7.9,.372,.373,37.5,8.9,44,101.403540122,95.020540714,23.3,52.5
"Seager, Corey",608369,2017,613,21.4,10.9,.364,.380,40.4,8.9,44.3,101.336360874,95.020416423,27.2,50.1
"Seager, Corey",608369,2019,541,18.1,8.1,.340,.328,35.2,7.9,38.2,98.778797128,93.502181872,25.7,51.1
"Seager, Corey",608369,2020,232,15.9,7.3,.394,.430,38.4,16.1,55.9,103.805088736,96.925112586,25.8,55.6
"Seager, Corey",608369,2022,663,15.5,8.7,.331,.373,38.4,10.5,45.5,101.598305628,95.219542252,26.5,54.5
"Seager, Corey",608369,2023,536,16.4,9.1,.419,.411,38,15.2,53.2,103.543493485,96.785948962,25,55.1
"Seager, Corey",608369,2024,533,18,9.9,.365,.391,38.6,15.3,50.7,103.274395474,96.157523456,23.4,53
"Seager, Corey",608369,2026,182,27.5,12.1,.286,.331,34.3,15.7,45.4,102.044463148,95.473544815,35.2,50.5
"Sugano, Tomoyuki",608372,2026,195,12.8,7.2,.345,.411,36.1,15.5,46.5,79.521620769,95.430052968,17,46
"Wacha, Michael",608379,2015,762,20.1,7.6,.294,.301,28.8,5.5,33.4,76.822700873,93.257654841,21.5,50.8
"Wacha, Michael",608379,2017,701,22.5,7.8,.316,.305,32.4,6.2,30.1,76.575083941,92.900445085,23,47.8
"Wacha, Michael",608379,2024,685,21.2,6.6,.300,.314,32.7,8.2,32.5,75.614261583,93.109005646,23.3,48.5
"Wacha, Michael",608379,2025,716,17.6,6.3,.299,.316,36.7,7.4,34.6,76.056574508,93.523519129,21.3,50.4
"Wacha, Michael",608379,2026,224,21,8,.279,.315,31.4,7.7,38.5,77.540988312,93.84987366,23.3,46.8
"Winker, Jesse",608385,2022,547,18.8,15.4,.313,.346,32,7.6,34.3,98.674499266,93.339254492,19.9,43.3
"Winker, Jesse",608385,2024,508,20.9,12.4,.338,.330,30.1,7.6,37.4,98.91091179,93.570274815,19.6,43.2
"Márquez, Germán",608566,2017,700,21,7,.341,.324,31.3,8,36,78.147728197,93.721957316,20.7,48.7
"Márquez, Germán",608566,2018,815,28.2,7,.300,.283,31.5,6,39.1,79.04423537,94.148958343,28.5,47.4
"Márquez, Germán",608566,2019,721,24.3,4.9,.311,.327,34.2,8.5,43.1,81.405430484,94.806133152,26.6,49.5
"Márquez, Germán",608566,2020,344,21.2,7.3,.292,.315,32.9,4.9,40.2,77.797894754,94.009115432,26.3,49
"Márquez, Germán",608566,2021,756,23.3,8.5,.303,.310,32.5,5.3,39.3,78.131276787,94.098144266,27.2,47.8
"Márquez, Germán",608566,2022,779,19.3,8.1,.341,.330,35.8,7.1,47.2,80.242384122,94.974977437,23.2,49.7
"Mazara, Nomar",608577,2016,568,19.7,6.9,.318,.325,32.6,7.4,35,99.151415659,93.615919462,20.4,44.6
"Mazara, Nomar",608577,2017,616,20.6,8.9,.317,.318,30.5,7.2,37.1,100.356946698,94.279860233,25.7,46.1
"Mazara, Nomar",608577,2018,536,21.6,7.5,.324,.332,28.2,9.2,43.4,101.765366011,95.130262527,25.4,46.1
"Graveman, Kendall",608665,2016,785,13.8,6,.316,.345,30,6,38.7,79.170138771,94.198862729,18.1,44.7
"Meneses, Joey",608841,2023,657,19.8,5.8,.314,.289,32.9,5.4,41.7,99.929364091,94.237468244,23.6,47.6
"Mondesi, Adalberto",609275,2020,233,30,4.7,.305,.267,19.9,7.3,39.1,100.463874118,94.6236125,40,54.5
"Andujar, Miguel",609280,2018,606,16,4.1,.361,.317,34.6,6.9,36.5,99.385829292,93.793774438,19.7,53.1
"García, Adonis",611177,2016,562,16.5,4.3,.308,.320,30.1,6,34.9,98.437424398,93.286594028,21.2,52.5
"Chen, Wei-Yin",612672,2015,792,19.3,5.2,.325,.304,30.2,6.9,31.9,76.509021965,93.006459332,19,51.1
"Reyes, Franmil",614177,2019,548,28.5,8.6,.338,.359,33.3,15.5,51,103.847694162,96.604159768,36.5,51.5
"Reyes, Franmil",614177,2020,241,28.6,10,.341,.342,31.3,13.3,44.9,103.394751806,96.328288182,38.5,46
"Quantrill, Cal",615698,2022,770,16.6,6.1,.305,.324,33.3,7.5,35.7,76.145610174,93.608907247,18.5,48.7
"Swanson, Dansby",621020,2017,551,21.8,10.7,.276,.295,31.2,3.1,32.5,97.841433207,92.995780543,23.7,44.5
"Swanson, Dansby",621020,2018,533,22.9,8.3,.293,.281,32.1,4.5,34,98.225714101,93.153072781,25.4,50.1
"Swanson, Dansby",621020,2019,545,22.8,9.4,.317,.350,36.7,10.6,41.6,99.797419121,94.192917747,27.6,45.9
"Swanson, Dansby",621020,2020,264,26.9,8.3,.348,.354,40.7,11.4,40.7,99.696452771,94.009281333,31.6,47.2
"Swanson, Dansby",621020,2021,653,25.6,8,.322,.329,36.8,11.4,42.7,99.888272056,94.152698735,30.4,48.1
"Swanson, Dansby",621020,2022,696,26.1,7,.337,.342,37,10.8,46.3,100.839209567,94.810341952,30.7,49.4
"Swanson, Dansby",621020,2023,638,24.1,10.3,.325,.344,35.1,10.9,39.7,99.817409223,94.10753236,28.7,47.3
"Swanson, Dansby",621020,2024,593,24.3,9.1,.307,.324,32.6,9.2,42.7,100.210263655,94.404024529,28.7,48.7
"Swanson, Dansby",621020,2025,645,26,7.3,.310,.345,36.9,11.7,47.8,101.168222972,95.031771415,30.5,50.3
"Swanson, Dansby",621020,2026,175,21.1,13.1,.295,.321,29.8,8.8,46.5,100.161432857,94.561390536,29,44.8
"Newman, Kevin",621028,2019,531,11.7,5.3,.339,.303,33.4,2.3,24.8,94.991693333,91.524680704,13.9,51
"Newman, Kevin",621028,2021,554,7.4,4.9,.249,.278,32,1.6,26,95.837500212,91.93298839,12.1,44.9
"Taylor, Chris",621035,2017,568,25,8.8,.361,.342,39.7,8.8,34.1,98.443374863,93.237287951,25.4,45.9
"Taylor, Chris",621035,2018,604,29.5,9.1,.335,.321,39.5,9.1,38.5,99.231367955,93.702039687,31.5,47.6
"Taylor, Chris",621035,2020,214,25.7,12.1,.364,.371,35.1,11.5,45,101.014144762,94.70205312,32.5,44.9
"Taylor, Chris",621035,2021,582,28.7,10.8,.338,.329,38.1,10.2,38.1,99.754756176,93.990311298,32.8,45.6
"Correa, Carlos",621043,2016,660,21.1,11.4,.349,.364,32.9,8.5,43.5,102.581797639,95.565530348,24.3,44.5
"Correa, Carlos",621043,2020,221,22.2,7.2,.308,.311,26.1,6,42.1,99.799884079,94.072529338,24.4,47.1
"Correa, Carlos",621043,2021,640,18.1,11.7,.364,.370,33.5,9.4,42.7,101.559240852,95.042767326,20.9,42.1
"Correa, Carlos",621043,2022,590,20.5,10.3,.362,.361,35.3,11.4,44.7,101.992873251,95.284200765,22,44.4
"Correa, Carlos",621043,2023,580,22.6,10.2,.309,.327,31.1,9.6,45.9,102.481230628,95.635527984,25.1,43.6
"Correa, Carlos",621043,2025,584,19.3,7.7,.322,.338,34.6,6.9,45.9,102.338902322,95.568245592,22.3,46.4
"Eflin, Zach",621107,2019,705,18.3,6.8,.325,.307,30.1,7.7,32.8,77.650030909,93.507853123,20.3,47.8
"Eflin, Zach",621107,2023,703,26.5,3.4,.276,.271,29.2,9,35.1,75.557414813,93.73501605,24.1,49.9
"Eflin, Zach",621107,2024,684,19.6,3.5,.297,.303,30,7.5,36.1,76.388751434,94.040596667,21.6,50
"Buehler, Walker",621111,2019,737,29.2,5,.270,.277,34.5,5.9,36.4,79.575999746,93.605811826,26.8,50.3
"Buehler, Walker",621111,2021,815,26,6.4,.255,.271,29.2,6.8,37.1,76.924388075,93.913201664,26.5,49.2
"McCullers Jr., Lance",621121,2021,684,27,11.1,.283,.284,25.9,5.3,40.7,79.44787034,94.33949129,30.2,41.6
"Mills, Alec",621219,2020,252,18.3,7.5,.316,.342,30.8,9.2,39.5,74.541613913,93.6962775,17.9,44.3
"Berríos, José",621244,2018,797,25.3,7.7,.292,.295,28.8,6.7,34.4,75.742294549,93.411849076,26.1,47.9
"Berríos, José",621244,2019,842,23.2,6.1,.300,.304,34.2,7.1,32,76.182677621,92.899373483,23.5,49.1
"Berríos, José",621244,2020,271,25.1,9.6,.307,.322,33.3,6.4,39.7,77.429804186,94.264088947,27.5,45.9
"Berríos, José",621244,2021,781,26.1,5.8,.286,.312,36.6,9.1,38.3,76.730793307,94.151290078,23.7,47
"Berríos, José",621244,2022,753,19.8,6,.350,.350,36.3,9.6,43.8,79.057235,94.764961466,21.3,48.6
"Berríos, José",621244,2023,782,23.5,6.6,.302,.326,39.1,8.6,35.8,77.334530262,93.583561201,25.5,46.5
"Berríos, José",621244,2024,786,19.5,6.9,.308,.336,36.3,7.8,41.8,79.087839143,94.188449928,21.1,46.7
"Berríos, José",621244,2025,698,19.8,8,.325,.337,32.6,11.3,42.5,79.761456829,94.705282256,22,46.1
"Blach, Ty",621389,2017,692,10.5,6.2,.326,.335,32.7,4.2,33,75.742202115,93.033970628,15.6,45.8
"Buxton, Byron",621439,2017,511,29.4,7.4,.312,.298,32.3,6.5,32,98.610982721,93.385318191,31.1,49.6
"Buxton, Byron",621439,2025,542,27.3,7.6,.367,.350,32.9,17.7,53.8,103.649870983,96.632317826,31.3,51.8
"Buxton, Byron",621439,2026,185,25.4,7,.385,.335,33.3,21.1,47.2,101.37146871,95.127405772,32.2,53.6
"Ward, Taylor",621493,2022,564,21.3,10.6,.362,.363,41.8,12.4,42.9,100.184571947,94.439550026,22.3,41.4
"Ward, Taylor",621493,2024,663,24.6,9.5,.325,.345,41.9,13.1,42.4,100.017751581,94.464585641,25.5,43.2
"Ward, Taylor",621493,2025,663,26.4,11.3,.339,.333,34.9,13.7,42.7,100.944753902,94.843614171,23.8,37.6
"Ward, Taylor",621493,2026,205,18,21,.372,.364,34.7,4.8,37.1,98.854512419,93.560821935,15.8,28.6
"Wisdom, Patrick",621550,2022,534,34.3,9.9,.316,.298,29.8,14.4,46.3,102.164032394,95.695873993,36.5,48.1
"Wendle, Joey",621563,2018,545,17.6,6.8,.338,.304,31.8,3,35.7,97.93373985,93.0904531,20.6,46.7
"Olson, Matt",621566,2018,660,24.7,10.6,.340,.357,35.1,13.4,52.2,103.477196555,96.467492926,27.5,44.4
"Olson, Matt",621566,2019,547,25.2,9.3,.368,.388,36.1,15.7,50.4,103.334092275,96.341713994,28.1,45.4
"Olson, Matt",621566,2020,245,31.4,13.9,.316,.340,30.1,13.1,45.9,102.764032969,95.948013281,34.8,42.7
"Olson, Matt",621566,2021,673,16.8,13.1,.379,.378,32.4,12.7,48.8,102.889106926,95.968662554,23.1,47
"Olson, Matt",621566,2022,699,24.3,10.7,.344,.347,33.8,13.6,50.9,103.665099911,96.545680491,28.9,49.5
"Olson, Matt",621566,2023,720,23.2,14.4,.413,.395,31,16.4,55.5,104.825276757,97.314084392,28.4,46.8
"Olson, Matt",621566,2024,685,24.8,10.4,.339,.342,35.4,12.5,47.4,102.726279537,95.899543218,26.3,49.7
"Olson, Matt",621566,2025,724,24.3,12.6,.366,.360,37.1,14.4,53.3,103.816455133,96.735765819,26.2,45.3
"Olson, Matt",621566,2026,202,24.8,10.9,.408,.390,34.6,17.7,50,104.566723077,96.840595462,25.4,44.8
"Wood, Alex",622072,2015,801,17.4,7.4,.316,.319,31.9,5,32.7,77.875023427,93.264826883,19.7,45
"Duffy, Matt",622110,2015,612,15.7,4.9,.331,.327,32.4,4.4,32,97.296590044,92.695375607,18.1,46
"Duffy, Matt",622110,2018,560,16.6,8.4,.323,.310,33.7,1.3,28.1,96.121480485,92.150025572,17.3,46.5
"Castillo, Luis",622491,2018,708,23.3,6.9,.314,.318,33.7,9.5,39.5,77.787950788,94.033699958,28.7,49.6
"Castillo, Luis",622491,2019,780,29,10,.277,.277,26.2,5.6,33.6,75.363934533,93.547291448,35.9,47.3
"Castillo, Luis",622491,2020,292,30.5,8.2,.290,.266,28.7,4.5,37.1,72.160531236,93.916524915,32.8,51
"Castillo, Luis",622491,2021,803,23.9,9.3,.318,.293,28.7,4.6,36.9,76.302691128,93.565481809,28.9,49.3
"Castillo, Luis",622491,2023,802,27.3,7,.289,.302,31,9.4,41.8,78.960209073,94.709603649,30.6,52.1
"Castillo, Luis",622491,2024,719,24.3,6.5,.305,.313,37,8.5,41.9,78.938131564,94.546516728,25.9,50.6
"Castillo, Luis",622491,2025,745,21.7,6.2,.304,.312,32.1,10.4,46.4,79.249648523,95.089940152,24.6,51.6
"Margot, Manuel",622534,2017,529,20,6.6,.309,.300,34.5,3,29.3,96.782030428,92.441450268,21.5,45.8
"Margot, Manuel",622534,2018,519,17,6.2,.288,.293,34,3.6,37,99.341797113,93.825767442,21,46.6
"Senzatela, Antonio",622608,2020,303,13.5,5.9,.309,.329,27.9,5.4,38.3,77.06990275,93.887047992,18.6,46.3
"Severino, Luis",622663,2017,782,29.4,6.5,.263,.271,29.7,6.8,33.5,76.091770902,93.196214467,28.1,49.1
"Severino, Luis",622663,2018,780,28.2,5.9,.290,.298,36.7,8.2,34.7,77.93695627,93.467707917,26.8,49.7
"Severino, Luis",622663,2024,761,21.2,7.9,.308,.307,30.4,5.7,35.6,75.272418577,93.515669191,22,50.6
"Severino, Luis",622663,2025,705,17.6,7.1,.313,.331,35.3,6,41.9,75.840911693,94.478741811,18.3,47.3
"Severino, Luis",622663,2026,241,22.4,12.9,.362,.333,35.7,9.1,39.6,78.344780132,93.739355,22.2,46.6
"Camargo, Johan",622666,2018,524,20.6,9.7,.346,.307,31.2,5.4,33.7,97.769704389,92.943354123,26.6,49.5
"Reyes, Victor",622682,2020,213,21.1,4.2,.307,.329,39.5,3.8,41.4,98.63923961,93.618739286,26.4,54.2
"Mateo, Jorge",622761,2022,533,27.6,5.1,.281,.276,35.5,6,32.7,98.63578407,93.337279593,31.1,53.9
"Flexen, Chris",623167,2021,741,16.9,5.4,.311,.319,33.9,6.3,38.1,79.435135442,94.030639187,19.3,49.8
"Santander, Anthony",623993,2022,647,18.9,8.5,.336,.356,33.5,11.6,43.3,101.330998114,94.979132939,21.5,47.7
"Santander, Anthony",623993,2023,656,23.2,8.4,.340,.320,33,10.2,46,101.732013378,95.319994041,23.5,49
"Santander, Anthony",623993,2024,665,19.4,8.7,.345,.327,35,11.7,41.6,100.325476894,94.357156511,20,49.7
"Alonso, Pete",624413,2019,693,26.4,10.4,.384,.380,36.9,17.4,42.7,103.52161466,95.867841481,28,46.6
"Alonso, Pete",624413,2020,239,25.5,10,.342,.334,30.4,13.1,41.2,102.386786986,95.44273469,30.4,46.1
"Alonso, Pete",624413,2021,637,19.9,9.4,.363,.376,34.5,14.9,47.3,103.709055662,96.163804165,24.9,49.3
"Alonso, Pete",624413,2022,685,18.7,9.8,.366,.357,34.5,12.3,44.8,102.849215397,95.616516548,24.2,49.9
"Alonso, Pete",624413,2023,658,22.9,9.9,.346,.369,32.3,14.7,40.1,102.342134502,95.253955701,26.2,43.7
"Alonso, Pete",624413,2024,695,24.7,10.1,.340,.345,30.5,13.2,46.4,102.785114727,95.699086105,24.7,42.9
"Alonso, Pete",624413,2025,709,22.8,8.6,.368,.386,38.4,18.9,54.4,105.076411532,97.45647,25.6,46.3
"Alonso, Pete",624413,2026,195,24.1,10.8,.326,.344,31,11.9,53.2,103.105231587,96.715168651,28.9,44.1
"Biggio, Cavan",624415,2020,265,23,15.5,.355,.315,31.4,5,30.8,96.787761519,92.575247452,23,36.3
"Conforto, Michael",624424,2018,638,24.9,13.2,.342,.340,36.6,10.2,37.8,99.317855233,93.722309275,27.7,43.2
"Conforto, Michael",624424,2019,648,23,13,.358,.371,35.8,12.7,39.2,100.0477863,94.1312909,27.1,45.8
"Conforto, Michael",624424,2020,233,24.5,10.3,.401,.374,38.6,11,36.6,99.863468082,94.033462897,26,44.2
"Frazier, Adam",624428,2019,608,12.3,6.6,.320,.318,36.4,2,28.3,96.108033475,92.07951087,15.6,48.1
"Frazier, Adam",624428,2020,230,15.2,7.4,.291,.309,34.9,4,25.1,95.606103488,91.803051744,16.6,46.2
"Frazier, Adam",624428,2021,639,10.8,7.5,.341,.325,38.9,1,25.2,94.770636087,91.395336317,12.4,47.6
"Frazier, Adam",624428,2022,602,12.1,7.6,.274,.300,37.7,1.5,24.5,95.048135872,91.524067936,14.4,48.7
"Puig, Yasiel",624577,2017,570,17.5,11.2,.349,.359,27.2,10.5,37.6,101.052476318,94.54660806,24.9,46.4
"Puig, Yasiel",624577,2019,611,21.8,7.2,.330,.328,30,10.5,39.1,100.971591932,94.613191138,28.2,52.6
"Soler, Jorge",624585,2019,679,26.2,10.8,.378,.396,34.7,17.9,50.1,104.405603365,96.703293759,32.5,44.1
"Soler, Jorge",624585,2021,602,23.6,11.1,.323,.359,30.9,12.7,47,103.589178942,96.139729418,29.2,44.8
"Soler, Jorge",624585,2023,580,24.3,11.4,.361,.375,36.5,15,48,103.053956467,95.950783079,27.6,44.1
"Soler, Jorge",624585,2024,574,24.6,11.8,.340,.352,33.4,12.6,44.1,101.898357865,95.262490702,28.9,44.5
"Soler, Jorge",624585,2026,178,32.6,10.7,.337,.315,35.1,12.4,44.3,101.615728163,94.945942268,38,45.5
"López, Reynaldo",625643,2018,799,18.9,9.4,.310,.335,37.5,7.8,36.1,77.951526929,93.421050446,21.3,47.4
"López, Reynaldo",625643,2019,809,20.9,8,.349,.338,36.3,8.3,38.3,77.750217553,94.030077252,24.7,48.7
"Maeda, Kenta",628317,2016,716,25,7,.281,.281,34.9,6.1,25.5,75.543428432,91.917763885,27.5,45.8
"Maeda, Kenta",628317,2020,248,32.3,4,.219,.257,31,7.1,24.7,74.312775844,92.194825425,34.9,52.6
"Urías, Julio",628711,2021,745,26.2,5.1,.266,.274,31.7,5.4,30.3,74.37826752,92.763477541,24.3,51.3
"Urías, Julio",628711,2022,689,24.1,6,.263,.266,29.6,6.8,30.4,75.838974487,92.831563148,23.9,51.8
"Cronenworth, Jake",630105,2020,192,15.6,9.4,.356,.393,37.8,10.6,42.7,99.954348592,94.317753732,16.7,39.8
"Cronenworth, Jake",630105,2021,643,14,8.6,.341,.344,35.8,7.3,35,98.727004664,93.509905895,13.7,43.2
"Cronenworth, Jake",630105,2022,684,19.2,10.2,.318,.304,32.3,5.6,34.1,97.917362826,93.091918039,18,41.8
"Cronenworth, Jake",630105,2023,522,18.6,8.8,.301,.306,35.7,4.4,33.2,97.73147257,92.917093417,16,47.6
"Cronenworth, Jake",630105,2024,656,18,9.3,.315,.339,35.4,7.8,36.7,99.527561266,93.904133654,17.1,45
"Cronenworth, Jake",630105,2025,515,20.8,13.4,.333,.319,31.9,6.2,39,99.15448481,93.790989905,18.8,42.7
"Tomás, Yasmany",630111,2016,563,24.2,5.5,.345,.345,33.7,12.2,42,100.820285561,94.596426675,30.6,57.6
"Manaea, Sean",640455,2021,754,25.7,5.4,.310,.312,34.5,8,41.2,79.634341937,94.771894139,27.1,51.5
"Manaea, Sean",640455,2024,738,24.9,8.5,.275,.304,37,7.5,37.8,77.674456946,93.857812243,26.1,49
"Meadows, Austin",640457,2019,591,22.2,9.1,.380,.375,38.1,13.6,42.9,101.27902925,94.853411479,23.5,42.2
"Meadows, Austin",640457,2021,591,20.6,10,.327,.325,36.1,8.7,37.9,99.236473035,93.763605871,24.4,46.7
"López, Pablo",641154,2022,736,23.6,7.2,.305,.301,33.7,9,35.1,76.341792771,93.754029819,28.2,49.6
"López, Pablo",641154,2023,801,29.2,6,.294,.270,32.4,6.3,34.8,75.934517778,93.235848194,30.3,51.7
"López, Pablo",641154,2024,772,25.6,5.3,.306,.302,35.9,8.2,37.5,76.717040308,93.587928673,27,51.8
"Anderson, Tim",641313,2017,606,26.7,2.1,.288,.274,31.8,5.7,31.1,97.427925429,92.716202071,29.8,55.1
"Anderson, Tim",641313,2018,606,24.6,5,.294,.272,33.3,5,27.9,96.290161381,92.154393786,27.7,54.1
"Anderson, Tim",641313,2019,518,21,2.9,.363,.321,37.6,5.5,37.6,98.353274592,93.322923632,24.5,58.6
"Anderson, Tim",641313,2020,221,22.6,4.5,.376,.352,33.3,10.1,35.8,99.049571899,93.615060633,30.9,55.2
"Anderson, Tim",641313,2021,551,21.6,4,.345,.322,32.5,8,42.3,100.468994726,94.526930721,25.9,57.8
"Anderson, Tim",641313,2023,524,23.3,5,.260,.280,32.4,3,39.4,99.22965129,93.713640376,25.3,53.5
"Bauers, Jake",641343,2026,146,22.6,10.3,.360,.332,29.6,11.3,53.1,103.150984286,96.734185052,24.8,42.2
"Bellinger, Cody",641355,2017,548,26.6,11.7,.380,.361,35.3,13,45.7,101.581031768,95.285978624,32.5,44.7
"Bellinger, Cody",641355,2018,632,23.9,10.9,.345,.324,32,9.9,38.9,100.286797015,94.235645224,29.7,45.1
"Bellinger, Cody",641355,2019,661,16.3,14.4,.414,.427,39.6,13.8,45.9,101.221347768,94.966274787,23.5,44.6
"Bellinger, Cody",641355,2020,243,17.3,12.3,.337,.370,29.2,9.5,41.5,100.513292857,94.455236287,23.3,47.6
"Bellinger, Cody",641355,2022,550,27.3,6.9,.284,.281,34.4,8.4,38.1,98.149983833,93.243694234,27.2,49.9
"Bellinger, Cody",641355,2023,556,15.6,7.2,.370,.325,38,6.1,31.4,97.661544057,92.874372388,20.1,49.9
"Bellinger, Cody",641355,2024,569,15.6,7.9,.322,.302,32.9,6.3,32.9,97.314029213,92.768351065,22.2,49.8
"Bellinger, Cody",641355,2025,656,13.7,8.7,.347,.323,37.1,7.5,37.9,98.690370317,93.444149405,18.1,48.3
"Bellinger, Cody",641355,2026,195,13.3,14.4,.363,.371,41.8,7.9,39,98.815046429,93.802419928,17.4,43.2
"Cortes, Nestor",641482,2024,710,22.8,5.5,.307,.298,35,7.9,43.6,79.122676225,94.470879177,24.2,50.4
"Crawford, J.P.",641487,2020,232,16.8,9.9,.303,.318,34.1,1.8,31.1,97.315126098,92.657563049,18.2,41.1
"Crawford, J.P.",641487,2021,687,16.6,8.4,.314,.300,34.3,2.4,30.6,97.337774462,92.671236474,15.5,44.2
"Crawford, J.P.",641487,2022,603,13.3,11.3,.306,.318,32.4,2,29.7,96.663647706,92.35483867,14.3,41.3
"Crawford, J.P.",641487,2023,638,19.6,14.7,.359,.341,35.3,4.8,36.2,99.143101569,93.649442623,18.6,38.6
"Crawford, J.P.",641487,2025,654,18.7,11.3,.322,.329,40,4.9,34.7,98.225449369,93.184882725,20.4,45.1
"Crawford, J.P.",641487,2026,169,15.4,17.2,.341,.372,38.4,9,38.4,98.735339091,93.523954862,14.1,36.3
"Dozier, Hunter",641531,2019,586,25.3,9.4,.360,.338,35.8,10.8,42.9,102.015977632,95.204411763,27,44.7
"Dozier, Hunter",641531,2020,186,25.8,14.5,.326,.331,26.4,8.3,30.9,98.298979455,93.253164404,30.9,41.9
"Dozier, Hunter",641531,2021,543,28.4,7.9,.293,.298,33,8.8,42.2,100.920294588,94.659477906,32.4,48.8
"Dunning, Dane",641540,2023,722,19.4,7.6,.310,.325,32.5,7.5,40.2,77.759256899,94.06919,22.3,47
"Hudson, Dakota",641712,2019,757,18,11.4,.316,.337,31.4,7.5,38.8,78.019221192,94.329664942,23.7,44.2
"Keller, Brad",641745,2019,709,17.2,9.9,.307,.329,32.5,6.4,38.6,78.716659407,93.808015663,19.9,46
"Lewis, Kyle",641786,2020,242,29.3,14,.349,.344,37.2,11.8,35,98.801784265,93.501654412,36.3,43.2
"Littell, Zack",641793,2025,759,17.1,4.2,.311,.323,32.7,9.9,40.9,80.190668797,94.458762186,20.4,51.8
"Mahle, Tyler",641816,2021,759,27.7,8.4,.308,.298,34.1,6.5,34.3,77.107022328,93.357444017,28.4,45.2
"Mahle, Tyler",641816,2026,206,23.3,10.2,.369,.322,32.1,9.6,35.8,79.356625373,94.063838209,21.6,42.6
"Mancini, Trey",641820,2017,586,23.7,5.6,.349,.338,30.9,11.1,41.2,100.89602802,94.621143144,28.4,50.9
"Mancini, Trey",641820,2018,636,24.1,6.9,.308,.328,27.6,12.7,42.9,101.237612949,94.749301728,27.7,49.5
"Mancini, Trey",641820,2019,679,21.1,9.3,.373,.362,36.4,11.1,42.7,101.635240474,95.06039847,26.9,48.1
"Mancini, Trey",641820,2021,616,23.2,8.3,.326,.340,36,10.4,42,101.505868937,94.869304891,29.6,47
"Mancini, Trey",641820,2022,587,23,9,.312,.335,39.6,9.8,40.4,100.078586134,94.256654381,27.4,48.1
"McMahon, Ryan",641857,2019,539,29.7,10.4,.330,.325,36.6,9.7,48,102.348495723,95.712813868,32.4,49.6
"McMahon, Ryan",641857,2020,193,34.2,9.3,.308,.296,27.1,11.4,43,101.166563962,94.858618952,31.7,47.3
"McMahon, Ryan",641857,2021,596,24.7,9.9,.334,.326,40.2,7.3,43.5,100.810510524,94.736908351,29.2,48.8
"McMahon, Ryan",641857,2022,597,26.5,10.1,.326,.333,36.4,10.5,46.5,102.094383676,95.689199432,28.2,45.2
"McMahon, Ryan",641857,2023,627,31.6,10.8,.325,.334,39.4,11.4,44.2,102.017798324,95.343043101,32.3,47.4
"McMahon, Ryan",641857,2024,645,28.7,10.7,.315,.327,36.5,11,49.7,102.62988712,96.057260524,30,46.9
"McMahon, Ryan",641857,2025,586,32.3,11.9,.306,.322,35.3,12.1,50.5,102.856311911,96.350240575,35.2,45.4
"Ober, Bailey",641927,2024,709,26.9,6.1,.282,.284,34.8,8.3,34.3,76.699154464,93.270078151,29,52.4
"Ober, Bailey",641927,2026,209,18.7,7.2,.270,.284,25.5,7.2,30.1,75.288750789,92.774098947,21.4,46.9
"O'Neill, Tyler",641933,2021,537,31.3,7.1,.384,.387,39.9,17.9,52.2,104.172238365,97.016212516,34.7,49.8
"Smith, Dominic",642086,2020,199,22.6,7,.412,.392,43,13.4,46.7,100.278953134,94.610905149,26,51.9
"Smith, Dominic",642086,2023,586,15.5,8,.306,.321,37,6.6,30.8,97.225088721,92.631850959,19.9,49
"Tellez, Rowdy",642133,2022,599,20.2,10.4,.327,.351,31.4,12.9,46,102.553838927,95.690567213,23.8,43.5
"Peralta, Freddy",642547,2023,680,30.9,7.9,.291,.284,32.3,8.6,37.7,75.952795517,93.704981926,33.6,47.8
"Peralta, Freddy",642547,2024,725,27.6,9.4,.305,.307,35.3,8.7,36.9,75.95026724,93.640809751,31.1,46.9
"Peralta, Freddy",642547,2025,723,28.2,9.1,.270,.289,33.9,9.3,34.5,76.986266955,93.5568435,30.1,46.9
"Peralta, Freddy",642547,2026,210,23.8,9,.287,.301,37.4,4.3,37.4,76.302408971,93.43608125,27.8,47.9
"Rosario, Amed",642708,2018,592,20.1,4.9,.290,.289,32.4,4.2,32.3,97.6158547,92.837680624,26,54.3
"Rosario, Amed",642708,2019,655,18.9,4.7,.318,.317,35,4.5,39.5,98.795593821,93.60288,24.2,52
"Rosario, Amed",642708,2021,588,20.4,5.3,.315,.303,32,2.8,43.5,100.074259533,94.248108388,24.8,48.9
"Rosario, Amed",642708,2022,670,16.6,3.7,.311,.311,31.1,4.5,38.3,99.690201132,93.991990529,21,53.1
"Rosario, Amed",642708,2023,545,18.2,5.3,.297,.306,33.8,3.4,39.4,99.501582705,93.941784576,23.1,53.4
"Adames, Willy",642715,2019,584,26.2,7.9,.313,.320,36.1,8.8,35.6,99.072984309,93.592578431,27.3,47
"Adames, Willy",642715,2020,205,36.1,9.8,.347,.307,36.9,10,40.5,100.611447818,94.419791091,38.7,46.2
"Adames, Willy",642715,2021,555,28.1,10.3,.349,.324,35.1,11.4,44.7,100.71382731,94.667554152,32.6,48.9
"Adames, Willy",642715,2022,617,26.9,7.9,.325,.329,36.4,13,43.6,100.099002736,94.300793591,28.2,49.6
"Adames, Willy",642715,2023,638,25.9,11.1,.311,.333,35,12.4,36.5,99.086365635,93.664258959,31,50
"Adames, Willy",642715,2024,688,25.1,10.8,.342,.341,38.2,12,40.7,99.769639045,94.108759136,29.5,49.5
"Adames, Willy",642715,2025,686,26.1,11.7,.321,.327,35.6,12.6,42.8,99.897786476,94.18327716,29.2,46.7
"Adames, Willy",642715,2026,191,29.3,3.7,.279,.276,37.8,7.9,40.9,99.140517031,93.809185276,25.9,48.7
"Estrada, Thairo",642731,2022,541,16.5,6.1,.317,.302,31.6,4.5,31.1,97.092146345,92.54814231,20.3,49.2
"Estrada, Thairo",642731,2023,530,22.6,4.2,.316,.293,34.7,4.8,33.7,97.898139565,92.983630679,21.5,51.7
"Benintendi, Andrew",643217,2017,658,17,10.6,.332,.338,31.7,6.1,33.4,98.285891373,93.220964678,19.2,44.1
"Benintendi, Andrew",643217,2018,661,16,10.7,.357,.353,37.3,7.1,33.7,98.01397825,93.080004927,19.2,46
"Benintendi, Andrew",643217,2019,615,22.8,9.6,.330,.338,40.1,8.7,37.7,98.241980591,93.339900444,25.2,51.4
"Benintendi, Andrew",643217,2021,538,18,6.7,.328,.331,38.5,8.9,43.2,98.80441545,93.810618421,22.5,52.5
"Benintendi, Andrew",643217,2022,521,14.8,10,.342,.340,39.2,5.1,38.7,98.21078057,93.391636347,20.7,48.2
"Benintendi, Andrew",643217,2023,621,14.3,8.4,.299,.314,40.9,2.9,27,95.498075212,91.757391695,19.3,49
"Benintendi, Andrew",643217,2024,522,18.4,7.9,.298,.310,36.5,6.3,34.4,97.17823,92.764984068,21.1,48
"Dubón, Mauricio",643289,2026,177,17.5,6.8,.310,.304,39.4,5.3,31.1,97.217318939,92.617129697,19.6,49.9
"Godley, Zack",643327,2018,791,23.4,10.2,.322,.333,33.3,7.2,38.8,79.458104418,94.040489257,28.2,44.4
"Kemp, Tony",643393,2022,558,12.4,8.1,.287,.273,33.9,1.6,14.9,93.050155144,90.545713639,13.4,48.9
"Kiner-Falefa, Isiah",643396,2020,228,14,6.1,.307,.294,22.2,2.2,31.1,96.603922889,92.344912179,15.8,47.4
"Kiner-Falefa, Isiah",643396,2021,677,13.3,4.1,.293,.292,31.6,1.8,28.8,96.328326447,92.167027033,14.5,46.5
"Kiner-Falefa, Isiah",643396,2022,531,13.6,6.6,.285,.292,29.6,1.2,30.1,96.614692718,92.355143236,11.3,44.7
"McNeil, Jeff",643446,2019,567,13.2,6.2,.384,.350,34.2,5.1,36.7,98.062735349,93.296269953,19.9,60.1
"McNeil, Jeff",643446,2020,209,11.5,9.6,.360,.337,37,2.5,26.5,95.63896284,91.861592484,17.5,57
"McNeil, Jeff",643446,2022,589,10.4,6.8,.365,.326,39,2.7,30.2,96.275278692,92.172015654,15.9,53.8
"McNeil, Jeff",643446,2023,648,10,6,.314,.296,32.1,1.3,27.4,95.984354131,92.004150754,13.5,53
"McNeil, Jeff",643446,2026,150,13.3,7.3,.322,.313,39.7,0.9,31,95.933508621,92.008676,15.8,54.1
"Alcantara, Sandy",645261,2019,838,18,9.7,.308,.322,29.9,7.1,34.3,75.970808983,93.287329508,23.8,49.6
"Alcantara, Sandy",645261,2021,837,24,6,.279,.289,29.9,6.1,39.4,75.365831333,93.983632175,27.5,53.3
"Alcantara, Sandy",645261,2022,886,23.4,5.6,.260,.270,28.4,5.3,38.5,76.106105279,93.947545934,25.4,53.4
"Alcantara, Sandy",645261,2023,762,19.8,6.3,.301,.319,31.4,7,40.6,77.348736884,94.275894674,25.4,54.2
"Alcantara, Sandy",645261,2025,745,19.1,7.7,.311,.332,33,8.6,45,80.162512584,95.038047336,20.9,49.5
"Alcantara, Sandy",645261,2026,267,16.9,7.5,.298,.290,27.4,5,35.8,77.556296061,93.583591667,23.3,50.1
"Albies, Ozzie",645277,2018,684,17,5.3,.324,.301,34,5.2,29.4,96.721019502,92.378085701,22.1,56.8
"Albies, Ozzie",645277,2019,702,16,7.7,.354,.346,36.8,7.1,34,98.232348151,93.247307887,22.9,55.6
"Albies, Ozzie",645277,2021,686,18.7,6.9,.336,.327,37,9.3,37.2,98.68556664,93.56121501,24.9,56.8
"Albies, Ozzie",645277,2023,660,16.2,7,.358,.341,37.4,8.3,39,98.667615565,93.481568303,20.6,54.6
"Albies, Ozzie",645277,2025,667,14.1,8.2,.295,.299,33.5,4.9,30.7,96.947639144,92.546234163,20.8,54.1
"Albies, Ozzie",645277,2026,196,12.2,7.1,.347,.299,31.4,4.5,27.6,96.842089359,92.464933654,22.3,55.2
"Robles, Victor",645302,2019,617,22.7,5.7,.317,.294,34.5,5.4,23,94.905795816,91.739895663,23.5,49.9
"Robles, Victor",645302,2020,189,28,4.8,.273,.262,37.3,1.7,22.9,94.70035,91.585986903,27.9,50.3
"Devers, Rafael",646240,2019,702,17,6.8,.377,.367,33.1,10,48.5,103.293569886,96.084697628,24,55
"Devers, Rafael",646240,2020,248,27,5.2,.337,.328,33.3,12.2,43.6,102.902087073,95.998599329,31.7,55
"Devers, Rafael",646240,2021,664,21.5,9.3,.373,.391,35.2,15.1,51.8,104.101831156,96.761008486,27.7,53.6
"Devers, Rafael",646240,2022,614,18.6,8.1,.373,.365,33.1,11.5,50.9,103.784239231,96.704402472,28.2,54.6
"Devers, Rafael",646240,2023,656,19.2,9.5,.359,.379,30,12.7,55.1,104.483705833,97.182864659,26.1,52.6
"Devers, Rafael",646240,2024,601,24.5,11.1,.364,.366,35.2,13.1,52.6,104.597925864,97.090537461,30.9,50.9
"Devers, Rafael",646240,2025,729,26.3,15.4,.365,.367,34.6,16,56.1,104.005280383,97.028150813,31.6,47.2
"Devers, Rafael",646240,2026,189,31.2,6.9,.301,.265,30.8,7.8,44.4,101.29955431,94.967704741,32.4,52.3
"Naylor, Josh",647304,2024,633,16.6,9.2,.332,.338,30.1,8.5,40.9,100.815360087,94.680816725,22.4,50.3
"Naylor, Josh",647304,2025,604,13.7,7.9,.351,.335,30.8,6.7,41.9,100.123963879,94.317973693,22.1,53.9
"Naylor, Josh",647304,2026,192,15.6,8.3,.308,.343,34.5,6.9,42.8,99.746347917,94.104165486,21.7,54.3
"Soroka, Michael",647336,2019,701,20.3,5.8,.272,.305,32.4,5.6,37.5,76.8236949,93.829988028,22.9,48.8
"Urías, Luis",649966,2021,570,20.4,11.1,.340,.330,34.9,9.3,40.5,99.110538783,93.797357825,22.8,46.3
"Arraez, Luis",650333,2022,603,7.1,8.3,.350,.341,38.7,3.6,30.2,96.195004348,92.276757036,7.1,42.9
"Arraez, Luis",650333,2023,617,5.5,5.7,.369,.355,44.7,3.5,25.7,95.658900664,92.009454214,7.9,51
"Arraez, Luis",650333,2024,672,4.3,3.6,.323,.330,40.9,1.6,23.7,94.838000362,91.449624457,6.9,49.8
"Arraez, Luis",650333,2025,675,3.1,5,.313,.303,37.1,1.1,16.7,93.590259064,90.800701323,5.3,49.4
"Arraez, Luis",650333,2026,187,3.7,6.4,.339,.308,38.1,0,20.8,93.985706585,91.054900427,7.9,51.2
"Jiménez, Eloy",650391,2019,504,26.6,6,.343,.347,32.4,13.6,47.9,102.681413214,95.727878512,32.8,49.9
"Jiménez, Eloy",650391,2020,226,24.8,5.3,.373,.364,32.9,16.6,55.7,103.874396076,96.948955223,29.2,54.4
"Torres, Gleyber",650402,2019,604,21.4,7.9,.358,.340,38.2,11,36.8,99.178781179,93.678797352,28,51.8
"Torres, Gleyber",650402,2021,516,20.2,9.7,.307,.330,37.1,7.8,35.7,98.748265196,93.463817961,26.3,46.7
"Torres, Gleyber",650402,2022,572,22.6,6.8,.328,.325,36.2,10.7,45.3,100.5348042,94.660057845,27.2,49.6
"Torres, Gleyber",650402,2023,672,14.6,10,.346,.363,37.3,8,40.3,99.649800996,94.055057585,21.8,46.8
"Torres, Gleyber",650402,2024,665,20.5,9.8,.313,.314,38.2,6.3,35.4,98.295655921,93.36890443,22.9,45.7
"Torres, Gleyber",650402,2025,628,16.1,13.5,.332,.363,38.6,8.2,39,99.951681689,94.284674897,19.5,40.8
"Torres, Gleyber",650402,2026,144,15.3,17.4,.337,.347,36.5,6.3,26,95.017010833,91.514231042,20.3,38.3
"Castro, Willi",650489,2024,635,23.6,8,.317,.323,39,7,36.8,98.851706502,93.501303852,29,51.4
"Díaz, Yandy",650490,2021,541,15.7,12.8,.325,.333,28.9,7,40.6,101.639064531,95.019968229,19.3,42.6
"Díaz, Yandy",650490,2022,558,10.8,14,.366,.365,30.7,4.9,49,103.107838195,96.208559878,14.3,41.3
"Díaz, Yandy",650490,2023,600,15.7,10.8,.402,.384,30.5,9.5,54,104.285177685,97.074568747,18.4,42.6
"Díaz, Yandy",650490,2024,621,15.3,8.1,.331,.339,28.4,7.7,48.7,103.441830979,96.263007825,14.2,43.9
"Díaz, Yandy",650490,2025,651,14.1,8.8,.364,.353,29.2,8.3,52.5,104.837007886,97.11235376,17.9,44.4
"Díaz, Yandy",650490,2026,185,11.9,8.1,.362,.356,26.1,6.3,43.3,101.719069718,95.036809507,13.1,45.7
"De La Cruz, Bryan",650559,2023,626,22.7,6.4,.309,.330,41,8.9,42.5,100.272527091,94.400399818,28.7,50.1
"De La Cruz, Bryan",650559,2024,622,27.3,4.7,.283,.306,35.6,9.3,41.3,99.848652919,94.22196445,30.1,53.4
"King, Michael",650633,2024,726,27.7,8.7,.284,.295,35.2,6.2,30.3,73.981359732,92.671656987,29.3,45.4
"King, Michael",650633,2026,205,24.4,10.7,.275,.304,32,9.4,31.3,75.772740645,93.032802177,29,44.8
"Civale, Aaron",650644,2020,312,22.1,5.1,.339,.322,36.6,6.8,33.5,75.989788288,93.101253964,24.9,45.5
"Civale, Aaron",650644,2026,203,17.2,6.9,.334,.330,36.2,6.6,48,82.298591316,94.761747682,18.8,44.4
"Rengifo, Luis",650859,2022,511,15.5,3.3,.314,.299,31.1,5.4,33.6,98.09743639,93.096324743,21.5,55.7
"Rengifo, Luis",650859,2025,541,19.2,6.1,.275,.302,34.7,5,32.7,97.798023081,92.967555404,21.9,51.6
"Sánchez, Cristopher",650911,2024,754,20.3,5.8,.290,.298,30.2,5.4,34.5,75.18960646,93.870693047,24.3,51.6
"Sánchez, Cristopher",650911,2025,807,26.3,5.5,.264,.272,27,5.7,39.8,77.436793852,94.392001148,30.4,49.5
"Sánchez, Cristopher",650911,2026,268,29.9,5.2,.284,.266,28.9,8.7,42.8,77.534657674,94.636646163,32,49.9
"Canning, Griffin",656288,2024,739,17.6,8.9,.341,.338,32.4,8.6,41.9,80.443886517,94.700505891,24.5,48.4
"Cease, Dylan",656302,2021,708,31.9,9.6,.295,.295,37,9.9,38.8,78.65144905,94.13969505,34.6,46.8
"Cease, Dylan",656302,2022,747,30.4,10.4,.263,.261,31.4,6.2,31.2,75.92510977,92.882995645,33.3,47.3
"Cease, Dylan",656302,2023,784,27.3,10.1,.321,.314,36.8,6.2,41.6,79.788605816,94.355014456,31,46.3
"Cease, Dylan",656302,2024,762,29.4,8.5,.266,.286,32.4,8.5,38.6,78.282702241,94.084709267,32.4,48.2
"Cease, Dylan",656302,2025,722,29.8,9.8,.313,.290,36.6,8.6,37.5,78.184355258,93.931109718,33.4,49.2
"Cease, Dylan",656302,2026,217,34.6,9.7,.265,.272,31.4,4.3,37.3,75.042906897,93.996219569,36.1,46
"Chapman, Matt",656305,2018,616,23.7,9.4,.369,.338,30.5,10.1,47.8,103.455659303,96.18152783,23.7,41.5
"Chapman, Matt",656305,2019,670,21.9,10.9,.354,.359,25.1,13.6,49,103.46333537,96.250434176,23.7,42
"Chapman, Matt",656305,2021,622,32.5,12.9,.311,.318,32.1,13.7,41.7,101.114826012,94.75382,32.7,44.6
"Chapman, Matt",656305,2022,621,27.4,11,.331,.345,34,12.9,51.2,102.906606237,96.223630699,28.7,41.7
"Chapman, Matt",656305,2023,581,28.4,10.7,.328,.336,32.4,17.2,56.4,103.539639884,96.813201603,31.1,43.3
"Chapman, Matt",656305,2024,647,24.4,9.9,.340,.342,31.3,12.7,48.3,104.356012981,96.727633301,23.5,44.6
"Chapman, Matt",656305,2025,535,23.6,13.3,.336,.340,34,9.9,47.6,102.936609458,95.951665392,25.3,42.4
"Chapman, Matt",656305,2026,189,25.4,8.5,.272,.252,21.1,5,30.1,98.689546557,93.407870331,25.8,43.6
"Flaherty, Jack",656427,2019,772,29.9,7.1,.254,.279,33.4,7.7,30.3,75.452172447,92.865941078,30.7,48
"Flaherty, Jack",656427,2024,649,29.9,5.9,.288,.296,36.1,8,35.9,77.445862362,93.776478992,32.1,46.2
"Griffin, Foster",656492,2026,213,23,8.5,.300,.334,38.5,12.6,37.1,75.419026429,94.101032643,24.8,46
"Hoskins, Rhys",656555,2018,660,22.7,13.2,.363,.348,35.8,12.7,39.2,99.687281602,93.966953625,21.9,39.2
"Hoskins, Rhys",656555,2019,705,24.5,16.5,.347,.337,31,10.8,38.7,99.42720995,93.97812603,23.2,39.2
"Hoskins, Rhys",656555,2022,672,25.1,10.7,.345,.342,37.3,11.1,44.3,100.842284953,94.804616643,25.7,41.9
"Hoskins, Rhys",656555,2024,517,28.8,10.3,.313,.306,29.7,12.7,42.2,99.737434248,94.057895065,26.3,42.8
"Houck, Tanner",656557,2024,743,20.7,6.5,.276,.318,30.2,5.8,41.8,78.489312385,94.430703969,22.6,46.8
"Keller, Mitch",656605,2023,825,25.5,6.7,.310,.315,36.5,8.6,35.6,75.953749524,93.735176239,23.2,47.8
"Keller, Mitch",656605,2024,773,21.5,6.5,.331,.322,38,7.2,39.3,77.859026134,94.078079089,21.5,47.6
"Keller, Mitch",656605,2025,749,20,6.8,.313,.326,34.6,7.8,43.8,79.4512197,94.723694728,20.6,48.5
"Keller, Mitch",656605,2026,210,18.1,7.1,.267,.326,36.5,5.1,39.7,74.320438312,93.914054935,21.3,47.6
"McKinstry, Zach",656716,2023,518,21.8,8.5,.289,.312,37.1,7.6,33.5,97.726678239,92.940971652,20.5,47.3
"McKinstry, Zach",656716,2025,511,21.7,9,.333,.305,41.2,6.1,30.5,96.985648092,92.494690578,22.8,46.7
"Montgomery, Jordan",656756,2022,724,21.8,5,.291,.310,34.1,7.1,37.5,77.803436381,93.693936452,27.5,50.6
"Montgomery, Jordan",656756,2023,777,21.4,6.2,.298,.308,36.3,7.5,37.9,77.154947138,93.903178297,26,47.6
"Mullins, Cedric",656775,2021,675,18.5,8.7,.372,.342,35.7,8.1,39.4,99.369452076,93.977727373,20.8,46.3
"Mullins, Cedric",656775,2022,672,18.8,7,.315,.292,29.3,4.9,37.3,98.895231356,93.569582691,22.2,51.3
"Mullins, Cedric",656775,2026,150,18.7,5.3,.236,.224,26.4,1.8,27.8,96.8204864,92.4605712,19.9,51.4
"Newcomb, Sean",656794,2018,696,23,11.6,.300,.297,32.2,4.6,31.9,77.496915089,92.890019016,24.9,44.6
"O'Hearn, Ryan",656811,2025,544,20,10.7,.349,.343,38.2,7.6,42.5,99.566357446,94.072133569,23.3,46.8
"O'Hearn, Ryan",656811,2026,182,18.7,10.4,.366,.357,30.7,7.1,44.9,99.936821875,94.633386535,20.7,43.8
"Peterson, David",656849,2025,723,20.7,9,.311,.331,34.4,6.4,46,79.61366252,95.237705996,24,46.8
"Schwarber, Kyle",656941,2018,510,27.5,15.3,.343,.347,34,13.9,45,102.880206783,95.766867343,30.3,41.7
"Schwarber, Kyle",656941,2019,610,25.6,11.5,.357,.374,35.6,15.9,51.2,104.364394516,96.768710054,28,43.3
"Schwarber, Kyle",656941,2020,224,29.5,13.4,.307,.336,28.8,11.5,47.2,103.130327705,96.271187438,28,42.9
"Schwarber, Kyle",656941,2022,669,29.9,12.9,.355,.379,35.4,20.1,54.4,104.793857287,97.247555372,29.4,40.6
"Schwarber, Kyle",656941,2023,720,29.9,17.5,.350,.362,34.3,16.4,48.8,103.398490108,96.18179379,31.5,37.7
"Schwarber, Kyle",656941,2024,692,28.5,15.3,.366,.380,31.8,15.6,55.5,105.154527813,97.529843438,32,39.9
"Schwarber, Kyle",656941,2025,724,27.2,14.9,.391,.401,35.3,20.8,59.6,105.678659216,98.063659265,33.1,41.8
"Schwarber, Kyle",656941,2026,208,31.7,14.9,.429,.408,37.4,26.2,51.4,104.322626111,96.87842757,32.5,42.6
"Smith, Pavin",656976,2021,545,19.4,7.7,.318,.315,33.6,5.1,42.7,100.06822449,94.188626913,17.3,42.1
"Steele, Justin",657006,2023,716,24.6,5,.291,.291,33.4,5.4,36.6,76.614522327,93.56474102,24,52.9
"Thomas, Lane",657041,2022,548,24.1,7.5,.308,.291,32.6,6.5,34.5,98.449522283,93.255458474,21.1,44.1
"Thomas, Lane",657041,2023,682,25.8,5.3,.334,.319,36.8,9.6,40.7,100.191573957,94.319062004,23,43.6
"Thomas, Lane",657041,2024,528,25.9,8.3,.309,.311,31.5,7.4,40.6,100.376555353,94.3557595,23.3,43.8
"Verdugo, Alex",657077,2020,221,20.4,7.7,.362,.299,31.2,6.4,34.4,98.021422025,93.054003567,18.7,42.8
"Verdugo, Alex",657077,2021,604,15.9,8.4,.334,.342,34.9,7.3,43.3,100.363833673,94.50134427,17.7,44.7
"Verdugo, Alex",657077,2022,644,13.4,6.5,.319,.332,37.8,6,38.2,99.112574241,93.706486823,15.5,45.3
"Verdugo, Alex",657077,2023,602,15.4,7.5,.322,.331,35.4,5,37.6,99.116993728,93.701176864,15.6,40.9
"Verdugo, Alex",657077,2024,621,15,7.9,.283,.306,31.6,5.7,34.9,98.009613263,93.0881338,15.5,44.7
"White, Evan",657108,2020,202,41.6,8.9,.261,.292,27.3,14.1,52.5,102.396977755,95.801080408,38,43.8
"Wright, Kyle",657140,2022,738,23.6,7.2,.288,.309,31.1,6.8,41.1,77.914176275,94.364285538,26.5,48.8
"Webb, Logan",657277,2022,787,20.7,6.2,.283,.300,29.3,5.5,39,78.053770216,94.043291367,24.1,47.3
"Webb, Logan",657277,2023,850,22.8,3.6,.283,.295,28.4,7,46,79.69594423,95.252167361,20.8,47.4
"Webb, Logan",657277,2024,841,20.5,5.9,.288,.326,32.1,7,46.2,77.927662825,95.233452829,20.8,46.2
"Webb, Logan",657277,2025,856,26.2,5.4,.303,.295,32.8,8.3,40.2,78.364554789,94.732224965,24.7,46.2
"Webb, Logan",657277,2026,208,20.2,7.2,.336,.336,31.3,6.8,49,79.910497808,95.422235103,20.4,48.3
"DeJong, Paul",657557,2019,664,22.4,9.3,.322,.331,33,9.7,33.9,98.154188241,93.091659652,24.2,48.8
"Laureano, Ramón",657656,2020,222,26.1,10.8,.315,.338,34.4,9.4,34.4,99.202456563,93.694385859,25,40.2
"Laureano, Ramón",657656,2026,167,31.1,9.6,.306,.313,35.7,13.3,42.9,100.120158571,94.461068571,30.4,51
"Ryan, Joe",657746,2025,689,28.2,5.7,.290,.289,33.1,11.5,41.9,79.815298733,94.608611131,26.1,49.7
"Ryan, Joe",657746,2026,203,25.6,6.9,.266,.283,29.9,10.4,42.5,79.735613881,94.788210752,24.6,49.8
"Sheets, Gavin",657757,2025,545,19.6,8.1,.323,.340,38.8,9.6,46.5,101.199157732,94.955729845,23,44.7
"Lamet, Dinelson",659275,2020,267,34.8,7.5,.225,.259,34.7,7.3,40,77.445168667,94.21267604,32.7,47.4
"Moncada, Yoán",660162,2018,650,33.4,10.3,.311,.297,36.4,10.5,44.2,100.753027017,94.65083072,31.1,41.2
"Moncada, Yoán",660162,2019,559,27.5,7.2,.379,.358,40.4,12.9,47.9,102.936634056,95.959630724,31.1,47.5
"Moncada, Yoán",660162,2020,231,31.2,12.1,.309,.290,33.8,6.2,33.1,98.732421563,93.432022969,30.5,43.1
"Moncada, Yoán",660162,2021,616,25.5,13.6,.347,.352,40,8.3,41.2,100.949227444,94.870101083,28.1,42.6
"Ohtani, Shohei",660271,2021,639,29.6,15,.393,.410,35.4,22.4,53.6,105.900177151,97.802022297,35.1,45.8
"Ohtani, Shohei",660271,2022,666,24.2,10.8,.370,.387,35,16.9,49.8,103.823624272,96.520363788,28.1,49.3
"Ohtani, Shohei",660271,2023,599,23.9,15.2,.433,.428,35.6,19.7,54.2,105.748559101,97.769057809,32.3,48.2
"Ohtani, Shohei",660271,2024,731,22.2,11.1,.431,.444,37.8,21.5,60.1,106.727792385,98.772122364,29.8,47.3
"Ohtani, Shohei",660271,2025,727,25.7,15,.418,.425,35.9,23.5,58.7,106.126015352,98.277186118,33.4,45
"Ohtani, Shohei",660271,2026,196,23.5,15.8,.361,.390,36.8,17.7,47.4,102.424311404,96.044095044,28.7,43.4
"Acuña Jr., Ronald",660670,2019,715,26.3,10.6,.369,.390,40.5,16.2,47.4,103.398305955,96.011363144,27.7,45.5
"Acuña Jr., Ronald",660670,2020,202,29.7,18.8,.413,.422,34,16.2,56,105.3485436,97.591202626,29.9,40.5
"Acuña Jr., Ronald",660670,2022,533,23.6,9.9,.335,.368,32.8,12.9,49.7,103.759318129,96.440064282,24.9,47.9
"Acuña Jr., Ronald",660670,2023,735,11.4,10.9,.428,.461,33.6,15.3,55.2,106.368689571,98.157029125,18.7,46.2
"Acuña Jr., Ronald",660670,2026,152,20.4,13.2,.335,.380,33.7,12.2,40.8,101.392467143,94.926903367,28.2,45.6
"Ruiz, Keibert",660688,2023,562,10.3,5.5,.310,.322,39.4,5.8,31.9,97.263733176,92.681495075,14.3,51.1
"Sánchez, Jesús",660821,2024,537,26.1,7.6,.317,.348,31.8,12.3,51.3,104.556000571,96.923820315,31.2,53.2
"Sánchez, Jesús",660821,2026,145,20,4.1,.307,.317,29.9,6.5,45.8,101.335271111,95.068888037,24.3,55.6
"Contreras, William",661388,2023,611,20.6,10.3,.357,.332,27.1,9.4,48.7,103.241329369,96.097846496,28,43.2
"Contreras, William",661388,2024,679,20.5,11.5,.359,.356,29,10,49.5,103.875480043,96.642602527,27.8,47.4
"Contreras, William",661388,2025,659,18.2,12.7,.332,.328,31.6,6.4,48.5,102.570622124,95.839705166,24.2,46.5
"Contreras, William",661388,2026,182,12.1,10.4,.333,.341,27.9,6.4,43.6,101.081507286,94.762099929,18.6,45.9
"Varsho, Daulton",662139,2022,592,24.5,7.8,.323,.301,33.6,10.3,35.6,99.211725904,93.6867316,25.3,50.6
"Varsho, Daulton",662139,2023,581,23.2,7.7,.293,.303,34.3,7.4,36.1,99.853027513,94.005486074,24.7,50.1
"Varsho, Daulton",662139,2024,513,26.7,9.4,.304,.265,30.2,6.2,34,98.537583503,93.276618121,27,47.6
"Varsho, Daulton",662139,2026,166,18.7,8.4,.324,.312,37,6.7,39.5,99.222825763,93.631877881,20.4,55.5
"Feltner, Ryan",663372,2024,692,19.9,7.5,.320,.326,33.1,6.5,36.8,76.695048857,93.803345297,23.9,48.1
"Martin, Davis",663436,2026,215,27.4,4.7,.273,.304,36.4,8.5,45.5,79.072748571,94.963897554,27.1,50.6
"Nootbaar, Lars",663457,2023,503,19.7,14.3,.344,.357,30.8,8.8,37.8,100.334219085,94.369985457,18.5,35.5
"Nootbaar, Lars",663457,2025,583,20.4,11,.304,.317,33,10.2,50,101.938818418,95.520290383,20.9,39.4
"Bubic, Kris",663460,2026,207,24.6,12.6,.290,.328,38.8,7.8,39.5,79.03376375,94.143149606,26.1,46.9
"McKenzie, Triston",663474,2022,741,25.6,5.9,.268,.298,37.3,9.8,40.6,80.393226331,94.253239919,26.8,52.7
"Hoerner, Nico",663538,2022,517,11,5.4,.320,.309,32.4,2.6,33.5,97.678971875,92.920531108,14.2,49.2
"Hoerner, Nico",663538,2023,688,12.1,7.1,.322,.313,33.2,1.8,33.4,97.320472852,92.695131651,12.5,45.6
"Hoerner, Nico",663538,2024,641,10.3,6.9,.313,.318,36,1.2,27.6,95.980926525,91.993965849,11.9,48.4
"Hoerner, Nico",663538,2025,649,7.6,6,.324,.322,36.1,2.4,30.3,96.704418551,92.414274628,11.2,48.8
"Hoerner, Nico",663538,2026,208,7.7,8.7,.328,.331,38.8,1.8,24.7,95.562126667,91.807352754,10.6,43
"McClanahan, Shane",663556,2022,640,30.3,5.8,.248,.262,31.6,6.4,32.6,76.838288308,93.270402693,34.3,49.5
"Riley, Austin",663586,2020,206,23.8,7.8,.307,.342,30.7,10.1,42.9,101.303326667,95.046922681,30.1,54.2
"Riley, Austin",663586,2021,662,25.4,7.9,.379,.365,36.5,13.3,45.6,102.871134252,95.650249087,28.3,50.2
"Riley, Austin",663586,2022,693,24.2,8.2,.377,.385,37.7,15.7,50.8,104.398300222,96.785171533,27.6,51.5
"Riley, Austin",663586,2023,715,24.1,8.3,.363,.366,35.2,13.9,49.2,103.384251814,96.274145591,27.8,48.2
"Riley, Austin",663586,2026,191,26.7,7.3,.289,.303,29.3,9.8,44.7,101.720633065,95.307612927,32.2,48.1
"Larnach, Trevor",663616,2025,567,21.5,9.3,.317,.315,34.9,7.2,45.7,101.351578402,95.134984031,29.8,44.5
"Irvin, Jake",663623,2024,769,20.3,6.8,.314,.323,33,9.2,39.1,77.537675273,94.341422273,22.3,48.5
"Irvin, Jake",663623,2025,787,15.8,7.9,.355,.360,34.8,12,47.1,79.313724864,95.158643027,18.2,46.8
"Mountcastle, Ryan",663624,2021,586,27.5,7,.335,.325,38.9,11.8,39.7,100.499725842,94.394270947,31.6,55.1
"Mountcastle, Ryan",663624,2022,609,25.3,7.1,.316,.363,39.5,15.1,46.3,101.941494208,95.335163391,29.8,56.2
"Mountcastle, Ryan",663624,2024,507,22.5,5.3,.316,.336,36.2,8.8,45.2,102.105716923,95.370233104,25.1,56.1
"Hayes, Ke'Bryan",663647,2022,560,21.8,8.6,.294,.304,30.6,3.9,46.8,102.263213822,95.477046745,20.7,43.3
"Hayes, Ke'Bryan",663647,2023,525,19.8,5.3,.324,.322,34.1,7.4,48.3,101.67326359,95.450846324,21.2,45.6
"Hayes, Ke'Bryan",663647,2025,570,19.5,6.3,.266,.282,30.6,4.6,42.5,99.789439561,94.118686822,19.9,44.1
"Tucker, Kyle",663656,2020,228,20.2,7.9,.349,.327,34.1,9.1,44.5,100.585821585,94.801780307,22.5,50.5
"Tucker, Kyle",663656,2021,567,15.9,9.3,.383,.394,42,11.6,47.5,100.838759238,95.0535942,20.3,52.5
"Tucker, Kyle",663656,2022,609,15.6,9.7,.348,.362,34.4,10.2,42.4,100.332560357,94.468288036,20,52.7
"Tucker, Kyle",663656,2023,674,13.6,11.9,.372,.386,35.4,10.6,45.9,100.798373008,94.831132546,18.5,47
"Tucker, Kyle",663656,2025,597,14.7,14.6,.363,.372,37.5,10.8,40.4,99.768677067,94.192831928,20.2,45.2
"Tucker, Kyle",663656,2026,189,19,13.2,.337,.332,36.2,6.3,41.7,98.833520313,93.843675984,23.6,49.5
"India, Jonathan",663697,2021,631,22.3,11.3,.363,.352,33.6,9.6,38.6,99.492120758,93.903783494,25.1,39
"India, Jonathan",663697,2023,529,20.6,9.8,.327,.338,37.2,7.7,38.6,99.676934286,94.0396352,22,38.6
"India, Jonathan",663697,2024,637,19.6,12.6,.333,.354,39.3,7.7,36.5,98.90319256,93.547150797,19.2,38.3
"India, Jonathan",663697,2025,567,18.7,9.5,.301,.315,33,5.8,36.8,99.096462296,93.637694783,19.9,40.3
"Raleigh, Cal",663728,2023,569,27.8,9.5,.326,.329,36.5,12.7,41,101.028271404,94.749354873,29.9,49.7
"Raleigh, Cal",663728,2024,628,28,11.1,.323,.347,35.6,15.5,48.1,102.032071755,95.508789467,31,52.3
"Raleigh, Cal",663728,2025,705,26.7,13.8,.392,.371,35.3,19.5,49.6,103.037930049,96.182622409,31.5,51.7
"Raleigh, Cal",663728,2026,181,31.5,9.9,.254,.289,32.1,12.3,31.1,98.783037736,93.452052547,30.5,53.1
"Grisham, Trent",663757,2020,252,25.4,12.3,.349,.364,37.9,11.2,41.8,100.546281528,94.492469653,24.2,38.3
"Grisham, Trent",663757,2021,527,22.6,10.2,.320,.305,31,5.2,36.8,99.288052118,93.873059115,21.7,40.5
"Grisham, Trent",663757,2022,524,28.6,10.9,.280,.298,25.5,8.1,35.5,99.46593125,93.84436934,26.2,38.7
"Grisham, Trent",663757,2023,555,27.7,13.5,.299,.322,32.8,11.9,40,100.701927386,94.880503967,28.3,41.6
"Grisham, Trent",663757,2025,581,23.6,14.1,.353,.370,34.6,14.2,46.4,101.23838764,95.167728169,22.7,38.9
"Grisham, Trent",663757,2026,176,18.8,15.9,.298,.340,30.4,14.8,50.4,101.312050172,95.499300261,17.9,33
"Vierling, Matt",663837,2023,530,21.1,8.3,.315,.322,32.2,4.7,42.8,100.577331105,94.490701519,19.4,44.3
"Vierling, Matt",663837,2024,567,21.3,7.2,.317,.312,34.1,7.5,40.9,100.235830606,94.344722247,19.5,42.8
"Stephenson, Tyler",663886,2023,517,26.1,9.1,.305,.314,33.5,7.6,43.5,100.030744788,94.357020636,28.4,42.5
"Stephenson, Tyler",663886,2024,515,22.7,9.3,.339,.325,33,9.1,43.9,100.320154503,94.587176774,22.7,43.2
"Rodgers, Brendan",663898,2022,581,17.4,7.9,.321,.326,31.3,7.2,45.9,101.127645047,94.882864603,22.7,49.4
"Rodgers, Brendan",663898,2024,539,24.5,5.8,.314,.299,33.1,5.7,44.1,101.153269243,94.773964417,25.9,49.3
"Singer, Brady",663903,2020,263,23.2,8.7,.285,.301,28.8,4.5,40.1,77.398455843,94.126124972,24.2,42
"Singer, Brady",663903,2024,762,22.3,7.1,.316,.336,35.6,8,41.7,77.275001577,94.431135896,25.1,44.7
"Singer, Brady",663903,2025,716,22.8,8.4,.313,.320,36.3,9.4,40.7,79.955468025,94.544913495,24,44.4
"Lowe, Nathaniel",663993,2021,642,25.2,12.5,.337,.323,31.4,9.5,45.5,101.920030352,95.281020854,23.5,44.7
"Lowe, Nathaniel",663993,2022,645,22.8,7.4,.368,.346,34.1,9.9,44.8,101.963916216,95.317229707,24.9,52.2
"Lowe, Nathaniel",663993,2023,724,22.8,12.8,.340,.339,36.7,6.5,41.6,101.145951991,94.820277484,20.6,43.8
"Lowe, Nathaniel",663993,2024,565,22.1,12.6,.337,.332,32.6,5.8,40,100.432822253,94.330442369,20.6,42.7
"Lowe, Nathaniel",663993,2025,609,26.1,10.2,.301,.303,33.4,7,41.5,100.389231563,94.465033629,24.7,44.6
"Happ, Ian",664023,2020,231,27.3,13,.369,.362,37.5,10.4,48.5,101.293754179,95.210163083,35.7,43.5
"Happ, Ian",664023,2021,535,29.2,11.6,.328,.319,30.8,11,41.3,100.682785163,94.566082557,32.3,43.9
"Happ, Ian",664023,2022,641,23.2,9,.339,.312,29.2,6.6,40.4,100.312408396,94.405566288,27.2,49
"Happ, Ian",664023,2023,691,22.1,14.3,.345,.349,36.7,9,39,99.676936326,94.121891884,25.3,44.4
"Happ, Ian",664023,2024,657,25.6,12.2,.341,.347,37,11.7,45.2,101.590666318,95.287992294,27.9,45.9
"Happ, Ian",664023,2025,663,22.8,13.1,.333,.354,35.7,10.4,44.4,101.384139763,95.030374418,24.6,43.5
"Happ, Ian",664023,2026,198,31.3,17.2,.373,.368,37,18,44,102.2730338,95.490204,34.5,40.6
"France, Ty",664034,2021,650,16.3,7.1,.353,.346,35.9,6.8,38.9,99.630842766,93.91855583,19.1,50.3
"France, Ty",664034,2022,613,15.3,5.7,.337,.323,34.8,5.5,36.8,99.035163319,93.565264683,19.3,52.5
"France, Ty",664034,2023,665,17.6,6.5,.315,.340,36.9,6.8,38.6,99.277871319,93.765945224,21.9,53.2
"France, Ty",664034,2024,535,21.3,7.1,.296,.306,30.5,7.3,40,99.663679892,94.004650595,24.2,51.2
"Lowe, Brandon",664040,2020,224,25.9,11.2,.385,.381,37.2,17.6,43.1,101.582307353,95.064492574,35.7,46.9
"Lowe, Brandon",664040,2021,615,27.2,11.1,.363,.355,37.2,14,43.1,100.943196413,94.724953913,32.8,52.5
"Lowe, Brandon",664040,2025,553,26.9,6.9,.334,.335,37.6,13,46.6,101.991060221,95.474542762,33.4,55.5
"Lowe, Brandon",664040,2026,179,22.9,12.8,.389,.371,36,13.2,43,101.113220877,94.743097368,34.6,47.7
"Fletcher, David",664058,2019,653,9.8,8.4,.318,.319,37.5,0.2,17.1,93.20784584,90.716838337,9.7,36.3
"Fletcher, David",664058,2020,230,10.9,8.7,.350,.316,30.8,0.5,17.8,93.861628587,90.930814293,8.6,37.2
"Fletcher, David",664058,2021,665,9,4.7,.273,.283,30.4,0,15.7,92.699582975,90.523997527,9.5,46.5
"Lucchesi, Joey",664192,2019,686,23,8.2,.298,.296,30.9,7.8,36.4,77.623735174,93.512160826,25.4,45.3
"Valdez, Framber",664285,2020,288,26.4,5.6,.279,.301,33.5,7.9,48.7,81.369185532,95.230895957,24.5,44.8
"Valdez, Framber",664285,2022,827,23.5,8.1,.272,.285,24,5.8,41.6,78.817299816,94.706992647,25.8,47
"Valdez, Framber",664285,2023,808,24.8,7.1,.287,.319,30.9,8,45.6,81.844590865,95.101299868,26.8,47.2
"Valdez, Framber",664285,2024,703,24,7.8,.272,.292,26,5.3,45,80.000726364,94.620557662,27.2,45
"Valdez, Framber",664285,2025,802,23.3,8.5,.295,.303,28.1,6.7,46.3,79.964667978,95.300987092,26.6,47.3
"Valdez, Framber",664285,2026,223,18.8,7.6,.315,.326,27.7,6.4,44,78.931552658,94.914844522,21.9,48.5
"Javier, Cristian",664299,2023,687,23.1,9,.317,.325,38.1,9.4,38.3,78.877175219,93.876231451,27.1,48
"Urquidy, José",664353,2022,681,19.7,5.6,.316,.332,34.7,9.4,40.8,79.048289799,94.325262048,22.3,52
"Straw, Myles",664702,2021,638,19,10.5,.311,.305,42.4,1.4,26.2,95.745180045,91.903120433,13.6,40.4
"Straw, Myles",664702,2022,596,14.6,9.1,.257,.281,34.1,0.7,26.5,95.486124533,91.784236481,12.6,40.5
"Straw, Myles",664702,2023,518,18.7,8.1,.268,.273,34,0.5,23.3,95.141368287,91.593212265,14.1,44
"Bohm, Alec",664761,2022,631,17.4,4.9,.310,.334,37.7,6.8,43,100.649873374,94.552579815,21.1,51.2
"Bohm, Alec",664761,2023,611,15.4,6.9,.329,.344,35.1,5.7,41.7,100.435445021,94.400147213,18.1,49.8
"Bohm, Alec",664761,2024,606,14.2,6.6,.335,.345,35.2,6.8,45.6,100.768220847,94.781662669,17.6,49.7
"Bohm, Alec",664761,2025,504,16.3,5.8,.322,.324,35.6,6.2,46.4,100.707635803,94.852393109,14.6,48.2
"Bohm, Alec",664761,2026,170,14.1,6.5,.251,.268,35.3,1.5,39.8,99.058284545,93.804994091,16.4,42.6
"Wade Jr., LaMonte",664774,2023,519,18.3,14.6,.347,.361,33.6,9.1,39.8,99.530093174,93.945744444,20.8,39.5
"Brown, Seth",664913,2022,555,26.3,9.2,.323,.342,34.9,13,41.4,101.723429266,95.001222068,29.6,48.3
"Walsh, Jared",665120,2021,585,26,8.2,.357,.326,33.6,11.4,41.3,101.717289841,94.980015517,26.1,49.3
"Kremer, Dean",665152,2023,735,21.4,7.5,.317,.338,36.9,8.9,40.3,79.052297752,94.393783895,24,47.7
"Kremer, Dean",665152,2025,708,20.1,6.4,.305,.304,32.8,8.7,35.8,76.650646047,93.877241465,22.9,49.4
"Peña, Jeremy",665161,2022,558,24.2,3.9,.309,.307,32.9,9.7,36.7,99.803563646,93.99255276,29.7,55.2
"Peña, Jeremy",665161,2023,634,20.3,6.8,.310,.310,32.4,4,35.8,99.143524796,93.690137489,28.4,53.2
"Peña, Jeremy",665161,2024,650,17.1,3.8,.305,.314,29.2,5.4,38.8,99.323506707,93.74168435,24.9,54.2
"Peña, Jeremy",665161,2025,543,17.1,6.4,.363,.334,30,8.2,42.9,100.3500578,94.382263083,27.1,51
"Tatis Jr., Fernando",665487,2020,257,23.7,10.5,.392,.422,32.3,19.5,62.2,105.418141463,98.319840671,28.2,47
"Tatis Jr., Fernando",665487,2021,546,28,11.4,.403,.407,33.1,21.3,55.6,105.698422927,97.793088537,34.8,51.5
"Tatis Jr., Fernando",665487,2023,635,22.2,8.3,.332,.364,31.5,11,49.3,102.94128633,96.024566651,30.5,54.1
"Tatis Jr., Fernando",665487,2025,691,18.7,12.9,.353,.370,28.9,11,51.8,103.844166724,96.718358423,27,45.9
"Tatis Jr., Fernando",665487,2026,188,24.5,10.1,.270,.343,34.4,11.5,57.4,104.711299344,97.276302479,32.1,49.5
"Guerrero Jr., Vladimir",665489,2019,514,17.7,8.9,.329,.333,30.9,8.4,38.7,101.626864628,94.89985352,24.5,46.8
"Guerrero Jr., Vladimir",665489,2020,243,15.6,8.2,.338,.338,29.5,8.8,50.8,104.137539231,96.564434725,24.7,47.9
"Guerrero Jr., Vladimir",665489,2021,698,15.8,12.3,.419,.422,33.7,15.2,55.2,106.811861538,98.446351968,27.8,47.3
"Guerrero Jr., Vladimir",665489,2022,706,16.4,8.2,.351,.354,27.9,11.3,50.4,105.507038582,97.328619789,24.4,49.7
"Guerrero Jr., Vladimir",665489,2023,682,14.7,9.8,.340,.380,32.4,11.1,49.2,104.050992964,96.528144743,23,50.6
"Guerrero Jr., Vladimir",665489,2024,697,13.8,10.3,.398,.412,35.1,13.8,54.9,105.663720766,97.649346073,21.5,48
"Guerrero Jr., Vladimir",665489,2025,680,13.8,11.9,.366,.384,33.7,12.2,50.7,104.847490968,96.922139153,21.5,42.2
"Guerrero Jr., Vladimir",665489,2026,189,11.6,11.6,.330,.360,31.5,8.4,42.7,102.335951528,95.366347972,20.1,47.6
"Soto, Juan",665742,2019,659,20,16.4,.394,.409,36.3,13.1,47.8,102.137286408,95.569584745,24,40.8
"Soto, Juan",665742,2020,196,14.3,20.9,.478,.475,33.3,18.3,51.6,104.179163651,96.71684,21.4,36.2
"Soto, Juan",665742,2021,654,14.2,22.2,.420,.429,29.7,13.3,52.7,104.58028599,97.062348402,20,35
"Soto, Juan",665742,2022,664,14.5,20.3,.376,.403,28.5,12.4,47.4,102.236934112,95.653888852,19.4,35.5
"Soto, Juan",665742,2023,708,18.2,18.6,.395,.407,28.5,13.1,55.3,104.484350409,97.215905977,20.5,35.8
"Soto, Juan",665742,2024,713,16.7,18.1,.421,.463,35.4,19.8,57,105.650123728,97.994705143,21.5,37.2
"Soto, Juan",665742,2025,715,19.2,17.8,.390,.429,32.9,18.2,55.3,104.539509412,97.232619389,22.4,35.5
"Taveras, Leody",665750,2023,554,21.1,6.3,.316,.320,35.2,7.2,43.1,100.592817638,94.514120854,24.2,49.4
"Taveras, Leody",665750,2024,529,21.2,7.9,.282,.299,31.5,5.9,35.5,99.173170874,93.650113205,26.2,48.8
"Cabrera, Edward",665795,2026,211,21.3,8.5,.332,.330,34.7,12.9,39.5,81.782315139,95.037134236,27.3,48.7
"Cruz, Oneil",665833,2024,599,30.2,8.5,.331,.344,32.1,15.7,54.9,107.199352928,98.547881492,34.1,46.3
"Cruz, Oneil",665833,2025,544,32,11.8,.295,.324,31.5,18,56.6,107.307978467,98.8072552,34,41.6
"Cruz, Oneil",665833,2026,203,34.5,7.9,.348,.348,32.2,18.4,61.7,107.215469649,99.205329474,37,45
"Chisholm Jr., Jazz",665862,2021,507,28.6,6.7,.312,.307,29,9,42,100.832046938,94.723985799,29.9,47.2
"Chisholm Jr., Jazz",665862,2024,621,24.5,8.5,.327,.317,29.6,9.8,41.1,100.122466782,94.459141861,29.3,47.5
"Chisholm Jr., Jazz",665862,2025,531,27.9,10.9,.349,.346,32.6,15,43.3,100.93875057,94.67092819,32.2,47.1
"Chisholm Jr., Jazz",665862,2026,181,28.7,9.4,.295,.265,27,5.5,35.1,99.020467925,93.653826038,31.4,43.9
"Giménez, Andrés",665926,2022,557,20.1,6.1,.364,.332,31.3,6.2,37.8,99.022592,93.615976351,26.4,53.7
"Giménez, Andrés",665926,2023,616,18.2,5.2,.309,.297,29.9,5.6,27,96.663934128,92.344201908,25.4,54.6
"Giménez, Andrés",665926,2024,633,15.3,4.1,.281,.301,32.7,2.8,28.5,96.492499139,92.262342361,22.8,56.4
"Giménez, Andrés",665926,2026,156,15.4,2.6,.297,.257,27,4,25.4,95.720479839,91.867479516,23,57.4
"Aranda, Jonathan",666018,2026,190,23.7,14.2,.374,.369,37.4,10.4,42.6,99.757239655,94.191351913,22.6,43.4
"Ragans, Cole",666142,2024,762,29.3,8.8,.277,.284,31.8,6.2,35.4,77.675891223,93.553010853,32,48.9
"Lux, Gavin",666158,2025,503,22.7,11.1,.322,.299,38.1,3.6,36.9,97.799033473,93.010295676,21.6,42.7
"Moniak, Mickey",666160,2026,149,25.5,6,.435,.339,34,15,44,100.7654306,94.6972645,28.6,57.9
"Adell, Jo",666176,2025,573,26.4,5.8,.333,.365,35.1,17.3,50,104.215712606,96.547484587,28.5,52.6
"Adell, Jo",666176,2026,192,22.9,3.6,.318,.330,31.9,7.5,47.4,102.74604209,95.884226045,25.8,56.4
"Bichette, Bo",666182,2021,690,19.9,5.8,.354,.349,33.5,9.9,47.5,102.637648103,95.817675415,22.3,57.8
"Bichette, Bo",666182,2022,697,22.2,5.9,.347,.334,33.3,9.7,50.3,102.743171296,96.003278846,23,55.9
"Bichette, Bo",666182,2023,601,19.1,4.5,.349,.356,38.3,9.7,44.9,101.736681894,95.184330552,21.1,56.6
"Bichette, Bo",666182,2025,628,14.5,6.4,.361,.353,37.9,7.9,48.8,101.819073862,95.502667967,18.4,53.1
"Bichette, Bo",666182,2026,197,17.3,7.1,.246,.320,32.2,4.7,43,100.695492,94.798365168,17.4,52.7
"Carlson, Dylan",666185,2021,619,24.6,9.2,.336,.320,40.6,7.1,31.1,97.425225408,92.83641898,27.9,45
"Luzardo, Jesús",666200,2023,741,28.1,7.4,.307,.307,34.7,9.6,40,78.474338846,94.421479593,31.4,48.6
"Luzardo, Jesús",666200,2025,758,28.5,7.5,.290,.285,34.2,6.7,37.1,77.489938987,93.779297426,30.8,47.8
"Luzardo, Jesús",666200,2026,213,28.6,6.1,.329,.284,37.5,5.9,28.7,74.435143134,92.571029173,33,46.9
"Manoah, Alek",666201,2022,786,22.9,6.5,.261,.286,33,5.4,31.5,77.162472322,92.941560807,24.9,49.5
"Morel, Christopher",666624,2024,611,26,10,.280,.316,27.6,10.3,40.4,101.221222105,94.784090605,34.1,47
"García, Adolis",666969,2021,622,31.2,5.1,.314,.296,29.4,11.5,45.5,101.116772974,95.023074923,34.2,54.1
"García, Adolis",666969,2022,657,27.9,6.1,.324,.326,36.9,12.9,47.4,102.368780141,95.786867388,33.5,53.5
"García, Adolis",666969,2023,632,27.7,10.3,.354,.365,36,16.1,49.7,102.949539534,96.163808523,31.6,48.6
"García, Adolis",666969,2024,637,27.8,7.1,.296,.309,33.7,12.5,48.2,101.827676765,95.435631691,34.3,52.1
"García, Adolis",666969,2025,547,24.7,5.1,.286,.304,33.2,11.6,46.7,101.875197354,95.57270172,30.3,52.2
"García, Adolis",666969,2026,182,28.6,7.7,.283,.308,36.8,7.9,50,102.010105965,95.778185965,30.9,44.4
"Gurriel Jr., Lourdes",666971,2020,224,21.4,6.3,.372,.347,39.5,11.8,49.4,101.125280494,95.206539938,26.3,51.2
"Gurriel Jr., Lourdes",666971,2021,541,18.9,5.9,.333,.339,35.8,9.7,43,100.4470094,94.556565915,24.2,50.9
"Gurriel Jr., Lourdes",666971,2023,592,17.4,5.6,.329,.325,35.3,8.4,46,99.859212133,94.368560668,18.7,49.1
"Gurriel Jr., Lourdes",666971,2024,553,18.3,5.2,.327,.325,33.8,6.7,40,99.549348469,93.921850288,20.2,51.1
"Gurriel Jr., Lourdes",666971,2025,546,13.9,5.7,.307,.315,37.4,7.2,38.3,99.058751759,93.630561528,20.2,52.3
"Rooker, Brent",667670,2023,526,32.7,9.3,.348,.342,37.3,15.6,49.5,102.653891351,95.962225864,38.2,46.1
"Rooker, Brent",667670,2024,614,28.8,9.6,.392,.381,38.3,16.7,49.6,103.25238457,96.193453235,34.1,50.2
"Rooker, Brent",667670,2025,699,22.2,9.3,.349,.351,39.7,13.7,44.8,101.348762785,95.08004389,30.8,50
"Soriano, José",667755,2025,724,21,10.8,.309,.312,26.8,7.2,48.2,79.974239247,95.946385146,27,44.8
"Soriano, José",667755,2026,239,28,10.9,.250,.317,35.9,9,34.5,77.488647361,93.284422797,33.8,45.6
"Arozarena, Randy",668227,2021,604,28.1,9.3,.350,.298,29.7,8.3,42.3,101.268214833,94.942033565,32.6,44.2
"Arozarena, Randy",668227,2022,645,24.2,7.1,.336,.299,28.2,7.9,41,101.17822,94.772195116,28.7,46.1
"Arozarena, Randy",668227,2023,654,23.9,12.2,.347,.347,31.8,12.3,48.4,102.055211709,95.651873174,29.1,43
"Arozarena, Randy",668227,2024,648,26.1,11.3,.320,.322,28.4,8.4,43.5,100.904108177,94.731331384,29.7,41
"Arozarena, Randy",668227,2025,709,26.9,9,.332,.327,32.6,11.5,50.6,102.490457934,95.926660471,29.7,44
"Arozarena, Randy",668227,2026,198,23.2,10.1,.379,.328,34.9,5.6,42.1,100.236199048,94.76887136,28.8,46.5
"Gallen, Zac",668678,2020,291,28.2,8.6,.275,.295,33.7,7.3,32.6,75.761361573,93.139621469,30.2,43.3
"Gallen, Zac",668678,2022,714,26.9,6.6,.250,.279,33,7.8,36.1,76.866627074,93.452634902,23,47.4
"Gallen, Zac",668678,2023,846,26,5.6,.289,.315,36.4,9.2,46.2,82.024994196,95.003873538,26.4,47.2
"Gallen, Zac",668678,2025,813,21.5,8.1,.315,.320,34.3,9.7,43,79.464557057,94.701400977,23.7,44.9
"Bleday, JJ",668709,2024,642,19.5,10.4,.330,.322,37.1,8.3,36.2,98.959573229,93.527316345,26.1,45.3
"Steer, Spencer",668715,2023,665,20.9,10.2,.355,.332,35.3,6.8,37.1,99.167567432,93.741896795,24.1,43.8
"Steer, Spencer",668715,2024,656,20.9,11,.316,.321,34.2,6.4,39.9,99.163434247,93.708755492,23.1,44.5
"Steer, Spencer",668715,2025,568,22.7,9,.316,.293,34.2,7.6,33.2,97.843391958,93.000497056,25,48
"Steer, Spencer",668715,2026,174,20.7,8,.347,.391,43,16.4,39.7,99.961031724,94.487136983,24.6,43.5
"Reynolds, Bryan",668804,2019,546,22.2,8.4,.371,.359,37,7.3,41.6,100.231643152,94.403448207,26.3,48
"Reynolds, Bryan",668804,2020,208,27.4,10.1,.278,.314,35.2,10.2,38.3,99.182354844,93.601750078,27.7,46.8
"Reynolds, Bryan",668804,2021,646,18.4,11.6,.385,.385,39.9,10.4,40.8,100.899979412,94.776504943,23.9,48.9
"Reynolds, Bryan",668804,2022,614,23,9.1,.349,.332,35.5,7.9,42.9,100.882578564,94.722792556,27.8,50.4
"Reynolds, Bryan",668804,2023,640,21.6,8.3,.338,.359,36.9,11.1,47.3,101.022834344,94.957065034,28.2,47.4
"Reynolds, Bryan",668804,2024,692,22.5,8.2,.343,.353,37.5,9.6,45.4,100.987209316,94.867542484,29.4,50.4
"Reynolds, Bryan",668804,2025,654,26.5,8.7,.315,.338,38.4,10.1,46,101.932535192,95.465817885,29.4,49.6
"Reynolds, Bryan",668804,2026,199,22.6,17.1,.357,.354,30.5,7.6,44.1,101.68211678,95.071685508,29.8,42.5
"Williams, Gavin",668909,2025,704,24.6,11.8,.299,.321,35.3,9,44.3,80.176453348,94.830091267,27.7,45.7
"Williams, Gavin",668909,2026,225,29.3,9.8,.307,.327,33.8,13.4,47,80.934727015,95.620975564,30.9,47.9
"Turang, Brice",668930,2024,619,17,8.1,.294,.302,32,2.4,29.7,96.869333063,92.521821874,13.8,47.7
"Turang, Brice",668930,2025,659,22.8,10,.346,.335,35.1,8,47.4,100.614785374,94.892922904,21,44.3
"Turang, Brice",668930,2026,183,20.8,16.9,.403,.398,39.5,9.7,46.5,101.637459643,95.74306009,17.8,40.6
"Rutschman, Adley",668939,2023,687,14.7,13.4,.352,.374,37,7.5,38.6,99.614450772,93.937278476,15.6,41
"Rutschman, Adley",668939,2024,638,16.1,9.1,.309,.320,35.4,6.1,36.6,98.081119454,93.149039684,17.1,44.5
"Rojas, Josh",668942,2021,550,24.9,10.5,.327,.295,40.7,4.9,31.1,97.144273046,92.673279109,23.6,42.2
"Rojas, Josh",668942,2022,510,19.2,10.8,.326,.308,33.5,4.5,36.1,98.050444128,93.265048338,22.3,41
"Mitchell, Garrett",669003,2026,143,37.1,15.4,.311,.325,29.9,13.4,50.7,104.647400606,96.824054848,37.5,40.9
"Melendez, MJ",669004,2022,534,24.5,12.4,.310,.336,31,10.4,43.5,100.595888323,94.716383713,27.8,44.6
"Melendez, MJ",669004,2023,602,28.2,10.3,.310,.326,34.6,11.4,49.6,101.434950217,95.609327411,34.4,47.9
"Marsh, Brandon",669016,2026,165,18.8,4.2,.362,.338,43.7,6.4,47.6,100.330226935,94.501626371,19.3,53.5
"Gore, MacKenzie",669022,2024,731,24.8,8.9,.324,.317,36.2,6.8,38.1,76.776975684,93.73951438,28.6,50.4
"Gore, MacKenzie",669022,2026,204,26,10.8,.304,.319,35.2,10.9,43.8,77.208597969,95.281042126,23.9,48.6
"Langeliers, Shea",669127,2024,534,27.2,7.7,.315,.328,35.3,12.8,44,102.05460686,95.451719446,29.2,49.5
"Langeliers, Shea",669127,2025,523,19.7,6.9,.364,.328,33.4,11.3,44.9,102.509663298,95.562115,25.1,52.4
"Langeliers, Shea",669127,2026,187,20.9,8.6,.434,.423,39.7,16,49.6,104.120321818,96.66070084,25.1,51.4
"May, Dustin",669160,2026,205,17.1,7.3,.347,.332,35.5,6.6,52,79.826841333,95.394426333,17.9,46.6
"Burnes, Corbin",669203,2021,657,35.6,5.2,.232,.221,29.5,3.1,30.5,73.534577884,92.749467427,37.3,49.2
"Burnes, Corbin",669203,2022,797,30.5,6.4,.267,.274,31.6,5.7,34.1,75.64792823,93.404000041,35.2,46.2
"Burnes, Corbin",669203,2023,784,25.5,8.4,.266,.287,31,5.3,32.4,74.856549488,92.974631594,28.8,46.3
"Burnes, Corbin",669203,2024,784,23.1,6.1,.273,.286,26.8,6.7,31.6,76.693803832,93.206229159,28.6,48.8
"Murphy, Sean",669221,2022,612,20.3,9.2,.331,.346,34.7,10.5,41.4,101.085158756,94.706891435,24,49.3
"Jackson, Jeremiah",669236,2026,143,21.7,2.1,.288,.284,27.8,8.3,37,100.273239074,94.358969813,27.6,59.2
"Edman, Tommy",669242,2020,227,21.1,7,.302,.315,31,3.8,33.5,98.038288205,93.038931538,19,42.7
"Edman, Tommy",669242,2021,691,13.7,5.5,.301,.318,31.5,4.2,35.1,98.07999625,93.108010092,14.9,47.4
"Edman, Tommy",669242,2022,630,17.6,7.3,.318,.314,31.6,6.2,37.8,98.931648319,93.598664536,20.6,47
"Edman, Tommy",669242,2023,528,15.9,6.6,.306,.312,27.9,5,38.8,99.456717727,93.865892803,16.1,45.7
"Solak, Nick",669256,2020,233,18,7.7,.297,.318,27.5,4.7,40.4,99.55755,94.098003235,19.1,43.8
"Solak, Nick",669256,2021,511,20.9,6.7,.299,.300,29.3,6.5,33.5,98.209109143,93.137323639,24.8,46
"Smith, Will",669257,2022,578,16.6,9.7,.349,.358,36.8,10.3,43,99.764565096,94.188464255,19.3,42.6
"Smith, Will",669257,2023,554,16.1,11.4,.345,.350,37.5,6.7,41.6,99.645654456,94.001340492,19.5,45.7
"Smith, Will",669257,2024,544,19.3,9.4,.326,.337,38.3,10.9,42,99.318269153,93.929159392,20.9,46.2
"Smith, Will",669257,2026,149,17.4,10.1,.321,.378,43,15,40.2,100.134741111,94.340947664,17.4,41.6
"Suwinski, Jack",669261,2023,534,32.2,14,.341,.346,34.2,15.8,43.4,102.173377122,95.316292734,30.1,39
"Gilbert, Logan",669302,2022,766,22.7,6.4,.299,.318,37.6,7.1,45.6,80.915132121,95.054543814,24.2,50.3
"Gilbert, Logan",669302,2023,770,24.5,4.7,.290,.295,35,9,44.6,80.44648539,94.746169145,26.4,52.2
"Gilbert, Logan",669302,2024,803,27.4,4.6,.255,.276,33,7.2,39.3,78.976067127,94.386132799,31.7,50.4
"Gilbert, Logan",669302,2026,231,24.7,5.2,.336,.323,37.7,11.3,47.2,79.755618861,95.023823481,28.9,49.1
"Gorman, Nolan",669357,2026,166,27.7,10.8,.301,.316,40.2,9.8,47.1,101.530229216,94.994067745,35.2,49.4
"Baz, Shane",669358,2025,711,24.8,9,.330,.306,32.3,9.5,39.4,77.845062957,94.260697,25.8,49.2
"Baz, Shane",669358,2026,228,18.4,9.6,.361,.348,37,9.4,38.5,79.028905375,94.289844188,20.4,47
"Edwards, Xavier",669364,2025,619,14.2,7.9,.308,.295,33.6,0.8,29.4,96.768424561,92.424991053,12.2,49
"Edwards, Xavier",669364,2026,194,10.8,12.9,.390,.351,35.8,6.1,36.5,97.677638082,93.075107586,15.3,38.3
"Skubal, Tarik",669373,2024,753,30.3,4.6,.246,.258,33.1,6.7,33.9,76.236530506,93.34039981,31.9,51.8
"Skubal, Tarik",669373,2025,748,32.2,4.4,.245,.258,35.6,8.1,33,73.770997639,93.244404688,32.5,54.8
"Hiura, Keston",669374,2020,246,34.6,6.5,.304,.318,34.3,14.3,39.6,99.973661343,94.067657368,42.7,50.1
"Burger, Jake",669394,2023,540,27.6,5.9,.349,.359,33.4,16.7,49.6,105.009725862,96.989580029,34.1,54
"Burger, Jake",669394,2024,579,25.9,5.4,.325,.339,32.4,12.4,46.8,103.619986856,96.171144407,30.1,52.4
"Burger, Jake",669394,2026,175,26.9,5.1,.289,.287,32.2,9.3,46.6,102.168434407,95.369914915,34.5,51.6
"Bieber, Shane",669456,2019,859,30.2,4.7,.280,.295,32.5,9.5,43.3,80.813265602,94.463244267,30.7,47.8
"Bieber, Shane",669456,2020,297,41.1,7.1,.222,.251,26.1,7.4,43.1,78.051342838,94.655112703,40.7,46.7
"Bieber, Shane",669456,2022,791,25,4.6,.269,.294,32.4,7.2,43.1,79.516670909,94.359625491,29.7,49.7
"Liberatore, Matthew",669461,2026,203,16.7,8.9,.365,.374,39.7,9.9,45,81.616388533,95.448099067,20.6,47.1
"Pallante, Andre",669467,2025,715,15.5,8.7,.334,.321,28.7,6.6,39.9,77.928687634,94.458794676,22.3,45.9
"Schmitt, Casey",669477,2026,152,21.7,3.9,.383,.357,36.1,15,48.1,101.08306037,95.01681243,23.6,50.9
"Smith, Josh",669701,2024,592,20.4,7.8,.323,.309,33.7,3.7,37.1,98.306997711,93.25999596,21.8,47.1
"Smith, Josh",669701,2025,563,17.8,9.8,.311,.310,33.8,5,31.1,97.379499592,92.713932653,19.6,45.5
"Hays, Austin",669720,2021,529,20.2,5.3,.328,.316,32.2,9.1,39.2,99.72384466,93.967000942,24.6,46.4
"Hays, Austin",669720,2022,582,19.6,5.8,.314,.301,32.3,5.2,37.7,98.997922429,93.543165976,23.5,51
"Hays, Austin",669720,2023,566,24.9,6.7,.330,.309,31,8.9,40.1,100.462787656,94.411352037,28.4,46.6
"Blanco, Ronel",669854,2024,676,24.6,10.1,.276,.311,30.1,9.4,35.5,78.14814367,93.702377385,29,48.6
"Kirby, George",669923,2023,757,22.7,2.5,.284,.305,32,7.5,40.9,78.350455269,94.249794794,22.9,54.5
"Kirby, George",669923,2024,778,23,3,.287,.290,30.5,8.1,36.3,78.774593274,93.753520357,24.1,53.4
"Kirby, George",669923,2026,227,20.3,6.2,.286,.272,23,3.6,40,77.933182805,94.068677012,20.2,52.5
"Lopez, Nicky",670032,2020,192,21.4,9.4,.254,.287,30.5,1.5,26.7,95.483714921,91.77179232,21,44.6
"Lopez, Nicky",670032,2021,565,13.1,8.7,.329,.286,27.6,0.7,26.9,95.857798365,91.988841157,15.7,45.1
"Alvarez, Yordan",670541,2021,598,24.2,8.4,.369,.385,37.2,15.9,54.2,104.437748426,97.123948655,22.7,43.1
"Alvarez, Yordan",670541,2022,561,18.9,13.9,.427,.459,40.7,21,59.8,105.676985081,98.195923324,23.5,42.7
"Alvarez, Yordan",670541,2024,635,15,10.9,.402,.415,35.4,14.5,49.7,104.097105087,96.703519522,19.9,47.8
"Alvarez, Yordan",670541,2026,205,15.1,14.1,.455,.500,46.8,17.9,53.2,105.659119286,97.542073214,19.5,43.3
"Paredes, Isaac",670623,2023,571,18.2,10.2,.362,.316,32.4,5.9,28.5,96.372683866,92.205361059,18.2,45.6
"Paredes, Isaac",670623,2024,641,16.4,11.9,.327,.309,37,4.5,27.1,95.875582928,91.952619865,17.2,44.7
"Paredes, Isaac",670623,2026,173,16.8,8.7,.327,.305,35,4.1,25.2,96.178249355,92.255906423,16.3,44.9
"Friedl, TJ",670770,2023,556,16.2,8.5,.353,.287,32,3.2,27.6,96.368739947,92.196228515,18.4,42.2
"Friedl, TJ",670770,2025,685,16.8,11.8,.333,.300,33.4,2.7,32.1,97.485236416,92.822655233,17.5,39.2
"Friedl, TJ",670770,2026,160,23.1,7.5,.252,.258,29,3,29.9,97.65587766,92.908443617,26.3,44.1
"Oviedo, Johan",670912,2023,781,20.2,10.6,.319,.330,32.2,7.6,40.2,77.184773602,94.173687869,26,46.5
"Herrera, Iván",671056,2026,206,16.5,14.1,.362,.361,31.3,6,41.8,101.054599701,94.753391343,21,41.6
"Abbott, Andrew",671096,2025,684,21.8,6.3,.288,.294,34.8,8,33.7,77.083824,93.25435499,24,50
"Abbott, Andrew",671096,2026,225,15.6,10.2,.332,.343,30.5,6.3,37.1,78.652958205,94.032497051,20.5,44.5
"Casas, Triston",671213,2023,502,25.1,13.9,.367,.370,36.1,13.1,46.6,102.616692288,95.686960262,28.1,43.6
"Ramos, Heliot",671218,2024,518,26.1,7.1,.339,.337,34.3,14.7,47.5,102.620742924,95.895956716,28.7,50.3
"Ramos, Heliot",671218,2025,695,22.7,7.5,.319,.320,32.5,8.8,47.4,102.515755862,95.752323082,25.3,47.8
"Ramos, Heliot",671218,2026,176,26.7,5.7,.320,.326,33.6,13.8,48.7,103.573738103,96.319038621,28.8,54.5
"García Jr., Luis",671277,2024,528,16.3,5.1,.328,.335,32.8,8,41.7,100.167127696,94.249397672,21.3,51.7
"García Jr., Luis",671277,2025,526,16,5.1,.300,.339,33.7,9,45.8,100.772844709,94.823697591,21.7,53.9
"Butler, Lawrence",671732,2025,630,28.4,9.4,.310,.304,34.4,9.2,44.4,102.147176546,95.442891289,32.9,47
"Butler, Lawrence",671732,2026,143,27.3,12.6,.257,.302,30.2,7.1,46.5,102.605583571,95.61285381,30.1,44.9
"Bradley, Taj",671737,2026,199,26.1,8.5,.297,.311,44.5,10.2,45.3,83.723387656,95.232082913,26.8,45.9
"Harris II, Michael",671739,2023,539,18.7,4.6,.345,.356,34.6,10,48.5,103.586789505,96.131496609,24.4,52.9
"Harris II, Michael",671739,2025,641,20,2.5,.289,.315,29.6,9.1,43.4,103.013806132,95.674311175,24.4,57
"Harris II, Michael",671739,2026,154,19.5,4.5,.364,.403,29.1,16.4,57.3,105.682598966,98.022286522,27.2,55.6
"Detmers, Reid",672282,2026,213,24.9,8,.305,.286,28.3,6.6,36.2,77.671256324,93.872845147,26.2,48.7
"Kirk, Alejandro",672386,2022,541,10.7,11.6,.347,.354,32,6.7,45.4,101.053304663,94.989537614,15.4,41
"Kirk, Alejandro",672386,2025,506,11.7,9.5,.334,.359,34.4,10.1,50.8,102.169605025,95.726454811,18.5,47.2
"Garcia, Maikel",672580,2023,515,22.3,7.4,.299,.320,36.9,3.9,50.6,101.538604663,95.500565408,19.5,43.1
"Garcia, Maikel",672580,2024,626,16.5,6.7,.270,.305,34.1,3.7,42.8,100.050927426,94.39492241,15.7,43.4
"Garcia, Maikel",672580,2025,666,12.6,9.3,.347,.335,34.5,5.6,45.1,101.342001641,95.068685362,15,40.1
"Garcia, Maikel",672580,2026,195,14.4,9.7,.329,.338,33.8,5.4,43.2,100.801567945,94.701132055,15,37.4
"Lopez, Otto",672640,2025,594,13.8,7.4,.295,.330,32.5,7.1,38.3,99.900867489,94.042562749,18.9,46.3
"Lopez, Otto",672640,2026,190,16.8,3.7,.380,.337,31.5,9.5,43,101.367797297,95.048287973,21,48.4
"Perdomo, Geraldo",672695,2025,720,11.5,13.1,.370,.356,36.2,6.2,31.9,97.403040156,92.774457856,12,39.7
"Perdomo, Geraldo",672695,2026,172,13.4,15.1,.312,.321,33.3,3.3,33.3,97.132147759,92.669102931,11.2,39.3
"Sosa, Lenyn",672820,2025,544,23.3,3.3,.313,.326,39.2,10.4,43.8,100.914668265,94.870690765,23.5,51
"Okamoto, Kazuma",672960,2026,185,28.6,11.4,.340,.357,35.1,15.3,54.1,103.916545179,96.843591351,31.3,43.9
"Diaz, Yainer",673237,2024,619,17.3,3.9,.329,.343,35,7.6,47.5,101.297056214,95.034359505,24,58.8
"Diaz, Yainer",673237,2025,567,16.8,3.5,.300,.326,34.9,9.6,42.2,100.97744942,94.706836942,23.4,59.5
"Robert Jr., Luis",673357,2020,227,32.2,8.8,.316,.329,36.6,13.2,40.5,101.465314462,94.80674876,41.5,57.6
"Robert Jr., Luis",673357,2023,595,28.9,5,.358,.347,38,15.5,42.3,101.844478191,95.05043424,33.5,58.3
"Kim, Ha-Seong",673490,2022,582,17.2,8.8,.313,.314,34,4.3,32.4,97.647567656,92.869312734,19.1,43.3
"Kim, Ha-Seong",673490,2023,626,19.8,12,.330,.313,36.1,4.3,26.7,96.561670433,92.283861587,17.8,38.9
"Senga, Kodai",673540,2023,694,29.1,11.1,.282,.305,31.5,6.9,40.6,77.901311034,94.284814148,29.7,45.2
"Suzuki, Seiya",673548,2023,583,22.3,10.1,.358,.357,36.5,10.5,48,102.157061122,95.610201816,21.3,40.9
"Suzuki, Seiya",673548,2024,585,27.4,10.8,.365,.348,38.8,11.5,49.2,102.565369326,95.834191408,24.5,39.6
"Suzuki, Seiya",673548,2025,651,25.2,10.9,.343,.352,40.2,16.6,48.7,102.931278798,95.890233373,23.9,40.6
"Jung, Josh",673962,2023,515,29.3,5.8,.334,.334,41.9,11.9,47.4,101.620526098,95.373200793,29.7,51.8
"Jung, Josh",673962,2025,511,25.2,5.3,.298,.304,39.4,8.3,46.7,100.8140564,94.816045657,25.4,51.1
"Jung, Josh",673962,2026,173,15.6,6.4,.372,.353,39.8,5.3,45.9,100.376666567,94.535474812,16.8,47.4
"Strider, Spencer",675911,2023,763,36.8,7.6,.279,.273,40.2,8.2,36.1,77.7258957,93.784333768,38.6,53
"Junk, Janson",676083,2026,209,17.7,6.2,.323,.308,27.4,6.4,42.7,79.523114868,94.786523775,19.4,48.6
"Hancock, Emerson",676106,2026,207,27.1,4.8,.295,.316,30.9,10.9,44.6,80.576994493,95.163671606,24.5,54
"Cantillo, Joey",676282,2026,210,21.4,11.4,.330,.313,27.9,7.9,41.4,77.511671449,94.290616496,28,44.3
"Clement, Ernie",676391,2025,588,10.4,4.6,.308,.289,37.1,2.4,26,95.998970369,92.037389446,14.5,53.8
"Clement, Ernie",676391,2026,180,7.8,3.3,.314,.291,31.3,1.3,27.5,96.107392025,92.108523185,15.1,56.6
"Bibee, Tanner",676440,2024,710,26.3,6.2,.299,.304,37.4,7,36.9,77.504108675,93.719329103,26.9,51
"Bibee, Tanner",676440,2025,762,21.3,7.1,.313,.297,29.5,8.1,36.6,77.497463523,93.884607443,23.8,46.3
"Bibee, Tanner",676440,2026,222,21.2,9,.323,.307,30.5,7.1,45.5,80.592921688,94.702618105,28.7,46
"Burleson, Alec",676475,2024,595,12.8,5.9,.319,.333,34.3,6.5,41.7,99.381927173,94.012155751,19.2,55.7
"Burleson, Alec",676475,2025,546,14.5,7.1,.346,.345,34,9.5,43,101.386484258,95.130209592,17.9,49.3
"Burleson, Alec",676475,2026,193,16.6,9.3,.345,.379,31.5,11.2,48.3,101.923300141,95.407357394,20.4,48.8
"Wagaman, Eric",676572,2025,514,19.5,6.2,.293,.315,34.4,6.8,46.5,102.304067053,95.484613553,24.2,45.2
"Caballero, José",676609,2026,147,19.7,5.4,.323,.281,29.2,3.8,29.2,96.884698367,92.447222755,27.7,50.2
"Sears, JP",676664,2023,735,21.9,7.2,.335,.332,32.7,11.1,38.4,77.25363428,94.084952044,24.8,51
"Sears, JP",676664,2024,758,18.1,6.5,.324,.328,32.7,10.2,40.2,78.173332182,94.379787855,21.8,48.7
"Meyers, Jake",676694,2024,513,22.8,6.8,.285,.306,34.8,6.9,37,99.317270058,93.726741906,27,49.1
"Crawford, Kutter",676710,2024,759,23.1,6.7,.304,.307,33.4,9.9,36.3,77.710617066,93.646279363,25.3,52
"Cavalli, Cade",676917,2026,216,24.1,8.3,.345,.322,36.2,8,41.3,79.25596029,94.463330072,24.7,45.7
"Meyer, Max",676974,2026,203,26.6,8.4,.286,.327,36.4,10.9,41.1,79.121512344,94.440823984,31.9,49.1
"Crochet, Garrett",676979,2025,814,31.3,5.7,.270,.266,32.2,7.3,37.3,75.538655219,93.9771349,29.4,51.8
"Rocchio, Brayan",677587,2026,170,10,9.4,.333,.312,28.4,2.3,29.5,96.836467031,92.418640938,21.1,47.9
"Rodríguez, Julio",677594,2022,560,25.9,7.1,.366,.338,32.7,13.2,50.7,103.718795769,96.379006446,30.4,50.2
"Rodríguez, Julio",677594,2023,714,24.5,6.6,.347,.339,31.8,11.9,52,104.082287708,96.812366417,28.3,53.9
"Rodríguez, Julio",677594,2024,613,25.4,6.2,.321,.345,33.2,10.2,48.4,103.553687536,96.325344116,30.9,54.3
"Rodríguez, Julio",677594,2025,710,21.4,6.2,.341,.344,31.5,9.8,48,103.7115726,96.24062626,28.2,55.4
"Rodríguez, Julio",677594,2026,206,23.8,7.8,.327,.323,28.1,7.9,42.4,101.995772857,95.200646835,28.5,52.6
"Abreu, Wilyer",677800,2026,187,18.7,10.7,.376,.364,31.1,10.7,44.7,101.305380303,95.017140382,20.5,46.6
"Witt Jr., Bobby",677951,2022,632,21.4,4.7,.311,.318,32.5,8.7,38.6,100.836506783,94.527115512,25.2,51.8
"Witt Jr., Bobby",677951,2023,694,17.4,5.8,.343,.368,34.4,11.6,45.6,102.080606768,95.411820457,22.8,50.5
"Witt Jr., Bobby",677951,2024,709,15,8,.410,.407,35.7,14.3,48.3,103.972880446,96.499868141,22.3,51.2
"Witt Jr., Bobby",677951,2025,687,18.2,7.1,.360,.365,35.4,12.5,48.5,103.906232271,96.610542829,23.9,51.1
"Witt Jr., Bobby",677951,2026,206,17,11.2,.387,.402,35.8,13,52.7,103.705336986,96.67641,23.9,48.6
"Ashcraft, Braxton",677952,2026,219,25.6,6.4,.282,.271,28.1,5.5,37.7,79.856144583,94.135084375,27.4,50.3
"Vargas, Miguel",678246,2025,569,17.6,9.8,.314,.319,36.6,9.4,40.5,99.545761182,94.110815049,20.6,46.2
"Vargas, Miguel",678246,2026,193,16.1,15.5,.385,.406,41.9,15.5,45,101.066446462,94.97408062,17.9,42.5
"Bello, Brayan",678394,2024,702,21.8,9.1,.319,.331,34.2,7.4,41.1,76.384630975,94.524067665,25.9,46.3
"Bello, Brayan",678394,2025,700,17.7,8.4,.297,.327,30.8,7.1,39.3,77.392833825,94.176171155,20.1,45.8
"Tovar, Ezequiel",678662,2023,615,27,4.1,.298,.290,36.4,8.1,36.2,99.019446394,93.628807036,31.3,59.7
"Tovar, Ezequiel",678662,2024,695,28.8,3.3,.324,.291,38.5,9,39.8,99.306485852,93.964016332,33.5,62.3
"Tovar, Ezequiel",678662,2026,163,27.6,4.9,.243,.291,41.7,7.4,37,99.131335,93.706311776,30.3,61.9
"Rafaela, Ceddanne",678882,2024,571,26.4,2.6,.286,.276,34.9,7.5,36.9,98.205036294,93.166643181,33,61.9
"Rafaela, Ceddanne",678882,2025,587,19.9,4.8,.307,.305,32.3,9.2,38.7,99.637036837,93.97214993,26.8,58.9
"Rafaela, Ceddanne",678882,2026,160,22.5,5.6,.351,.302,38.5,8.5,37.6,97.984740943,93.009963774,25.3,47.9
"Torkelson, Spencer",679529,2023,684,25,9.8,.326,.348,33.2,14.2,50.9,102.691928356,96.002045502,24.7,46.2
"Torkelson, Spencer",679529,2025,649,26,11.1,.339,.334,39.3,13.5,45.1,100.7921562,94.776285589,26.9,44.6
"Torkelson, Spencer",679529,2026,177,32.8,14.1,.318,.338,48.9,15.4,45.7,101.18946087,95.218666264,28.7,41.1
"McLain, Matt",680574,2025,577,28.9,9.5,.286,.290,34,7.8,40.7,99.170988588,93.766255706,28.5,43.2
"McLain, Matt",680574,2026,187,22.5,12.3,.313,.326,35.8,7.6,35,98.252473729,93.268365254,23.9,42
"Bradish, Kyle",680694,2023,671,25,6.6,.268,.300,33.3,6.9,42,80.023999375,94.268400156,26,45.8
"Bradish, Kyle",680694,2026,206,25.2,12.1,.349,.314,28.1,10.2,39.8,75.601034286,93.90449944,26.8,44.4
"Barger, Addison",680718,2025,502,24.1,7.2,.322,.331,35.5,11.4,51,103.716706784,96.416377947,26.1,49.2
"Parker, Mitchell",680730,2025,725,14.2,8,.342,.370,37.5,9.7,50,82.502658484,95.835160597,19.6,51.2
"Burke, Sean",680732,2026,202,20.3,5.4,.308,.319,36.1,6.8,38.8,79.19191375,93.956971736,18.6,49.1
"Wrobleski, Justin",680736,2026,203,13.3,5.9,.255,.313,35.8,6.8,40.7,78.599659875,94.149922625,15,49.2
"Kwan, Steven",680757,2022,638,9.4,9.7,.341,.315,34.6,1.4,20.8,94.219058287,91.134248486,9,38.1
"Kwan, Steven",680757,2023,718,10.4,9.7,.313,.319,37.7,1.1,18.8,94.063409324,91.031738203,11.2,41.2
"Kwan, Steven",680757,2024,540,9.4,9.8,.349,.337,38.5,2.6,23.7,95.04543782,91.531639359,8.2,39.1
"Kwan, Steven",680757,2025,693,8.7,7.9,.310,.310,39.7,1.9,19.3,94.357794321,91.185631109,8.7,41.9
"Kwan, Steven",680757,2026,192,11.5,13,.273,.287,32.2,0.7,9.9,91.292476957,89.804542464,7.9,35.2
"Duran, Jarren",680776,2024,735,21.8,7.3,.357,.340,33.8,9.3,43.9,101.928155512,95.341113209,24.8,48.3
"Duran, Jarren",680776,2025,696,24.3,8.6,.335,.326,34.5,9.7,46.8,103.158389163,96.0558783,29.3,47.2
"Duran, Jarren",680776,2026,172,26.2,6.4,.243,.285,24.6,8.9,39.5,101.631839286,94.880351071,34,49.9
"Gelof, Zack",680869,2024,547,34.4,6.9,.276,.273,34.4,8.9,37.2,98.970921935,93.611147032,36.4,51.5
"Donovan, Brendan",680977,2024,652,12.4,7.2,.332,.341,36.6,5.5,37.6,98.552237391,93.418618597,15.1,44.2
"Donovan, Brendan",680977,2025,515,13,8.2,.337,.346,40.1,8.8,40.9,99.946562944,94.337995152,13.4,43.8
"Stott, Bryson",681082,2023,640,15.6,6.1,.323,.312,36.4,4.7,35.2,97.379136163,92.802445092,15.3,45
"Stott, Bryson",681082,2024,571,16.3,9.3,.296,.311,35.3,3.6,30.8,97.149266143,92.631038831,17,44.1
"Stott, Bryson",681082,2025,560,16.3,9.6,.315,.313,36,5.1,29.5,97.625702976,92.873358435,16.7,40.4
"Stott, Bryson",681082,2026,151,17.2,5.3,.273,.296,31,6,39.7,99.128479123,93.842765965,16.3,42.5
"Vásquez, Randy",681190,2026,203,22.2,6.4,.294,.343,37.3,11.3,44.4,79.646061429,94.9092645,25.1,49.8
"Rumfield, TJ",681198,2026,183,16.4,8.7,.349,.342,39.3,8.2,37.8,98.631470896,93.324179328,19.1,51.3
"Cowser, Colton",681297,2024,561,30.7,9.3,.331,.333,32.1,13.6,46.1,101.838992303,95.374243739,30.4,44.5
"Burrows, Mike",681347,2026,221,20.8,7.7,.380,.314,37.2,7.7,36.5,76.551321299,93.508921299,24.9,48.6
"O'Hoppe, Logan",681351,2024,522,29.7,6.3,.311,.333,42.9,12,46.3,101.233350982,95.0870388,33.6,52
"Norby, Connor",681393,2026,154,29.9,9.7,.325,.298,31.8,9.1,36.4,97.634037045,93.018908409,32.6,47.8
"Outman, James",681546,2023,567,31.9,12,.344,.324,38.2,11.1,39.9,99.962159145,94.027798454,36.6,46
"Pages, Andy",681624,2025,624,21.6,4.6,.332,.316,38.9,8.4,37.2,99.313461778,93.746068218,21.5,53.1
"Pages, Andy",681624,2026,185,20.5,7,.387,.360,34.8,7.6,50.8,101.962082576,95.549111591,24.3,50.4
"Miller, Bryce",682243,2024,704,24.3,6.4,.260,.301,32.8,9.8,41.2,80.650222167,94.328141625,24.4,48.9
"Martínez, Angel",682657,2026,153,20.9,3.9,.354,.319,34.2,9.9,38.2,100.644581111,94.475688692,18.2,52
"Ramírez, Agustín",682663,2025,585,19.3,6.2,.302,.332,31.1,11,47,103.943810657,96.283585728,25.5,49.9
"De La Cruz, Elly",682829,2024,696,31.3,9.9,.349,.330,35.7,12.7,45.7,102.95535404,95.90272362,33.4,43.4
"De La Cruz, Elly",682829,2025,699,25.9,9.6,.333,.322,32.5,10.3,44.2,102.291176726,95.4641937,31.7,45.7
"De La Cruz, Elly",682829,2026,204,27,8.8,.388,.377,36.2,15.1,52.3,105.191476508,97.562402381,29.7,40.1
"Abrams, CJ",682928,2023,614,19.2,5.2,.306,.304,32.6,6.9,35.9,98.814933243,93.426357297,22.5,53.5
"Abrams, CJ",682928,2024,602,21.3,6.6,.322,.320,33,7,40.7,99.496479615,93.910198048,24.7,53.3
"Abrams, CJ",682928,2025,635,19.7,5.8,.324,.309,34.4,7.6,39.2,99.528390349,93.868025131,24.4,50.6
"Abrams, CJ",682928,2026,191,19.4,10.5,.405,.372,34.4,11,41.4,100.631522031,94.650574882,29.4,49.5
"Greene, Riley",682985,2024,584,26.7,11,.355,.355,39.1,13.4,47.1,102.088081676,95.54007409,26.8,44.3
"Greene, Riley",682985,2025,655,30.7,7,.343,.335,36.9,17.1,45.5,102.573683564,95.50996453,30.9,52.6
"Greene, Riley",682985,2026,191,27.2,13.6,.403,.381,40.7,13.3,48.7,102.653631228,95.813556106,29.3,43.7
"Carroll, Corbin",682998,2023,645,19.4,8.8,.370,.345,32.7,7.6,40.9,100.972563211,94.780604736,21.6,45.8
"Carroll, Corbin",682998,2024,684,19,10.7,.325,.328,27.8,7.2,40.8,101.055665665,94.755672366,20.3,41.4
"Carroll, Corbin",682998,2025,642,23.8,10.4,.371,.372,33.5,14.5,49.9,103.729438309,96.452659346,24.8,48.9
"Carroll, Corbin",682998,2026,177,22.6,14.7,.387,.366,33.9,11.9,44,100.731576727,94.506809633,30.6,43.2
"Henderson, Gunnar",683002,2023,622,25.6,9,.346,.347,32.9,11.4,52,102.730226238,96.062562903,26.4,46.8
"Henderson, Gunnar",683002,2024,719,22.1,10.8,.381,.375,34.5,11.2,53.9,104.002332911,96.835723291,24.4,44.2
"Henderson, Gunnar",683002,2025,651,21,9.5,.339,.341,29.9,8.6,49.2,102.936564389,96.031023084,25.1,47.6
"Henderson, Gunnar",683002,2026,207,28.5,6.8,.287,.289,30.1,9,43.6,100.065031642,94.502024586,25.9,49.7
"Leiter, Jack",683004,2026,214,25.7,9.8,.328,.338,38.2,12.5,42.6,75.683660588,94.580756296,28.4,47
"Volpe, Anthony",683011,2023,601,27.8,8.7,.290,.308,35.5,9,43,99.54617672,93.954577957,28.2,47.9
"Volpe, Anthony",683011,2024,689,22.6,6.1,.287,.278,33.3,3.9,35.4,98.177841555,93.206482989,22.6,48.1
"Volpe, Anthony",683011,2025,596,25.2,7.2,.286,.301,34.6,10.5,41.9,100.214381212,94.48835443,25.1,45.9
"Nuñez, Nasim",683083,2026,154,19.5,13.6,.261,.277,30.4,0,17.6,93.925389348,91.026199011,22.9,46.7
"Baty, Brett",683146,2026,147,27.9,8.8,.292,.301,33,8.8,39.6,100.508831333,94.577798,27.8,45.6
"Vaughn, Andrew",683734,2022,555,17.3,5.6,.327,.322,34.1,8,48.6,101.162950291,95.12858284,21,47
"Vaughn, Andrew",683734,2023,615,21,5.9,.321,.319,30.3,8.4,46.5,101.661403,95.348849294,24.1,47.5
"Vaughn, Andrew",683734,2024,619,21.3,6.1,.304,.320,33.6,9.3,43.3,100.921632928,94.702971332,22,49.4
"Busch, Michael",683737,2024,567,28.6,11.1,.336,.324,36.4,11.3,39.9,99.992212321,94.35127744,28.4,45.2
"Busch, Michael",683737,2025,592,23.5,9.5,.369,.378,41.1,17.1,47.3,101.692645959,95.541508831,25.1,46.8
"Busch, Michael",683737,2026,197,22.3,14.7,.324,.332,28.7,9.8,40.2,99.179042295,93.749803279,25.8,42.4
"Imanaga, Shota",684007,2024,694,25.1,4,.279,.288,36,8.6,39.3,77.586230864,93.931424733,28.3,55.7
"Imanaga, Shota",684007,2026,211,28,6.2,.245,.273,36.7,9.4,38.8,78.412010435,93.655192826,32.3,51.7
"Frelick, Sal",686217,2024,524,14.9,7.4,.292,.283,30,0.8,19.5,94.439757846,91.272403907,12.9,41.5
"Frelick, Sal",686217,2025,594,13.5,7.9,.332,.299,30.7,3.1,27.4,96.058504215,92.02970778,12.8,44.1
"Frelick, Sal",686217,2026,159,12.6,10.1,.275,.285,27.7,3.4,26.1,96.205258814,92.13878,11.6,41.6
"Pasquantino, Vinnie",686469,2024,554,12.8,7.2,.325,.336,31.9,7.1,46.5,100.997993151,94.970921142,14.5,47.8
"Pasquantino, Vinnie",686469,2025,682,15.7,7.2,.340,.334,33.5,10.8,44.7,101.339574109,95.022747112,18.2,48
"Pasquantino, Vinnie",686469,2026,189,19,10.6,.283,.311,33.3,9.1,37.9,99.381333788,93.923986336,17.4,46.4
"Collins, Isaac",686555,2026,149,25.5,13.4,.320,.321,33.3,10.3,43.7,100.943130227,94.802666207,26.1,37.8
"Brown, Hunter",686613,2024,712,25.1,8.4,.296,.286,28,4.5,30.3,74.687517768,92.855098176,25.1,46.3
"Brown, Hunter",686613,2025,729,28.3,7.8,.262,.277,31.4,5.9,32.2,73.816626184,93.243178596,27.8,44.8
"Doyle, Brenton",686668,2024,603,25.4,7.6,.328,.330,37.4,10.5,41.4,100.983223096,94.67619269,29.8,51.4
"Doyle, Brenton",686668,2025,538,25.7,5.6,.282,.300,33,10.9,44.6,101.00400956,94.812165962,29.7,50.4
"Pepiot, Ryan",686752,2025,679,24.6,9,.306,.310,36.6,9.7,42.5,79.1526625,94.907501,26,50.1
"Lee, Brooks",686797,2025,527,17.5,5.9,.286,.289,30.8,5.8,38.5,98.1525774,93.309491128,24,49.8
"Lee, Brooks",686797,2026,167,16.8,6.6,.312,.270,34.6,4.7,27.6,96.437818387,92.229711129,20.4,51.4
"Kochanowicz, Jack",686799,2026,227,15,11,.301,.365,30.9,8.1,43,79.015154375,94.945159686,22.7,45.6
"Baldwin, Drake",686948,2026,208,21.2,10.1,.408,.406,41.4,17.9,52.9,103.544580571,96.688797929,23.6,50.4
"Neto, Zach",687263,2024,602,23.3,6.5,.330,.319,29,8.4,38.8,100.130832864,94.28058907,27.1,48.9
"Neto, Zach",687263,2025,554,26.9,6,.337,.344,38,14,46.6,101.775942825,95.420716799,29.1,48.6
"Neto, Zach",687263,2026,212,30.7,13.2,.335,.321,35.3,10.3,38.8,98.791196897,93.745075217,30.1,49.7
"Ortiz, Joey",687401,2024,511,20.2,11,.319,.307,26.6,4.7,38.4,99.391509467,93.766433018,17.1,39.4
"Ortiz, Joey",687401,2025,506,14.6,5.3,.263,.275,27.4,3,32.8,97.991058051,93.026599357,16,46.8
"Horwitz, Spencer",687462,2026,150,13.3,15.3,.364,.314,28.3,2.8,27.4,96.171813585,92.10852717,14.3,38.9
"Beck, Jordan",687597,2025,588,29.6,7.3,.319,.301,36.9,9.6,38.5,100.308269611,94.26308585,31.2,47.4
"Johnston, Troy",687859,2026,147,21.8,7.5,.370,.319,45.1,2,40.2,98.6995852,93.599968586,24.3,49.2
"Hicks, Liam",689414,2026,160,8.8,7.5,.370,.343,30.5,6.1,37.4,98.443481846,93.295626538,10.1,44.5
"Keith, Colt",690993,2024,556,19.8,6.5,.301,.314,34.6,5.6,35.3,98.472613627,93.330372181,23.2,48.6
"McLean, Nolan",690997,2026,203,31.5,7.4,.257,.266,38.8,5.8,37.2,73.126536557,93.548069587,25.3,43.1
"Soderstrom, Tyler",691016,2025,624,22.6,8.8,.354,.341,34.4,11.4,49.8,103.023677143,96.015814678,25.4,48.9
"Soderstrom, Tyler",691016,2026,181,21,9.9,.298,.325,30.6,13,46.8,102.13903,95.476963659,24.6,48.3
"Walker, Jordan",691023,2026,190,27.4,10,.422,.391,37.3,17.8,54.2,105.972558136,97.798600932,33.7,51.9
"Winn, Masyn",691026,2024,637,17.1,6.4,.315,.296,33.5,3.7,32.7,98.144268452,93.085870398,19,47
"Winn, Masyn",691026,2025,537,19,6.3,.297,.286,31.3,4.8,34.6,98.797379897,93.446512558,19.6,45.3
"Winn, Masyn",691026,2026,172,19.2,8.1,.307,.300,33.1,3.3,28.1,96.869870333,92.493332941,22.5,43.1
"Caminero, Junior",691406,2025,653,19.1,6.3,.357,.346,27.7,14,51.4,104.467588678,96.871000041,24.7,50.4
"Caminero, Junior",691406,2026,192,16.1,10.9,.353,.359,23.6,10.8,43.2,104.244018857,96.387241799,20.4,42.8
"Pérez, Eury",691587,2026,207,25.6,11.6,.346,.347,37.3,13.5,42.9,78.770243333,94.86847112,28.6,49.6
"Crow-Armstrong, Pete",691718,2025,647,24,4.5,.323,.321,33.9,13.1,41.6,100.676597945,94.609790365,28.9,60.1
"Crow-Armstrong, Pete",691718,2026,187,25.7,8,.310,.311,24.8,8.3,46.3,102.122993621,95.731450609,27.8,54.4
"Karros, Kyle",691720,2026,150,24,14.7,.297,.336,45.7,5.5,40.2,99.811412391,94.175342308,25.5,40.7
"House, Brady",691781,2026,168,28.6,7.1,.304,.321,28.7,11.2,43.5,101.674370926,95.059259159,33.5,52.2
"Gonzales, Nick",693304,2026,162,16.7,7.4,.344,.343,33.3,1.7,41.7,98.973220833,93.721133277,23.6,55.1
"Dingler, Dillon",693307,2026,161,19.3,6.8,.347,.396,43.4,14.3,51.3,101.728132679,95.681109286,20.5,49
"Woo, Bryan",693433,2025,731,27.1,4.9,.259,.274,32.5,9.1,41.8,77.567134979,94.556632572,26.2,53.2
"Woo, Bryan",693433,2026,211,22.3,4.7,.276,.290,36.2,8.6,44.1,77.912669474,94.683668092,22.9,53.8
"Schlittler, Cam",693645,2026,226,30.1,4.9,.203,.257,30.6,7.5,40.8,75.976443151,94.065613973,29.9,55.3
"Elder, Bryce",693821,2023,732,17.5,8.6,.309,.327,32,6,41,79.502454545,94.398947273,23.6,46.3
"Elder, Bryce",693821,2026,249,22.5,8,.250,.278,32.2,3.5,37.4,79.451051647,93.932018047,23.7,47.1
"Chourio, Jackson",694192,2024,573,21.1,6.8,.339,.327,33.2,7.8,44.9,100.832969557,94.831073407,27.1,48.8
"Chourio, Jackson",694192,2025,589,20.5,5.1,.328,.307,34,9.7,42.3,101.15634963,94.875813411,26,53.4
"Pfaadt, Brandon",694297,2024,760,24.3,5.5,.312,.303,33,8.2,39.4,78.684914866,94.224942476,25.4,49.3
"Pfaadt, Brandon",694297,2025,767,19.2,4.8,.339,.352,39.1,10.9,45.8,79.642424366,95.370126614,22.1,49.2
"Schanuel, Nolan",694384,2024,607,17,11.2,.315,.322,36.4,3.5,25.4,95.305191333,91.662606993,14.4,41.8
"Schanuel, Nolan",694384,2025,564,12.6,10.5,.327,.327,38,4.5,29,96.61346119,92.362165704,15,45.2
"Schanuel, Nolan",694384,2026,179,16.2,6.7,.299,.302,36.5,2.2,31.4,97.020977647,92.51781125,18.5,45.8
"Carter, Evan",694497,2026,162,21,14.8,.291,.315,34,8.7,37.9,99.300883469,93.748723776,25,40.2
"Langford, Wyatt",694671,2024,557,20.6,9.2,.321,.332,31.3,9.4,43.4,101.211098854,94.807365599,22.9,42.8
"Langford, Wyatt",694671,2025,573,26.4,12.9,.337,.346,35.9,14,48.4,102.369966744,95.79834863,26.3,43
"Roupp, Landen",694738,2026,201,28.9,10.4,.266,.265,34.2,1.7,26.7,76.368454483,92.21981181,26.8,42.6
"Misiorowski, Jacob",694819,2026,202,39.6,8.4,.234,.253,39,3,34,75.8387476,92.988035,39.5,48.8
"Skenes, Paul",694973,2025,733,29.5,5.7,.247,.255,29.4,5.8,40.1,75.47852,93.884708556,30.1,49.6
"Skenes, Paul",694973,2026,185,30.3,3.8,.198,.218,31.4,4.2,28.8,73.81595,92.696745862,26.2,52.4
"Burns, Chase",695505,2026,207,26.6,8.7,.262,.275,24.8,7.9,36.8,78.033993871,93.965190806,33.8,49.4
"Caglianone, Jac",695506,2026,148,29.1,8.1,.331,.344,37.4,17.6,54.9,106.24792,97.996941429,31.8,46.4
"Wood, James",695578,2025,689,32.1,12.3,.353,.361,36.3,16.4,56.3,106.446259788,98.230447241,32.9,40.2
"Wood, James",695578,2026,216,31,17.6,.387,.429,38.3,27.1,62.6,107.43149463,99.536247944,35.5,36.5
"Jensen, Carter",695600,2026,152,29.6,11.8,.329,.302,30.7,10.2,44.3,102.3318375,95.599731477,34.5,43.9
"Montgomery, Colson",695657,2026,183,28.4,8.7,.375,.344,37,15.7,42.6,102.022921111,95.280960278,35.1,49.6
"Lile, Daylen",695734,2026,199,17.6,8,.345,.352,37.4,8.2,38.4,98.616271644,93.33428363,24.5,54.2
"Goodman, Hunter",696100,2025,579,26.3,5.7,.359,.324,32.8,12.9,46.9,102.599968608,95.758645633,32,55
"Goodman, Hunter",696100,2026,172,34.9,6.4,.359,.307,34.7,14.4,50,103.277542653,96.343298969,34.3,56.4
"Young, Jacob",696285,2024,521,19.6,5.8,.290,.291,28.1,1.6,28.9,96.872142235,92.486924676,19.3,44.9
"Young, Jacob",696285,2026,165,17,4.8,.271,.303,37,4.8,31.5,97.45107129,92.854751626,21,44.6
"McGreevy, Michael",700241,2026,191,18.8,5.8,.250,.372,36.1,11.2,39.6,77.346754225,94.70621695,19.9,45
"Rice, Ben",700250,2025,530,18.9,9.4,.358,.391,39.3,15.4,56.1,104.138238152,97.178139076,21.2,43.3
"Rice, Ben",700250,2026,170,24.7,14.7,.456,.425,38.6,19.8,55.4,103.48076549,96.675048713,26.2,39.8
"Manzardo, Kyle",700932,2025,531,25.4,9,.329,.322,37.1,11.8,43.8,100.114470588,94.531639086,27.7,48.4
"Smith, Cam",701358,2026,174,28.7,10.3,.279,.337,34,13.7,43.7,102.05490098,95.202575392,30.7,46.9
"Stewart, Sal",701398,2026,201,19.4,12.4,.342,.373,35.8,17.6,40.9,101.117181212,94.811879924,25.2,50.7
"Merrill, Jackson",701538,2024,593,17,4.9,.352,.375,39.6,11.3,43.9,100.811784978,94.735707484,20.5,56.9
"Merrill, Jackson",701538,2026,184,26.6,8.2,.269,.307,34.5,9.3,47.9,100.756962414,94.786309914,28.7,56.4
"Warren, Will",701542,2025,711,24.1,9.1,.321,.330,36,10.9,45.3,80.374098233,95.303643801,24.6,42.8
"Warren, Will",701542,2026,198,29.8,6.1,.294,.285,34.1,7.1,41.3,81.268320635,95.029689365,24.9,43
"Church, Nathan",701675,2026,144,20.1,4.2,.310,.306,36.4,9.3,32.7,98.224853462,93.154822981,22.7,57.1
"Kurtz, Nick",701762,2026,202,29.7,20.3,.402,.399,42.4,17.2,59.6,105.9508024,98.474893636,35.9,39.4
"Benge, Carson",701807,2026,150,20.7,7.3,.295,.310,38,6.5,43.5,101.122508333,94.998580926,19.9,47.3
"Crawford, Justin",702222,2026,144,19.4,9,.338,.296,29.7,2,38.6,98.519767,93.443362626,19.8,50.2
"Young, Cole",702284,2026,185,22.7,8.1,.317,.331,36.3,7.3,41.1,99.682234516,93.976139274,25.2,47.6
"Durbin, Caleb",702332,2025,506,9.9,5.9,.319,.312,29.6,4,26.9,96.100902887,92.05425549,13,44.5
"Durbin, Caleb",702332,2026,155,15.5,7.1,.232,.258,21.6,0.9,29.3,96.35907386,92.226763009,16,42.8
"Holliday, Jackson",702616,2025,649,21.6,8.6,.304,.314,32.4,7.8,40.8,99.642935225,94.03038741,24.5,47.1
"Messick, Parker",800048,2026,205,28.3,6.8,.264,.281,32.6,6.1,31.1,74.737162154,93.322656589,27.4,49
"DeLauter, Chase",800050,2026,175,9.1,12.6,.372,.370,37.2,6.7,40.4,100.262480588,94.246230963,14.3,40.8
"Wetherholt, JJ",802139,2026,204,17.6,11.3,.345,.352,37.8,7.5,43,99.354051194,93.959190597,23.8,43.5
"Simpson, Chandler",802415,2026,182,9.3,4.9,.310,.268,30.1,0,16.8,93.301842162,90.677093581,10.1,47.4
"Griffin, Konnor",804606,2026,161,28,6.8,.318,.316,35,8.8,34,100.16035549,94.198318614,34.1,49.5
"Marsee, Jakob",805300,2026,198,24.7,12.6,.297,.286,28.3,4.2,38.3,98.693341724,93.433239569,19,38.9
"Meidroth, Chase",805367,2025,505,14.3,8.9,.294,.300,26.2,1.6,36.1,97.686781436,92.976040347,13,38.6
"Meidroth, Chase",805367,2026,184,23.4,10.3,.328,.299,31.4,4.2,38.8,97.763712586,93.105265776,19.9,38.3
"Wilson, Jacob",805779,2025,523,7.5,5.2,.348,.304,32.2,2.2,24.7,95.136633108,91.576810226,9.6,49.9
"Wilson, Jacob",805779,2026,168,11.9,3,.314,.275,32.2,2.1,30.1,96.230541857,92.122782714,15.6,57.5
"McGonigle, Kevin",805808,2026,194,12.9,13.9,.372,.379,42.1,10,35.7,98.433005857,93.448146357,13.2,42.2
"Keaschall, Luke",807712,2026,183,15.8,9.8,.275,.280,32.8,3.8,26.9,96.274506866,92.169569474,14.3,40.3
"Yoshida, Masataka",807799,2023,580,14,5.9,.339,.325,29.5,6.6,40.6,100.123813246,94.28056556,18.3,43.3
"Murakami, Munetaka",808959,2026,194,33.5,18.6,.403,.398,32.3,23.7,62.4,105.764292609,98.565446413,44.1,41.3
"Yamamoto, Yoshinobu",808967,2025,684,29.4,8.6,.244,.259,28.3,5.7,39.7,76.238509183,94.220626442,28.9,46.7
"Yamamoto, Yoshinobu",808967,2026,195,24.6,5.1,.291,.317,35.3,10.3,40.4,78.219247463,94.609435746,30.1,49.4
"Lee, Jung Hoo",808982,2025,617,11.5,7.6,.320,.321,34.1,3.7,32,97.154749061,92.638543988,13.1,44.7
"Lee, Jung Hoo",808982,2026,189,11.6,5.3,.307,.315,36.8,1.9,31,96.813496623,92.541865974,14.2,46
"Early, Connelly",813349,2026,199,22.6,9,.312,.341,34.4,13,41.2,80.898016462,94.733091318,20.9,45.6
