name,name_key,mlbam_id,k_pct,bb_pct,woba,wrc_plus,iso
Aaron Judge,aaron judge,592450,0.264467,0.172736,0.426025,179.145,0.33548
Cal Raleigh,cal raleigh,663728,0.287914,0.113145,0.315815,108.629,0.231237
Bobby Witt Jr.,bobby witt jr,677951,0.174605,0.0877425,0.362396,131.168,0.202124
Shohei Ohtani,shohei ohtani,660271,0.237699,0.145128,0.387285,151.397,0.27009
Juan Soto,juan soto,665742,0.172233,0.175867,0.391225,156.888,0.24435
Yordan Alvarez,yordan alvarez,670541,0.151713,0.125349,0.414279,170.5,0.286424
Gunnar Henderson,gunnar henderson,683002,0.249502,0.0901155,0.331759,114.524,0.213306
Julio Rodríguez,julio rodriguez,677594,0.223861,0.0737566,0.338352,124.153,0.185089
José Ramírez,jose ramirez,608070,0.126387,0.122697,0.33878,119.101,0.200289
William Contreras,william contreras,661388,0.164329,0.10778,0.339614,118.987,0.147867
Corey Seager,corey seager,608369,0.22137,0.119273,0.331086,114.022,0.204642
Corbin Carroll,corbin carroll,682998,0.231142,0.110885,0.361979,132.568,0.238844
Elly De La Cruz,elly de la cruz,682829,0.273754,0.0952489,0.351938,121.794,0.218283
Shea Langeliers,shea langeliers,669127,0.223975,0.0769825,0.380234,143.653,0.265274
Pete Crow-Armstrong,pete crowarmstrong,691718,0.251148,0.0585636,0.322602,108.37,0.183125
Mookie Betts,mookie betts,605141,0.12014,0.113905,0.347989,124.478,0.187834
Bryce Harper,bryce harper,547180,0.189761,0.127667,0.374102,140.246,0.233339
Fernando Tatis Jr.,fernando tatis jr,665487,0.212835,0.107387,0.330529,115.747,0.152088
Byron Buxton,byron buxton,621439,0.27023,0.0715159,0.354184,127.77,0.270233
Ketel Marte,ketel marte,606466,0.177401,0.0942002,0.326102,107.991,0.186943
Mike Trout,mike trout,545361,0.278543,0.172695,0.37411,141.076,0.241587
Nick Kurtz,nick kurtz,701762,0.286204,0.153452,0.363585,132.184,0.212567
Junior Caminero,junior caminero,691406,0.178939,0.0881371,0.352125,126.227,0.232305
Kyle Schwarber,kyle schwarber,656941,0.299953,0.148521,0.364311,133.539,0.286948
Adley Rutschman,adley rutschman,668939,0.149191,0.100649,0.356102,131.294,0.199351
Kyle Tucker,kyle tucker,663656,0.165731,0.127219,0.352196,127.36,0.199879
Xander Bogaerts,xander bogaerts,593428,0.174554,0.0918962,0.327482,113.66,0.142844
Ben Rice,ben rice,700250,0.227739,0.126955,0.400406,161.497,0.294998
Jazz Chisholm Jr.,jazz chisholm jr,665862,0.266893,0.0997142,0.309401,98.8071,0.174063
Andy Pages,andy pages,681624,0.219682,0.0605753,0.352545,127.599,0.204491
Vladimir Guerrero Jr.,vladimir guerrero jr,665489,0.128894,0.115106,0.368627,139.081,0.170033
Geraldo Perdomo,geraldo perdomo,672695,0.130631,0.134961,0.334477,113.729,0.144682
Matt Olson,matt olson,621566,0.235559,0.12081,0.376131,142.776,0.268696
Jacob Wilson,jacob wilson,805779,0.0881361,0.0441857,0.321709,103.338,0.121059
Jackson Chourio,jackson chourio,694192,0.205245,0.0608504,0.347378,124.305,0.193934
Dansby Swanson,dansby swanson,621020,0.235354,0.105923,0.307765,98.2061,0.162506
Trea Turner,trea turner,607208,0.194119,0.0697381,0.312595,98.1122,0.143302
James Wood,james wood,695578,0.306539,0.145897,0.36204,133.614,0.232003
Francisco Lindor,francisco lindor,596019,0.183802,0.0934262,0.33016,115.056,0.174041
Isaac Paredes,isaac paredes,670623,0.170427,0.109308,0.33945,118.954,0.170086
Maikel Garcia,maikel garcia,672580,0.154563,0.0883609,0.32075,102.48,0.133547
Hunter Goodman,hunter goodman,696100,0.300292,0.0662381,0.343463,107.216,0.242423
Nico Hoerner,nico hoerner,663538,0.0875617,0.0726707,0.327021,111.397,0.12691
Ian Happ,ian happ,664023,0.25549,0.13748,0.349734,126.957,0.207734
Pete Alonso,pete alonso,624413,0.227525,0.100357,0.357758,132.435,0.24074
Matt Chapman,matt chapman,656305,0.241874,0.102972,0.317716,105.624,0.158431
Zach Neto,zach neto,687263,0.271487,0.0970143,0.332168,112.184,0.19668
Brice Turang,brice turang,668930,0.206509,0.125763,0.347654,124.494,0.157127
Austin Wells,austin wells,669224,0.234442,0.118028,0.307243,97.32,0.169983
Brandon Lowe,brandon lowe,664040,0.239642,0.102326,0.348074,122.144,0.228122
Manny Machado,manny machado,592518,0.203591,0.104165,0.315753,105.625,0.171448
Kevin McGonigle,kevin mcgonigle,805808,0.130338,0.120346,0.350092,125.458,0.170669
Ryan Jeffers,ryan jeffers,680777,0.199649,0.116228,0.351287,125.774,0.180534
Bo Bichette,bo bichette,666182,0.170702,0.0607339,0.305626,98.2496,0.122317
Willy Adames,willy adames,642715,0.266579,0.0802982,0.296424,91.0385,0.166632
Alex Bregman,alex bregman,608324,0.151533,0.116792,0.317011,104.54,0.142212
Iván Herrera,ivan herrera,671056,0.189348,0.13116,0.358147,133.075,0.162616
Cody Bellinger,cody bellinger,641355,0.138841,0.103351,0.356701,131.39,0.201559
Jackson Merrill,jackson merrill,701538,0.211739,0.0689098,0.321785,109.757,0.176411
CJ Abrams,cj abrams,682928,0.186125,0.0794406,0.347531,123.675,0.197157
Drake Baldwin,drake baldwin,686948,0.199276,0.0972473,0.362674,133.558,0.201653
Taylor Ward,taylor ward,621493,0.217063,0.146335,0.35002,127.104,0.170223
Ronald Acuña Jr.,ronald acuna jr,660670,0.206806,0.142979,0.368461,137.522,0.190457
Will Smith,will smith,669257,0.190282,0.107255,0.332431,113.82,0.159522
Colson Montgomery,colson montgomery,695657,0.300018,0.0856123,0.32202,106.114,0.218324
Randy Arozarena,randy arozarena,668227,0.249787,0.100507,0.334421,121.445,0.158433
Munetaka Murakami,munetaka murakami,808959,0.3447,0.157591,0.365981,136.397,0.260548
Riley Greene,riley greene,682985,0.275513,0.106651,0.362147,133.762,0.196423
Austin Riley,austin riley,663586,0.261859,0.0794833,0.32103,105.03,0.188299
Dillon Dingler,dillon dingler,693307,0.228354,0.0609382,0.315093,101.349,0.182132
Seiya Suzuki,seiya suzuki,673548,0.241017,0.118867,0.369965,140.815,0.231071
Brent Rooker,brent rooker,667670,0.273578,0.0958544,0.342153,117.42,0.225126
Kazuma Okamoto,kazuma okamoto,672960,0.231508,0.107284,0.346065,123.539,0.218619
Max Muncy,max muncy,571970,0.251084,0.14813,0.363403,135.037,0.234474
JJ Wetherholt,jj wetherholt,802139,0.167296,0.105725,0.323889,109.607,0.140409
Konnor Griffin,konnor griffin,804606,0.265129,0.0651054,0.315467,99.8069,0.137109
Otto Lopez,otto lopez,672640,0.159577,0.0555222,0.342009,118.531,0.142431
Brendan Donovan,brendan donovan,680977,0.150314,0.0996703,0.342856,127.256,0.141105
Wyatt Langford,wyatt langford,694671,0.224003,0.0970015,0.340468,120.485,0.195569
Gabriel Moreno,gabriel moreno,672515,0.185153,0.0897079,0.325299,107.441,0.141909
J.P. Crawford,jp crawford,641487,0.178123,0.142865,0.318945,110.784,0.126517
Freddie Freeman,freddie freeman,518692,0.164972,0.0967851,0.356407,130.245,0.185339
Miguel Vargas,miguel vargas,678246,0.176655,0.132201,0.331466,112.621,0.181464
Trent Grisham,trent grisham,663757,0.216787,0.143013,0.318587,105.135,0.19987
Willson Contreras,willson contreras,575929,0.264435,0.105459,0.355682,125.363,0.197338
Wilyer Abreu,wilyer abreu,677800,0.223654,0.115127,0.352683,123.298,0.192765
Jeremy Peña,jeremy pena,665161,0.172784,0.0584659,0.315878,102.716,0.137479
Brandon Nimmo,brandon nimmo,607043,0.210761,0.0968549,0.338203,118.925,0.16167
Oneil Cruz,oneil cruz,665833,0.316956,0.0972645,0.3343,112.708,0.213696
Sal Stewart,sal stewart,701398,0.186274,0.0978678,0.341836,114.874,0.207087
Michael Harris II,michael harris ii,671739,0.186693,0.0434548,0.342857,119.982,0.187263
Alejandro Kirk,alejandro kirk,672386,0.122277,0.0991747,0.322827,107.531,0.143183
Gleyber Torres,gleyber torres,650402,0.169641,0.133865,0.329716,111.422,0.118488
Luis Arraez,luis arraez,650333,0.0401824,0.0462799,0.325167,110.728,0.0906995
Masyn Winn,masyn winn,691026,0.190127,0.076606,0.306652,97.7995,0.118296
Ozzie Albies,ozzie albies,645277,0.143955,0.0761109,0.337113,116.048,0.174614
Daulton Varsho,daulton varsho,662139,0.217673,0.079537,0.312706,100.559,0.197067
Jose Altuve,jose altuve,514888,0.186435,0.0942093,0.322918,107.565,0.151605
Francisco Alvarez,francisco alvarez,682626,0.253855,0.0946368,0.322082,109.523,0.184868
Josh Naylor,josh naylor,647304,0.152708,0.080328,0.323359,113.825,0.156587
Rafael Devers,rafael devers,646240,0.262753,0.10005,0.322954,109.212,0.184647
Steven Kwan,steven kwan,680757,0.0965107,0.0997123,0.310089,99.3367,0.0936202
Luke Keaschall,luke keaschall,807712,0.154632,0.0987894,0.31102,98.0362,0.112452
Trevor Story,trevor story,596115,0.296821,0.049333,0.279806,73.0955,0.134546
Marcus Semien,marcus semien,543760,0.176113,0.0835241,0.2936,90.0119,0.12602
Bryson Stott,bryson stott,681082,0.172252,0.0799609,0.302205,90.9947,0.137894
Evan Carter,evan carter,694497,0.229809,0.123326,0.304922,95.9984,0.152198
Xavier Edwards,xavier edwards,669364,0.121128,0.1058,0.344772,120.424,0.104912
Roman Anthony,roman anthony,701350,0.249775,0.140662,0.336855,112.395,0.146339
Teoscar Hernández,teoscar hernandez,606192,0.27803,0.073453,0.323378,107.619,0.179429
J.T. Realmuto,jt realmuto,592663,0.217581,0.068374,0.31401,99.0814,0.141786
Michael Busch,michael busch,683737,0.233215,0.11493,0.337976,118.902,0.188119
Tyler Soderstrom,tyler soderstrom,691016,0.223774,0.0943362,0.325129,105.693,0.20147
Andrés Giménez,andres gimenez,665926,0.165658,0.0478424,0.301347,92.7343,0.12903
Ha-Seong Kim,haseong kim,673490,0.1784,0.1031,0.3087,96.6,0.1287
Sean Murphy,sean murphy,669221,0.28054,0.094542,0.314347,100.452,0.188821
Matt McLain,matt mclain,680574,0.259465,0.106381,0.312333,94.6629,0.15088
Ramón Laureano,ramon laureano,657656,0.288445,0.0847319,0.319782,108.385,0.18996
Cam Smith,cam smith,701358,0.265177,0.0912674,0.302422,93.4461,0.139653
Ryan O'Hearn,ryan ohearn,656811,0.195303,0.102557,0.342558,118.365,0.154
Salvador Perez,salvador perez,521692,0.213761,0.0443772,0.288288,80.1179,0.167054
Spencer Torkelson,spencer torkelson,679529,0.274388,0.119094,0.331996,112.992,0.211593
Luis Robert Jr.,luis robert jr,673357,0.242208,0.0931071,0.305868,98.4157,0.15427
Bryan Reynolds,bryan reynolds,668804,0.249604,0.125048,0.332614,111.553,0.154176
Jonathan Aranda,jonathan aranda,666018,0.245274,0.114839,0.347703,123.181,0.175271
Nolan Arenado,nolan arenado,571448,0.166695,0.0681358,0.317711,102.243,0.156099
Yandy Díaz,yandy diaz,650490,0.139428,0.0928608,0.363245,133.888,0.155078
Christian Walker,christian walker,572233,0.227748,0.088654,0.344848,122.672,0.220204
Josh Jung,josh jung,673962,0.216679,0.06037,0.327515,111.562,0.167619
Jarren Duran,jarren duran,680776,0.245666,0.0763716,0.310552,94.2753,0.175452
Vinnie Pasquantino,vinnie pasquantino,686469,0.165882,0.095013,0.317279,100.089,0.193025
Carson Kelly,carson kelly,608348,0.188715,0.103632,0.327486,111.716,0.133026
Brandon Marsh,brandon marsh,669016,0.245291,0.0803049,0.345191,120.442,0.163552
Sal Frelick,sal frelick,686217,0.124504,0.0898825,0.306405,96.2368,0.109096
Alec Burleson,alec burleson,676475,0.148548,0.0878227,0.342112,122.091,0.176597
Nick Gonzales,nick gonzales,693304,0.199614,0.0699504,0.320052,102.947,0.103523
Bo Naylor,bo naylor,666310,0.236212,0.0949464,0.273536,74.1567,0.156024
Patrick Bailey,patrick bailey,672275,0.255223,0.0775243,0.252303,60.8144,0.0954109
Royce Lewis,royce lewis,668904,0.241325,0.0804416,0.297377,88.6377,0.166028
Jackson Holliday,jackson holliday,702616,0.2226,0.1027,0.3193,105.9,0.1464
Mickey Moniak,mickey moniak,666160,0.248944,0.0572188,0.37433,128.361,0.277966
Tyler Stephenson,tyler stephenson,663886,0.287613,0.111417,0.301505,87.2454,0.150809
Victor Caratini,victor caratini,605170,0.18653,0.0809808,0.286494,81.1411,0.0889073
Ezequiel Tovar,ezequiel tovar,678662,0.263882,0.0507597,0.286132,67.942,0.141004
Alec Bohm,alec bohm,664761,0.154921,0.0680378,0.283356,78.0823,0.113505
Liam Hicks,liam hicks,689414,0.125063,0.0941911,0.345749,121.093,0.164225
Chase Meidroth,chase meidroth,805367,0.190658,0.109852,0.315818,101.842,0.0929297
George Springer,george springer,543807,0.19524,0.10518,0.320953,106.24,0.164284
Danny Jansen,danny jansen,643376,0.259111,0.104177,0.299552,92.2995,0.173316
Jeff McNeil,jeff mcneil,643446,0.119875,0.0796991,0.338243,114.727,0.130869
Tyler O'Neill,tyler oneill,641933,0.255509,0.111428,0.317434,104.656,0.167201
Colt Keith,colt keith,690993,0.213482,0.0776357,0.327545,109.926,0.129081
Garrett Mitchell,garrett mitchell,669003,0.34188,0.140939,0.308388,97.5953,0.127988
Chase DeLauter,chase delauter,800050,0.129755,0.114354,0.368929,139.87,0.206747
Ceddanne Rafaela,ceddanne rafaela,678882,0.216982,0.0502308,0.322049,102.195,0.155096
Samuel Basallo,samuel basallo,694212,0.247859,0.0839748,0.327999,111.934,0.205743
Christian Yelich,christian yelich,592885,0.252434,0.110351,0.332236,113.932,0.154299
Carter Jensen,carter jensen,695600,0.286487,0.10068,0.315045,98.5496,0.166746
Pedro Pagés,pedro pages,686780,0.26062,0.0562933,0.275331,76.3439,0.13229
Willi Castro,willi castro,650489,0.259241,0.0807669,0.31685,88.9845,0.129528
Lawrence Butler,lawrence butler,671732,0.261816,0.0983798,0.299379,87.9552,0.156266
Jordan Walker,jordan walker,691023,0.276202,0.0895587,0.339214,120.106,0.193235
Colton Cowser,colton cowser,681297,0.317217,0.102665,0.29223,87.2947,0.134154
Justin Crawford,justin crawford,702222,0.202242,0.0709311,0.324081,105.98,0.112556
Brooks Lee,brooks lee,686797,0.176694,0.0647726,0.309841,97.2234,0.1447
Heliot Ramos,heliot ramos,671218,0.256153,0.0658165,0.317808,105.687,0.160165
Kyle Higashioka,kyle higashioka,543309,0.272807,0.0744706,0.281233,79.6804,0.141082
Joey Ortiz,joey ortiz,687401,0.186382,0.0778036,0.282933,80.1583,0.103453
Ryan McMahon,ryan mcmahon,641857,0.317871,0.109566,0.29381,88.0668,0.14936
Eugenio Suárez,eugenio suarez,553993,0.307594,0.0893972,0.331937,108.092,0.219482
Caleb Durbin,caleb durbin,702332,0.114439,0.074912,0.289635,79.8666,0.112899
Kerry Carpenter,kerry carpenter,681481,0.277034,0.0764573,0.326366,109.114,0.221016
Zack Gelof,zack gelof,680869,0.303937,0.0850838,0.318813,101.343,0.185219
Jake Cronenworth,jake cronenworth,630105,0.199795,0.115163,0.291594,89.0747,0.116611
Jakob Marsee,jakob marsee,805300,0.224556,0.119298,0.295627,86.7581,0.124554
Nolan Gorman,nolan gorman,669357,0.309193,0.0972186,0.303155,95.4044,0.180252
Joey Bart,joey bart,663698,0.307132,0.0813463,0.291417,83.3318,0.126469
Carlos Narváez,carlos narvaez,665966,0.268136,0.0870945,0.290643,80.5611,0.136608
Spencer Horwitz,spencer horwitz,687462,0.161266,0.122413,0.339351,116.168,0.146515
Dalton Rushing,dalton rushing,687221,0.27127,0.0935226,0.36409,135.508,0.244486
Moisés Ballesteros,moises ballesteros,694208,0.169449,0.0827846,0.330438,113.738,0.164268
José Caballero,jose caballero,676609,0.227347,0.0749521,0.30429,95.286,0.132196
Tommy Edman,tommy edman,669242,0.1734,0.0670,0.3028,93.6,0.1467
Kyle Teel,kyle teel,691019,0.2550,0.1088,0.3215,105.8,0.1433
Nolan Schanuel,nolan schanuel,694384,0.14697,0.0929404,0.316177,101.168,0.124051
Kyle Karros,kyle karros,691720,0.239651,0.113789,0.305052,80.9023,0.102377
Joe Mack,joe mack,691788,0.275029,0.0702646,0.288277,81.723,0.14415
Cole Young,cole young,702284,0.202694,0.0890757,0.313222,106.842,0.12802
Daylen Lile,daylen lile,695734,0.185419,0.0775372,0.309911,97.9043,0.137227
Jordan Westburg,jordan westburg,676059,0.2234,0.0659,0.3367,117.9,0.2002
Brayan Rocchio,brayan rocchio,677587,0.153395,0.0831909,0.307043,97.2391,0.119254
Kyle Stowers,kyle stowers,669065,0.276069,0.0966182,0.319902,103.387,0.176584
Anthony Volpe,anthony volpe,683011,0.2320,0.0771,0.3023,93.9,0.1626
Sam Antonacci,sam antonacci,803011,0.148359,0.0873728,0.329181,111.047,0.109593
TJ Friedl,tj friedl,670770,0.186848,0.0934111,0.2924,81.0081,0.115104
Jo Adell,jo adell,666176,0.256926,0.0487445,0.310433,97.2115,0.171649
Jung Hoo Lee,jung hoo lee,808982,0.106564,0.0712175,0.314429,103.373,0.128536
Lars Nootbaar,lars nootbaar,663457,0.1993,0.1223,0.3313,114.7,0.1688
Lourdes Gurriel Jr.,lourdes gurriel jr,666971,0.159971,0.0673579,0.312375,98.5881,0.137592
Yainer Diaz,yainer diaz,673237,0.167618,0.0391088,0.30029,91.9774,0.149233
Dylan Beavers,dylan beavers,687637,0.234319,0.113403,0.317092,104.421,0.148366
Luke Raley,luke raley,670042,0.329963,0.0681816,0.341046,126.009,0.229346
Adolis García,adolis garcia,666969,0.257254,0.0752551,0.316144,100.544,0.17886
Spencer Steer,spencer steer,668715,0.225438,0.0919754,0.324251,102.828,0.18062
Jordan Lawlar,jordan lawlar,691783,0.272132,0.0859301,0.316838,101.645,0.158813
Marcelo Mayer,marcelo mayer,691785,0.217679,0.0741033,0.290941,80.7663,0.123652
Matt Wallner,matt wallner,670242,0.327606,0.0987052,0.323964,106.953,0.202845
Chandler Simpson,chandler simpson,802415,0.101506,0.0499279,0.29494,86.8348,0.0468896
Amed Rosario,amed rosario,642708,0.179172,0.0473274,0.301989,93.7007,0.148068
Yoán Moncada,yoan moncada,660162,0.318396,0.112323,0.299903,89.9575,0.158285
Andrew Vaughn,andrew vaughn,683734,0.186361,0.0731412,0.324997,108.973,0.181833
Logan O'Hoppe,logan ohoppe,681351,0.26856,0.0878789,0.29887,89.2463,0.142429
Brady House,brady house,691781,0.280206,0.0576189,0.298099,89.8128,0.146341
Luis Campusano,luis campusano,669134,0.214958,0.0932331,0.339098,121.617,0.190275
Jared Triolo,jared triolo,669707,0.218473,0.0941951,0.292024,83.7472,0.1081
Hunter Feduccia,hunter feduccia,676439,0.272404,0.116456,0.300684,90.7912,0.113147
Trevor Larnach,trevor larnach,663616,0.217855,0.122345,0.328832,110.306,0.150083
Josh Smith,josh smith,669701,0.188983,0.107921,0.304227,95.5198,0.105694
Jesús Sánchez,jesus sanchez,660821,0.219418,0.0679201,0.30444,94.8645,0.165805
Isaac Collins,isaac collins,686555,0.238994,0.128739,0.323889,104.642,0.135542
Jorge Soler,jorge soler,624585,0.299356,0.109419,0.328119,109.395,0.2098
Austin Hedges,austin hedges,595978,0.238854,0.0831036,0.291251,86.36,0.115146
Colt Emerson,colt emerson,806068,0.2403,0.0822,0.2883,89.7,0.1231
Gavin Lux,gavin lux,666158,0.2205,0.1034,0.3049,93.7,0.1146
Brenton Doyle,brenton doyle,686668,0.293359,0.0720564,0.290014,70.6015,0.135826
Miguel Amaya,miguel amaya,665804,0.216851,0.0956348,0.314405,102.755,0.136528
JJ Bleday,jj bleday,668709,0.218011,0.116216,0.343938,116.314,0.234083
Harrison Bader,harrison bader,664056,0.256111,0.0580835,0.272047,74.3398,0.130062
Jose Trevino,jose trevino,624431,0.149851,0.0538188,0.25894,58.087,0.101237
Jorge Polanco,jorge polanco,593871,0.195671,0.0960081,0.316263,105.537,0.179043
Kyle Manzardo,kyle manzardo,700932,0.266804,0.0911118,0.306877,97.1243,0.166431
Denzel Clarke,denzel clarke,672016,0.352127,0.0762787,0.270994,68.402,0.110551
Marcell Ozuna,marcell ozuna,542303,0.239169,0.112063,0.317059,100.897,0.166256
Henry Davis,henry davis,680779,0.229373,0.0833294,0.280055,75.5486,0.140374
Gary Sánchez,gary sanchez,596142,0.251355,0.126001,0.330909,113.023,0.219154
Dylan Crews,dylan crews,686611,0.2286,0.0698,0.3026,92.9,0.1519
Austin Martin,austin martin,668885,0.150699,0.138226,0.344973,121.425,0.0870207
Jesus Rodriguez,jesus rodriguez,683679,0.151674,0.073096,0.322048,108.592,0.102189
Connor Norby,connor norby,681393,0.288199,0.0825683,0.318205,102.224,0.154902
Lane Thomas,lane thomas,657041,0.232535,0.115484,0.315835,99.0937,0.14687
Ezequiel Duran,ezequiel duran,677649,0.218997,0.076243,0.325187,109.958,0.154333
Daniel Schneemann,daniel schneemann,682177,0.285334,0.0959481,0.321108,106.927,0.168901
Keibert Ruiz,keibert ruiz,660688,0.124984,0.0379814,0.277399,75.6323,0.138704
Luis García Jr.,luis garcia jr,671277,0.161842,0.0477169,0.294636,87.4405,0.135366
Travis Bazzana,travis bazzana,683953,0.270357,0.12495,0.306271,96.7069,0.137488
Joc Pederson,joc pederson,592626,0.236264,0.119659,0.310424,99.789,0.158431
Carson Benge,carson benge,701807,0.216295,0.0941309,0.304589,97.5397,0.146117
Davis Schneider,davis schneider,676914,0.295282,0.152451,0.309832,98.579,0.166376
Addison Barger,addison barger,680718,0.239049,0.0895419,0.306897,96.557,0.178065
Victor Scott II,victor scott ii,687363,0.227845,0.0779904,0.262641,67.6504,0.0813066
Josh Bell,josh bell,605137,0.188683,0.10505,0.314883,100.697,0.149542
Casey Schmitt,casey schmitt,669477,0.214309,0.0558152,0.33482,117.341,0.18621
Gabriel Arias,gabriel arias,672356,0.316926,0.0608474,0.295217,89.0922,0.167547
Matt Shaw,matt shaw,807713,0.190345,0.0810744,0.324545,109.701,0.169069
Travis d'Arnaud,travis darnaud,518595,0.261458,0.0649199,0.284283,79.1973,0.151437
Freddy Fermin,freddy fermin,666023,0.203332,0.0785383,0.260917,68.0601,0.0973083
Christian Vázquez,christian vazquez,543877,0.193384,0.0679707,0.298892,91.0143,0.135675
Jacob Young,jacob young,696285,0.178171,0.0598404,0.280538,77.7824,0.0870587
Mike Yastrzemski,mike yastrzemski,573262,0.242503,0.0987311,0.294448,86.8207,0.142043
Michael Massey,michael massey,686681,0.204523,0.0466655,0.291272,82.1737,0.152319
Giancarlo Stanton,giancarlo stanton,519317,0.311417,0.0833773,0.321953,107.454,0.213805
Edmundo Sosa,edmundo sosa,624641,0.208329,0.0344356,0.297999,88.1137,0.140097
Rob Refsnyder,rob refsnyder,608701,0.281388,0.0954048,0.278285,82.7751,0.145082
Edouard Julien,edouard julien,666397,0.281791,0.130739,0.330926,98.6275,0.130482
Jonny DeLuca,jonny deluca,676356,0.194667,0.0597388,0.30052,90.6788,0.146485
Wenceel Pérez,wenceel perez,672761,0.192057,0.0761554,0.281983,78.5403,0.139689
Coby Mayo,coby mayo,691723,0.282262,0.0813563,0.288385,84.6461,0.170013
Jordan Beck,jordan beck,687597,0.277613,0.0766602,0.29155,71.6534,0.152484
Jake Meyers,jake meyers,676694,0.209041,0.0816688,0.301528,92.8305,0.123557
Rhys Hoskins,rhys hoskins,656555,0.27748,0.137313,0.322704,108.027,0.183777
Jonah Heim,jonah heim,641680,0.172724,0.0778968,0.284817,78.2131,0.136075
Jake Burger,jake burger,669394,0.262419,0.0469428,0.296546,90.2285,0.191686
Ke'Bryan Hayes,kebryan hayes,663647,0.1901,0.0695381,0.254865,55.2956,0.101029
Jeremiah Jackson,jeremiah jackson,669236,0.228421,0.0382721,0.29292,87.7696,0.16357
Josh Lowe,josh lowe,666139,0.28415,0.068549,0.281337,77.1681,0.15756
Nathan Church,nathan church,701675,0.161283,0.0540526,0.296284,90.6971,0.126627
Carson Williams,carson williams,700246,0.347057,0.078884,0.283709,79.0983,0.163834
Cedric Mullins,cedric mullins,656775,0.214096,0.0759691,0.261301,63.6617,0.134708
Agustín Ramírez,agustin ramirez,682663,0.207579,0.0824874,0.309331,96.146,0.161347
Jake Bauers,jake bauers,641343,0.25511,0.116139,0.333811,115.011,0.203621
Mark Vientos,mark vientos,668901,0.251227,0.0703329,0.321777,109.314,0.197146
Brice Matthews,brice matthews,694728,0.343215,0.0964056,0.315098,102.179,0.189409
Edgar Quero,edgar quero,700337,0.203762,0.0899321,0.269005,69.5939,0.0718632
Luis Torrens,luis torrens,620443,0.224034,0.0563133,0.273943,76.5458,0.123244
Nasim Nuñez,nasim nunez,683083,0.216976,0.112023,0.269451,70.1875,0.0472477
Oswald Peraza,oswald peraza,672724,0.252607,0.0680096,0.303003,92.0934,0.14433
Nathaniel Lowe,nathaniel lowe,663993,0.235649,0.101683,0.3451,117.11,0.195216
Ernie Clement,ernie clement,676391,0.0876232,0.037806,0.301383,92.7588,0.117817
Drew Millas,drew millas,686452,0.213797,0.0780101,0.271678,71.7135,0.113242
Ramón Urías,ramon urias,602104,0.208691,0.0794739,0.295189,89.9469,0.147337
Zach McKinstry,zach mckinstry,656716,0.212922,0.0887173,0.295487,87.8428,0.136121
Dominic Canzone,dominic canzone,686527,0.223029,0.077629,0.324668,114.727,0.184928
Kyle Isbel,kyle isbel,664728,0.204336,0.0609383,0.311531,96.1294,0.135459
Connor Wong,connor wong,657136,0.229841,0.0722524,0.304982,90.4382,0.128569
Drew Romo,drew romo,691011,0.22446,0.0868422,0.289219,83.519,0.148522
Mauricio Dubón,mauricio dubon,643289,0.148316,0.05809,0.302905,92.6138,0.122008
Gavin Sheets,gavin sheets,657757,0.207601,0.072158,0.31354,104.109,0.195307
Mitch Garver,mitch garver,641598,0.299116,0.136354,0.281942,85.2944,0.115593
Matt Vierling,matt vierling,663837,0.200538,0.0815329,0.304882,94.315,0.15448
Will Benson,will benson,666181,0.29546,0.122654,0.324952,103.308,0.194514
Romy Gonzalez,romy gonzalez,663853,0.2470,0.0588,0.3230,102.9,0.1669
Angel Martínez,angel martinez,682657,0.210704,0.0534543,0.303332,94.6824,0.157003
Luis Rengifo,luis rengifo,650859,0.162082,0.0719448,0.273052,73.3891,0.108325
Javier Sanoja,javier sanoja,691594,0.10443,0.0674985,0.29964,89.507,0.101245
Jasson Domínguez,jasson dominguez,691176,0.237046,0.0849677,0.317472,104.366,0.165649
Jake McCarthy,jake mccarthy,664983,0.167598,0.0709475,0.335668,101.876,0.153937
Max Muncy,max muncy,691777,0.312015,0.0652255,0.314081,98.0833,0.160809
Brett Baty,brett baty,683146,0.250655,0.0851077,0.30157,95.4715,0.14867
Leo Jiménez,leo jimenez,677870,0.204859,0.094,0.297956,88.3532,0.0941364
Austin Hays,austin hays,669720,0.258924,0.0595144,0.308802,97.009,0.167039
Everson Pereira,everson pereira,677592,0.318197,0.0751605,0.315216,101.427,0.181101
Miguel Rojas,miguel rojas,500743,0.131631,0.0636941,0.288777,83.9156,0.105935
Carlos Cortes,carlos cortes,666126,0.172287,0.0843579,0.344832,119.266,0.175302
Zach Cole,zach cole,805904,0.402248,0.0882553,0.311364,99.6062,0.206266
Tyler Freeman,tyler freeman,671289,0.120687,0.064064,0.329369,97.5605,0.102674
Endy Rodríguez,endy rodriguez,682848,0.2118,0.0808,0.2943,85.3,0.1292
Parker Meadows,parker meadows,678009,0.247992,0.0866879,0.301131,91.731,0.144218
Ty France,ty france,664034,0.166033,0.0548298,0.318238,107.327,0.157938
Darell Hernaiz,darell hernaiz,687231,0.147206,0.086529,0.297447,86.6242,0.0966145
Bryce Eldridge,bryce eldridge,805811,0.313175,0.0850174,0.305948,97.5626,0.183248
James McCann,james mccann,543510,0.28514,0.0405876,0.260093,62.7732,0.107328
David Hamilton,david hamilton,666152,0.235219,0.0960442,0.281916,79.4615,0.0943451
Alan Roden,alan roden,702176,0.1786,0.0870,0.3066,95.0,0.1163
Joey Loperfido,joey loperfido,694388,0.281982,0.0753903,0.311555,99.7376,0.138484
J.C. Escarra,jc escarra,641555,0.190457,0.0814899,0.297576,90.6608,0.144413
Leo De Vries,leo de vries,815888,0.2437,0.0836,0.3069,93.2,0.1708
Ben Williamson,ben williamson,810938,0.194031,0.0775679,0.303145,92.4867,0.0925557
Victor Robles,victor robles,645302,0.223167,0.0577546,0.299183,97.1711,0.117771
Tyler Austin,tyler austin,592122,0.2455,0.0924,0.3252,110.2,0.1902
Jake Rogers,jake rogers,668670,0.290772,0.0708366,0.266711,68.02,0.144029
Nick Fortes,nick fortes,663743,0.150522,0.0451806,0.288918,82.6865,0.10024
José Fermín,jose fermin,665877,0.128194,0.105263,0.305162,96.7789,0.114815
Vaughn Grissom,vaughn grissom,687093,0.161477,0.0880707,0.315397,100.631,0.128843
Blaze Alexander,blaze alexander,677942,0.300157,0.0747932,0.292183,87.2622,0.108912
Eli White,eli white,642201,0.249173,0.0538228,0.289778,83.6217,0.144794
Harry Ford,harry ford,695670,0.2402,0.1042,0.2965,88.7,0.1195
Tyler Heineman,tyler heineman,623168,0.207449,0.0577401,0.243325,52.7652,0.0578453
Paul Goldschmidt,paul goldschmidt,502671,0.229152,0.095762,0.329802,112.86,0.184891
Leody Taveras,leody taveras,665750,0.20421,0.0962963,0.316996,104.355,0.137334
Jimmy Crooks,jimmy crooks,699625,0.2671,0.0771,0.3001,93.3,0.1404
Alex Freeland,alex freeland,690976,0.26998,0.109375,0.307439,96.7001,0.139607
Christian Moore,christian moore,695681,0.3060,0.1000,0.2969,87.9,0.1462
Esteury Ruiz,esteury ruiz,665923,0.231279,0.0788036,0.320562,103.84,0.164162
Luisangel Acuña,luisangel acuna,682668,0.183355,0.0625679,0.258904,62.636,0.061673
Max Clark,max clark,703601,0.2113,0.0959,0.3054,94.7,0.1375
Jahmai Jones,jahmai jones,663330,0.248015,0.0974886,0.32901,110.935,0.186468
Daniel Susac,daniel susac,691740,0.261016,0.0502637,0.308546,99.3427,0.134351
Alex Call,alex call,669743,0.162579,0.135012,0.342254,120.549,0.137019
Jac Caglianone,jac caglianone,695506,0.243189,0.084839,0.334962,112.27,0.192665
David Fry,david fry,681807,0.279989,0.107128,0.311311,100.179,0.173448
Brandon Valenzuela,brandon valenzuela,678218,0.283642,0.0834986,0.271066,71.8747,0.140586
Nathan Lukes,nathan lukes,664770,0.151323,0.0677079,0.309285,98.2026,0.115111
Thomas Saggese,thomas saggese,695336,0.277277,0.0623568,0.27599,76.795,0.103953
Nick Yorke,nick yorke,694377,0.218355,0.07389,0.288387,81.2559,0.101117
Jake Fraley,jake fraley,641584,0.220523,0.0928592,0.311555,98.2803,0.140108
Ryan Waldschmidt,ryan waldschmidt,814439,0.2249,0.0998,0.3045,93.2,0.1223
Jesse Winker,jesse winker,608385,0.2172,0.1300,0.3217,105.7,0.1467
Tristan Peters,tristan peters,671976,0.209612,0.0829419,0.287948,82.6431,0.0989299
Jake Mangum,jake mangum,663968,0.180638,0.059053,0.299967,89.1889,0.0790699
Sung-Mun Song,sungmun song,823550,0.190315,0.0819677,0.293476,90.3644,0.127472
Reese McGuire,reese mcguire,624512,0.229913,0.0564655,0.258294,62.2155,0.092711
Thairo Estrada,thairo estrada,642731,0.1910,0.0449,0.2871,81.9,0.1213
Joey Wiemer,joey wiemer,686894,0.321499,0.0961853,0.307039,95.937,0.157364
Masataka Yoshida,masataka yoshida,807799,0.120859,0.0943552,0.33529,111.316,0.122516
Curtis Mead,curtis mead,678554,0.186962,0.0894961,0.319228,104.287,0.157911
Kody Clemens,kody clemens,665019,0.252347,0.0855405,0.307712,95.7569,0.187927
Derek Hill,derek hill,656537,0.294055,0.0753725,0.297074,88.9297,0.139535
Cooper Ingle,cooper ingle,694876,0.2040,0.1155,0.3160,103.4,0.1374
Pavin Smith,pavin smith,656976,0.257315,0.125521,0.323904,106.485,0.16359
Kaelen Culpepper,kaelen culpepper,701785,0.2208,0.0772,0.3050,93.9,0.1477
Javier Báez,javier baez,595879,0.227036,0.032304,0.278917,76.4287,0.132575
Ryan Ritter,ryan ritter,690022,0.273631,0.0750927,0.323946,93.8454,0.158284
Noelvi Marte,noelvi marte,682622,0.240934,0.0609119,0.289859,79.2678,0.13361
Max Kepler,max kepler,596146,0.2003,0.0932,0.3138,100.2,0.1734
Sam Haggerty,sam haggerty,664059,0.246257,0.079829,0.284405,81.8652,0.0974319
Leo Rivas,leo rivas,660844,0.271925,0.134276,0.273264,79.3166,0.0759672
Jose Iglesias,jose iglesias,578428,0.1672,0.0520,0.2876,82.3,0.0862
Hyeseong Kim,hyeseong kim,808975,0.260803,0.0594053,0.299209,91.0618,0.11597
Christopher Morel,christopher morel,666624,0.307297,0.0907084,0.301544,90.8114,0.166106
Drew Gilbert,drew gilbert,687551,0.191935,0.0741394,0.298988,92.7952,0.140022
Dane Myers,dane myers,667472,0.245409,0.0991207,0.313393,95.3896,0.118991
Nick Castellanos,nick castellanos,592206,0.244393,0.0573373,0.279295,80.6499,0.137891
Emmanuel Rodriguez,emmanuel rodriguez,691181,0.3280,0.1452,0.3182,103.0,0.1544
Rafael Marchán,rafael marchan,665561,0.174403,0.0566118,0.222355,36.295,0.0844822
Triston Casas,triston casas,671213,0.2497,0.1231,0.3283,106.5,0.1833
Starling Marte,starling marte,516782,0.219765,0.0569922,0.318448,100.894,0.115548
Jett Williams,jett williams,702518,0.2560,0.0969,0.2963,89.3,0.1415
Graham Pauley,graham pauley,688363,0.213862,0.0790849,0.275764,73.1511,0.139805
Owen Caissie,owen caissie,683357,0.348953,0.0901556,0.306463,94.181,0.15468
Adrian Del Castillo,adrian del castillo,680728,0.300833,0.0688264,0.285761,80.3563,0.158089
José Tena,jose tena,677588,0.258576,0.0725138,0.313582,100.419,0.136911
Jon Berti,jon berti,542932,0.2151,0.0754,0.2847,80.3,0.0870
Alejandro Osuna,alejandro osuna,696030,0.213844,0.103449,0.317939,104.966,0.120139
Heriberto Hernández,heriberto hernandez,681715,0.267383,0.11451,0.293005,84.9619,0.139913
Jorge Mateo,jorge mateo,622761,0.293021,0.0535365,0.286941,81.6782,0.149389
Tyrone Taylor,tyrone taylor,621438,0.206112,0.0415234,0.270662,74.2981,0.135912
Enrique Hernández,enrique hernandez,571771,0.2199,0.0743,0.2907,85.2,0.1517
Hao-Yu  Lee,haoyu  lee,701678,0.233398,0.078363,0.289003,83.3763,0.136584
Miguel Andujar,miguel andujar,609280,0.155471,0.047054,0.319679,108.314,0.151577
Elias Díaz,elias diaz,553869,0.216509,0.0662977,0.294328,84.2788,0.144037
Rafael Flores Jr.,rafael flores jr,804668,0.2829,0.0787,0.2977,87.7,0.1384
CJ Kayfus,cj kayfus,692216,0.282878,0.0933534,0.33041,113.336,0.183649
James Outman,james outman,681546,0.347325,0.0979691,0.297578,88.776,0.175592
Colby Thomas,colby thomas,687515,0.293113,0.0600715,0.317748,100.609,0.185745
Braxton Fulford,braxton fulford,690924,0.272464,0.0698999,0.316869,88.9974,0.168605
Ryan Mountcastle,ryan mountcastle,663624,0.24035,0.0583088,0.318512,105.399,0.166963
César Salazar,cesar salazar,663967,0.181553,0.087285,0.289943,84.8497,0.113902
Andrew McCutchen,andrew mccutchen,457705,0.261942,0.117613,0.299257,92.0962,0.129243
Taylor Trammell,taylor trammell,666211,0.282733,0.117576,0.329594,112.164,0.174743
Spencer Jones,spencer jones,682987,0.3817,0.0818,0.2883,84.3,0.1718
Andrew Benintendi,andrew benintendi,643217,0.233218,0.0746681,0.300725,91.4446,0.145987
Cody Freeman,cody freeman,683227,0.1542,0.0565,0.2837,81.3,0.1253
Edwin Arroyo,edwin arroyo,695490,0.2134,0.0597,0.2893,78.9,0.1173
Blake Dunn,blake dunn,694362,0.282429,0.0923305,0.319025,99.2477,0.129494
Dominic Smith,dominic smith,642086,0.182714,0.0686657,0.324233,107.224,0.15745
Myles Straw,myles straw,664702,0.165757,0.0824726,0.294757,88.1944,0.099494
Michael Conforto,michael conforto,624424,0.260885,0.121021,0.335986,117.539,0.181103
Brett Harris,brett harris,695391,0.203209,0.0943911,0.300641,88.8247,0.121538
Walker Jenkins,walker jenkins,805805,0.2141,0.0938,0.3082,96.1,0.1331
Alek Thomas,alek thomas,677950,0.228003,0.0473645,0.279597,76.1339,0.147681
Brandon Lockridge,brandon lockridge,663604,0.261248,0.0894728,0.304802,95.1392,0.0823229
Wilmer Flores,wilmer flores,527038,0.1785,0.0809,0.2945,87.0,0.1425
Lenyn Sosa,lenyn sosa,672820,0.224887,0.0321482,0.286921,82.7155,0.148594
Andruw Monasterio,andruw monasterio,655316,0.21508,0.0926803,0.306394,91.4114,0.127646
Santiago Espinal,santiago espinal,669289,0.136939,0.0573736,0.266296,68.5155,0.0797318
Isiah Kiner-Falefa,isiah kinerfalefa,643396,0.153637,0.0497903,0.26885,65.5485,0.06101
Jim Jarvis,jim jarvis,805347,0.174038,0.0527753,0.260247,63.3917,0.0702439
Henry Bolte,henry bolte,703607,0.2906,0.0855,0.3108,95.8,0.1502
Nick Loftin,nick loftin,679845,0.14079,0.112341,0.31883,101.157,0.128316
Austin Slater,austin slater,596103,0.306881,0.104065,0.293508,89.3082,0.097698
A.J. Ewing,aj ewing,805999,0.2319,0.0925,0.3020,95.8,0.1239
Rodolfo Durán,rodolfo duran,660710,0.238373,0.0559147,0.282511,82.8531,0.150752
Kristian Campbell,kristian campbell,692225,0.2612,0.0958,0.3120,95.2,0.1276
Brett Sullivan,brett sullivan,664954,0.177719,0.069778,0.291204,71.416,0.12479
Max Schuemann,max schuemann,680474,0.221605,0.112385,0.298583,91.3546,0.108872
Ronny Mauricio,ronny mauricio,677595,0.267402,0.0523295,0.287906,86.111,0.147183
Austin Barnes,austin barnes,605131,0.2323,0.0807,0.2590,62.6,0.0782
Dom Keegan,dom keegan,681371,0.2881,0.0816,0.2867,81.1,0.1400
George Lombard Jr.,george lombard jr,806146,0.2486,0.0972,0.2944,88.5,0.1278
Braden Montgomery,braden montgomery,695731,0.2858,0.0784,0.2903,84.3,0.1395
Mark Canha,mark canha,592192,0.1994,0.0907,0.3042,93.7,0.1224
Andy Ibáñez,andy ibanez,628451,0.188367,0.0682844,0.274482,76.2037,0.114054
Taylor Walls,taylor walls,670764,0.242484,0.10912,0.271584,70.7455,0.0869713
Jorge Barrosa,jorge barrosa,678489,0.246336,0.0808373,0.278576,75.4347,0.130166
Nelson Velázquez,nelson velazquez,676369,0.2682,0.0831,0.3030,95.3,0.1767
Cooper Pratt,cooper pratt,806198,0.2092,0.0865,0.2941,87.8,0.1257
Aidan Miller,aidan miller,805795,0.2630,0.0957,0.3000,89.5,0.1308
Jhonny Pereda,jhonny pereda,640902,0.24308,0.0982497,0.288483,89.8002,0.0789345
Tristan Gray,tristan gray,656484,0.30577,0.0615234,0.296694,88.1669,0.165239
Kyle Farmer,kyle farmer,571657,0.228438,0.0508739,0.279002,76.2398,0.114843
Juan Brito,juan brito,682877,0.226889,0.0950728,0.286721,83.2396,0.128834
Jhostynxon Garcia,jhostynxon garcia,691373,0.2827,0.0639,0.2915,83.4,0.1483
Adael Amador,adael amador,691182,0.1679,0.0928,0.3024,79.1,0.1167
Tyler Locklear,tyler locklear,682988,0.2683,0.0813,0.3078,95.4,0.1480
Gabriel Gonzalez,gabriel gonzalez,694224,0.1916,0.0542,0.3025,92.1,0.1311
Mike Tauchman,mike tauchman,643565,0.2311,0.1207,0.3114,102.2,0.1309
Anthony Santander,anthony santander,623993,0.2249,0.0950,0.3207,106.0,0.2082
Blake Perkins,blake perkins,663368,0.264524,0.102241,0.266461,68.8741,0.103085
Esmerlyn Valdez,esmerlyn valdez,699013,0.2803,0.0835,0.3025,90.9,0.1536
Johan Rojas,johan rojas,679032,0.2153,0.0541,0.2764,73.3,0.1006
Cole Carrigg,cole carrigg,694249,0.2328,0.0731,0.3113,85.2,0.1505
César Prieto,cesar prieto,693409,0.151001,0.0451555,0.28924,85.8721,0.111498
Tim Tawa,tim tawa,694374,0.244302,0.0876129,0.273349,71.8539,0.130987
Eric Haase,eric haase,606992,0.311532,0.0596853,0.28397,82.5073,0.138849
Cameron Cauley,cameron cauley,695508,0.2937,0.0704,0.2673,70.1,0.1255
Will Wagner,will wagner,695238,0.1811,0.0925,0.2936,90.4,0.0982
Manuel Margot,manuel margot,622534,0.1787,0.0643,0.2904,84.2,0.1084
Josh Rojas,josh rojas,668942,0.2146,0.0912,0.2930,83.4,0.1200
Kameron Misner,kameron misner,670224,0.3040,0.1010,0.2931,83.4,0.1477
Zach Dezenzo,zach dezenzo,701305,0.296204,0.0696757,0.309775,98.5118,0.173499
Justyn-Henry Malloy,justynhenry malloy,669234,0.2780,0.1205,0.3068,95.0,0.1349
Gio Urshela,gio urshela,570482,0.1863,0.0628,0.2871,81.9,0.1028
Luis Lara,luis lara,800325,0.2028,0.0864,0.2958,89.0,0.1182
Zac Veen,zac veen,691728,0.2454,0.0803,0.3014,78.4,0.1392
Paul DeJong,paul dejong,657557,0.3019,0.0681,0.2857,81.1,0.1717
Brock Wilken,brock wilken,694385,0.3188,0.1118,0.2846,81.3,0.1494
Bryan Torres,bryan torres,663494,0.1759,0.0937,0.2973,91.4,0.0806
Shay Whitcomb,shay whitcomb,694376,0.321784,0.0693974,0.30022,91.9293,0.182147
Tommy Troy,tommy troy,694371,0.2308,0.0780,0.2885,82.2,0.1121
Weston Wilson,weston wilson,642215,0.281095,0.1048,0.306609,97.1996,0.156062
Miles Mastrobuoni,miles mastrobuoni,670156,0.2004,0.0947,0.2729,79.1,0.0786
Justin Foscue,justin foscue,679822,0.168677,0.084069,0.299575,92.3153,0.152932
Garrett Stubbs,garrett stubbs,596117,0.232587,0.0764343,0.276945,73.6909,0.0998524
Tanner Murray,tanner murray,695020,0.229114,0.0509193,0.276891,75.0268,0.119378
Gabriel Rincones Jr.,gabriel rincones jr,687282,0.2680,0.0968,0.2966,87.1,0.1486
Sterlin Thompson,sterlin thompson,694514,0.2365,0.0751,0.3095,83.9,0.1309
Jeferson Quero,jeferson quero,691620,0.196309,0.0791426,0.293027,87.0724,0.142318
Mickey Gasper,mickey gasper,681508,0.1978,0.0977,0.3033,89.3,0.1245
Orlando Arcia,orlando arcia,606115,0.2127,0.0681,0.2751,73.3,0.1242
Maximo Acosta,maximo acosta,691185,0.2445,0.0669,0.2814,77.0,0.1216
Jacob Gonzalez,jacob gonzalez,694378,0.2053,0.0794,0.2868,81.8,0.1306
Chas McCormick,chas mccormick,676801,0.2610,0.0836,0.2931,88.1,0.1426
Josh Kasevich,josh kasevich,688460,0.1571,0.0670,0.2678,69.6,0.0685
Eduardo Valencia,eduardo valencia,680664,0.2262,0.0673,0.2909,84.7,0.1311
Joshua Báez,joshua baez,695491,0.2887,0.0789,0.3079,98.7,0.1653
James Triantos,james triantos,701649,0.1568,0.0518,0.2832,81.4,0.0950
Trei Cruz,trei cruz,669360,0.2615,0.1118,0.2842,80.1,0.1149
Petey Halpin,petey halpin,690984,0.296538,0.0741345,0.267543,70.0286,0.115165
Christian Cairo,christian cairo,686551,0.2380,0.0976,0.2860,79.9,0.1051
Matt Thaiss,matt thaiss,642136,0.2376,0.1190,0.2938,82.7,0.1073
Randal Grichuk,randal grichuk,545341,0.228147,0.0525369,0.286133,81.6123,0.166577
Ryan Kreidler,ryan kreidler,668952,0.290453,0.120267,0.295212,87.1461,0.153913
Kevin Alcántara,kevin alcantara,682634,0.2966,0.0748,0.2943,89.0,0.1504
Jose Siri,jose siri,642350,0.3540,0.0681,0.2907,83.6,0.1802
Johnathan Rodríguez,johnathan rodriguez,671286,0.27947,0.0923197,0.321776,107.647,0.168718
Kyren Paris,kyren paris,677347,0.3360,0.0947,0.2786,75.3,0.1314
Christian Encarnacion-Strand,christian encarnacionstrand,687952,0.2711,0.0530,0.3067,97.3,0.1765
Max Anderson,max anderson,801194,0.1838,0.0511,0.2886,83.1,0.1226
Ryan Bliss,ryan bliss,669208,0.275926,0.0802402,0.272668,78.9062,0.116188
Nelson Rada,nelson rada,703185,0.2328,0.0878,0.2760,73.5,0.0706
Jonatan Clase,jonatan clase,682729,0.2813,0.0816,0.2818,79.3,0.1279
Maverick Handley,maverick handley,668974,0.2670,0.0879,0.2595,64.7,0.0816
Sebastián Rivero,sebastian rivero,665861,0.220396,0.041359,0.236987,46.6171,0.0891711
Luis Vázquez,luis vazquez,676679,0.2485,0.0600,0.2763,76.3,0.1159
Riley Adams,riley adams,656180,0.3236,0.0732,0.2887,83.4,0.1543
Kahlil Watson,kahlil watson,696135,0.3060,0.0874,0.2828,80.5,0.1381
Jared Serna,jared serna,691858,0.1853,0.0662,0.2723,70.8,0.0996
Jonah Bride,jonah bride,681146,0.2335,0.1133,0.2890,85.0,0.1098
Alex Jackson,alex jackson,656577,0.3160,0.0673,0.2826,78.5,0.1678
Austin Wynns,austin wynns,642851,0.250362,0.0693214,0.216622,30.947,0.0727249
Michael Helman,michael helman,680737,0.2442,0.0607,0.2658,69.0,0.1341
Tyler Callihan,tyler callihan,682997,0.2568,0.0741,0.2787,74.6,0.1196
Anthony Seigler,anthony seigler,678011,0.2133,0.1197,0.2927,82.0,0.1058
MJ Melendez,mj melendez,669004,0.310327,0.0781626,0.315567,105.06,0.199939
Nicky Lopez,nicky lopez,670032,0.159544,0.0809455,0.258183,64.2408,0.0596863
Omar Martinez,omar martinez,683079,0.3015,0.0907,0.2809,76.9,0.1379
Chris Taylor,chris taylor,621035,0.3122,0.0888,0.2849,79.6,0.1311
Willie MacIver,willie maciver,680862,0.2682,0.0716,0.2688,70.3,0.1043
RJ Schreck,rj schreck,702302,0.2267,0.1095,0.2975,90.1,0.1369
Stuart Fairchild,stuart fairchild,656413,0.2593,0.0811,0.2923,87.1,0.1355
Seby Zavala,seby zavala,664874,0.3559,0.0816,0.2554,61.1,0.1225
Trey Sweeney,trey sweeney,700242,0.2702,0.0834,0.2806,77.6,0.1325
Heston Kjerstad,heston kjerstad,677008,0.2602,0.0651,0.2965,90.3,0.1462
Denzer Guzman,denzer guzman,694203,0.3011,0.0738,0.2725,71.1,0.1261
Nick Sogard,nick sogard,686765,0.2148,0.1002,0.2894,79.7,0.0944
Alika Williams,alika williams,675961,0.1997,0.0589,0.2771,73.5,0.0956
Otto Kemp,otto kemp,805249,0.29161,0.0692999,0.303546,91.9134,0.151899
Patrick Wisdom,patrick wisdom,621550,0.403077,0.0880219,0.275577,80.9098,0.199845
Billy Cook,billy cook,695257,0.294039,0.0663701,0.281622,76.6219,0.125967
Gustavo Campero,gustavo campero,672569,0.2020,0.0707,0.2915,84.2,0.1216
Héctor Rodríguez,hector rodriguez,699302,0.1802,0.0486,0.2916,80.5,0.1351
Steward Berroa,steward berroa,672642,0.2906,0.0962,0.2620,63.4,0.0913
Nick Madrigal,nick madrigal,663611,0.1157,0.0582,0.2836,78.8,0.0752
Jared Young,jared young,676724,0.230294,0.0969191,0.329685,114.731,0.172862
Tyler Fitzgerald,tyler fitzgerald,666149,0.3058,0.0612,0.2761,75.2,0.1369
Nick Morabito,nick morabito,703492,0.2487,0.0697,0.2808,81.2,0.0895
Jared Oliva,jared oliva,666931,0.220854,0.0583591,0.286526,84.2582,0.125439
Oliver Dunn,oliver dunn,686554,0.3083,0.0864,0.2693,69.8,0.1144
Dylan Carlson,dylan carlson,666185,0.235999,0.109271,0.300943,93.533,0.128795
LaMonte Wade Jr.,lamonte wade jr,664774,0.2188,0.1244,0.3061,95.1,0.1373
Christian Franklin,christian franklin,681047,0.2443,0.1029,0.2919,85.6,0.0997
Victor Mesa Jr.,victor mesa jr,683748,0.2158,0.0674,0.2780,75.2,0.1206
Tre' Morgan,tre morgan,691003,0.2020,0.0952,0.2986,89.4,0.1120
Kristian Robinson,kristian robinson,677565,0.3247,0.0982,0.2823,78.0,0.1146
Korey Lee,korey lee,686676,0.2712,0.0553,0.2680,68.9,0.1256
Junior Perez,junior perez,678577,0.3379,0.0892,0.2868,79.3,0.1581
Vimael Machín,vimael machin,605353,0.1757,0.0807,0.3007,77.9,0.1103
Akil Baddoo,akil baddoo,668731,0.2820,0.1028,0.2923,86.6,0.1485
Mason McCoy,mason mccoy,669200,0.3044,0.0699,0.2486,59.6,0.0974
Ryan Ward,ryan ward,669899,0.255338,0.076143,0.309649,98.2136,0.197629
Tomás Nido,tomas nido,621512,0.2383,0.0478,0.2573,61.5,0.0962
Hayden Senger,hayden senger,663584,0.3000,0.0546,0.2448,56.6,0.0939
Chadwick Tromp,chadwick tromp,644433,0.2573,0.0634,0.2557,60.3,0.1089
Jose Herrera,jose herrera,645444,0.2313,0.0966,0.2519,59.5,0.0689
Matt Koperniak,matt koperniak,689288,0.2074,0.0640,0.2752,76.3,0.0976
Bryce Teodosio,bryce teodosio,669326,0.336938,0.0571595,0.270917,69.9902,0.0926448
Victor Bericoto,victor bericoto,682674,0.2467,0.0600,0.2815,80.8,0.1176
Justin Dean,justin dean,681909,0.3114,0.0863,0.2549,62.0,0.0755
Michael Siani,michael siani,672279,0.2684,0.0902,0.2531,59.5,0.0775
Vidal Bruján,vidal brujan,660644,0.203417,0.0861457,0.278307,79.5352,0.0993488
Jase Bowen,jase bowen,687749,0.3044,0.0604,0.2612,68.2,0.1133
Jacob Melton,jacob melton,689200,0.2906,0.0756,0.2763,74.0,0.1372
Garrett Hampson,garrett hampson,641658,0.2774,0.0775,0.2627,60.7,0.0936
P.J. Higgins,pj higgins,664731,0.25272,0.06844,0.273219,67.8689,0.0974985
Trey Mancini,trey mancini,641820,0.2673,0.0775,0.2855,80.1,0.1263
A.J. Vukovich,aj vukovich,691021,0.2950,0.0609,0.2857,80.3,0.1352
Ethan Murray,ethan murray,696140,0.2951,0.0802,0.2552,61.1,0.0990
Grant McCray,grant mccray,687529,0.3150,0.0787,0.2737,75.5,0.1275
Dominic Fletcher,dominic fletcher,666150,0.2109,0.0582,0.2678,67.2,0.0951
Will Wilson,will wilson,669717,0.280683,0.0757633,0.260186,70.3074,0.119034
Connor Joe,connor joe,656582,0.25028,0.111693,0.283921,86.6577,0.12379
Andrew Pintar,andrew pintar,801464,0.2566,0.0796,0.2863,80.4,0.1202
Oswaldo Cabrera,oswaldo cabrera,665828,0.2198,0.0775,0.2787,77.6,0.1189
Dairon Blanco,dairon blanco,680118,0.2568,0.0601,0.2700,71.9,0.1032
Andrés Chaparro,andres chaparro,665953,0.236516,0.0824378,0.316064,102.119,0.175436
Kemp Alderman,kemp alderman,694580,0.2830,0.0542,0.2845,79.2,0.1313
Christian Koss,christian koss,683766,0.220642,0.0467505,0.280039,79.8142,0.114978
Rece Hinds,rece hinds,677956,0.36748,0.055268,0.300312,86.4287,0.19887
Nate Eaton,nate eaton,681987,0.2519,0.0604,0.2783,72.0,0.1179
Jeimer Candelario,jeimer candelario,600869,0.301165,0.0731655,0.275469,73.1259,0.159904
Robert Hassell III,robert hassell iii,690987,0.2507,0.0727,0.2835,79.8,0.1066
Jorbit Vivas,jorbit vivas,678391,0.136259,0.0859684,0.289846,84.1588,0.0788279
Jace Jung,jace jung,690291,0.248556,0.125009,0.315029,101.305,0.162002
José Azocar,jose azocar,640492,0.229799,0.0499085,0.281645,78.0498,0.10141
Will Brennan,will brennan,686823,0.132055,0.0477792,0.29356,89.0763,0.109828
John Rave,john rave,670231,0.2500,0.0876,0.2928,83.2,0.1398
Tyler Tolbert,tyler tolbert,686475,0.264922,0.0572685,0.273329,69.8133,0.101141
Tyler Black,tyler black,672012,0.2373,0.106244,0.320876,106.15,0.14339
Brandon Drury,brandon drury,592273,0.2374,0.0800,0.2951,84.8,0.1428
Bryan De La Cruz,bryan de la cruz,650559,0.2712,0.0625,0.2879,81.2,0.1391
Jose Fernandez,jose fernandez,699912,0.247769,0.0430684,0.284793,79.693,0.115049
Yohandy Morales,yohandy morales,691002,0.2863,0.0719,0.2894,83.9,0.1241
Matthew Lugo,matthew lugo,683090,0.2986,0.0555,0.2764,73.8,0.1395
Yohel Pozo,yohel pozo,650968,0.0999132,0.0264476,0.277248,77.6571,0.131734
Nick Allen,nick allen,669397,0.192207,0.0738188,0.264219,67.1299,0.0685282
Yohendrick Pinango,yohendrick pinango,682818,0.218335,0.0768288,0.295763,88.8878,0.118433
Tim Elko,tim elko,671284,0.3388,0.0554,0.2791,76.5,0.1335
Charlie Condon,charlie condon,809707,0.2720,0.0805,0.3097,84.1,0.1486
Felix Reyes,felix reyes,694025,0.201121,0.0295767,0.271333,69.8462,0.136544
Abimelec Ortiz,abimelec ortiz,694673,0.2476,0.0789,0.2998,90.9,0.1644
Griffin Conine,griffin conine,665052,0.326634,0.0959547,0.315849,100.611,0.172545
Jacob Berry,jacob berry,694351,0.2096,0.0773,0.2893,82.4,0.1251
Ryan Vilade,ryan vilade,668723,0.223994,0.0826578,0.306732,94.9581,0.133097
Blaine Crim,blaine crim,688760,0.2258,0.0764,0.3111,85.0,0.1532
Richie Palacios,richie palacios,680700,0.202274,0.119064,0.290789,83.9753,0.0956573
Braden Shewmake,braden shewmake,669699,0.204421,0.0544428,0.278942,77.2719,0.140019
Justin Turner,justin turner,457759,0.1879,0.0794,0.2981,89.5,0.1245
Bryce Johnson,bryce johnson,669369,0.283985,0.0838036,0.283025,83.2052,0.0957087
Jarred Kelenic,jarred kelenic,672284,0.282926,0.0888351,0.292196,85.5694,0.131008
Deyvison De Los Santos,deyvison de los santos,691277,0.261777,0.0524209,0.288308,81.7443,0.137119
Troy Johnston,troy johnston,687859,0.201769,0.0751737,0.344412,107.865,0.15015
George Valera,george valera,671655,0.273419,0.0822331,0.2952,89.0803,0.143334
Ildemaro Vargas,ildemaro vargas,545121,0.111548,0.0439963,0.342269,119.066,0.164677
Carlos Santana,carlos santana,467793,0.198309,0.108132,0.279557,76.1066,0.117727
TJ Rumfield,tj rumfield,681198,0.175961,0.0830557,0.328213,96.7684,0.149793
Adam Frazier,adam frazier,624428,0.211716,0.0720188,0.285162,79.8033,0.111721
Zack Short,zack short,670097,0.288866,0.13067,0.279534,76.8538,0.125013
Wander Franco,wander franco,677551,14.7725,8.887,0.3378,116.3,0.1741
Carlos Correa,carlos correa,621043,0.198543,0.102626,0.328347,111.305,0.146835
Cadyn Grenier,cadyn grenier,663760,19.35,11.48,0.3011,93.4,0.111
LuJames Groover,lujames groover,694410,18.3993,9.5621,0.3166,101.5,0.1125
Franklin Arias,franklin arias,808265,14.35,6.41,0.3075,92.1,0.1265
Nate Furman,nate furman,801501,16.7191,10.2797,0.3092,99.8,0.1021
Jonathan India,jonathan india,663697,0.192985,0.114426,0.3189,101.205,0.140742
Ricardo Olivar,ricardo olivar,691627,21.3789,9.4835,0.3027,92.3,0.1362
Euiji Yang,euiji yang,673560,14.48,7.1,0.3016,91.9,0.1191
Bo Davidson,bo davidson,815589,26.0821,8.5024,0.3013,94.4,0.143
Sebastian Walcott,sebastian walcott,806964,23.9,8.87,0.2896,85.4,0.1182
Christian Cerda,christian cerda,692416,21.8314,11.0499,0.2978,88.6,0.1354
Michael Stefanic,michael stefanic,683021,13.9267,10.4094,0.3117,96.4,0.0826
Connor Charping,connor charping,806464,23.4482,9.6751,0.2815,85.0,0.094
Kendall George,kendall george,806077,21.81,10.66,0.296,88.9,0.084
Jurickson Profar,jurickson profar,595777,16.8568,12.1497,0.3311,111.9,0.1476
Payton Eeles,payton eeles,823356,20.8081,9.8072,0.2968,90.5,0.0941
Michael Arroyo,michael arroyo,703197,25.52,8.89,0.29,90.9,0.1233
Nelson Quiroz,nelson quiroz,685716,14.273,7.0774,0.2911,85.5,0.1032
Jesús Made,jesus made,815908,23.82,8.65,0.2874,83.2,0.1085
Wade Meckler,wade meckler,685133,22.65,10.8,0.3042,92.9,0.1027
Luis Urías,luis urias,649966,18.5484,10.3476,0.3087,96.0,0.1291
Vito Friscia,vito friscia,687347,26.13,10.7,0.2895,83.5,0.1216
Austin Dean,austin dean,621573,15.19,7.9,0.3306,111.8,0.174
Cristofer Torin,cristofer torin,800198,19.14,9.16,0.2909,83.9,0.092
Mark Mathias,mark mathias,664029,25.34,10.2,0.307,95.6,0.1254
Jordan Diaz,jordan diaz,672478,20.7947,5.9985,0.2992,90.3,0.1475
Angel Genao,angel genao,694197,20.05,8.07,0.2858,82.6,0.0989
Yonathan Perlaza,yonathan perlaza,666632,23.66,9.7,0.3181,103.2,0.1582
Jack Suwinski,jack suwinski,669261,31.7096,11.5595,0.3079,97.0,0.1887
Buddy Kennedy,buddy kennedy,671083,20.0658,9.7925,0.2996,93.2,0.109
Phil Clarke,phil clarke,671287,16.8311,10.8037,0.2858,82.1,0.0923
Ali Sánchez,ali sanchez,645305,24.0718,7.5194,0.2767,76.3,0.113
Jadher Areinamo,jadher areinamo,699130,16.5435,5.859,0.2865,81.1,0.1241
Khalil Lee,khalil lee,666137,26.28,9.3,0.316,101.8,0.1693
Matthew Wood,matthew wood,687783,18.92,11.26,0.2845,81.3,0.1068
Tucupita Marcano,tucupita marcano,672779,17.8354,7.2286,0.2871,86.0,0.1134
Ramón Rodríguez,ramon rodriguez,670232,18.3948,8.2411,0.2853,81.8,0.1124
Ryan Ignoffo,ryan ignoffo,813883,18.4269,6.1329,0.2862,80.3,0.1224
Phillip Glasser,phillip glasser,701298,16.63,7.78,0.2955,88.0,0.0888
Creed Willems,creed willems,695735,24.63,7.26,0.2815,79.9,0.147
Drew Cavanaugh,drew cavanaugh,701852,30.24,10.38,0.2812,80.6,0.1164
Ronny Simon,ronny simon,682927,20.2687,8.4388,0.2992,88.6,0.1174
Ronaldo Hernández,ronaldo hernandez,660613,22.0806,6.2984,0.2817,79.7,0.1427
Ismael Munguia,ismael munguia,665998,13.7632,7.1038,0.2916,86.0,0.1037
Yasmani Grandal,yasmani grandal,518735,21.9051,9.9997,0.2859,81.1,0.118
Noah Mendlinger,noah mendlinger,702331,13.9148,9.2871,0.2927,88.2,0.0737
Brooks Baldwin,brooks baldwin,681460,23.1446,7.1002,0.3093,97.4,0.16
Nick Solak,nick solak,669256,18.9556,8.9366,0.3001,94.9,0.1071
Tommy White,tommy white,695720,17.91,5.86,0.2976,86.7,0.1282
Chase Pinder,chase pinder,676198,27.18,12.6,0.2957,87.8,0.1219
Connor Caskenette,connor caskenette,683353,24.91,11.26,0.2834,78.4,0.098
Jamie Ritchie,jamie ritchie,657739,23.19,11.8,0.2829,79.0,0.0832
Nate Baez,nate baez,686960,24.2866,8.1207,0.2869,78.0,0.1213
Brett Bateman,brett bateman,703520,23.9198,12.0764,0.2908,86.6,0.0776
Pedro Ramírez,pedro ramirez,699393,19.12,6.69,0.2899,85.9,0.1071
Matt Davidson,matt davidson,571602,29.96,5.4,0.3048,94.1,0.1972
Camden Duzenack,camden duzenack,670427,21.98,6.0,0.2843,80.0,0.1262
Carlos Mendoza,carlos mendoza,685332,19.7185,11.2995,0.2899,84.9,0.0806
Dayson Croes,dayson croes,806401,18.9,6.23,0.2899,86.5,0.0962
Luca Tresh,luca tresh,681123,25.0702,6.9118,0.2841,77.2,0.139
Joshua Kuroda-Grauer,joshua kurodagrauer,811965,11.96,5.56,0.294,84.2,0.095
Jeong Choi,jeong choi,547948,25.4,8.3,0.2953,87.6,0.1636
Garrett Whitley,garrett whitley,663605,29.82,10.6,0.292,85.3,0.143
Nick Mitchell,nick mitchell,814455,23.11,10.09,0.2881,84.2,0.114
Onil Perez,onil perez,692366,18.2061,8.9033,0.2766,77.5,0.0905
Luis Matos,luis matos,682641,0.155607,0.0557826,0.290326,85.2226,0.148803
Javi Vaz,javi vaz,805834,13.097,10.2101,0.2936,83.8,0.0869
Marco Luciano,marco luciano,682617,32.1864,10.669,0.2824,80.2,0.1435
Joseph Sullivan,joseph sullivan,813896,33.39,11.93,0.2877,83.3,0.1378
Ethan Anderson,ethan anderson,803175,22.72,8.93,0.2753,75.6,0.0968
Aaron McKeithan,aaron mckeithan,702463,21.08,8.39,0.2687,76.2,0.096
Ethan Salas,ethan salas,806956,25.92,8.64,0.2732,76.4,0.1216
Raudi Rodriguez,raudi rodriguez,804558,27.21,8.91,0.2905,83.5,0.1249
Enrique Bradfield Jr.,enrique bradfield jr,690961,23.2597,8.9311,0.2831,81.0,0.106
Vinny Capra,vinny capra,681962,23.0269,9.6193,0.2928,82.0,0.112
Rainiel Rodriguez,rainiel rodriguez,823787,24.63,8.89,0.2754,76.4,0.1293
Logan Porter,logan porter,682515,27.8121,10.9709,0.2757,76.8,0.1048
Logan Driscoll,logan driscoll,686482,26.1124,7.0731,0.2743,72.6,0.12
Rikuu Nishida,rikuu nishida,807747,17.78,11.31,0.288,82.7,0.0562
Nick Dunn,nick dunn,680709,13.1757,9.098,0.2919,85.2,0.099
Darrien Miller,darrien miller,687152,29.9291,12.8707,0.2783,77.0,0.1095
Mitchell Tolman,mitchell tolman,664051,21.96,8.9,0.2916,85.0,0.1199
Leo Bernal,leo bernal,699024,22.03,8.3,0.2741,75.5,0.1107
Aron Estrada,aron estrada,800406,20.85,6.48,0.2858,82.8,0.1131
Diego Castillo,diego castillo,660636,21.1033,9.869,0.2849,82.2,0.1094
Francisco Urbaez,francisco urbaez,688005,16.3433,8.5217,0.2977,84.7,0.1018
Samuel Zavala,samuel zavala,694214,25.74,11.41,0.2892,83.5,0.1225
Bryan Lavastida,bryan lavastida,681526,22.9242,8.3831,0.279,73.9,0.1187
Austin Gauthier,austin gauthier,702789,23.92,12.8477,0.2895,84.4,0.0902
Ryan Campos,ryan campos,701481,23.38,10.08,0.2738,75.3,0.0921
Jacob Reimer,jacob reimer,702544,27.54,9.44,0.2851,84.2,0.1234
Max Stassi,max stassi,545358,27.36,9.7,0.2792,76.5,0.1221
Carlos Pérez,carlos perez,542208,22.9738,7.9225,0.2858,82.0,0.1632
Domingo Santana,domingo santana,570267,26.25,8.5,0.3049,94.1,0.1355
Jakson Reetz,jakson reetz,656883,30.0558,8.087,0.2654,73.9,0.1442
Freuddy Batista,freuddy batista,673945,27.13,5.61,0.2739,73.8,0.1335
Noah Cardenas,noah cardenas,681433,26.6552,11.622,0.2765,74.3,0.1078
Aaron Parker,aaron parker,801590,24.87,8.0,0.273,73.2,0.1239
Nick Dini,nick dini,664926,29.38,10.51,0.2762,74.0,0.1325
Austin Allen,austin allen,664119,27.6349,6.7036,0.2757,74.1,0.1443
Josue De Paula,josue de paula,800543,24.23,12.66,0.3069,96.4,0.1244
Ramon Mendoza,ramon mendoza,680636,23.6529,9.2915,0.2866,84.0,0.109
Anthony Prato,anthony prato,668791,24.4502,11.1989,0.2876,82.2,0.0958
Tyler Nevin,tyler nevin,663527,18.458,8.401,0.3124,99.3,0.1506
Ji Hwan Bae,ji hwan bae,678225,25.2222,9.0325,0.2857,84.6,0.0937
Payton Henry,payton henry,668721,28.42,6.5,0.272,73.0,0.1223
Anthony Rendon,anthony rendon,543685,18.5435,10.3976,0.2951,86.7,0.1081
Owen Ayers,owen ayers,689196,29.38,7.99,0.2721,73.7,0.1337
Andy Weber,andy weber,681581,21.15,6.7,0.278,75.8,0.099
Dominic Miroglio,dominic miroglio,641884,23.62,9.0,0.2749,73.5,0.1225
Brandon Butterworth,brandon butterworth,822578,22.77,6.57,0.274,74.7,0.1157
Sam Petersen,sam petersen,695763,30.71,9.06,0.2862,81.6,0.137
Paul McIntosh,paul mcintosh,682192,24.38,8.9393,0.2782,74.5,0.1266
John Peck,john peck,807726,26.8,5.33,0.2754,74.0,0.1093
Joe Rizzo,joe rizzo,666143,24.92,6.7,0.2877,82.4,0.1461
Eliezer Alfonzo,eliezer alfonzo,672613,13.3875,6.9807,0.2742,74.0,0.1013
Homer Bush Jr.,homer bush jr,683344,21.75,7.37,0.2838,79.2,0.0869
Cole Messina,cole messina,701783,20.67,9.0,0.293,72.7,0.1164
Corey Joyce,corey joyce,687144,27.46,10.67,0.2839,81.5,0.101
Stevie Berman,stevie berman,670281,25.66,11.2,0.2744,73.2,0.1127
Elijah Hainline,elijah hainline,809944,29.33,9.97,0.2765,75.5,0.1099
Charles McAdoo,charles mcadoo,807727,27.9059,7.7017,0.2838,80.7,0.1421
Hendry Mendez,hendry mendez,694230,19.01,10.09,0.3074,95.6,0.1186
Victor Reyes,victor reyes,622682,15.73,6.3,0.3149,101.0,0.125
James Nelson,james nelson,663445,25.73,6.51,0.2835,80.4,0.129
John Hicks,john hicks,543308,28.85,6.6,0.2747,73.4,0.1399
Ryan Fitzgerald,ryan fitzgerald,680837,23.694,7.5712,0.2875,83.1,0.1382
Jeter Downs,jeter downs,669023,24.81,9.2,0.2907,84.4,0.1433
Tomas Frick,tomas frick,694281,25.67,8.02,0.27,71.6,0.1138
Brett Callahan,brett callahan,814430,26.07,6.84,0.2846,80.4,0.1371
Shane McGuire,shane mcguire,676063,25.3158,11.1087,0.2758,71.7,0.0911
Enmanuel Valdez,enmanuel valdez,665839,21.6072,9.4381,0.3094,95.7,0.1647
Charles Leblanc,charles leblanc,641779,28.3686,10.9036,0.297,88.7,0.1245
Baek-ho Kang,baekho kang,,21.24,7.9,0.3009,91.4,0.1423
William Bergolla Jr.,william bergolla jr,703151,9.2588,6.7001,0.2807,77.7,0.0639
Emmanuel Rivera,emmanuel rivera,656896,21.8295,7.3572,0.2911,86.5,0.1153
Abrahan Gutierrez,abrahan gutierrez,670868,21.61,6.81,0.2693,71.2,0.1017
Stephen Scott,stephen scott,679663,26.5545,9.1026,0.2737,72.7,0.1281
Griffin Lockwood-Powell,griffin lockwoodpowell,674976,26.721,9.7715,0.2722,72.5,0.1218
Brian O'Keefe,brian okeefe,657247,28.46,7.49,0.2637,72.7,0.1384
Chris Williams,chris williams,675910,35.81,10.36,0.2672,71.9,0.1442
Eddie Micheletti Jr.,eddie micheletti jr,804446,22.15,11.8,0.3042,94.7,0.14
José Rodríguez,jose rodriguez,679563,17.8741,5.0011,0.2845,80.1,0.121
Luke Maile,luke maile,571912,28.5495,9.7106,0.2811,75.2,0.1104
Sam Huff,sam huff,669087,0.353901,0.0738577,0.28699,83.6848,0.1533
Mel Rojas Jr.,mel rojas jr,592692,21.1,8.8,0.3025,92.5,0.1484
Blake Hunt,blake hunt,675448,26.99,7.13,0.2663,71.7,0.1266
Andrew Knizner,andrew knizner,668800,20.4103,7.8981,0.2975,75.7,0.1252
Lorenzo Cedrola,lorenzo cedrola,661411,20.63,5.95,0.2817,79.8,0.1047
Carson Roccaforte,carson roccaforte,811287,31.09,9.81,0.287,79.2,0.1376
Yunior Severino,yunior severino,670870,32.2466,8.9703,0.2858,80.7,0.1401
Ben Rortvedt,ben rortvedt,666163,25.9198,9.8506,0.2698,73.7,0.1036
Orlando Martinez,orlando martinez,678636,22.0983,7.9795,0.2829,80.8,0.1158
Spencer Packard,spencer packard,689070,19.4817,10.3757,0.2962,95.1,0.1081
Jose Cordova,jose cordova,682276,21.94,8.0,0.291,71.2,0.109
Cole Conn,cole conn,813833,25.9,9.8,0.273,69.8,0.1006
Guillermo Heredia,guillermo heredia,628338,18.28,4.9,0.3081,96.4,0.1264
Leo Balcazar,leo balcazar,699114,19.84,7.61,0.283,74.6,0.102
Victor Arias,victor arias,692478,25.83,8.1,0.2824,79.7,0.1139
Nacho Alvarez Jr.,nacho alvarez jr,805373,22.2997,8.5732,0.2868,81.6,0.1012
Will Taylor,will taylor,696142,29.66,9.14,0.2872,80.5,0.1284
Thayron Liranzo,thayron liranzo,699073,30.58,9.75,0.2694,69.9,0.123
DJ LeMahieu,dj lemahieu,518934,21.1516,10.0008,0.2989,90.0,0.1019
Kyoung-min Hur,kyoungmin hur,673482,9.62,5.6,0.2879,82.5,0.0873
Gage Workman,gage workman,669398,33.855,8.1388,0.2818,78.4,0.1445
Jack Brannigan,jack brannigan,687394,30.5,7.83,0.2777,74.0,0.1355
Nolan Jones,nolan jones,666134,29.9757,11.703,0.305,95.8,0.142
Chris Suero,chris suero,801523,34.26,11.18,0.2638,69.6,0.1139
Eguy Rosario,eguy rosario,666703,29.4277,7.9294,0.281,81.9,0.1533
Alfredo Duno,alfredo duno,806957,28.03,11.06,0.2772,70.6,0.1212
Tatem Levins,tatem levins,694420,30.08,10.61,0.2695,69.3,0.1118
Leonel Valera,leonel valera,665987,24.56,5.31,0.2766,72.0,0.1163
Eli Wilson,eli wilson,670250,25.99,6.7,0.2688,69.3,0.1251
Luke Waddell,luke waddell,680672,16.4485,9.5557,0.2752,73.6,0.0745
Osleivis Basabe,osleivis basabe,678545,18.72,5.54,0.2734,75.2,0.104
Taegun Kim,taegun kim,673493,12.59,4.6,0.2715,71.2,0.0937
Lazaro Montes,lazaro montes,703155,33.78,10.08,0.2928,92.8,0.1678
Jose Miranda,jose miranda,669304,19.6522,5.7194,0.2879,86.5,0.1362
Blake Rambusch,blake rambusch,800683,22.07,8.29,0.2689,76.3,0.0661
Tom Murphy,tom murphy,608596,27.8663,8.6014,0.2901,84.0,0.1469
Graysen Tarlow,graysen tarlow,815104,26.99,9.19,0.2654,69.5,0.0876
Billy Amick,billy amick,701771,30.7,8.05,0.2836,79.2,0.1291
Jefferson Rojas,jefferson rojas,800473,22.15,7.99,0.2707,72.8,0.1024
Ben Ross,ben ross,805346,25.9617,8.2471,0.2716,70.9,0.1217
Erik Ostberg,erik ostberg,675964,27.06,7.7,0.2683,69.0,0.1257
Ross Adolph,ross adolph,680244,34.21,10.1,0.2829,79.1,0.132
Mike Zunino,mike zunino,572287,35.78,8.0,0.2717,71.3,0.1713
Manuel Pena,manuel pena,694211,23.62,4.38,0.2852,80.0,0.1236
Adrián Sugastey,adrian sugastey,692368,15.5796,5.0424,0.2644,69.1,0.1024
Andrick Nava,andrick nava,682774,22.99,9.15,0.2665,68.9,0.0989
Jon Jon Gazdar,jon jon gazdar,822501,14.3,6.72,0.28,79.5,0.0802
Marco Dinges,marco dinges,701392,27.88,9.65,0.2666,69.0,0.1178
Julio E. Rodriguez,julio e rodriguez,667372,27.33,7.59,0.2563,67.7,0.1156
Curt Casali,curt casali,592200,23.3158,10.3997,0.2851,80.5,0.1069
Estevan Florial,estevan florial,664314,30.5663,9.3798,0.296,89.7,0.1557
Caleb Lomavita,caleb lomavita,701616,23.62,5.42,0.2674,68.8,0.1035
Ho-young Son,hoyoung son,656098,20.13,4.4,0.2739,72.9,0.1085
Minho Kang,minho kang,547946,19.9,6.5,0.2703,70.4,0.1021
Murphy Stehly,murphy stehly,693822,26.72,7.13,0.2821,78.1,0.117
Milan Tolentino,milan tolentino,675455,32.3313,8.572,0.2672,69.8,0.1304
Austin Overn,austin overn,702556,31.91,8.18,0.2746,72.8,0.1259
Bryant Betancourt,bryant betancourt,700164,21.39,7.31,0.2864,68.1,0.1272
Jose Rojas,jose rojas,670351,24.22,8.82,0.2896,87.3,0.1655
Nick Raposo,nick raposo,695596,24.35,7.49,0.2553,66.9,0.0979
Michael Hermosillo,michael hermosillo,641684,26.91,7.1,0.2963,88.3,0.1629
Cal Stevenson,cal stevenson,670276,25.9447,13.0711,0.2898,83.9,0.1065
Kyle Nevin,kyle nevin,693819,27.05,7.17,0.2811,78.7,0.1256
Gavin Collins,gavin collins,641468,17.21,7.2,0.2672,68.2,0.1064
Malcom Nuñez,malcom nunez,682650,21.2503,6.9993,0.2819,78.3,0.1203
Rodolfo Castro,rodolfo castro,666801,26.9125,8.0963,0.2845,80.1,0.1497
Mike Sirota,mike sirota,701527,28.49,10.56,0.301,92.3,0.1598
Randy Florentino,randy florentino,678594,21.57,6.6,0.2652,66.9,0.1093
Rob Brantly,rob brantly,542963,21.8068,5.9025,0.2709,70.8,0.1022
James Tibbs III,james tibbs iii,696486,28.76,10.36,0.3012,92.4,0.1631
Jarryd Dale,jarryd dale,673062,19.3,7.7,0.2718,71.4,0.0942
Andrew Cossetti,andrew cossetti,681355,31.8019,9.9885,0.2658,66.9,0.1185
Kody Huff,kody huff,687627,26.7125,7.5694,0.2626,66.7,0.1045
Andrew Bechtold,andrew bechtold,657510,28.72,8.64,0.2851,79.3,0.1478
Alex Verdugo,alex verdugo,657077,16.323,8.3398,0.3018,96.0,0.1215
Zack Collins,zack collins,641470,33.16,11.3,0.2763,74.5,0.1252
Brian Navarreto,brian navarreto,640459,24.9485,6.1334,0.2655,66.1,0.12
Ivan Johnson,ivan johnson,671155,31.6833,8.4222,0.2868,77.2,0.1478
Brendan Rodgers,brendan rodgers,663898,26.1296,7.6115,0.2901,80.2,0.1236
Lucas Spence,lucas spence,828599,29.6,9.62,0.2783,76.9,0.1169
Dylan O'Rae,dylan orae,802506,24.193,11.0612,0.2759,75.3,0.0764
Diego Velasquez,diego velasquez,694196,18.5234,9.2942,0.2779,78.3,0.0733
Duce Gourson,duce gourson,701546,26.18,9.04,0.282,76.9,0.1039
Ariel Armas,ariel armas,813666,22.08,7.89,0.2619,66.8,0.0924
Allan Cerda,allan cerda,678323,34.91,10.2,0.2808,77.6,0.1593
Michael De La Cruz,michael de la cruz,631222,20.96,8.64,0.2603,67.7,0.0926
Jace Avina,jace avina,701778,31.48,7.62,0.2779,77.1,0.1421
Jacob Cozart,jacob cozart,695524,27.62,8.37,0.2616,65.9,0.1068
Carlos Rodríguez,carlos rodriguez,677578,16.2258,8.4426,0.275,77.7,0.079
Peyton Graham,peyton graham,689931,25.24,8.44,0.2679,68.8,0.0865
Michael Papierski,michael papierski,657709,25.0202,10.3996,0.271,70.8,0.1016
Brett Wisely,brett wisely,689172,24.2265,7.9672,0.2825,78.6,0.1159
Jhonkensy Noel,jhonkensy noel,678877,28.2476,5.9799,0.2976,91.0,0.1934
Alexander Ovalles,alexander ovalles,678900,28.94,9.4,0.28,77.1,0.1302
Archer Brookman,archer brookman,666386,24.7,7.57,0.2651,66.7,0.1004
Dylan Dreiling,dylan dreiling,702662,25.52,8.67,0.2765,76.4,0.1204
Jace Bohrofen,jace bohrofen,690957,34.58,9.3,0.2774,76.3,0.1443
Damon Dues,damon dues,680815,26.86,11.45,0.2741,77.1,0.0759
Rhylan Thomas,rhylan thomas,689041,10.486,6.5893,0.2906,91.2,0.0851
Luke Berryhill,luke berryhill,666124,35.5,9.9,0.2632,65.5,0.1142
Roc Riggio,roc riggio,691792,25.11,9.39,0.2992,76.9,0.1452
Jamie Westbrook,jamie westbrook,642197,20.8928,8.703,0.2865,81.5,0.1128
JJ Schwarz,jj schwarz,656943,28.81,8.8,0.2644,66.3,0.1102
Mitch Jebb,mitch jebb,694991,15.72,8.84,0.2811,76.3,0.0794
Bryan Arias,bryan arias,687035,28.14,9.3,0.2795,76.7,0.127
Miguel Palma,miguel palma,682692,25.3565,8.1254,0.2612,65.6,0.1088
Alejo Lopez,alejo lopez,664670,18.17,8.59,0.2798,83.8,0.075
Braylen Wimmer,braylen wimmer,687918,24.5,5.73,0.2983,76.3,0.1221
Jordan Groshans,jordan groshans,677954,20.0153,8.4709,0.2833,79.2,0.1022
David Bote,david bote,623520,24.252,7.3668,0.2872,82.8,0.1373
Onix Vega,onix vega,681974,22.18,9.24,0.2586,66.0,0.0859
Omar Alfonzo,omar alfonzo,692657,30.12,8.94,0.2665,66.2,0.1113
Caleb Ricketts,caleb ricketts,681080,23.96,5.62,0.2657,66.0,0.1202
Tyler Payne,tyler payne,665066,23.01,5.1,0.2639,66.0,0.1004
Tirso Ornelas,tirso ornelas,672359,21.6858,8.6423,0.2962,92.2,0.1331
Seth Stephenson,seth stephenson,700931,22.01,5.83,0.2724,71.9,0.0944
Jake Fox,jake fox,695780,25.34,11.1,0.276,75.8,0.1053
Whit Merrifield,whit merrifield,593160,17.633,7.996,0.283,79.1,0.0955
Colby Smelley,colby smelley,702457,25.91,7.2,0.2626,65.1,0.0908
Matt Scheffler,matt scheffler,688032,27.22,9.7,0.2619,64.6,0.0882
Jonathon Long,jonathon long,675085,23.1335,9.4941,0.3079,98.3,0.13
Riley Unroe,riley unroe,624523,27.79,10.02,0.2675,69.4,0.0967
Peyton Wilson,peyton wilson,686523,26.1552,8.7081,0.2812,75.3,0.1053
Rougned Odor,rougned odor,596059,22.18,8.0,0.2885,82.9,0.1344
Moisés Castillo,moises castillo,665940,20.34,8.2,0.2691,69.5,0.0883
Elih Marrero,elih marrero,663503,27.81,7.91,0.2638,63.3,0.0991
Dub Gleed,dub gleed,801957,25.44,8.2,0.2769,75.9,0.1094
Ruben Cardenas,ruben cardenas,665180,23.52,7.5,0.2989,90.0,0.1523
Payton Green,payton green,700243,26.29,7.14,0.2701,69.3,0.106
Braiden Ward,braiden ward,685274,23.79,7.41,0.2961,84.3,0.0998
Canyon Brown,canyon brown,701401,24.39,6.51,0.2638,63.2,0.1001
Tony Kemp,tony kemp,643393,14.1127,8.9,0.2856,80.9,0.0989
Scott Kapers,scott kapers,663727,26.39,6.5,0.261,64.0,0.1237
Alex Stone,alex stone,694565,21.65,5.4,0.259,63.6,0.1071
Jake Gelof,jake gelof,695372,31.17,9.37,0.2775,76.2,0.1579
Patrick Winkel,patrick winkel,680868,31.15,7.0,0.2592,63.7,0.1154
Andres Sosa,andres sosa,703245,29.7197,9.4005,0.2593,63.8,0.1025
Ronaiker Palma,ronaiker palma,681623,18.65,6.6,0.2611,64.1,0.0806
Micael Ramirez,micael ramirez,676017,21.42,8.0,0.261,64.0,0.0911
Jose Mujica,jose mujica,678796,23.03,5.66,0.2633,63.1,0.115
José Briceño,jose briceno,593993,25.96,5.4,0.2616,64.4,0.13
Samad Taylor,samad taylor,669392,24.6926,9.0388,0.2929,90.0,0.119
Connor Hollis,connor hollis,667442,21.9328,7.6263,0.2735,76.7,0.0839
Bennett Thompson,bennett thompson,701750,24.03,10.29,0.2578,63.3,0.0836
Michael Brantley,michael brantley,488726,17.9,9.8,0.3111,98.4,0.1126
Jansel Luis,jansel luis,800306,21.02,4.78,0.2788,75.6,0.1017
Nate Mondou,nate mondou,670148,21.7067,9.3366,0.2825,82.8,0.0954
Keiner Delgado,keiner delgado,700731,24.54,10.34,0.2802,75.7,0.1046
Jose Peroza,jose peroza,672692,31.18,8.1,0.2778,75.6,0.1279
Orelvis Martinez,orelvis martinez,682619,27.8919,8.3004,0.2783,75.9,0.1582
Evan Mendoza,evan mendoza,656734,20.77,9.5,0.2686,69.2,0.0733
Jesús Bastidas,jesus bastidas,665846,27.5981,6.6315,0.2701,69.3,0.1218
Gabriel Cancel,gabriel cancel,663708,30.51,8.4,0.2751,74.6,0.1324
Danny Mendick,danny mendick,664901,21.4652,6.8979,0.2801,77.1,0.1146
Chad Stevens,chad stevens,677060,27.0646,7.1077,0.3006,77.8,0.1313
Justin Connell,justin connell,676667,24.05,9.6,0.2969,88.7,0.1288
Kevin Plawecki,kevin plawecki,608700,21.61,7.6,0.2678,68.7,0.1048
Jake Slaughter,jake slaughter,670237,29.1664,7.1998,0.2778,75.6,0.1234
Donovan Walton,donovan walton,622268,17.8247,8.5229,0.284,79.0,0.1104
Marcos Castañon,marcos castanon,676203,26.0669,6.6312,0.2722,75.8,0.125
Seth Brown,seth brown,664913,28.0154,8.132,0.3028,94.2,0.1793
Kevin Parada,kevin parada,691006,30.8614,7.9032,0.256,64.3,0.111
Juan Yepez,juan yepez,660766,18.2892,7.8786,0.3052,94.7,0.1588
Jorge Bonifacio,jorge bonifacio,593528,25.33,8.8,0.2943,86.9,0.1487
Daniel Vogelbach,daniel vogelbach,596129,24.1684,13.001,0.321,105.2,0.1611
Kane Kepley,kane kepley,823807,24.87,12.28,0.273,74.4,0.0856
Jason Delay,jason delay,641511,23.9314,7.3103,0.2593,58.9,0.0848
Arquímedes Gamboa,arquimedes gamboa,660614,28.49,10.7,0.2667,67.9,0.0936
Termarr Johnson,termarr johnson,702261,22.73,10.14,0.2794,75.1,0.0965
Liover Peguero,liover peguero,678894,25.5998,6.732,0.2715,70.0,0.1196
Frank Rodriguez,frank rodriguez,684491,24.53,6.88,0.2589,63.4,0.1137
David MacKinnon,david mackinnon,676950,17.63,8.8,0.3045,93.9,0.1265
Daz Cameron,daz cameron,663662,27.7242,7.8367,0.2965,89.5,0.1609
Calvin Harris,calvin harris,691941,24.16,7.31,0.2581,62.1,0.0915
Sam Hilliard,sam hilliard,656541,31.8048,9.3011,0.2978,89.3,0.1704
Jonah Cox,jonah cox,813841,24.59,7.22,0.2887,85.7,0.1125
Bryan Ramos,bryan ramos,682868,25.1934,7.8505,0.2729,73.9,0.1276
Jonah Advincula,jonah advincula,809945,22.36,11.4,0.29,85.5,0.1068
Danny Serretti,danny serretti,681400,24.42,9.85,0.2784,75.3,0.1024
Wyatt Hendrie,wyatt hendrie,689134,28.4,8.44,0.2613,62.7,0.1045
Chuckie Robinson,chuckie robinson,642020,26.9479,5.6829,0.2542,60.2,0.1024
Michael Pérez,michael perez,605421,27.65,8.2,0.2611,64.1,0.1216
Nick Kahle,nick kahle,685277,25.85,7.3,0.2585,62.3,0.1121
Kenny Piper,kenny piper,700652,32.4318,8.1831,0.2579,61.3,0.1327
Sam Praytor,sam praytor,671217,25.74,8.04,0.2601,62.4,0.1065
Turner Hill,turner hill,806367,15.18,9.0,0.2917,87.8,0.0951
Ian Lewis Jr.,ian lewis jr,691588,19.79,6.43,0.2742,72.1,0.1043
Sergio Alcántara,sergio alcantara,642727,25.2792,11.7491,0.2786,74.8,0.0923
Cayden Wallace,cayden wallace,691024,24.0363,6.6012,0.2761,74.7,0.1247
Marco Vargas,marco vargas,804614,25.48,9.54,0.2596,66.7,0.0713
Ronald Rosario,ronald rosario,691385,24.22,6.31,0.263,61.5,0.1096
Jacob Amaya,jacob amaya,676070,25.9676,8.9581,0.2717,70.7,0.1091
Kevin Newman,kevin newman,621028,18.3945,5.912,0.273,69.6,0.0869
Euribiel Angeles,euribiel angeles,683494,13.5066,5.4646,0.2783,73.4,0.0887
Edwin Díaz,edwin diaz,641521,29.04,7.42,0.2651,67.8,0.1366
Derek Berg,derek berg,815074,33.24,8.34,0.2609,62.4,0.1084
Silas Ardoin,silas ardoin,686976,32.8657,10.1963,0.2554,61.9,0.0949
Chris Sargent,chris sargent,690053,29.93,6.53,0.2522,62.1,0.1193
Chase Davis,chase davis,690971,30.97,9.79,0.2731,74.8,0.1119
Kevin Kiermaier,kevin kiermaier,595281,26.9444,6.4978,0.276,74.3,0.1225
Wyatt Young,wyatt young,696281,26.0033,10.1633,0.2609,67.6,0.0662
Devin Mann,devin mann,669471,27.6356,9.5975,0.2766,74.7,0.1179
Brendan Jones,brendan jones,800957,26.0,11.05,0.294,85.6,0.1308
Garrett Wolforth,garrett wolforth,663446,30.77,6.6,0.257,61.2,0.1231
Mark Kolozsvary,mark kolozsvary,656627,32.16,7.73,0.2601,62.2,0.1309
Joshua Palacios,joshua palacios,641943,23.4798,8.4024,0.2996,90.5,0.1371
Cooper Hummel,cooper hummel,669450,28.8127,12.4978,0.2997,90.6,0.1357
Johan Mieses,johan mieses,644407,29.7,9.5,0.2962,88.2,0.1623
Gavin Logan,gavin logan,678099,33.7,9.85,0.2592,62.1,0.1131
J.J. D'Orazio,jj dorazio,683490,24.5003,6.1394,0.2579,61.0,0.1003
Armando Alvarez,armando alvarez,669137,26.0444,7.5786,0.2892,81.0,0.1468
Dillon Lewis,dillon lewis,827665,28.29,7.34,0.2763,73.5,0.1457
Reed Trimble,reed trimble,701655,26.47,7.95,0.2894,85.3,0.1482
Lyle Lin,lyle lin,670076,22.06,7.0,0.257,61.3,0.0873
Ben McLaughlin,ben mclaughlin,808768,21.56,9.55,0.3084,95.9,0.1307
Griff O'Ferrall,griff oferrall,803172,19.88,8.53,0.2602,65.3,0.0811
Aroon Escobar,aroon escobar,800169,21.53,7.93,0.2771,73.8,0.1065
Carlos Jorge,carlos jorge,699115,23.79,7.91,0.2805,72.9,0.1132
Brandon Martorano,brandon martorano,668785,34.0,8.9,0.2566,61.0,0.1167
Miguel Ugueto,miguel ugueto,692568,18.67,4.05,0.2697,72.5,0.1047
Kramer Robertson,kramer robertson,670298,25.35,12.4,0.2782,75.8,0.0871
Gilberto Celestino,gilberto celestino,665482,25.61,9.47,0.2798,78.7,0.0987
Luis Toribio,luis toribio,678681,32.4553,8.6029,0.2749,73.6,0.1472
Connor Kokx,connor kokx,701634,26.5488,8.8024,0.2739,72.9,0.1035
Josh Donaldson,josh donaldson,518626,26.2,9.5,0.2846,80.2,0.1431
Sang-soo Kim,sangsoo kim,628357,15.46,8.1,0.2681,68.9,0.0679
Sean Roby,sean roby,681852,33.05,6.3,0.2746,73.4,0.1632
Brock Rodden,brock rodden,801126,28.56,6.49,0.2628,72.1,0.1005
Aaron Antonini,aaron antonini,689577,29.28,7.34,0.2548,59.8,0.1155
Korry Howell,korry howell,676759,32.85,8.1,0.2736,72.6,0.1387
Jared Thomas,jared thomas,703606,28.44,8.7,0.3135,86.7,0.1375
Cooper Kinney,cooper kinney,695692,26.26,6.16,0.2749,73.0,0.1204
Arismendy Alcántara,arismendy alcantara,570489,28.27,5.9,0.2768,74.8,0.145
Josh Breaux,josh breaux,677007,29.59,6.2,0.255,60.0,0.1344
Seaver King,seaver king,814409,22.96,6.01,0.2635,66.1,0.0974
Victor Labrada,victor labrada,700032,25.81,9.48,0.2811,84.7,0.0979
Brewer Hicklen,brewer hicklen,676551,32.4157,8.4688,0.2828,78.8,0.1443
Jud Fabian,jud fabian,682983,34.6232,10.892,0.2709,72.6,0.1392
Manuel Palencia,manuel palencia,692633,21.83,5.79,0.2528,59.8,0.0833
Travis Honeyman,travis honeyman,802469,22.83,8.4,0.2906,86.8,0.0997
Rubel Cespedes,rubel cespedes,686438,21.98,6.54,0.275,72.8,0.1208
Ben Cowles,ben cowles,701496,28.7621,6.6895,0.261,66.2,0.1016
Pablo Reyes,pablo reyes,622569,20.7073,9.237,0.2916,89.1,0.1187
Anthony Bemboom,anthony bemboom,621532,26.55,8.9,0.2588,62.5,0.0988
Juan Zabala,juan zabala,668558,27.51,6.9,0.255,59.9,0.1002
Brennen Davis,brennen davis,680695,31.41,8.49,0.2832,86.2,0.1613
Alsander Womack,alsander womack,703920,20.6047,8.2008,0.2743,73.1,0.0906
Kellen Strahm,kellen strahm,687005,27.1529,10.321,0.2696,70.9,0.0905
Mat Nelson,mat nelson,680756,30.03,8.5,0.2553,60.1,0.1096
Drew Waters,drew waters,671221,28.1291,7.6131,0.2946,84.5,0.1403
Daniel Johnson,daniel johnson,669288,0.250218,0.0637376,0.292827,86.8365,0.151136
Blaze Jordan,blaze jordan,691458,14.342,5.7288,0.3015,94.3,0.1456
Yu Chang,yu chang,644374,26.4,7.4,0.2817,78.2,0.1393
Patrick Mazeika,patrick mazeika,664850,21.59,6.8,0.2552,60.0,0.098
Colby Shade,colby shade,694974,30.99,8.94,0.2725,70.9,0.1027
Victor Rodrigues,victor rodrigues,800332,22.93,10.06,0.2545,60.4,0.0743
David García,david garcia,671272,29.48,9.25,0.2541,60.4,0.0914
Douglas Hodo III,douglas hodo iii,683233,31.6,9.42,0.2674,70.2,0.112
Joe Perez,joe perez,669309,30.8713,7.2969,0.2761,74.4,0.131
Joe Dunand,joe dunand,656388,27.44,8.5,0.2857,80.9,0.1305
Anthony Vilar,anthony vilar,681036,31.94,9.74,0.249,59.9,0.0905
Thomas Gavello,thomas gavello,687284,31.92,6.82,0.2602,66.2,0.1143
Juan Fernandez,juan fernandez,667749,19.75,7.1,0.2749,73.6,0.1006
Luke Adams,luke adams,702726,26.94,12.16,0.3029,93.8,0.1422
Cam Collier,cam collier,702253,29.81,9.43,0.2813,73.4,0.1219
Trevor Schwecke,trevor schwecke,673893,27.8399,7.5004,0.2722,71.7,0.1151
Angelo Castellano,angelo castellano,613546,21.39,8.61,0.2731,72.4,0.1084
Morgan McCullough,morgan mccullough,668833,29.09,9.0,0.2627,65.2,0.1016
River Town,river town,701817,20.97,10.3,0.2926,85.7,0.1132
Jake Cave,jake cave,595909,24.8602,6.7022,0.297,88.7,0.1395
Cade Hunter,cade hunter,687192,31.05,8.93,0.2611,59.6,0.1089
Joseph Rosa,joseph rosa,660563,28.54,8.5,0.2626,65.1,0.0923
Luis Yanel Diaz,luis yanel diaz,672504,29.86,6.2,0.2722,71.7,0.1333
José Barrero,jose barrero,676480,31.0482,6.5676,0.2643,68.0,0.1305
René Pinto,rene pinto,650907,34.2939,5.4195,0.2659,66.2,0.1543
Trevor Hauver,trevor hauver,669386,31.4757,11.6712,0.2903,85.9,0.1248
Axiel Plaz,axiel plaz,800208,24.49,6.13,0.2567,59.5,0.1152
Eduardo Quintero,eduardo quintero,808234,30.45,9.47,0.271,71.8,0.1186
Chase Strumpf,chase strumpf,668664,35.5,11.0,0.2727,72.0,0.128
Ronald Guzmán,ronald guzman,608597,27.36,8.4,0.3004,91.1,0.1654
Dru Baker,dru baker,681333,27.9827,6.2012,0.2692,69.7,0.0952
Aramis Garcia,aramis garcia,605244,0.359731,0.0702899,0.256602,60.3818,0.105813
Hoy Park,hoy park,660829,26.0397,11.1065,0.2837,77.1,0.107
Tanner Schobel,tanner schobel,802355,24.4715,8.5589,0.2718,71.0,0.1034
Cooper Johnson,cooper johnson,666194,33.42,9.27,0.2499,58.1,0.1082
Chavez Young,chavez young,669945,27.37,9.1,0.2706,70.6,0.1086
Jan Mercado,jan mercado,676286,34.25,6.8,0.2526,58.2,0.1123
Konner Piotto,konner piotto,702920,29.44,8.1,0.2529,58.5,0.0865
Michael Chavis,michael chavis,656308,26.7356,5.8757,0.2925,81.1,0.162
Sammy Siani,sammy siani,686445,25.8078,8.0861,0.2602,70.3,0.105
Michael Berglund,michael berglund,668842,33.49,9.7,0.2526,58.2,0.1009
Jason Martin,jason martin,641829,25.15,8.9,0.3029,92.8,0.1555
Kyler Fedko,kyler fedko,693459,26.26,9.48,0.2899,83.5,0.143
Caleb Cali,caleb cali,687730,34.73,7.69,0.2608,70.7,0.1352
Zyhir Hope,zyhir hope,814307,29.16,8.97,0.2908,85.3,0.136
Anderdson Rojas,anderdson rojas,699232,18.48,6.97,0.2633,65.0,0.0831
Jaeho Kim,jaeho kim,673491,17.18,6.8,0.2661,67.5,0.0763
Marcus Lee Sang,marcus lee sang,686984,27.4391,7.4782,0.2879,84.3,0.1376
Kody Hoese,kody hoese,682210,23.4662,7.5006,0.2729,72.2,0.1133
Tucker Bradley,tucker bradley,674646,25.1,9.0,0.2912,84.8,0.1224
Tommy Pham,tommy pham,502054,0.258971,0.0953604,0.279067,80.0557,0.119557
Junwoo Jeon,junwoo jeon,628456,18.08,6.6,0.2896,83.7,0.1049
Hunter Renfroe,hunter renfroe,592669,22.0819,8.4982,0.3022,92.3,0.1627
Shawn Ross,shawn ross,676566,40.54,10.04,0.2554,58.7,0.1364
Mario Camilletti,mario camilletti,680519,26.4,11.51,0.2713,71.2,0.0744
Ramon Hernandez,ramon hernandez,650346,26.73,5.5,0.2729,72.2,0.1246
Sheldon Neuse,sheldon neuse,641914,16.78,6.5,0.2817,78.2,0.099
Dustin Harris,dustin harris,687957,0.211754,0.0884475,0.30497,95.1534,0.12483
Pablo Aliendo,pablo aliendo,680846,35.2095,6.487,0.26,58.8,0.1379
Junior Franco,junior franco,691285,20.98,6.87,0.2921,84.7,0.117
Keith Jones II,keith jones ii,695069,30.66,10.17,0.2874,83.9,0.1312
Sebastian Espino,sebastian espino,672823,31.3,5.4,0.2614,64.2,0.127
Yeiner Fernandez,yeiner fernandez,691558,15.9117,7.7686,0.2729,73.0,0.0884
Logan Warmoth,logan warmoth,657089,28.66,9.5,0.2622,64.8,0.0914
Cody Roberts,cody roberts,663944,32.36,7.1,0.2531,58.6,0.0987
Rafael Ortega,rafael ortega,542364,24.8862,11.2063,0.2867,81.8,0.1208
Zach Humphreys,zach humphreys,668876,26.7,9.11,0.2517,56.7,0.0847
Antonio Gomez,antonio gomez,682625,30.84,6.8,0.2487,57.0,0.1046
Edward Olivares,edward olivares,658668,21.1642,7.2001,0.2975,89.1,0.1396
Carson DeMartini,carson demartini,701831,29.1,7.73,0.2718,70.2,0.118
Simon Whiteman,simon whiteman,687626,23.54,8.5,0.2607,63.8,0.0817
Terrin Vavra,terrin vavra,679631,24.448,8.6326,0.2773,77.0,0.0874
Ford Proctor,ford proctor,665154,25.64,10.8,0.281,77.7,0.108
Carter Trice,carter trice,807714,32.31,10.19,0.2679,70.9,0.1271
Adam Retzbach,adam retzbach,806273,36.14,8.34,0.2484,57.1,0.1106
Andy Perez,andy perez,700321,16.06,3.36,0.2805,64.1,0.1016
Francisco Acuna,francisco acuna,672696,27.63,8.34,0.2555,64.3,0.0871
Andrew Knapp,andrew knapp,595284,29.3277,8.1973,0.2627,65.2,0.1096
Aaron Palensky,aaron palensky,695312,28.12,9.8,0.2899,83.8,0.1449
Kolten Wong,kolten wong,543939,21.1,7.8,0.2821,78.5,0.1155
Ethan O'Donnell,ethan odonnell,807751,28.02,8.64,0.2723,70.8,0.1002
Eduardo Tait,eduardo tait,806953,25.73,5.2,0.2513,56.9,0.1137
Albert Fabian,albert fabian,683546,21.03,6.83,0.2857,85.1,0.1397
Blake Sabol,blake sabol,666165,32.7416,8.581,0.2678,68.1,0.1228
Adrian Pinto,adrian pinto,691437,20.75,7.2,0.2686,70.2,0.1143
Luis Guillorme,luis guillorme,641645,22.4963,11.6005,0.2771,75.0,0.0705
Maui Ahuna,maui ahuna,694757,30.44,6.72,0.2568,63.9,0.0952
Raynel Delgado,raynel delgado,669384,24.367,7.5721,0.2679,68.2,0.0866
Kehden Hettiger,kehden hettiger,800607,31.74,9.84,0.2539,57.9,0.1083
Ian Moller,ian moller,695744,31.13,9.37,0.2474,56.4,0.0916
Dylan Moore,dylan moore,664238,0.303154,0.11063,0.299557,89.1806,0.176691
Druw Jones,druw jones,702258,29.74,8.76,0.2719,70.9,0.095
Cam Devanney,cam devanney,687478,29.4231,7.4031,0.2731,72.3,0.1346
Jake Rucker,jake rucker,696160,19.7144,6.8292,0.2702,69.9,0.1011
Tucker Barnhart,tucker barnhart,571466,27.4417,9.1966,0.2575,61.6,0.0808
Christian Bethancourt,christian bethancourt,542194,26.2485,4.2916,0.2539,61.3,0.1302
Jared Dickey,jared dickey,801406,19.61,9.09,0.2935,83.9,0.1121
C.J. Hinojosa,cj hinojosa,546994,20.9205,5.6586,0.2619,64.0,0.1025
Devonte Brown,devonte brown,675994,34.8863,9.7987,0.2697,70.0,0.1231
Ricardo Genovés,ricardo genoves,665648,32.79,7.58,0.2508,56.4,0.1163
Khadim Diaw,khadim diaw,813715,27.59,8.56,0.2505,56.4,0.0791
Ralphy Velazquez,ralphy velazquez,806252,22.77,8.37,0.2988,91.6,0.1543
Zach Ehrhard,zach ehrhard,701394,24.25,8.37,0.2881,83.5,0.1312
Ben Malgeri,ben malgeri,701162,26.6341,7.5416,0.2897,83.9,0.134
Ramon Ramirez,ramon ramirez,808675,25.33,6.71,0.2537,56.3,0.1128
Scott Hurst,scott hurst,656568,28.54,11.3,0.2862,81.3,0.1145
Jerar Encarnacion,jerar encarnacion,666464,0.291179,0.0614985,0.289658,86.4033,0.141839
Ripken Reyes,ripken reyes,685341,16.8831,8.8964,0.2711,70.9,0.0772
Dakota Harris,dakota harris,703766,21.5123,5.4363,0.2668,70.5,0.1004
Sam Kulasingam,sam kulasingam,814528,20.26,9.11,0.2925,83.0,0.0879
Daniel Cope,daniel cope,684543,31.4,7.41,0.271,57.6,0.1161
Jack Pineda,jack pineda,801442,24.26,6.91,0.2629,62.6,0.0898
Andy Yerzy,andy yerzy,647378,31.97,8.3,0.2475,57.3,0.1153
Scott Bandura,scott bandura,814154,27.88,8.8,0.2853,83.4,0.1118
Tsung-Che Cheng,tsungche cheng,691907,25.7655,9.4188,0.2664,63.9,0.0972
Nick Senzel,nick senzel,669222,23.6194,9.1676,0.2753,74.7,0.1233
Adam Zebrowski,adam zebrowski,700845,32.0,6.87,0.2514,57.3,0.1145
Niko Hulsizer,niko hulsizer,680881,34.51,10.2,0.2896,83.7,0.1542
Colby Halter,colby halter,690985,30.67,8.89,0.2714,68.7,0.1029
Rudy Martin Jr.,rudy martin jr,657675,26.59,9.11,0.289,80.6,0.116
Brett Auerbach,brett auerbach,682266,28.04,7.91,0.2665,70.5,0.1096
Jeral Perez,jeral perez,800419,24.79,6.7,0.2689,69.5,0.1248
Walker Janek,walker janek,801075,31.46,5.41,0.2458,54.5,0.1123
Nick Rodriguez,nick rodriguez,823795,24.49,7.33,0.2693,68.9,0.0911
Keston Hiura,keston hiura,669374,31.2238,7.298,0.2975,89.0,0.1607
Davis Diaz,davis diaz,696286,20.51,9.19,0.2529,55.9,0.0742
Erick Mejia,erick mejia,625510,24.18,8.27,0.2705,70.9,0.1189
Blake Mitchell,blake mitchell,805810,36.07,13.02,0.2522,55.2,0.0987
Caleb Knight,caleb knight,676332,28.57,6.6,0.2503,56.7,0.1092
Julian Brock,julian brock,683149,30.76,6.18,0.2457,55.2,0.0947
Caleb Hamilton,caleb hamilton,643348,34.83,10.6,0.2513,57.4,0.1158
Kenneth Betancourt,kenneth betancourt,672826,18.85,5.6,0.2693,69.7,0.0872
Tim Anderson,tim anderson,641313,25.5727,4.7011,0.2627,65.2,0.0731
Tyler Dearden,tyler dearden,676280,25.44,8.0,0.2897,83.7,0.1242
Rowdy Tellez,rowdy tellez,642133,25.2504,8.5716,0.3047,93.8,0.18
Demetrio Crisantes,demetrio crisantes,702679,19.78,7.76,0.2709,70.2,0.0891
Luke Stevenson,luke stevenson,806233,32.83,11.18,0.2387,55.5,0.0749
Kala'i Rosario,kalai rosario,693850,32.6131,9.6763,0.2881,82.3,0.1502
Jeremy Arocho,jeremy arocho,671080,21.6273,11.7001,0.2673,68.3,0.0622
Bryson Brigman,bryson brigman,624417,20.6594,5.8841,0.2775,70.8,0.0916
Nate George,nate george,825582,23.88,6.38,0.2629,67.1,0.0885
Jack Blomgren,jack blomgren,685076,28.01,8.02,0.2662,68.5,0.0998
Luke Voit,luke voit,572228,26.14,8.8,0.3083,96.5,0.1597
Noah Miller,noah miller,695653,20.4991,7.17,0.2596,63.9,0.0882
William Simoneit,william simoneit,686766,34.29,7.2,0.2469,55.2,0.1059
Hyun Soo Kim,hyun soo kim,547957,15.47,7.2,0.286,81.1,0.096
Nick Goodwin,nick goodwin,800959,23.87,8.4,0.2673,69.3,0.1092
Yamal Encarnacion,yamal encarnacion,699043,23.06,7.22,0.2646,67.4,0.0909
Will Holland,will holland,683735,30.09,8.0,0.2578,61.8,0.1067
Parks Harber,parks harber,692238,28.29,7.02,0.2664,70.5,0.107
Tavian Josenberger,tavian josenberger,694444,26.62,10.1,0.2619,66.4,0.0944
Kyle McCann,kyle mccann,668832,32.2234,8.3993,0.2888,69.8,0.1548
Tyler Hardman,tyler hardman,676205,35.92,6.91,0.2657,68.7,0.1583
Aaron Hicks,aaron hicks,543305,25.8754,11.9986,0.2915,85.0,0.1163
Luis Peña,luis pena,821270,21.91,5.83,0.2558,61.6,0.0898
Caden Bodine,caden bodine,805207,17.44,5.86,0.249,55.2,0.0925
Bryan Rincon,bryan rincon,804858,29.06,9.94,0.2586,61.2,0.1037
Willy Vasquez,willy vasquez,691938,27.3556,6.3838,0.2646,68.3,0.1144
Juan Centeno,juan centeno,518542,28.21,5.47,0.2527,57.7,0.0932
Nate Nankil,nate nankil,694977,20.65,7.58,0.2919,82.8,0.1044
Josh Crouch,josh crouch,676509,32.44,6.63,0.2493,55.1,0.1082
Keyber Rodriguez,keyber rodriguez,677601,22.8309,5.2792,0.2552,61.7,0.088
Daniel Mateo,daniel mateo,686863,25.4148,4.9024,0.268,68.8,0.1242
Gage Miller,gage miller,824028,20.58,8.34,0.2702,69.3,0.096
Matt O'Neill,matt oneill,690841,32.52,8.86,0.2501,55.9,0.1068
Luis Santana,luis santana,670919,21.66,6.2,0.2687,69.3,0.1126
Chad Wallach,chad wallach,595453,30.77,7.27,0.2574,59.0,0.1212
Clark Elliott,clark elliott,686499,26.77,12.33,0.2909,82.1,0.1125
Gregory Barrios,gregory barrios,699126,16.35,5.66,0.2559,60.0,0.0676
Jimmy Glowenke,jimmy glowenke,694368,24.7203,7.2019,0.2682,69.0,0.1119
Harold Castro,harold castro,605612,23.263,4.4043,0.2781,75.8,0.1115
Jancel Villarroel,jancel villarroel,806611,24.05,6.52,0.2444,55.4,0.0834
Jorge Alfaro,jorge alfaro,595751,33.6,4.21,0.2623,62.2,0.1235
Kekai Rios,kekai rios,663519,29.18,6.9,0.2476,54.8,0.1
Wilderd Patiño,wilderd patino,679741,31.6211,6.8034,0.2669,68.0,0.1072
Zac Cook,zac cook,674330,34.56,6.2,0.2678,68.7,0.1471
Andrés Alvarez,andres alvarez,687019,26.3426,8.0325,0.2727,70.5,0.1129
Jaison Chourio,jaison chourio,702693,26.63,12.0,0.2644,67.9,0.074
Frainyer Chavez,frainyer chavez,669413,24.8373,8.7681,0.2645,68.1,0.0837
Justice Bigbie,justice bigbie,694425,20.089,7.4381,0.288,82.7,0.1018
Ernie Yake,ernie yake,687044,20.36,7.4,0.2679,68.7,0.0986
David Villar,david villar,681584,29.2045,9.7925,0.2886,85.7,0.1413
Bill Knight,bill knight,681098,27.8,6.49,0.2548,66.6,0.0914
J.D. Davis,jd davis,605204,29.4095,8.7118,0.2945,86.2,0.141
Jair Camargo,jair camargo,665856,35.2883,5.2817,0.2487,55.5,0.1235
Madison Stokes,madison stokes,657010,31.61,9.1,0.2592,62.7,0.1107
Aaron Schunk,aaron schunk,668845,24.4533,5.478,0.2728,72.0,0.115
Caleb Bonemer,caleb bonemer,815352,29.65,8.71,0.2664,67.8,0.1249
Matt Kroon,matt kroon,663714,27.33,7.6,0.2859,81.1,0.1264
Diego Rincones,diego rincones,665651,22.2,5.7,0.2872,82.0,0.1447
J.T. Arruda,jt arruda,686793,27.8398,8.3941,0.2456,60.3,0.0837
Eduardo Escobar,eduardo escobar,500871,26.05,6.7,0.2824,78.7,0.1412
Austin Nola,austin nola,543592,21.67,8.0,0.2695,69.8,0.0958
Stanley Consuegra,stanley consuegra,681679,30.5879,6.5037,0.2676,68.5,0.1377
Jackson Appel,jackson appel,815096,22.06,9.31,0.2458,53.6,0.0696
Arturo De Freitas,arturo de freitas,679972,29.63,7.0,0.2464,54.0,0.1036
Cameron Barstad,cameron barstad,677319,34.46,7.16,0.2439,53.8,0.1014
Michael Trautwein,michael trautwein,681114,35.94,9.03,0.254,54.7,0.1183
Eddys Leonard,eddys leonard,678760,23.91,5.83,0.2861,82.3,0.1478
Kaden Polcovich,kaden polcovich,687659,29.23,8.59,0.2555,67.1,0.1028
Travis Jankowski,travis jankowski,608671,21.4892,9.848,0.2844,83.7,0.0894
Beau Philip,beau philip,685121,30.83,8.7,0.2573,61.5,0.1011
Jacob Sharp,jacob sharp,814435,25.86,6.1,0.2444,53.5,0.1001
Tres Barrera,tres barrera,668663,26.24,7.29,0.25,56.8,0.1028
Willie Joe Garry Jr.,willie joe garry jr,681831,30.26,7.3,0.2665,67.8,0.1251
Carlos Franco,carlos franco,691863,20.64,5.05,0.2493,53.5,0.0946
Chris Okey,chris okey,608360,25.58,5.2,0.2491,55.9,0.0981
Omar Narváez,omar narvaez,553882,21.8856,10.0127,0.2711,71.0,0.0931
Eduardo Guerrero,eduardo guerrero,800370,24.46,9.87,0.2569,62.1,0.0719
Juan Benjamin,juan benjamin,691405,24.12,7.16,0.2631,67.0,0.083
Will Turner,will turner,814444,26.49,13.93,0.2911,80.9,0.1191
Brandon Crawford,brandon crawford,543063,26.7524,8.0016,0.2674,68.4,0.1064
Justin Dirden,justin dirden,688869,33.8,6.9,0.2668,68.0,0.1371
Joe Gray Jr.,joe gray jr,669336,27.94,6.6,0.2664,67.7,0.1306
Jeron Williams,jeron williams,700784,22.4073,5.913,0.2626,66.0,0.1012
Clay Dungan,clay dungan,687867,27.5409,9.1398,0.2613,68.3,0.0979
Johanfran Garcia,johanfran garcia,703190,29.53,5.91,0.2506,53.0,0.1206
Trent Farquhar,trent farquhar,802531,22.57,10.54,0.2686,68.0,0.079
Freylin Minyety,freylin minyety,700824,18.8,7.4,0.2668,68.0,0.0801
Austin Shenton,austin shenton,668853,31.1994,10.4021,0.297,88.7,0.1595
Josue Briceño,josue briceno,800522,23.2847,10.2528,0.2964,88.5,0.1412
Casey Opitz,casey opitz,676053,32.76,8.59,0.2436,54.3,0.0956
Mikey Romero,mikey romero,702540,25.84,5.31,0.2719,67.6,0.13
Luken Baker,luken baker,663609,0.287647,0.105408,0.298986,89.4161,0.172668
Jancarlos Cintron,jancarlos cintron,676857,17.5719,5.3003,0.2577,61.8,0.0784
Easton Carmichael,easton carmichael,702695,19.85,4.82,0.2482,53.7,0.1015
Taylor Young,taylor young,805891,23.7564,9.867,0.2644,67.2,0.0737
Davis Wendzel,davis wendzel,673995,24.3258,8.3397,0.2754,72.3,0.1295
Drew Ellis,drew ellis,656403,27.86,11.0,0.2869,81.8,0.1495
Diego Cartaya,diego cartaya,682616,37.3738,8.5998,0.2464,54.0,0.1235
Jim Haley,jim haley,670113,27.5452,6.3973,0.2663,67.6,0.123
Eric Wagaman,eric wagaman,676572,22.676,7.1801,0.2916,88.6,0.1376
Blake Burke,blake burke,695501,29.58,7.94,0.2958,88.9,0.1567
Cam Cannon,cam cannon,669069,20.43,6.4,0.2663,67.6,0.1048
Cristian Hernández,cristian hernandez,694183,25.48,7.54,0.2561,59.7,0.0843
Bryce Willits,bryce willits,801600,24.98,7.9,0.2666,67.9,0.0968
Ethan Hearn,ethan hearn,683001,31.52,5.69,0.2427,53.6,0.1118
Brian Serven,brian serven,661531,30.4095,8.489,0.2522,55.5,0.1
Wuilfredo Antunez,wuilfredo antunez,686404,26.19,6.15,0.2825,80.4,0.1514
Matt Reynolds,matt reynolds,608703,29.18,8.5,0.2736,72.7,0.1116
Joe Hudson,joe hudson,621529,37.19,9.9,0.2474,54.7,0.1127
Corey Julks,corey julks,667452,24.6777,8.4414,0.2888,83.2,0.1296
Keaton Anthony,keaton anthony,805704,22.89,6.63,0.3004,89.7,0.1234
Luke Shliger,luke shliger,807740,26.83,9.0,0.2413,53.3,0.0733
Angel Ortiz,angel ortiz,691292,23.23,6.47,0.2875,81.5,0.1231
Jorge Corona,jorge corona,687262,33.54,6.5,0.2438,52.2,0.1086
Owen Miller,owen miller,680911,20.0519,5.9908,0.2734,74.6,0.1001
Spencer Nivens,spencer nivens,811289,24.3,9.61,0.2887,80.4,0.1187
Livan Soto,livan soto,670869,24.3384,9.4003,0.2624,65.0,0.0805
Eddinson Paulino,eddinson paulino,682796,25.9127,6.7659,0.2613,67.9,0.1169
Marcus Wilson,marcus wilson,657129,34.09,10.5,0.2923,85.5,0.1521
Maikol Escotto,maikol escotto,683500,24.99,5.0,0.2547,59.7,0.1102
Jean Segura,jean segura,516416,18.6,6.7,0.2718,71.4,0.0896
Jeferson Morales,jeferson morales,672373,21.9613,7.9486,0.2848,79.9,0.1221
Kole Myers,kole myers,801887,29.39,11.26,0.2836,80.4,0.1041
Jackson Castillo,jackson castillo,814431,23.93,9.04,0.2822,80.1,0.1136
Matt Suggs,matt suggs,702110,33.32,7.39,0.2445,53.1,0.1021
Jesús  Báez,jesus  baez,800305,20.09,6.23,0.2527,60.9,0.1041
Israel Pineda,israel pineda,672832,27.38,5.9,0.2441,52.4,0.1097
Dayan Viciedo,dayan viciedo,493364,16.21,6.2,0.2821,78.5,0.1142
Anthony Mulrine,anthony mulrine,688226,27.0,7.8,0.244,52.3,0.0903
Jimmy Govern,jimmy govern,687349,24.01,5.6,0.2652,66.9,0.1237
Daniel Vazquez,daniel vazquez,694187,23.53,7.61,0.2576,59.0,0.0713
Harold Coll,harold coll,694563,29.86,6.93,0.2649,65.8,0.1104
Poncho Ruiz,poncho ruiz,695000,24.24,9.07,0.244,51.9,0.0724
Greyson Jenista,greyson jenista,680571,32.94,6.9,0.2847,80.2,0.1732
Oscar Gonzalez,oscar gonzalez,660757,22.8184,3.8965,0.2908,84.5,0.1474
Bennett Hostetler,bennett hostetler,702315,32.14,6.73,0.245,52.1,0.0985
Nathan Flewelling,nathan flewelling,807083,33.64,10.2,0.2437,51.6,0.0949
Jordan Qsar,jordan qsar,682040,33.97,9.8,0.2858,81.0,0.1465
David Martin,david martin,688808,21.86,7.9,0.2436,52.1,0.0704
Alberto Rodriguez,alberto rodriguez,679754,25.3638,6.6092,0.2881,80.0,0.1237
Javier Rivas,javier rivas,691922,24.89,3.92,0.2585,60.8,0.1183
Aaron Bracho,aaron bracho,677570,23.1824,7.1012,0.2649,66.7,0.119
Abraham Toro,abraham toro,647351,20.3509,7.2123,0.2926,83.1,0.1324
Omar Hernandez,omar hernandez,683427,21.37,5.31,0.2449,50.2,0.0802
Will Banfield,will banfield,677943,28.3168,5.2667,0.251,52.6,0.1109
Ryan Jackson,ryan jackson,810838,24.14,9.44,0.2595,67.1,0.067
Trey Cabbage,trey cabbage,663550,33.7863,6.3978,0.2884,82.8,0.1538
Tyler Tolve,tyler tolve,681172,36.4718,5.879,0.2441,52.4,0.1195
Patrick Frick,patrick frick,687518,21.66,6.3,0.2646,66.5,0.0837
Cole Gabrielson,cole gabrielson,702068,33.05,9.45,0.2604,65.0,0.1049
Garret Forrester,garret forrester,807720,29.38,9.85,0.245,52.1,0.0746
Gavin Conticello,gavin conticello,695521,24.69,7.96,0.2864,80.8,0.1181
José Devers,jose devers,672701,18.5856,6.2996,0.2709,70.8,0.0975
Yolbert Sanchez,yolbert sanchez,691503,18.4861,5.1005,0.2658,67.3,0.0674
Rafael Lantigua,rafael lantigua,672463,21.6708,11.1981,0.2832,80.2,0.093
Miguel Hiraldo,miguel hiraldo,677599,27.5969,5.4996,0.2637,65.9,0.1076
Niko Kavadas,niko kavadas,694359,36.6602,12.2783,0.2957,87.1,0.1635
Daniel Vellojin,daniel vellojin,678962,29.95,9.49,0.2429,51.0,0.0939
Dom Nuñez,dom nunez,624513,34.84,11.3,0.2437,53.6,0.0996
Brayden Taylor,brayden taylor,694966,29.9005,10.2995,0.2637,65.3,0.124
Greg Allen,greg allen,656185,26.7,6.87,0.2774,77.1,0.1125
Christian Knapczyk,christian knapczyk,694387,25.54,8.47,0.2618,66.0,0.0803
Ryan Noda,ryan noda,676116,36.7016,14.6279,0.2908,86.3,0.1453
Coco Montes,coco montes,663796,28.94,7.07,0.272,71.0,0.1184
Josh VanMeter,josh vanmeter,642165,28.15,12.5,0.2768,74.9,0.108
Tyler Robertson,tyler robertson,805234,30.37,6.5,0.2633,65.6,0.111
Geisel Cepeda,geisel cepeda,808206,18.05,7.28,0.2804,79.1,0.1065
Josh Hood,josh hood,681377,30.63,6.09,0.2425,58.1,0.1089
Reivaj Garcia,reivaj garcia,678706,17.64,4.99,0.2619,66.8,0.0689
Kenedy Corona,kenedy corona,685744,27.7762,7.922,0.2627,66.6,0.1116
Sean Keys,sean keys,815873,28.49,10.5,0.2931,87.1,0.1521
Trevor Austin,trevor austin,809338,27.43,8.72,0.2616,65.3,0.0962
Kervin Pichardo,kervin pichardo,682775,27.33,7.58,0.2643,66.7,0.11
Jose Izarra,jose izarra,692222,31.2,7.47,0.2537,59.9,0.1018
Skye Bolt,skye bolt,621450,28.72,8.8,0.2801,77.1,0.117
Maxwell Romero Jr.,maxwell romero jr,686912,35.42,7.0,0.2425,51.7,0.1105
Jay Harry,jay harry,803385,24.15,6.5,0.2518,58.6,0.0938
Terence Doston,terence doston,688392,21.43,7.1,0.2829,79.1,0.1095
Hayden Cantrelle,hayden cantrelle,676463,33.98,10.49,0.2595,65.1,0.0921
Duke Ellis,duke ellis,668752,27.2381,7.7084,0.2667,69.4,0.1076
Lazaro Armenteros,lazaro armenteros,670860,37.4951,10.0963,0.2832,79.2,0.137
Miguel Sanó,miguel sano,593934,32.976,7.8966,0.288,82.5,0.1663
Lamar King Jr.,lamar king jr,702601,27.07,6.63,0.2362,51.1,0.0769
Elehuris Montero,elehuris montero,660707,26.1833,6.8974,0.2935,86.3,0.1559
Brady Lindsly,brady lindsly,686251,30.93,7.4,0.2417,50.8,0.0938
Kendall Simmons,kendall simmons,669227,29.43,6.1,0.2637,65.9,0.1213
Daniel Robertson,daniel robertson,621002,21.25,8.1,0.2698,70.1,0.1044
Jay Allen II,jay allen ii,695481,27.48,8.42,0.2699,65.6,0.1079
Gerardo Rodriguez,gerardo rodriguez,808269,18.99,5.51,0.2464,50.1,0.0851
Josh Bissonette,josh bissonette,673983,21.13,9.2,0.2636,65.8,0.0741
Jason Heyward,jason heyward,518792,22.0656,8.2028,0.2882,82.7,0.1436
Jesse Franklin V,jesse franklin v,675966,31.29,6.9,0.2825,78.7,0.1613
Darren Baker,darren baker,671117,20.4724,7.6125,0.264,66.2,0.0613
Max McDowell,max mcdowell,664120,32.0,7.7,0.2425,51.3,0.0944
Max Wagner,max wagner,694484,30.76,7.48,0.2594,64.6,0.115
TJ Hopkins,tj hopkins,686759,28.92,9.2,0.2905,84.2,0.1328
Brody Moore,brody moore,690914,21.63,5.83,0.2496,58.7,0.0688
Kevin Made,kevin made,691183,20.61,7.09,0.2534,59.2,0.0817
Gabriel Rodriguez,gabriel rodriguez,682621,29.72,7.9,0.2631,65.4,0.1107
Eric Genther,eric genther,823759,25.61,7.52,0.2379,49.5,0.0814
Yasmil Bucce,yasmil bucce,698935,31.81,9.42,0.2377,49.7,0.0853
Ryan McKenna,ryan mckenna,663630,28.4797,7.599,0.2849,80.4,0.1406
Kevin Pillar,kevin pillar,607680,22.9941,5.7032,0.2775,75.3,0.135
Robert Brooks,robert brooks,806394,33.63,7.0,0.2407,50.1,0.1067
Pascanel Ferreras,pascanel ferreras,814299,27.1857,7.5202,0.2605,64.5,0.1027
Kyle Lewis,kyle lewis,641786,28.09,9.1,0.305,94.2,0.1632
Ronald Hernandez,ronald hernandez,698933,27.74,8.72,0.2356,50.3,0.0751
Brayan Buelvas,brayan buelvas,683454,28.9607,7.3831,0.2653,64.5,0.1248
Jeremy Rivas,jeremy rivas,692405,26.4451,7.7128,0.2492,58.5,0.0789
Alex De Jesus,alex de jesus,682942,29.1159,7.4022,0.263,65.4,0.1032
Franmil Reyes,franmil reyes,614177,25.57,7.4,0.3055,94.6,0.1727
Geonchang Seo,geonchang seo,673541,17.5,7.3,0.2653,67.0,0.0804
Gilbert Lara,gilbert lara,658677,22.97,5.0,0.2526,58.2,0.0963
Cooper Bowman,cooper bowman,688682,28.9852,8.182,0.2585,61.7,0.1042
Xavier Isaac,xavier isaac,800060,37.3561,11.8243,0.2925,85.1,0.1685
DJ Stewart,dj stewart,621466,29.4508,11.3973,0.2903,84.1,0.1491
Armani Smith,armani smith,669702,29.25,9.0,0.2822,78.5,0.1204
John Gil,john gil,808535,21.97,7.87,0.2504,56.6,0.0766
Todd Lott,todd lott,668698,27.48,5.9,0.2821,78.5,0.1403
Forrest Wall,forrest wall,657088,27.4228,8.8008,0.2838,79.6,0.097
Max Ferguson,max ferguson,681132,27.23,9.72,0.2647,62.7,0.1002
Bret Boswell,bret boswell,641385,30.18,8.7,0.2635,65.7,0.1087
Carter Kieboom,carter kieboom,666198,23.8102,7.2338,0.2829,77.8,0.1111
Kobe Kato,kobe kato,701158,28.93,9.7,0.2609,63.9,0.0873
Ehire Adrianza,ehire adrianza,501303,22.9263,8.0986,0.2707,70.7,0.1005
Adam Hackenberg,adam hackenberg,680753,32.6117,7.2999,0.2382,49.2,0.084
Guy Lipscomb,guy lipscomb,805865,21.04,8.47,0.2771,76.6,0.097
Brady Allen,brady allen,680918,31.9827,7.803,0.2621,64.7,0.1206
Jameson Hannah,jameson hannah,680683,24.43,7.6,0.282,78.4,0.1046
Alexander Canario,alexander canario,672744,32.4823,7.8035,0.282,78.4,0.1571
Sean Bouchard,sean bouchard,656248,32.8078,11.7035,0.2869,81.8,0.1363
Fenwick Trimble,fenwick trimble,814458,25.01,8.64,0.2822,77.6,0.1121
Robert Moore,robert moore,691001,21.7436,8.0281,0.2649,65.4,0.1118
Brandon Belt,brandon belt,474832,33.09,11.6,0.3057,94.7,0.1653
Jace Peterson,jace peterson,607054,23.3055,9.6034,0.2796,76.8,0.1049
Mike Boeve,mike boeve,801670,26.9197,9.0478,0.2812,79.0,0.1117
Justin Riemer,justin riemer,811312,25.02,13.84,0.2654,64.5,0.0601
Yasiel Puig,yasiel puig,624577,25.57,6.7,0.2785,76.1,0.1336
Hiroyuki Nakajima,hiroyuki nakajima,493141,25.61,5.8,0.2571,61.3,0.0899
Yoyner Fajardo,yoyner fajardo,679938,22.1235,7.7037,0.2811,77.8,0.094
Jeremy Eierman,jeremy eierman,663369,31.9318,5.457,0.2559,58.0,0.1313
Marvin Alcantara,marvin alcantara,800421,19.6,6.31,0.2569,57.3,0.0772
Axel Sanchez,axel sanchez,692046,30.1,7.09,0.2505,63.6,0.1074
Cade Doughty,cade doughty,683103,25.9875,5.3975,0.2492,56.8,0.0936
Jake Thompson,jake thompson,700081,26.96,8.9,0.2817,78.2,0.1162
Callan Moss,callan moss,801978,25.76,8.94,0.2958,86.4,0.1224
Joey Meneses,joey meneses,608841,19.0387,6.1604,0.2994,88.0,0.1362
Grant Koch,grant koch,667428,31.3081,7.0031,0.2402,49.7,0.0991
Shervyen Newton,shervyen newton,665989,33.2,6.8,0.2517,57.6,0.118
Tanner Kirwer,tanner kirwer,647255,29.04,7.6,0.2616,64.4,0.1052
Ray-Patrick Didder,raypatrick didder,642720,30.8698,8.7984,0.2507,56.9,0.0947
Keshawn Ogans,keshawn ogans,687248,21.9909,7.6714,0.2624,64.8,0.085
Dylan Campbell,dylan campbell,694749,25.72,7.23,0.2625,63.8,0.1207
Ryan Lasko,ryan lasko,805782,30.15,8.29,0.2639,63.5,0.1032
Grae Kessinger,grae kessinger,666197,26.8271,10.0533,0.2611,67.7,0.0971
Richie Martin Jr.,richie martin jr,621006,26.15,7.48,0.259,64.3,0.0857
Luke Ritter,luke ritter,682239,34.4301,9.0483,0.2617,64.6,0.1184
Carlos Rodriguez,carlos rodriguez,692025,27.39,7.63,0.2335,49.3,0.0889
Jose Mena,jose mena,670548,27.21,4.7,0.2381,48.3,0.0956
Cam Gallagher,cam gallagher,595956,27.88,6.2,0.2335,45.1,0.0889
Errol Robinson,errol robinson,642021,28.84,8.14,0.2485,57.1,0.07
Laz Rivera,laz rivera,650528,25.47,6.5,0.2625,65.0,0.0969
Josh Zamora,josh zamora,695031,21.16,6.7,0.2617,64.5,0.106
Dylan Jasso,dylan jasso,815734,27.99,6.53,0.264,65.1,0.1155
Nicholas Northcut,nicholas northcut,678021,33.3131,5.1028,0.2608,63.9,0.1683
Miguel Bleis,miguel bleis,694194,26.91,6.81,0.2643,62.4,0.1248
Caden Connor,caden connor,804645,20.73,8.11,0.2802,77.3,0.0933
Canaan Smith-Njigba,canaan smithnjigba,675986,29.7807,10.5967,0.2855,80.9,0.1197
Alex Isola,alex isola,684576,23.9818,8.5008,0.2792,76.5,0.1292
William Lugo,william lugo,683493,27.39,7.8,0.2514,57.4,0.0967
Chris Gittens,chris gittens,656467,31.61,8.1,0.2915,85.0,0.1557
Chris Owings,chris owings,572008,30.69,9.2,0.267,68.1,0.1112
Hunter Stovall,hunter stovall,667663,18.8963,6.0041,0.2621,64.8,0.0886
Jae-Gyun Hwang,jaegyun hwang,666561,22.13,5.7,0.2639,66.0,0.0888
Drew Swift,drew swift,669439,28.87,7.88,0.2534,56.3,0.066
Caleb Roberts,caleb roberts,681134,27.8327,8.5991,0.2786,76.1,0.1318
Geovanny Planchart,geovanny planchart,685712,26.11,9.1,0.2359,47.6,0.0772
Charles Davalan,charles davalan,804560,20.7,6.08,0.2797,77.7,0.1355
Tyriq Kemp,tyriq kemp,822743,19.97,7.71,0.2627,62.5,0.0939
Tyler Neslony,tyler neslony,664104,26.43,7.9,0.2812,77.9,0.1253
Nick Ward,nick ward,682187,26.4,9.1,0.2617,64.5,0.081
Yan Gomes,yan gomes,543228,25.5043,5.1024,0.259,62.6,0.1117
Dakota Jordan,dakota jordan,702607,30.38,5.64,0.2568,63.9,0.1121
Duncan Pastore,duncan pastore,804603,25.24,6.3,0.2575,63.0,0.0856
Edward Duran,edward duran,698927,24.55,6.7,0.2352,47.2,0.0762
Kyle Hayes,kyle hayes,690469,34.46,8.76,0.2379,48.6,0.0883
Carson Tucker,carson tucker,691020,28.04,6.63,0.2546,63.7,0.0924
Jorel Ortega,jorel ortega,687567,27.6488,7.854,0.2599,62.8,0.1043
Warming Bernabel,warming bernabel,682653,16.5724,5.0033,0.2904,84.2,0.1278
Zach Daniels,zach daniels,671113,33.05,7.1,0.2793,76.5,0.1416
Josh Morgan,josh morgan,656766,26.21,7.1,0.2616,64.4,0.1112
Jason Vosler,jason vosler,613564,25.3528,6.4991,0.2872,82.0,0.149
Matthew Etzel,matthew etzel,803033,26.5958,9.4517,0.2805,76.4,0.1094
Zach DeLoach,zach deloach,676113,30.8885,9.0974,0.283,79.1,0.1253
Joshua Mears,joshua mears,687084,37.1,6.1,0.2594,62.9,0.1576
Carlos Rojas,carlos rojas,692334,19.63,6.6,0.2373,47.8,0.0693
Patrick Dorrian,patrick dorrian,657562,32.2418,8.1024,0.2615,64.3,0.1307
Jordan Sprinkle,jordan sprinkle,688394,24.67,8.01,0.2444,52.6,0.0667
Jesus Valdez,jesus valdez,678232,28.16,5.27,0.262,64.1,0.1147
Jackson Cluff,jackson cluff,687714,33.59,9.23,0.244,56.1,0.1008
David Peralta,david peralta,444482,21.4773,7.4015,0.2909,84.6,0.1247
Elio Prado,elio prado,682799,27.42,7.6,0.2597,63.1,0.1034
Eloy Jiménez,eloy jimenez,650391,0.201756,0.073007,0.297609,90.1592,0.113363
Imanol Vargas,imanol vargas,677673,31.84,9.64,0.2833,77.7,0.1356
Kodey Shojinaga,kodey shojinaga,809975,21.82,9.74,0.2396,48.1,0.0642
Zach Levenson,zach levenson,804241,24.49,9.59,0.277,77.5,0.1156
Tony Wolters,tony wolters,547172,26.34,9.8,0.2673,68.3,0.0915
Erick Brito,erick brito,684081,21.0075,6.6304,0.2509,55.8,0.0707
Jax Biggers,jax biggers,680890,27.4492,11.0193,0.2577,62.7,0.0778
Maddux Houghton,maddux houghton,806368,33.59,6.83,0.2573,61.0,0.1091
Karson Simas,karson simas,689302,28.18,6.09,0.2457,55.7,0.0793
Jacob Stallings,jacob stallings,607732,27.2458,8.3413,0.2628,67.0,0.1011
Alfonsin Rosario,alfonsin rosario,806210,33.93,7.46,0.276,75.8,0.1485
Dasan Brown,dasan brown,672018,30.5497,8.7492,0.2561,61.8,0.0971
Mike Moustakas,mike moustakas,519058,26.18,7.0,0.2757,74.1,0.1252
Chad Pinder,chad pinder,640461,26.95,5.6,0.2876,82.3,0.1473
Carson Taylor,carson taylor,694930,27.1243,10.5789,0.2771,82.0,0.1113
Dilan Rosario,dilan rosario,687125,26.45,7.0,0.2592,62.8,0.0938
Joey Gallo,joey gallo,608336,37.2392,13.702,0.2935,86.3,0.1788
Aidan Longwell,aidan longwell,815067,19.79,6.32,0.3109,84.9,0.1469
J.D. Martinez,jd martinez,502110,29.2035,9.1976,0.3006,91.2,0.1525
Sam Ruta,sam ruta,695586,35.59,7.91,0.2627,62.5,0.1199
Miguel Hernandez,miguel hernandez,665912,19.34,5.0,0.2593,62.8,0.0849
Andrew Navigato,andrew navigato,685382,28.9647,6.233,0.2591,62.8,0.1252
Johnny Ascanio,johnny ascanio,691392,21.85,8.93,0.2671,63.7,0.0872
Mac Horvath,mac horvath,690991,28.52,8.28,0.2757,73.6,0.1368
Kwang-Min Kwon,kwangmin kwon,666247,30.63,7.0,0.2725,71.9,0.1336
Ryan Clifford,ryan clifford,691775,33.2384,10.8681,0.2852,84.2,0.1526
Nic Kent,nic kent,684715,22.5126,6.1327,0.2696,56.6,0.0913
Dustin Dickerson,dustin dickerson,815039,26.3,10.61,0.2617,61.8,0.0742
Adrian Placencia,adrian placencia,691269,34.18,10.2,0.2597,62.3,0.1098
Emil Morales,emil morales,815896,32.02,6.38,0.2488,56.6,0.1131
Jake Holton,jake holton,687724,26.937,9.7937,0.2866,84.3,0.1258
Delvin Pérez,delvin perez,666206,27.66,8.0,0.2581,62.0,0.0866
Bob Seymour,bob seymour,676044,31.0434,6.5022,0.2896,83.7,0.1649
Jeffry Parra,jeffry parra,670399,28.0,6.4,0.2349,46.1,0.0925
Kyle DeBarge,kyle debarge,814414,28.03,8.66,0.2551,59.5,0.0876
Cade Marlowe,cade marlowe,687799,31.1262,8.7868,0.2827,76.5,0.1321
Colin Tuft,colin tuft,702239,30.49,7.85,0.2302,44.5,0.0831
L.J. Jones,lj jones,695292,23.28,6.0,0.2784,75.9,0.1345
Matt Whatley,matt whatley,675662,29.18,6.9,0.2359,46.8,0.0936
Kean Wong,kean wong,642221,23.17,8.7,0.2718,71.4,0.0798
Boston Smith,boston smith,695722,35.32,6.7,0.2337,45.3,0.117
Tommy Sacco Jr.,tommy sacco jr,690474,27.8664,8.4221,0.2456,54.3,0.0905
Ty Duvall,ty duvall,669649,28.88,8.1,0.2343,45.6,0.0852
Ricardo Hurtado,ricardo hurtado,691452,29.37,7.84,0.234,45.5,0.0868
Jacob Hurtubise,jacob hurtubise,674441,25.4197,11.4599,0.2799,78.1,0.0805
Alan Trejo,alan trejo,676701,23.529,5.8318,0.2847,66.9,0.1327
Alexander Vargas,alexander vargas,683061,20.1574,5.2031,0.2576,61.7,0.0986
Cody Thomas,cody thomas,642137,27.69,6.0,0.2864,81.5,0.1561
Jesus Castillo,jesus castillo,691913,24.55,7.93,0.261,62.5,0.072
Miguel Rodríguez,miguel rodriguez,808277,23.57,7.55,0.2307,44.9,0.0711
Jesus Galiz,jesus galiz,694188,26.73,6.18,0.2339,46.3,0.0906
Deniel Ortiz,deniel ortiz,811765,30.85,7.81,0.2543,61.9,0.0992
Izaac Pacheco,izaac pacheco,691789,35.48,8.95,0.2576,61.7,0.123
Wade Stauss,wade stauss,702328,38.72,8.6,0.2341,45.5,0.0899
Cutter Coffey,cutter coffey,702690,29.61,7.7,0.2558,61.4,0.1048
Brandon McIlwain,brandon mcilwain,666140,27.06,8.0,0.2774,75.3,0.1146
Tim Lopes,tim lopes,621005,28.95,7.9,0.268,68.8,0.1153
Shin-Soo Choo,shinsoo choo,425783,25.33,8.4,0.2767,74.8,0.1068
Xavier Fernández,xavier fernandez,641569,21.31,7.6,0.287,81.8,0.1236
Tyler McDonough,tyler mcdonough,694812,29.2855,7.5091,0.2616,60.6,0.0966
Donovan Solano,donovan solano,456781,22.378,6.9012,0.2922,85.5,0.0997
Jake Marisnick,jake marisnick,545350,30.38,6.9,0.2722,71.7,0.1313
Cole Tucker,cole tucker,657061,27.3693,8.8025,0.2586,62.4,0.0872
Corey Rosier,corey rosier,681468,24.6195,8.8001,0.2755,74.0,0.104
Daniel Cabrera,daniel cabrera,668667,22.04,9.15,0.2764,74.7,0.1121
C.J. Stubbs,cj stubbs,667690,40.45,8.1,0.2325,45.3,0.1124
Arjun Nimmala,arjun nimmala,805796,26.58,7.4,0.2453,54.2,0.1094
Adrian De Leon,adrian de leon,700369,33.77,8.66,0.2355,45.9,0.0837
Brendon Davis,brendon davis,663478,28.2916,9.8969,0.285,80.5,0.1407
Nerwilian Cedeño,nerwilian cedeno,683481,25.07,6.5,0.2573,61.5,0.0985
Damon Keith,damon keith,701618,33.5,7.74,0.2761,75.5,0.1449
Roby Enriquez,roby enriquez,690702,24.89,7.3,0.277,75.0,0.109
Jaylin Davis,jaylin davis,664041,31.45,9.5,0.2797,76.8,0.1351
Felnin Celesten,felnin celesten,806958,27.38,6.79,0.2362,53.8,0.0688
Jeisson Rosario,jeisson rosario,671271,29.89,11.22,0.28,74.6,0.1124
José Sánchez,jose sanchez,672566,22.13,7.2,0.2572,61.4,0.0904
Yanquiel Fernández,yanquiel fernandez,692585,21.8058,6.0894,0.2966,90.0,0.1657
Viandel Pena,viandel pena,678854,25.37,7.6,0.2567,61.0,0.0883
Davis Bradshaw,davis bradshaw,676991,23.12,6.2,0.2772,75.2,0.0895
Johnny Tincher,johnny tincher,814816,25.44,7.65,0.2299,44.3,0.0746
Tim Locastro,tim locastro,641796,22.37,6.5,0.2796,76.8,0.116
Felix Stevens,felix stevens,685474,35.11,8.0,0.2773,75.2,0.1483
Jason Schiavone,jason schiavone,828395,43.45,10.72,0.2301,43.6,0.1138
Donta' Williams,donta williams,676024,29.9772,9.8035,0.2571,61.3,0.0965
Rylan Bannon,rylan bannon,676625,29.3392,11.5979,0.2702,70.3,0.1221
Byeong-woo Jeon,byeongwoo jeon,692724,30.3,7.8,0.259,62.6,0.0944
Daiverson Gutierrez,daiverson gutierrez,806987,24.81,8.0,0.2287,45.6,0.0678
Jackson Glenn,jackson glenn,690107,25.48,6.0,0.2572,61.4,0.0996
Andy Blake,andy blake,701544,23.97,6.53,0.2569,60.3,0.1047
Theo Gillen,theo gillen,815394,32.58,9.8,0.2549,59.2,0.1055
Freddy Zamora,freddy zamora,668965,24.4816,9.1503,0.2555,61.4,0.0758
Garrett Spain,garrett spain,696521,29.9911,6.9286,0.2563,60.3,0.1314
DaShawn Keirsey Jr.,dashawn keirsey jr,680577,28.3814,6.273,0.2719,71.3,0.1165
Diego Hernandez,diego hernandez,678746,26.5272,4.6962,0.2566,61.0,0.1018
Henry Godbout,henry godbout,804995,22.3,6.71,0.2519,53.9,0.0854
Logan Wagner,logan wagner,702488,30.04,8.37,0.2564,61.7,0.1184
Christian Arroyo,christian arroyo,624414,25.1195,5.5414,0.2605,67.3,0.0977
José Alvarez,jose alvarez,672905,21.68,6.9,0.2731,72.3,0.0935
Taylor Jones,taylor jones,622100,28.67,8.3,0.2874,82.2,0.1448
Patrick Clohisy,patrick clohisy,802117,22.49,6.77,0.2732,72.2,0.0965
Cristian Pache,cristian pache,665506,31.3218,8.3106,0.259,66.3,0.1039
Dayan Frias,dayan frias,682679,28.3687,8.8831,0.2528,59.9,0.091
Ernesto Martinez Jr.,ernesto martinez jr,667803,27.109,7.9229,0.2841,81.4,0.1396
Ah-seop Son,ahseop son,628361,18.76,6.0,0.2733,72.4,0.0804
Willie Calhoun,willie calhoun,641432,16.4578,9.3998,0.2979,89.3,0.1242
Frankie Tostado,frankie tostado,676762,21.16,6.1,0.2874,82.1,0.1414
Robbie Grossman,robbie grossman,543257,25.1244,12.4024,0.2977,89.2,0.1227
Andrew Pinckney,andrew pinckney,687605,32.1738,6.399,0.2752,74.1,0.1204
Eduardo Garcia,eduardo garcia,682633,31.09,6.23,0.254,60.3,0.1032
Nelly Taylor,nelly taylor,807511,31.45,9.62,0.26,59.4,0.1057
Mike Antico,mike antico,690443,26.655,7.4071,0.2727,74.5,0.1127
Ronny Hernandez,ronny hernandez,805082,24.18,7.81,0.237,43.6,0.066
Sandro Fabian,sandro fabian,660758,17.9739,4.7016,0.2824,78.7,0.1426
C.J. Cron,cj cron,543068,25.71,6.5,0.2945,87.0,0.1669
Tyler Wade,tyler wade,642180,23.867,8.8025,0.2657,67.2,0.0705
Aeverson Arteaga,aeverson arteaga,692348,26.9119,5.2426,0.2427,54.2,0.0957
Jean Walters,jean walters,695078,22.7425,6.0724,0.2586,61.7,0.0861
Lucas Dunn,lucas dunn,690903,30.54,8.4,0.2561,60.7,0.1015
Jimmy Herron,jimmy herron,676939,23.3506,7.9981,0.2758,74.2,0.114
David Dahl,david dahl,621311,26.1406,7.2016,0.2851,80.6,0.1382
Eli Serrano III,eli serrano iii,702501,26.67,9.13,0.2717,75.0,0.1169
Andruw Musett,andruw musett,808104,27.73,7.01,0.2367,43.4,0.0801
Lolo Sanchez,lolo sanchez,665975,21.18,9.3,0.2759,74.2,0.1084
Lucius Fox,lucius fox,665650,26.54,7.1,0.2583,62.1,0.0954
Devin Fitz-Gerald,devin fitzgerald,803849,23.36,8.67,0.2556,60.7,0.0862
Fabian Pertuz,fabian pertuz,678285,28.3077,5.3975,0.2451,53.1,0.101
Alerick Soularie,alerick soularie,669442,27.09,8.6,0.2741,73.0,0.1167
Connor Burns,connor burns,694829,39.02,7.71,0.239,44.4,0.1223
Josh Harrison,josh harrison,543281,21.83,5.2,0.2647,66.6,0.091
Michael Gigliotti,michael gigliotti,669377,26.97,10.8,0.2767,74.8,0.1114
Luke Davis,luke davis,701592,29.64,11.95,0.2345,44.6,0.0757
Adam Fogel,adam fogel,687148,28.65,6.7,0.2953,87.7,0.1638
Bubba Alleyne,bubba alleyne,804588,29.18,6.7,0.2551,59.9,0.1072
E.J. Exposito,ej exposito,802991,27.45,6.23,0.254,59.3,0.1119
Diego Infante,diego infante,672653,32.28,6.9,0.2755,73.9,0.1207
Allan Castro,allan castro,691369,25.6471,8.617,0.2797,73.0,0.1211
Mike Brosseau,mike brosseau,670712,24.7006,6.6029,0.2663,67.6,0.1192
Edward Florentino,edward florentino,821273,29.66,8.74,0.2576,60.1,0.1214
Devin Ortiz,devin ortiz,668776,23.59,8.09,0.2533,60.9,0.0795
Yonny Hernández,yonny hernandez,660634,19.0693,8.823,0.2622,68.5,0.0632
Cameron Leary,cameron leary,802474,28.3,8.08,0.2747,70.9,0.113
Sheng-Ping Chen,shengping chen,691283,24.49,6.6,0.2554,60.2,0.0973
Kenny Castillo,kenny castillo,700341,24.18,4.28,0.2328,44.1,0.0798
Delino DeShields,delino deshields,592261,28.34,11.5,0.2739,72.9,0.0856
Justice Thompson,justice thompson,681142,30.7088,8.2037,0.2752,73.8,0.1225
Mario Gomez,mario gomez,694034,27.08,6.3,0.2307,43.2,0.0883
Shayne Fontana,shayne fontana,687833,24.34,8.34,0.2823,80.4,0.1149
Juan Flores,juan flores,808129,30.16,4.65,0.2312,42.7,0.1001
Johnny Olmstead,johnny olmstead,675394,22.97,7.24,0.2568,60.2,0.1032
Daniel Montano,daniel montano,665914,31.98,9.9,0.2751,73.7,0.1187
Evan White,evan white,657108,28.62,7.82,0.2825,78.0,0.1592
Josh Springer,josh springer,807256,16.34,5.68,0.2269,42.3,0.0671
Michael Toglia,michael toglia,669911,34.2199,10.4395,0.2954,83.1,0.186
Alexfri Planez,alexfri planez,678413,27.9926,4.5981,0.275,73.6,0.1521
Justin Johnson,justin johnson,813386,25.81,7.51,0.2576,59.0,0.0904
Ryan McCarty,ryan mccarty,806005,28.31,7.1,0.2529,59.4,0.098
Chris Meyers,chris meyers,680273,26.3702,7.8364,0.2854,80.9,0.1286
Victor Duarte,victor duarte,683609,25.64,6.83,0.2245,43.1,0.0759
Matt Mervis,matt mervis,670223,30.6729,8.4976,0.2849,80.4,0.1703
Ben Gamel,ben gamel,592325,31.8596,11.2564,0.2873,81.9,0.1253
Cody Milligan,cody milligan,687862,29.1319,8.9,0.2526,58.2,0.0741
Austin Murr,austin murr,689456,24.07,8.23,0.2769,73.6,0.1187
Jorge Burgos,jorge burgos,684222,25.85,8.2,0.2728,73.1,0.1313
Agustin Ruiz,agustin ruiz,672361,29.38,7.84,0.2745,72.9,0.1416
Dixon Machado,dixon machado,553988,22.33,10.1,0.2592,62.7,0.0724
Matt Duffy,matt duffy,622110,23.9426,7.1016,0.2661,67.5,0.0886
Colton Becker,colton becker,813851,22.27,9.11,0.2737,70.1,0.0829
Malcolm Moore,malcolm moore,702270,26.09,6.48,0.2265,42.0,0.0812
Lamar Sparks,lamar sparks,676473,33.535,7.7992,0.274,73.0,0.1213
Tyler Gentry,tyler gentry,694355,29.6721,8.539,0.2781,75.9,0.129
Noah Myers,noah myers,671956,32.74,11.62,0.2728,71.6,0.1021
Chris Newell,chris newell,683006,35.0643,9.6689,0.2736,73.5,0.1506
Ben Hartl,ben hartl,803015,31.37,6.68,0.2263,41.8,0.0671
Charlie Szykowny,charlie szykowny,805126,22.06,4.75,0.2825,81.5,0.125
Julio Carreras,julio carreras,679734,28.3353,6.3033,0.2523,58.0,0.0912
Thomas Sosa,thomas sosa,800449,26.34,6.58,0.2704,72.3,0.1255
Jake Snider,jake snider,686744,29.41,9.97,0.2701,72.0,0.093
Luis De Los Santos,luis de los santos,665782,27.3937,6.3024,0.2575,62.5,0.1103
Jorge Puerta,jorge puerta,692333,26.79,7.0,0.229,42.0,0.0803
Jonathan Davis,jonathan davis,641505,30.3,8.9,0.2676,68.5,0.1053
Justin Yurchak,justin yurchak,657144,24.74,9.0,0.2852,80.6,0.11
Stiven Flores,stiven flores,808696,21.13,5.5,0.2284,41.6,0.0638
Jake Anchia,jake anchia,680971,31.86,4.9,0.229,42.0,0.1023
Adam Duvall,adam duvall,594807,30.1563,7.0993,0.2819,78.3,0.1659
Jantzen Witte,jantzen witte,642220,29.86,6.5,0.2568,61.1,0.1222
Carlos Sanchez,carlos sanchez,800176,28.67,8.72,0.2512,52.8,0.0742
Noah Campbell,noah campbell,668929,32.4,10.7,0.2743,73.1,0.1065
Alex Binelas,alex binelas,681323,32.3306,9.3436,0.2872,80.7,0.1616
Maxwell Costes,maxwell costes,696272,23.14,7.7,0.285,80.5,0.1326
Matt Gorski,matt gorski,685301,30.599,6.2765,0.282,79.3,0.1776
Travis Swaggerty,travis swaggerty,680552,30.55,9.5,0.2761,74.4,0.1169
Brennan Milone,brennan milone,686810,27.1507,9.1888,0.2874,79.7,0.1309
Brett Squires,brett squires,689531,29.45,7.51,0.2868,79.1,0.1305
Josue Gonzalez,josue gonzalez,700648,29.4,7.72,0.2254,41.0,0.0874
Casey Yamauchi,casey yamauchi,671748,12.45,4.14,0.2567,58.6,0.0709
Raylin Heredia,raylin heredia,699712,31.35,4.72,0.2761,73.1,0.1425
Luke Williams,luke williams,663897,0.301217,0.0770417,0.257738,61.6732,0.105455
Nick Cimillo,nick cimillo,701177,26.8,8.44,0.2882,81.2,0.1533
Ben Norman,ben norman,680421,33.23,8.1,0.2732,72.4,0.1392
Tres Gonzalez,tres gonzalez,687206,22.9872,8.7012,0.2744,73.2,0.0828
Logan Cerny,logan cerny,681488,34.22,6.9,0.2526,58.2,0.1214
Connor Hoover,connor hoover,676803,29.44,8.6,0.2537,59.0,0.1091
Juan Guerrero,juan guerrero,682648,17.4642,5.6984,0.2741,73.0,0.0917
BJ Murray,bj murray,681230,25.0454,10.8889,0.2916,87.1,0.128
José Osuna,jose osuna,591741,16.52,5.6,0.2693,69.7,0.1069
Norichika Aoki,norichika aoki,493114,18.86,8.1,0.2724,71.8,0.0943
Luis Caicuto,luis caicuto,691276,23.66,6.83,0.2314,42.5,0.0733
Sabin Ceballos,sabin ceballos,694754,23.21,8.21,0.2818,81.0,0.1114
David McCabe,david mccabe,678173,27.81,9.76,0.2862,81.2,0.1274
Jonathan Ornelas,jonathan ornelas,680716,28.0973,7.5086,0.2529,59.9,0.0881
Grant Lavigne,grant lavigne,680693,30.0818,10.0007,0.2837,79.6,0.1309
Jairo Pomares,jairo pomares,682646,27.7762,5.4014,0.2732,72.4,0.1426
Gosuke Katoh,gosuke katoh,641741,18.57,7.3,0.2794,76.6,0.11
Marty Costes,marty costes,664753,23.09,7.3,0.2745,73.3,0.1037
Nick Ahmed,nick ahmed,605113,23.5114,5.7979,0.2495,56.1,0.0899
Luke Hill,luke hill,702619,24.31,7.87,0.2499,57.9,0.0903
Matt Fraizer,matt fraizer,670208,25.1206,6.6098,0.2764,70.7,0.1111
Will Robertson,will robertson,683770,31.4689,7.8484,0.2729,74.0,0.1484
Jhonny Level,jhonny level,815929,23.83,6.03,0.2399,52.3,0.0874
Engelth Urena,engelth urena,800246,26.53,8.53,0.2249,40.6,0.0779
Colin Moran,colin moran,592567,28.55,8.49,0.2769,81.8,0.1256
Matt Rudick,matt rudick,689822,27.03,11.079,0.2703,74.1,0.1004
Brendan Durfee,brendan durfee,826545,29.93,6.43,0.223,42.1,0.0811
Ryan Sprock,ryan sprock,823779,25.56,7.34,0.2272,40.3,0.0744
Billy McKinney,billy mckinney,641856,27.2267,9.4992,0.2811,77.8,0.1253
Oswaldo Linares,oswaldo linares,692021,28.78,8.34,0.2435,56.1,0.091
Ji Man Choi,ji man choi,596847,29.91,10.7,0.2928,85.8,0.1494
Leandro Pineda,leandro pineda,683610,24.27,7.78,0.2733,72.8,0.121
Taylor Snyder,taylor snyder,643549,30.91,7.1,0.2538,59.0,0.1213
Bennett Lee,bennett lee,700939,35.02,8.85,0.2269,40.6,0.0835
Zach Remillard,zach remillard,621545,24.6997,8.0117,0.2575,61.7,0.0869
Dustin Peterson,dustin peterson,640460,29.28,7.9,0.2678,68.7,0.1244
Ronny Cruz,ronny cruz,826723,26.75,5.12,0.2409,50.6,0.0956
Hector Nieves,hector nieves,695758,30.17,7.3,0.2526,58.3,0.0982
Mitch Haniger,mitch haniger,571745,28.5149,8.9029,0.2861,81.2,0.1434
Robbie Tenerowicz,robbie tenerowicz,642134,24.7784,7.5333,0.2795,80.8,0.1213
Drew Campbell,drew campbell,686601,27.78,6.0,0.2722,71.7,0.1236
Peter Burns,peter burns,686196,26.02,7.82,0.2276,40.2,0.0673
Moisés Gómez,moises gomez,664332,33.7,6.83,0.2673,72.5,0.1444
Matt Lloyd,matt lloyd,651016,26.2293,9.2169,0.2884,79.0,0.1251
Jose Ramos,jose ramos,682947,34.6998,8.2069,0.2682,72.6,0.1387
Ezequiel Pagan,ezequiel pagan,681868,20.3984,5.3044,0.273,72.2,0.1158
Ivan Melendez,ivan melendez,699471,31.2032,6.0985,0.2833,79.3,0.1583
Jonny Butler,jonny butler,695358,26.49,8.7,0.2719,71.5,0.1165
Levi Jordan,levi jordan,682119,20.5642,6.6988,0.2766,75.1,0.1096
Rixon Wingrove,rixon wingrove,678534,28.81,7.2,0.2834,79.4,0.153
José Mejía,jose mejia,808090,23.07,8.86,0.254,58.6,0.0736
Garrett Martin,garrett martin,682003,28.4,5.79,0.268,70.3,0.1469
Victor Ortega,victor ortega,703861,25.86,9.45,0.2292,41.2,0.0598
Spencer Bramwell,spencer bramwell,695426,36.13,6.13,0.2282,40.6,0.1011
J.P. Martínez,jp martinez,679881,31.5296,9.4635,0.2737,72.6,0.1138
Kyle Lodise,kyle lodise,827517,26.55,10.61,0.2397,49.4,0.0784
Will Bush,will bush,813844,31.91,10.22,0.2756,75.0,0.13
Jose Salas,jose salas,691191,29.65,5.81,0.2502,56.1,0.1068
Albert Almora Jr.,albert almora jr,546991,19.5968,6.1,0.2762,74.5,0.1063
Yongkyu Lee,yongkyu lee,493665,21.26,7.9,0.2695,69.9,0.0815
Eric Hartman,eric hartman,807080,29.37,6.18,0.2506,56.8,0.1082
Drew Maggi,drew maggi,543482,27.91,6.9,0.2606,63.7,0.1091
Adam Brett Walker,adam brett walker,608724,30.77,4.1,0.2676,68.6,0.1475
Josh Sale,josh sale,592714,34.08,9.5,0.2727,72.1,0.1313
Kai Roberts,kai roberts,805956,34.98,8.14,0.244,56.5,0.0879
Enrique Jimenez,enrique jimenez,806992,31.44,7.85,0.2257,39.3,0.0887
GJ Hill,gj hill,677338,31.55,6.62,0.2695,56.5,0.1322
Nick Schnell,nick schnell,678010,34.4703,6.7329,0.2668,72.1,0.1468
Brian Miller,brian miller,675649,25.02,7.9,0.2746,73.4,0.0921
Trenton Brooks,trenton brooks,670092,20.49,10.8981,0.2958,87.9,0.1269
Jake Means,jake means,689374,29.37,7.7,0.2528,58.4,0.1195
Edgleen Perez,edgleen perez,814297,25.3,9.94,0.2295,40.9,0.047
Jose Gomez,jose gomez,650506,24.71,5.8,0.2516,57.6,0.0868
Robert Perez Jr.,robert perez jr,672596,32.918,7.5994,0.2718,71.4,0.1271
Cole Roederer,cole roederer,680711,31.4245,8.6939,0.269,71.7,0.1208
Omar Meregildo,omar meregildo,660530,30.23,7.3,0.2824,78.7,0.1522
Ashton Creal,ashton creal,689328,35.01,7.6,0.2515,57.5,0.1084
Justin Toerner,justin toerner,682109,30.14,10.7,0.2713,71.1,0.1185
Josh Caron,josh caron,701805,32.91,5.39,0.2139,38.4,0.0908
Bubba Thompson,bubba thompson,669352,29.2973,5.4986,0.2651,66.8,0.1081
Jacob Humphrey,jacob humphrey,814410,25.81,6.03,0.2702,57.1,0.1118
Frederick Bencosme,frederick bencosme,695930,19.909,7.3589,0.2676,70.4,0.1058
Jared Sundstrom,jared sundstrom,814791,31.72,7.39,0.2585,69.1,0.1189
Aledmys Díaz,aledmys diaz,649557,21.5181,5.8133,0.2602,64.3,0.1114
Pedro León,pedro leon,694175,32.0014,7.8331,0.2782,74.6,0.1411
Joey Wendle,joey wendle,621563,22.1316,4.6034,0.2561,60.6,0.0957
Mason Auer,mason auer,687020,31.3042,7.1672,0.2616,63.9,0.1264
Preston Tucker,preston tucker,605512,27.64,9.4,0.2674,68.4,0.1156
D'Andre Smith,dandre smith,694266,24.01,5.54,0.265,70.4,0.1
Harold Ramírez,harold ramirez,623912,20.6173,5.1196,0.2923,85.8,0.1073
Gabe Matthews,gabe matthews,687346,31.42,10.6,0.2823,78.6,0.134
Narbe Cruz,narbe cruz,700358,27.53,5.01,0.2395,50.1,0.0838
Jae-Hoon Ha,jaehoon ha,573350,31.39,5.3,0.2658,67.3,0.1317
Andy Atwood,andy atwood,664762,26.09,5.6,0.251,57.1,0.0906
Carter Williams,carter williams,688832,26.81,6.1,0.2707,70.6,0.1243
Jefferson Valladares,jefferson valladares,686338,28.46,5.1,0.2248,39.1,0.0885
Jose Sibrian,jose sibrian,665715,26.92,5.4,0.2246,39.0,0.0843
Ronaldo Flores,ronaldo flores,683612,25.98,4.2,0.2246,39.0,0.0887
Alberto Barriga,alberto barriga,800569,31.56,7.17,0.2261,39.5,0.0787
Zac Fascia,zac fascia,659359,28.76,5.8,0.2245,38.9,0.0849
Brady Day,brady day,800953,20.94,7.63,0.2531,57.4,0.0935
Johnathon Thomas,johnathon thomas,684976,25.49,5.12,0.2479,55.4,0.0862
Leandro Cedeño,leandro cedeno,660681,27.78,6.23,0.287,85.9,0.1527
Jacob Friend,jacob friend,701820,36.68,9.43,0.2316,39.4,0.1042
Jommer Hernandez,jommer hernandez,678912,30.4,6.4,0.2243,38.8,0.0762
Chris Seise,chris seise,669451,31.05,6.4,0.2503,56.6,0.0973
Austin Charles,austin charles,800051,25.02,5.71,0.2427,48.7,0.0844
Ryan Leitch,ryan leitch,683318,30.82,4.7,0.2239,38.5,0.1025
Braylon Payne,braylon payne,815520,34.63,8.24,0.2482,56.4,0.1177
Tommy Hawke,tommy hawke,803142,26.35,9.48,0.2438,53.7,0.0618
LJ Talley,lj talley,663544,22.32,8.7,0.2811,77.8,0.1076
Shawn Goosenberg,shawn goosenberg,700361,29.15,6.7,0.2693,69.7,0.1179
Dylan Shockley,dylan shockley,686758,36.56,7.2,0.2241,38.7,0.0772
Landon Stephens,landon stephens,686677,37.26,9.3,0.2702,70.3,0.1551
DJ Gladney,dj gladney,687554,29.9929,4.9809,0.2677,70.1,0.1361
Ethan Workinger,ethan workinger,689688,22.7185,7.1676,0.2718,71.3,0.123
Adrian Santana,adrian santana,803745,17.02,5.76,0.2375,47.3,0.0549
Je'Von Ward,jevon ward,669219,32.81,10.5,0.268,69.8,0.1108
Braedon Karpathios,braedon karpathios,701682,33.24,9.74,0.2652,71.0,0.1087
Jordan Nwogu,jordan nwogu,685087,28.39,6.89,0.267,70.2,0.1046
Ryan Johnson,ryan johnson,802459,37.64,5.9,0.2402,49.7,0.1039
Edwin Rios,edwin rios,621458,35.893,8.4208,0.2857,76.4,0.1662
Glenn Santiago,glenn santiago,687426,26.43,7.4,0.2698,70.1,0.1176
Oscar Colás,oscar colas,693049,27.1236,7.1024,0.2724,71.9,0.1301
Roberto Campos,roberto campos,691449,25.94,6.94,0.2691,69.6,0.1077
Connor Kaiser,connor kaiser,663731,31.4029,9.5086,0.2546,56.9,0.0986
Cody Morissette,cody morissette,681357,26.56,6.8269,0.2505,55.8,0.106
Robert Arias,robert arias,815897,24.05,7.67,0.2452,54.7,0.0876
Rod Barajas Jr.,rod barajas jr,805371,25.41,4.45,0.22,38.7,0.0866
Yoshi Tsutsugo,yoshi tsutsugo,660294,28.97,10.3,0.2888,83.1,0.1604
John Taylor,john taylor,822966,26.6,8.28,0.2775,77.1,0.1038
Jacob Teter,jacob teter,679628,28.49,7.52,0.2784,76.9,0.1357
Emaarion Boyd,emaarion boyd,702708,23.65,7.24,0.2678,67.7,0.0933
Geraldo Quintero,geraldo quintero,684852,23.3513,8.9008,0.2686,69.2,0.0964
Yasel Antuna,yasel antuna,671276,25.23,10.3,0.2694,69.7,0.1049
Nick Maton,nick maton,665155,26.9412,11.3966,0.2904,84.2,0.1301
Jesus Ordonez,jesus ordonez,691116,24.27,5.4,0.2227,37.7,0.0793
Isiah Gilliam,isiah gilliam,656462,36.73,10.58,0.2789,83.2,0.1382
Starlyn Caba,starlyn caba,806965,22.83,9.25,0.241,49.3,0.0613
David Mershon,david mershon,702574,28.0848,9.6012,0.2382,47.4,0.0641
Ryan Galanie,ryan galanie,814436,22.73,6.5,0.2795,76.8,0.1272
Michael Reed,michael reed,642002,32.38,7.7,0.2639,66.0,0.1136
Mac Guscette,mac guscette,691944,21.91,5.78,0.2239,38.5,0.0733
Fernando Gonzalez,fernando gonzalez,692232,23.08,5.14,0.2196,38.4,0.0757
Javier Valdes,javier valdes,688002,24.17,9.6,0.2842,79.9,0.1322
Colby Shelton,colby shelton,701333,25.13,7.4,0.2481,55.2,0.0986
Tristin English,tristin english,663536,23.6896,5.082,0.2816,78.0,0.1309
Shogo Akiyama,shogo akiyama,673451,20.69,4.8,0.2697,70.0,0.0864
Parker Chavers,parker chavers,685091,29.14,8.8,0.2485,55.4,0.0858
Narciso Crook,narciso crook,643271,36.13,8.4,0.275,73.6,0.1412
Andrew Kachel,andrew kachel,803288,28.31,8.2,0.2799,77.0,0.1144
Carlos Virahonda,carlos virahonda,808024,27.15,4.98,0.2244,38.3,0.0822
Jordan Dissin,jordan dissin,805301,31.87,7.93,0.2253,38.3,0.0768
Bryan Broecker,bryan broecker,802541,33.07,10.2,0.2223,36.8,0.0657
Jalen Vasquez,jalen vasquez,694884,28.91,8.6,0.2483,55.3,0.085
Alex McKenna,alex mckenna,665173,33.16,9.0,0.2689,69.4,0.1161
Nick Gordon,nick gordon,624503,25.2147,4.998,0.2725,71.9,0.1234
Andrew Velazquez,andrew velazquez,623205,30.1561,5.9682,0.2489,55.1,0.0949
Aidan Smith,aidan smith,806223,33.81,7.78,0.2471,53.9,0.1075
Adam Haseley,adam haseley,656514,21.92,7.3,0.2722,71.7,0.1107
Wil Myers,wil myers,571976,30.68,7.5,0.2774,75.3,0.1302
Matt Beaty,matt beaty,607461,20.9,7.4,0.2853,80.7,0.1075
Ryan Higgins,ryan higgins,696287,33.54,6.1,0.2488,55.6,0.1158
Marek Houston,marek houston,701339,24.28,5.1,0.2381,47.8,0.0763
Jose Colmenares,jose colmenares,683569,28.89,7.63,0.241,49.0,0.0906
Blake Wright,blake wright,694543,18.77,5.04,0.2693,56.4,0.1052
Taylor Kohlwey,taylor kohlwey,670128,25.93,9.6,0.2758,74.2,0.1007
Luis Castro,luis castro,620449,29.64,6.71,0.2787,77.1,0.1416
Chris Rotondo,chris rotondo,700658,31.55,7.6,0.2681,68.9,0.1102
Nico Perez,nico perez,703639,27.08,7.08,0.246,54.6,0.0792
Chase Heath,chase heath,800840,27.57,5.63,0.2185,37.4,0.0878
Jake Gatewood,jake gatewood,656449,34.94,6.1,0.2495,56.1,0.139
Tyresse Turner,tyresse turner,687930,33.74,8.07,0.2434,53.4,0.0737
Hun Gon Kim,hun gon kim,598275,20.11,4.8,0.2647,66.5,0.093
Elliot Soto,elliot soto,519303,28.38,8.0,0.2404,49.8,0.0741
Drew Avans,drew avans,682183,25.0297,9.1882,0.2877,69.0,0.0967
Brett Johnson,brett johnson,805842,32.69,10.6,0.2679,68.8,0.1162
Felix Valerio,felix valerio,680589,22.4,7.1,0.2679,68.7,0.1096
Aaron Zavala,aaron zavala,701648,34.1907,10.1726,0.2653,68.7,0.1047
Trevor Boone,trevor boone,685392,40.929,5.5958,0.248,55.1,0.145
Anderson De Los Santos,anderson de los santos,698945,28.13,9.71,0.2756,75.9,0.1167
Carlos Gutierrez,carlos gutierrez,806872,21.76,7.52,0.264,68.8,0.0861
Josh Rivera,josh rivera,687069,32.4018,7.7991,0.2362,47.9,0.0894
Cam Cannarella,cam cannarella,703448,24.56,5.83,0.2504,55.8,0.0961
Ben McCabe,ben mccabe,701100,34.17,5.73,0.2412,37.2,0.0969
César Hernández,cesar hernandez,514917,25.99,8.7,0.2603,63.5,0.083
Niko Decolati,niko decolati,680719,30.6872,10.7028,0.2676,68.5,0.0977
Gabriel Martinez,gabriel martinez,683447,21.274,6.3025,0.2682,68.9,0.1098
D'Shawn Knowles,dshawn knowles,677610,26.79,7.9,0.267,68.1,0.0992
Branden Fryman,branden fryman,670210,24.72,4.6,0.238,48.2,0.0883
Luis Verdugo,luis verdugo,677605,27.2855,6.9285,0.2433,56.0,0.0924
Nelson Medina,nelson medina,678729,34.49,7.0,0.2476,54.8,0.1092
Kole Calhoun,kole calhoun,594777,24.6463,7.1975,0.2855,80.8,0.1348
Colton Ledbetter,colton ledbetter,807742,29.66,6.52,0.2632,68.1,0.1057
Rainer Nunez,rainer nunez,678742,25.4818,6.2969,0.2764,75.6,0.125
Josh Adamczewski,josh adamczewski,815304,25.65,8.85,0.2673,69.4,0.1017
Yolmer Sánchez,yolmer sanchez,570560,28.3071,10.3019,0.2594,62.1,0.085
Antonis Macias,antonis macias,805950,23.97,9.17,0.2452,54.9,0.057
J.D. Orr,jd orr,680785,28.43,10.5,0.2672,68.2,0.0835
Landon Wallace,landon wallace,695068,31.62,7.5,0.2675,68.5,0.1195
Jose Devers,jose devers,691410,29.37,5.75,0.2447,54.3,0.0975
Elian Peña,elian pena,829033,27.03,7.39,0.2331,48.6,0.0788
CJ Rodriguez,cj rodriguez,675430,24.23,8.39,0.2237,35.8,0.0629
Eric Brown Jr.,eric brown jr,687521,23.0572,7.6399,0.2458,54.7,0.0877
Peyton Williams,peyton williams,805268,28.48,8.2,0.277,76.0,0.1259
AJ Pollock,aj pollock,572041,25.63,6.8,0.278,75.7,0.1318
Elijah Dunham,elijah dunham,685313,31.3363,8.9131,0.2675,67.6,0.1277
Asbel Gonzalez,asbel gonzalez,808706,25.23,6.91,0.2474,52.0,0.0742
Loidel Chapelli,loidel chapelli,703070,26.18,7.3,0.2468,54.2,0.0821
Anthony Gutierrez,anthony gutierrez,703152,25.49,5.68,0.2405,51.6,0.0715
Jonny Farmelo,jonny farmelo,806071,34.0,8.19,0.2359,53.6,0.1015
Edgar Alvarez,edgar alvarez,827294,28.15,9.79,0.2764,76.7,0.1078
Daniel Pena,daniel pena,805015,23.24,6.52,0.2198,35.2,0.0698
Jack Larsen,jack larsen,677223,30.71,9.8,0.2769,74.9,0.1138
JT Schwartz,jt schwartz,681286,22.9625,8.8317,0.2735,76.2,0.1058
Maick Collado,maick collado,691408,20.49,7.26,0.2446,54.2,0.0779
Juan Matheus,juan matheus,801276,23.97,7.94,0.2486,54.5,0.0778
Sandy León,sandy leon,506702,35.12,8.96,0.2292,42.1,0.0923
Darius Hill,darius hill,675628,22.7129,6.4993,0.2674,68.4,0.0913
James Parker,james parker,681466,33.29,6.8,0.2371,47.6,0.1047
Nick Pratto,nick pratto,668472,34.1834,8.7687,0.2725,73.6,0.1464
Angel Diaz,angel diaz,801225,30.69,6.1,0.2196,35.6,0.0816
Luis Mieses,luis mieses,672635,23.0271,4.697,0.2671,68.2,0.1282
Hyungchan Um,hyungchan um,805870,26.77,6.71,0.2226,34.9,0.0744
Zach Zubia,zach zubia,687036,32.95,11.2,0.2782,75.8,0.13
Rolando Espinosa,rolando espinosa,678849,33.7528,8.1039,0.2659,67.4,0.1264
Carlos Amaya,carlos amaya,692650,26.04,4.9,0.219,35.2,0.0785
Ali Camarillo,ali camarillo,701548,21.56,5.55,0.2394,46.6,0.0692
Darick Hall,darick hall,669742,27.8986,7.8032,0.2755,74.0,0.1404
Bobby Dalbec,bobby dalbec,666915,38.0427,8.3983,0.276,74.3,0.1552
CJ Alexander,cj alexander,680769,32.0073,6.7127,0.2681,69.8,0.1489
Ian Petrutz,ian petrutz,814413,17.96,7.91,0.264,68.6,0.0816
Matt Hogan,matt hogan,681375,37.78,8.7,0.2461,53.8,0.1022
Luis Baez,luis baez,800232,27.47,5.71,0.2638,66.9,0.1213
Justin Farmer,justin farmer,668993,31.38,9.0,0.2657,67.2,0.1126
Jordyn Adams,jordyn adams,677941,33.8486,7.0398,0.2523,59.2,0.1136
Dérmis Garcia,dermis garcia,660650,33.2441,7.798,0.274,72.9,0.1602
Sam Brown,sam brown,694848,23.2354,9.1636,0.2781,76.1,0.1018
Nathan Hickey,nathan hickey,687208,30.2583,9.924,0.2748,69.7,0.1323
Roman Quinn,roman quinn,596451,32.84,9.88,0.2834,66.1,0.1228
Zach Arnold,zach arnold,689984,28.98,5.5,0.2464,54.0,0.0991
Welbyn Francisca,welbyn francisca,806988,22.76,6.66,0.2318,45.4,0.0612
Matt Higgins,matt higgins,696487,26.61,8.2,0.2775,75.3,0.109
Wilfred Veras,wilfred veras,691442,29.9703,5.7998,0.2644,66.4,0.1243
Andy Lugo,andy lugo,702889,26.55,5.81,0.2456,52.9,0.0912
Alex Dickerson,alex dickerson,543105,24.21,7.8,0.2879,82.5,0.1496
Nick Meyer,nick meyer,680722,24.0,9.9,0.27,70.2,0.0976
Slade Caldwell,slade caldwell,815154,32.87,11.15,0.2476,54.2,0.0657
Dyan Jorge,dyan jorge,694170,22.23,7.01,0.2652,53.6,0.0696
Coby Morales,coby morales,815089,29.95,7.92,0.2732,73.9,0.1175
Carlos Sanchez,carlos sanchez,801522,28.14,6.83,0.2207,35.5,0.0788
Darlin Moquete,darlin moquete,680642,26.23,6.2,0.2646,66.5,0.1212
Dong-Yub Kim,dongyub kim,596876,26.05,5.69,0.2598,65.4,0.1121
Darin Ruf,darin ruf,573131,28.91,10.3,0.289,83.2,0.1345
Blayberg Diaz,blayberg diaz,691600,25.37,4.52,0.2174,35.2,0.0632
Ben Gobbel,ben gobbel,806534,25.66,5.15,0.277,74.2,0.1284
Kai Murphy,kai murphy,687625,24.41,8.44,0.2606,67.8,0.0846
Trey Lipscomb,trey lipscomb,702358,22.1675,5.4184,0.2661,67.9,0.1081
Irvin Nunez,irvin nunez,815966,30.13,7.95,0.2173,33.5,0.0716
Dean Curley,dean curley,806053,31.07,9.58,0.233,46.2,0.0679
Ty Hanchey,ty hanchey,800643,28.6,5.93,0.2146,35.0,0.0761
Jordy Barley,jordy barley,672357,31.98,6.9,0.2441,52.4,0.0914
Luis Pineda,luis pineda,682867,30.89,4.5,0.2177,34.3,0.0843
Jon Singleton,jon singleton,572138,29.6655,12.327,0.2884,83.8,0.1466
Joe Redfield,joe redfield,812470,24.53,6.7,0.2649,66.7,0.1011
Kevin Bazzell,kevin bazzell,695494,20.45,6.99,0.2181,35.0,0.0535
Terrell Tatum,terrell tatum,695299,31.7307,10.1002,0.2639,66.0,0.0937
Jack Winkler,jack winkler,676466,29.6871,6.6072,0.2421,51.9,0.0924
Zander Darby,zander darby,801592,29.12,6.92,0.2425,54.1,0.0897
Hayden Gilliland,hayden gilliland,828600,34.44,6.8,0.2155,33.6,0.0877
Alex Mooney,alex mooney,695612,29.88,7.87,0.2405,51.4,0.0873
Andrew Miller,andrew miller,685460,33.76,6.0,0.2175,34.1,0.0896
Yeremy Cabrera,yeremy cabrera,800393,28.07,7.58,0.2444,53.0,0.0907
Ty Southisene,ty southisene,807257,20.0,8.09,0.232,46.3,0.0444
Clint Frazier,clint frazier,640449,30.8,10.3,0.2736,72.7,0.1195
Émilien Pitre,emilien pitre,692150,23.03,7.47,0.2453,52.6,0.0727
Tai Peete,tai peete,806191,31.87,5.83,0.2414,53.1,0.105
Ryan Stafford,ryan stafford,701696,29.29,7.06,0.2126,32.4,0.0638
Ahbram Liendo,ahbram liendo,699157,29.44,7.61,0.2477,50.9,0.0724
Yoeilin Cespedes,yoeilin cespedes,806985,24.54,5.21,0.2504,52.9,0.1081
Quincy Hamilton,quincy hamilton,680810,27.7878,9.5006,0.266,67.4,0.1237
Matthew Dyer,matthew dyer,686546,34.47,7.3,0.2649,66.7,0.125
Colin Burgess,colin burgess,689878,26.22,5.98,0.2186,34.9,0.0702
Jose Colmenares,jose colmenares,683511,24.95,7.2,0.2175,34.1,0.0669
Samuel Gil,samuel gil,800510,21.56,8.14,0.2347,46.0,0.0528
Orlando Calixte,orlando calixte,593525,20.85,4.8,0.2605,63.7,0.1009
Richard Ramirez,richard ramirez,800197,32.07,5.72,0.2203,34.6,0.0834
Andy Garriola,andy garriola,696513,27.79,5.69,0.2628,67.4,0.1402
Garrett Cooper,garrett cooper,643265,28.9003,7.402,0.2815,78.1,0.1287
Titus Dumitru,titus dumitru,828335,27.86,7.53,0.2678,67.1,0.1133
Ely Brown,ely brown,836058,27.05,8.61,0.2438,52.2,0.0746
Grant Witherspoon,grant witherspoon,680710,32.65,8.8,0.2647,66.6,0.1242
Enmanuel Tejeda,enmanuel tejeda,800285,25.07,8.63,0.2409,51.6,0.069
Lizandro Espinoza,lizandro espinoza,692371,30.27,6.57,0.2443,52.4,0.1066
Juan Corniel,juan corniel,691284,23.2,5.2,0.2351,46.2,0.0688
Matt King,matt king,823153,19.64,7.33,0.2469,52.9,0.0655
Tyler Osik,tyler osik,677068,28.57,7.1,0.2755,74.0,0.1237
Óscar Mercado,oscar mercado,640458,22.0868,8.84,0.2727,70.8,0.1168
Ricardo Cova,ricardo cova,699698,24.2,4.09,0.233,51.6,0.0876
Yirer Garcia,yirer garcia,808237,25.86,7.78,0.2166,32.8,0.053
Jake Noll,jake noll,669738,24.38,5.2,0.2767,74.8,0.1314
Justin Gonzales,justin gonzales,821100,21.35,6.01,0.2695,66.0,0.0996
Grant Magill,grant magill,686944,29.36,5.4,0.2154,32.7,0.0744
Harry Owen,harry owen,702214,24.21,5.4,0.2164,33.4,0.0745
Cristian Santana,cristian santana,655996,28.93,6.68,0.275,74.5,0.1215
P.J. Hilson,pj hilson,680713,27.79,5.52,0.2665,66.3,0.1253
Jake Scheiner,jake scheiner,676595,30.7078,8.8967,0.2757,74.1,0.1491
Dameury Pena,dameury pena,808365,14.38,5.91,0.2435,51.5,0.0609
Jack Winnay,jack winnay,813400,25.42,8.52,0.2497,52.4,0.0894
Capri Ortiz,capri ortiz,800194,26.71,5.74,0.2335,44.2,0.0667
Kasen Wells,kasen wells,703673,25.78,7.73,0.2383,52.5,0.0672
Jack Hurley,jack hurley,694815,31.88,5.47,0.266,66.8,0.1194
PK Morris,pk morris,676678,31.36,8.9,0.2749,73.6,0.1354
Steven Duggar,steven duggar,621453,36.76,9.0,0.2598,63.2,0.1138
Carter Dorighi,carter dorighi,826163,26.89,5.69,0.233,51.6,0.0651
Ben DeLuzio,ben deluzio,641512,32.8,7.7,0.2573,61.5,0.1038
Romeo Sanabria,romeo sanabria,703804,26.0636,8.0323,0.2696,74.0,0.1104
David Hensley,david hensley,682073,32.8081,11.9629,0.2707,69.7,0.1023
Nick Martini,nick martini,605361,21.7526,9.3903,0.3077,82.8,0.1379
Dante Nori,dante nori,807276,20.49,8.03,0.2853,79.4,0.1107
Shane Sasaki,shane sasaki,687071,29.76,8.32,0.2689,64.9,0.0961
Brad Miller,brad miller,543543,23.99,8.4,0.287,81.9,0.1341
Grant Richardson,grant richardson,685300,35.1347,6.501,0.263,65.3,0.1324
Jake Munroe,jake munroe,827719,27.48,6.83,0.2444,51.8,0.0985
Wehiwa Aloy,wehiwa aloy,814450,29.27,4.51,0.2304,44.7,0.0956
Drew Mount,drew mount,681898,30.21,6.4,0.2758,74.2,0.1327
Austin Callahan,austin callahan,702472,30.8802,6.3003,0.2438,52.2,0.0988
Camden Troyer,camden troyer,803131,27.2,6.09,0.2406,51.4,0.105
Kleyver Salazar,kleyver salazar,808307,25.56,7.31,0.22,31.9,0.0695
Geraldi Diaz,geraldi diaz,673145,31.48,6.89,0.2149,32.8,0.0799
Dillon Tatum,dillon tatum,702208,36.18,7.7,0.2147,32.2,0.0819
Logan Tanner,logan tanner,683091,33.36,8.22,0.2223,33.0,0.0881
Alex McGarry,alex mcgarry,685127,30.88,6.2,0.2739,72.9,0.1418
Yuli Gurriel,yuli gurriel,493329,21.1753,7.8295,0.2789,80.4,0.11
Ethan Wilson,ethan wilson,681159,25.0412,5.6005,0.2631,65.4,0.1261
Micah Pries,micah pries,687588,26.34,7.0,0.2739,72.9,0.1358
Sammy Stafura,sammy stafura,806230,30.08,7.73,0.2358,45.2,0.0781
Colin Barber,colin barber,683145,29.7099,7.6027,0.263,65.3,0.1167
Sergio Tapia,sergio tapia,685337,23.31,5.03,0.2134,31.3,0.0816
Tanner Allen,tanner allen,669327,23.1778,7.0011,0.263,65.4,0.1063
Brian Anderson,brian anderson,605119,29.506,8.9983,0.2711,70.9,0.1135
Kevin Bruggeman,kevin bruggeman,815755,27.96,9.31,0.2354,45.5,0.0732
Corey Dickerson,corey dickerson,572816,24.05,5.5,0.2739,72.9,0.1144
Ryan Nicholson,ryan nicholson,690804,29.34,8.71,0.2749,72.8,0.127
Neyfy Castillo,neyfy castillo,678689,33.0364,6.8988,0.2733,72.4,0.1412
Jackson Hornung,jackson hornung,814408,31.36,7.1,0.2636,66.7,0.1069
José Abreu,jose abreu,547989,23.87,7.0,0.2805,77.4,0.1224
Jacob Burke,jacob burke,804240,25.9368,6.6987,0.2611,64.2,0.0942
Bligh Madris,bligh madris,676632,28.171,8.7033,0.268,71.3,0.1239
R.J. Yeager,rj yeager,694271,19.3309,6.1012,0.2731,72.3,0.1196
Anthony Quirion,anthony quirion,688815,33.84,5.9,0.2135,31.4,0.0872
Alex De Goti,alex de goti,621008,26.4,9.5,0.2541,59.3,0.0733
Jake Lamb,jake lamb,571875,27.38,8.9,0.2768,74.9,0.112
Chris Roller,chris roller,676896,37.2609,9.0985,0.2492,55.9,0.1064
Christian Olivo,christian olivo,700840,26.57,7.99,0.2298,44.8,0.071
Mikey Perez,mikey perez,668882,26.6,6.8,0.2419,50.9,0.0953
Jamari Baylor,jamari baylor,687072,31.35,8.31,0.2381,52.0,0.0861
Josh Stowers,josh stowers,663618,30.1,7.4,0.2618,64.6,0.1341
Angel Galarraga,angel galarraga,687679,28.67,5.6,0.2133,31.2,0.077
Boston Baro,boston baro,805951,23.07,5.64,0.2274,44.6,0.0673
Michael Turner,michael turner,694478,25.4559,10.0128,0.2749,73.6,0.0972
Gavin Kilen,gavin kilen,702264,21.87,4.84,0.2298,45.4,0.072
Gionti Turner,gionti turner,682090,28.0,6.1,0.2419,50.9,0.0811
Sean McLain,sean mclain,683169,28.88,7.37,0.2418,51.7,0.0837
Miguel Pabon,miguel pabon,682196,30.03,7.0,0.2132,31.2,0.0605
Zach Daudet,zach daudet,836055,26.52,8.82,0.2398,50.3,0.08
Mike Ford,mike ford,645801,26.7026,9.5022,0.2855,80.8,0.1456
Riley Tirotta,riley tirotta,694661,34.0403,9.1998,0.2699,71.1,0.1216
Hak-Ju Lee,hakju lee,573349,32.15,5.4,0.235,46.1,0.0878
Walking Cabrera,walking cabrera,676004,29.13,5.7,0.242,51.0,0.1052
Quincy Scott,quincy scott,701701,29.7,7.78,0.2385,50.2,0.0752
David Fletcher,david fletcher,664058,14.9656,5.1965,0.2469,54.3,0.0629
Pat Valaika,pat valaika,642162,25.57,7.0,0.252,57.8,0.0957
Collin Price,collin price,805672,33.47,8.22,0.2627,66.1,0.1356
Cavan Biggio,cavan biggio,624415,28.92,11.4281,0.2825,79.7,0.1083
Freili Encarnacion,freili encarnacion,703175,28.47,4.61,0.2468,50.3,0.1164
Nick Podkul,nick podkul,674951,32.97,10.5,0.2734,72.5,0.1245
Jeffrey Wehler,jeffrey wehler,694292,25.78,5.6,0.2417,50.7,0.0832
Jose Sanabria,jose sanabria,692027,27.6,6.7,0.2419,50.9,0.0725
Justin Stransky,justin stransky,833458,27.99,4.89,0.2101,31.3,0.0781
Kaeden Kent,kaeden kent,809763,20.94,4.67,0.2384,49.9,0.087
Kyle Garlick,kyle garlick,664247,32.6521,8.1033,0.2722,71.7,0.1446
McCarthy Tatum,mccarthy tatum,657029,26.87,5.6,0.2626,65.1,0.1215
Jheremy Vargas,jheremy vargas,691621,23.02,7.14,0.2406,51.2,0.0649
Quinn McDaniel,quinn mcdaniel,814194,32.18,8.0,0.2412,50.4,0.0887
Aaron Walton,aaron walton,830239,31.8,5.55,0.2377,49.5,0.1019
Hudson Haskin,hudson haskin,681370,32.48,8.4,0.2608,63.9,0.1012
Marcus Smith,marcus smith,687526,40.18,9.0,0.2412,50.4,0.1088
Joe Suozzi,joe suozzi,679545,30.886,7.7016,0.2723,71.7,0.1142
Jared Thomas,jared thomas,683228,27.45,6.9,0.2119,30.3,0.0684
Alberto Rios,alberto rios,814362,28.78,6.04,0.2124,29.7,0.0717
Robbie Glendinning,robbie glendinning,674671,29.18,9.2,0.2834,79.4,0.1231
Jack Penney,jack penney,802599,25.84,8.44,0.2408,50.1,0.0697
Brooks Brannon,brooks brannon,703477,31.03,6.91,0.2685,65.3,0.1253
Beycker Barroso,beycker barroso,692852,27.27,5.9,0.2115,30.0,0.0656
Herard Gonzalez,herard gonzalez,678648,24.46,7.4,0.2414,50.5,0.0766
Jonathan Linares,jonathan linares,800200,31.67,6.53,0.2122,29.5,0.0791
Jeremy De La Rosa,jeremy de la rosa,682707,29.8221,6.9993,0.2613,64.2,0.1237
Jack López,jack lopez,605346,29.5351,4.1992,0.2438,52.2,0.0978
Nick Schwartz,nick schwartz,813859,31.59,5.9,0.2118,30.2,0.0698
Tyler Naquin,tyler naquin,571980,32.4,6.1,0.2671,68.2,0.1316
Kevin Padlo,kevin padlo,656821,31.9665,9.297,0.2627,65.2,0.1275
Dominic Pitelli,dominic pitelli,694689,32.0797,7.2993,0.2371,43.1,0.0775
Kris Bryant,kris bryant,592178,25.7931,8.2993,0.3028,79.4,0.1389
Jose Cordoba,jose cordoba,692390,22.69,5.24,0.2376,50.5,0.0838
Cristian Santana,cristian santana,694184,32.34,11.36,0.2407,50.1,0.0987
Josh Hatcher,josh hatcher,677049,29.5159,4.4968,0.2603,63.5,0.1128
Alex McCoy,alex mccoy,801932,29.36,4.92,0.2548,63.8,0.1193
Carlos Jimenez,carlos jimenez,692039,30.85,8.59,0.2495,62.9,0.098
Cade McGee,cade mcgee,801629,28.83,8.3,0.238,50.7,0.0879
Zach Kokoska,zach kokoska,694808,33.9652,7.1078,0.2802,63.9,0.1602
Brandon Dixon,brandon dixon,641525,34.42,6.3,0.2763,74.5,0.1566
Luis Ravelo,luis ravelo,699144,28.18,6.8,0.2413,50.5,0.0814
Steele Walker,steele walker,667727,26.22,7.4,0.2691,69.5,0.1215
Beau Brewer,beau brewer,806314,18.52,7.2,0.2408,50.2,0.061
Yordys Valdes,yordys valdes,686798,29.7624,5.0991,0.2297,42.5,0.0842
Carson McCusker,carson mccusker,676812,36.5995,6.2993,0.2641,66.1,0.1373
RJ Austin,rj austin,702720,23.94,5.2,0.236,48.5,0.0811
Dionmy Salon,dionmy salon,682934,24.25,5.5,0.2108,29.5,0.0599
Aaron Sabato,aaron sabato,693306,32.6383,7.5372,0.271,70.5,0.1483
Jack Reinheimer,jack reinheimer,595373,26.6,5.0,0.2314,43.7,0.0761
Anthony Scull,anthony scull,703430,27.41,4.95,0.2412,49.5,0.0939
Cooper Flemming,cooper flemming,828237,23.08,5.56,0.2304,42.4,0.0749
Addison Kopack,addison kopack,688551,34.2,6.7,0.2103,29.2,0.0703
Juan Sulbaran,juan sulbaran,808368,25.54,4.79,0.2072,28.7,0.0653
Hector Osorio,hector osorio,800540,20.96,9.97,0.2569,62.9,0.0818
Enderso Lira,enderso lira,694229,27.25,5.0,0.2105,29.3,0.0732
Mark Coley II,mark coley ii,696501,34.98,7.04,0.2579,63.0,0.115
Hunter Dozier,hunter dozier,641531,31.08,6.6,0.2564,60.8,0.1272
Alejandro Nunez,alejandro nunez,805168,27.01,4.81,0.2373,48.6,0.0852
Zach Reks,zach reks,676646,30.77,8.7,0.2703,70.4,0.1139
Jordan Brewer,jordan brewer,685084,26.03,7.3,0.2707,70.7,0.119
Jack Alexander,jack alexander,803009,29.57,5.2,0.2101,29.1,0.0752
Gregory Polanco,gregory polanco,570256,22.19,7.0,0.2729,72.2,0.1411
Drew Lugbauer,drew lugbauer,656666,40.1,7.88,0.274,70.5,0.1735
Matthew Clayton,matthew clayton,677329,30.45,5.3,0.2102,29.1,0.0771
Rio Foster,rio foster,815306,32.1,8.91,0.2605,62.8,0.1029
Tanner Smith,tanner smith,695659,35.48,4.78,0.2108,29.5,0.1044
Gavin Cross,gavin cross,688457,29.8355,6.5109,0.2612,61.5,0.124
Jesus Lopez,jesus lopez,805052,30.51,6.08,0.2067,28.3,0.0732
Charlie Pagliarini,charlie pagliarini,813860,35.98,9.88,0.2606,70.6,0.1177
Cal Conley,cal conley,695462,23.8648,5.9792,0.2392,49.0,0.0751
Miguel Villarroel,miguel villarroel,692446,25.33,4.35,0.2356,49.2,0.0644
Wyatt Sanford,wyatt sanford,815608,32.19,6.53,0.2315,42.3,0.0858
Anthony Sherwin,anthony sherwin,815448,37.4,8.3,0.24,49.6,0.0899
Alex Ramírez,alex ramirez,691267,25.89,7.2927,0.2558,62.6,0.0946
David Calabrese,david calabrese,683341,27.1468,7.9208,0.26,62.4,0.117
Andrés Nolaya,andres nolaya,800438,28.56,5.69,0.2056,27.6,0.0573
Matt Halbach,matt halbach,801561,26.09,6.09,0.238,50.4,0.0897
Matt Carpenter,matt carpenter,572761,31.1473,10.8022,0.2855,80.8,0.1365
Caleb Bartolero,caleb bartolero,680960,28.21,5.15,0.2402,48.8,0.102
Michael Snyder,michael snyder,688617,27.46,11.05,0.2719,70.5,0.0967
Ruben Ibarra,ruben ibarra,702140,31.26,8.31,0.2786,71.5,0.1507
Garret Guillemette,garret guillemette,695048,28.26,7.42,0.2589,63.5,0.1204
Enderson Delgado,enderson delgado,800503,29.14,6.33,0.2085,27.9,0.0697
Jared Sprague-Lott,jared spraguelott,814445,24.64,9.4,0.2424,48.7,0.0755
Nicolas Deschamps,nicolas deschamps,683324,36.67,7.4,0.2094,28.6,0.0726
Ryan Wrobleski,ryan wrobleski,696141,29.4,6.2,0.2492,55.9,0.1045
Nate Rombach,nate rombach,683176,28.41,5.12,0.2096,29.2,0.0749
Marlon Quintero,marlon quintero,821238,23.05,3.86,0.2096,27.7,0.0627
Cortland Lawson,cortland lawson,687751,27.3917,6.501,0.2395,49.7,0.0698
Yoiber Ocopio,yoiber ocopio,808060,34.02,7.83,0.204,29.1,0.0603
Victor Figueroa,victor figueroa,809372,29.08,7.95,0.2669,69.8,0.1299
Michael Sandle,michael sandle,688403,29.25,6.4,0.2585,62.3,0.1175
Zach Morgan,zach morgan,681439,22.18,8.8,0.2676,71.3,0.0951
Dylan Neuse,dylan neuse,681540,26.85,7.8,0.239,48.9,0.085
Eddie Rosario,eddie rosario,592696,24.8571,7.103,0.279,76.3,0.1414
Hudson Head,hudson head,687431,32.47,7.2,0.2588,62.5,0.1257
Tony Bullard,tony bullard,669233,26.38,6.1,0.2696,69.9,0.121
Sahid Valenzuela,sahid valenzuela,684541,19.8412,5.2954,0.2397,49.4,0.0669
Rosman Verdugo,rosman verdugo,698916,33.39,8.34,0.2342,49.7,0.092
Andrew Jenkins,andrew jenkins,687543,29.29,6.33,0.2695,69.9,0.1156
Vaun Brown,vaun brown,673901,36.8333,6.2982,0.2562,60.7,0.118
Angel Feliz,angel feliz,815906,26.43,6.3,0.228,41.8,0.0718
Jose Hernandez,jose hernandez,684872,36.1,7.0,0.208,27.6,0.0803
Will Simpson,will simpson,687310,29.34,7.47,0.2695,69.3,0.132
Trevor Cohen,trevor cohen,701906,22.97,8.7,0.2538,61.8,0.0802
Brock Tibbitts,brock tibbitts,801903,31.09,6.5,0.2058,26.9,0.0695
Jason Matthews,jason matthews,667240,31.9529,8.2092,0.2284,41.6,0.0684
Connor Scott,connor scott,669002,26.51,6.51,0.2615,61.7,0.1129
Jacob Campbell,jacob campbell,680775,29.99,5.9,0.2582,62.1,0.111
Kayson Cunningham,kayson cunningham,815617,22.81,5.87,0.2307,42.6,0.0537
Jalen Battles,jalen battles,689216,28.24,5.6,0.2382,48.3,0.0765
Weston Eberly,weston eberly,814440,31.78,6.9,0.2078,27.4,0.0732
Dauri Fernandez,dauri fernandez,821171,23.69,4.64,0.2241,40.1,0.0664
Caleb Farmer,caleb farmer,805957,30.42,5.81,0.2082,28.2,0.0789
Luke Heyman,luke heyman,701326,30.62,6.51,0.2126,26.8,0.082
Marshall Toole,marshall toole,828319,30.04,7.88,0.2366,46.7,0.0825
Monte Harrison,monte harrison,656509,37.67,7.9,0.262,64.7,0.1212
Carlos De La Cruz,carlos de la cruz,678926,34.2776,5.8994,0.2588,62.5,0.1261
Cole Fontenelle,cole fontenelle,694304,40.39,6.93,0.2377,47.1,0.1062
Estiven Machado,estiven machado,692497,23.55,6.5,0.2284,41.6,0.0651
J.C. Correa,jc correa,682182,17.4064,6.6018,0.2685,69.2,0.0998
Channy Ortiz,channy ortiz,671495,23.09,5.9,0.2282,41.5,0.0651
Ethan Frey,ethan frey,703676,31.51,7.82,0.2351,47.1,0.0887
Ivan Luciano,ivan luciano,813930,28.45,6.37,0.2094,28.1,0.0609
Gio Cueto,gio cueto,695530,31.8,6.18,0.207,27.9,0.0723
Justin Thomas Jr.,justin thomas jr,702520,35.35,8.62,0.2345,46.6,0.0957
Jose Acosta,jose acosta,678584,24.66,5.2,0.2375,47.8,0.0908
Martín Maldonado,martin maldonado,455117,33.846,6.5038,0.2385,48.5,0.1149
Cameron Sisneros,cameron sisneros,815133,25.24,9.39,0.2667,70.1,0.1063
Richard Paz,richard paz,678866,30.64,6.6,0.207,26.9,0.0671
Alec Makarewicz,alec makarewicz,701062,28.13,6.4,0.2676,68.6,0.1301
Tristen Lutz,tristen lutz,669157,33.65,9.0,0.2786,76.1,0.1369
Brett Phillips,brett phillips,621433,39.6,9.5,0.2555,60.2,0.1282
Cristopher Navarro,cristopher navarro,665888,24.39,6.2,0.2379,48.1,0.0722
Anyelo Encarnación,anyelo encarnacion,699031,32.74,7.12,0.2248,41.7,0.0767
Justin Lavey,justin lavey,669671,25.17,5.7,0.2374,47.8,0.078
Bryson Ware,bryson ware,694310,32.3,6.03,0.2598,62.0,0.1316
Joo-Hyung Kim,joohyung kim,692729,33.73,5.7,0.2386,48.6,0.0993
Tucker Flint,tucker flint,687272,36.4533,9.503,0.2675,67.6,0.1259
Woody Hadeen,woody hadeen,802219,23.32,7.24,0.2354,46.5,0.0662
Brandon Parker,brandon parker,688556,35.4,7.5,0.2569,61.2,0.1251
Kyle Dernedde,kyle dernedde,686952,32.91,5.85,0.2345,47.3,0.0796
Juan Ortega,juan ortega,808302,32.86,5.98,0.2024,25.4,0.0742
Kevin Alvarez,kevin alvarez,829037,25.3,5.41,0.235,47.0,0.0881
Keduar Trujillo,keduar trujillo,806014,34.05,6.21,0.204,25.6,0.0774
Nick Clarno,nick clarno,805339,32.98,7.2,0.2063,26.4,0.0725
Devin Taylor,devin taylor,805127,32.11,9.19,0.26,60.8,0.1124
Nick Dalesandro,nick dalesandro,663807,28.36,6.7,0.2459,53.6,0.0796
Dylan Rock,dylan rock,676423,32.22,7.6,0.2568,61.1,0.1143
Roynier Hernandez,roynier hernandez,800281,20.17,6.32,0.2578,48.5,0.065
Branden Boissiere,branden boissiere,680998,27.51,6.99,0.2687,69.7,0.1107
Mason Martin,mason martin,676733,38.33,9.11,0.2779,74.8,0.1684
Roldy Brito,roldy brito,821041,23.88,5.34,0.2565,47.6,0.0751
Yassel Soler,yassel soler,807957,27.63,5.28,0.239,48.3,0.0995
Luis Rodriguez,luis rodriguez,677628,31.76,4.2,0.2054,25.8,0.0711
John Spikerman,john spikerman,701811,32.4,9.34,0.2368,46.2,0.0784
Avisaíl García,avisail garcia,541645,30.5488,6.0973,0.2665,67.8,0.1336
Nick Hollifield,nick hollifield,824753,29.71,7.09,0.2059,26.6,0.0651
Bryce Arnold,bryce arnold,683301,29.07,7.5,0.2367,47.3,0.0897
Lizandro Rodriguez,lizandro rodriguez,691497,24.33,6.1,0.2261,40.0,0.0711
Bobby Boser,bobby boser,804119,31.23,6.87,0.2299,40.1,0.075
Cam Eden,cam eden,686490,29.5787,7.6016,0.2587,62.4,0.1003
Manuel Mejias,manuel mejias,699052,26.16,5.9,0.2054,25.8,0.0616
Aiva Arquette,aiva arquette,804109,24.82,6.23,0.2284,40.7,0.0679
Jairo Diaz,jairo diaz,801260,35.11,7.29,0.2029,26.4,0.0598
Logun Clark,logun clark,800621,35.12,7.26,0.2024,25.2,0.0587
Neftali Soto,neftali soto,519304,27.97,6.3,0.2704,70.5,0.1318
Christian Pregent,christian pregent,687315,34.33,6.6,0.2051,25.6,0.071
Aaron Shackelford,aaron shackelford,687823,31.06,8.1,0.267,68.1,0.1347
Isaiah Drake,isaiah drake,806061,28.24,5.78,0.2358,46.7,0.0788
Yolfran Castillo,yolfran castillo,815931,23.72,5.88,0.2222,39.0,0.05
Brady Whalen,brady whalen,669714,25.48,7.0,0.2671,68.2,0.1193
Travis Blankenhorn,travis blankenhorn,663905,29.5309,7.9025,0.2783,75.9,0.1527
Hunter Bishop,hunter bishop,666183,31.7845,6.2033,0.2569,61.2,0.1109
Juan Gonzalez,juan gonzalez,694943,31.92,5.7,0.2034,24.4,0.0647
Yophery Rodriguez,yophery rodriguez,806983,25.0,7.81,0.2606,59.9,0.1054
Christian Molfetta,christian molfetta,681538,32.59,6.0,0.2043,25.1,0.0673
Alexander Albertus,alexander albertus,800316,27.81,8.41,0.2348,46.0,0.0815
Arol Vera,arol vera,691186,26.3154,6.2383,0.2357,45.7,0.0785
Jacob Gonzalez,jacob gonzalez,669363,22.96,5.4,0.2666,67.9,0.1128
Victor Torres,victor torres,687436,25.89,4.0,0.204,24.8,0.0806
Jack Payton,jack payton,694552,27.72,7.12,0.242,53.8,0.0967
Leandro Arias,leandro arias,703202,23.16,7.85,0.2325,46.2,0.0603
Chandler Redmond,chandler redmond,687470,35.4527,8.7028,0.2677,68.6,0.1371
Phillip Sikes,phillip sikes,689651,34.3258,7.396,0.2546,59.6,0.1177
Sammy Infante,sammy infante,692221,27.63,5.9,0.2351,46.2,0.0889
Tre Richardson III,tre richardson iii,693832,24.02,6.62,0.232,46.7,0.061
Paxton Kling,paxton kling,702265,32.32,6.88,0.2311,45.1,0.0834
Luis Durango,luis durango,691411,24.9,5.79,0.2295,43.7,0.0705
Ambioris Tavarez,ambioris tavarez,694222,37.72,8.07,0.2359,46.7,0.0778
Tyler Howard,tyler howard,804946,34.31,7.26,0.2008,24.0,0.057
Yordany De Los Santos,yordany de los santos,703154,27.88,4.92,0.2263,38.7,0.0778
Danny De Andrade,danny de andrade,694185,27.45,6.22,0.2349,45.6,0.0847
Nick Decker,nick decker,678006,37.81,8.1,0.2545,59.5,0.1286
Eric Hosmer,eric hosmer,543333,25.91,7.3,0.2735,72.6,0.1099
Tucker Toman,tucker toman,702283,31.63,6.8,0.2335,46.0,0.0805
Frank Hernandez,frank hernandez,693746,27.84,5.1,0.2031,24.3,0.0582
Luis Guanipa,luis guanipa,806994,21.46,4.68,0.2346,45.8,0.0844
Justin DeCriscio,justin decriscio,813664,18.89,4.32,0.2292,46.3,0.0811
John Garcia,john garcia,801039,31.84,7.92,0.2525,59.1,0.1014
John Bay,john bay,700083,36.57,7.59,0.2296,46.2,0.0952
Sir Jamison Jones,sir jamison jones,806550,33.82,5.51,0.203,24.7,0.0882
Mason White,mason white,702517,23.69,6.11,0.2395,45.3,0.0879
Shane Matheny,shane matheny,676847,33.06,10.3,0.2666,67.9,0.1117
Jaylen Palmer,jaylen palmer,681941,38.2227,8.6001,0.2541,59.3,0.1118
Stephen Piscotty,stephen piscotty,572039,27.66,7.1,0.2667,67.9,0.1237
Colin Davis,colin davis,695342,31.5,6.49,0.2431,58.6,0.1102
Ghordy Santos,ghordy santos,672775,32.92,6.3,0.2343,45.7,0.0937
Juan Baez,juan baez,800345,17.58,7.24,0.2341,46.7,0.0581
Evan Skoug,evan skoug,656967,29.9,9.5,0.2653,67.0,0.1286
Logan Davidson,logan davidson,669722,34.9046,9.0861,0.2624,64.4,0.1166
Alfredo Velásquez,alfredo velasquez,800414,15.29,3.73,0.2498,58.1,0.0735
Eli Willits,eli willits,816113,27.45,7.29,0.2226,38.1,0.0649
Max Holy,max holy,802959,34.87,10.32,0.2196,36.4,0.053
Joe Vetrano,joe vetrano,694838,31.1,8.07,0.2642,67.1,0.1168
Jose Marcano,jose marcano,821607,25.57,5.58,0.199,23.0,0.0593
Luke Pelzer,luke pelzer,804114,25.1,6.31,0.2557,57.7,0.0871
Matthew Batten,matthew batten,676946,26.8457,7.7004,0.253,58.5,0.093
Brock Jones,brock jones,677342,42.01,9.39,0.2517,57.0,0.1383
Peyton Burdick,peyton burdick,680814,40.31,9.3,0.2586,62.4,0.1398
Ethan Hedges,ethan hedges,805260,26.86,5.93,0.2545,46.3,0.1047
Diego Omana,diego omana,699111,31.33,5.78,0.2097,24.4,0.068
Gleider Figuereo,gleider figuereo,699213,31.11,6.08,0.2308,44.9,0.1102
Isaiah Jackson,isaiah jackson,805365,30.47,6.31,0.2389,44.9,0.1022
Franyerber Montilla,franyerber montilla,800508,28.18,6.94,0.222,37.2,0.0661
Connor Hujsak,connor hujsak,824615,29.54,4.34,0.2325,43.8,0.1112
Jose Ramos,jose ramos,692374,27.6,7.71,0.2297,45.3,0.0677
Damiano Palmegiani,damiano palmegiani,671913,31.7524,8.5032,0.2649,66.7,0.1304
Derik Alcantara,derik alcantara,814131,23.62,7.39,0.2314,45.9,0.0726
Carter Young,carter young,677356,32.31,6.47,0.2305,44.8,0.0767
Francisco Hernandez,francisco hernandez,677731,26.37,6.1,0.2336,45.2,0.0765
ByungHo Park,byungho park,666560,32.94,7.1,0.2688,69.4,0.1427
Tucker Mitchell,tucker mitchell,688367,25.8,5.98,0.2501,58.3,0.0987
Rodney Green Jr.,rodney green jr,701587,32.21,7.68,0.2363,44.5,0.0992
Nick Lorusso,nick lorusso,700681,27.66,7.59,0.2601,67.1,0.1127
Jackson Strong,jackson strong,825924,34.04,7.24,0.2322,44.2,0.0846
Brandon Winokur,brandon winokur,806263,31.27,6.01,0.2325,43.9,0.0963
Caden Kendle,caden kendle,814522,24.17,6.93,0.2525,57.7,0.0963
Esteban Mejia,esteban mejia,800354,29.67,6.78,0.23,44.4,0.0808
Seth Gray,seth gray,680799,33.62,7.9,0.2641,66.1,0.1159
Austin Hendrick,austin hendrick,690988,35.7123,5.9827,0.261,59.5,0.1397
Brenny Escanio,brenny escanio,691601,29.35,7.9,0.2232,38.0,0.0616
Hayden Alvarez,hayden alvarez,820986,28.16,6.63,0.2323,43.4,0.0744
Hunter Fitz-Gerald,hunter fitzgerald,686638,33.24,6.39,0.2628,72.1,0.1254
Jeremiah Boyd,jeremiah boyd,681317,34.94,5.87,0.2029,23.6,0.0711
Narciso Polanco,narciso polanco,800440,23.64,7.98,0.2323,43.7,0.0681
Benny Montgomery,benny montgomery,695603,32.67,6.52,0.2732,59.1,0.1164
Starlyn Nunez,starlyn nunez,808245,26.47,4.51,0.2273,36.9,0.083
Yosweld Vasquez,yosweld vasquez,811633,29.85,5.21,0.1985,21.8,0.0684
Osiris Johnson,osiris johnson,677341,26.26,5.2,0.2324,44.3,0.093
Lisbel Diaz,lisbel diaz,815464,21.96,4.06,0.2493,58.7,0.099
Mitch Voit,mitch voit,702491,28.35,5.44,0.2161,36.9,0.0728
Greg Jones,greg jones,675659,0.453051,0.0620296,0.232621,45.6923,0.100999
Michael Curialle,michael curialle,683152,30.65,5.8,0.2333,45.0,0.0849
Trent Youngblood,trent youngblood,827636,25.11,9.06,0.2536,58.3,0.0792
Zane Zielinski,zane zielinski,823185,27.16,6.03,0.2291,44.9,0.0538
Chase Harlan,chase harlan,815792,30.93,7.57,0.2332,45.8,0.0941
Eddie Park,eddie park,695023,21.44,8.01,0.2517,57.7,0.0765
Wady Mendez,wady mendez,801525,34.19,7.48,0.2291,43.7,0.0812
Jacob Pearson,jacob pearson,669245,31.08,8.6,0.2525,58.2,0.1072
Quincy Nieporte,quincy nieporte,676811,27.36,7.0,0.2747,73.4,0.1395
Drake Logan,drake logan,805763,38.47,6.3,0.2502,56.6,0.1044
Austin St. Laurent,austin st laurent,694318,26.2,7.49,0.2218,43.9,0.0548
Murf Gray,murf gray,809092,26.89,4.42,0.2362,45.5,0.0995
Preston Palmeiro,preston palmeiro,641945,27.93,7.8,0.2536,58.9,0.1078
Colton Vincent,colton vincent,694294,28.12,4.92,0.1952,23.0,0.0566
Pablo Nunez,pablo nunez,807647,22.88,11.97,0.2403,45.3,0.0601
Jalin Flores,jalin flores,703602,27.54,4.94,0.2296,45.0,0.0811
Drew Compton,drew compton,686541,26.81,7.67,0.2651,66.7,0.0978
Mac McCroskey,mac mccroskey,815151,33.87,7.03,0.2222,36.5,0.0673
Miguel Cabrera,miguel cabrera,408234,24.02,7.0,0.2783,75.9,0.0976
Logan Poteet,logan poteet,804751,35.83,6.39,0.1977,22.8,0.0768
Jack Rogers,jack rogers,679788,33.59,7.09,0.2528,58.8,0.0981
Kyle Datres,kyle datres,663979,30.889,9.2976,0.2634,65.7,0.1139
Diomedes Hernandez,diomedes hernandez,800299,31.33,4.98,0.1966,21.1,0.067
Jhon Diaz,jhon diaz,691252,28.56,6.57,0.2512,56.7,0.1227
TT Bowens,tt bowens,688449,33.1655,6.9772,0.259,66.3,0.1337
Daniel Flames,daniel flames,821599,25.39,7.78,0.2292,43.8,0.0495
Jaron Elkins,jaron elkins,814696,36.19,5.78,0.2296,43.3,0.097
Mike Jarvis,mike jarvis,690448,27.43,5.62,0.2317,42.4,0.0857
Juan Chacon,juan chacon,691370,30.43,6.9,0.2517,57.6,0.0932
John Cristino,john cristino,701816,38.25,4.57,0.1963,20.9,0.0786
Omar De Los Santos,omar de los santos,684519,36.19,5.1,0.2473,54.6,0.1234
Stephen Paolini,stephen paolini,688500,34.71,8.2,0.2502,56.6,0.1018
Jaden Rudd,jaden rudd,701437,31.15,8.5,0.2319,44.0,0.0781
Juneiker Caceres,juneiker caceres,821181,21.43,7.66,0.2489,57.2,0.0824
Jesús Aguilar,jesus aguilar,542583,26.97,7.1,0.2717,71.4,0.1313
Ryan McBroom,ryan mcbroom,643436,29.1,7.9,0.274,72.9,0.1388
Korey Holland,korey holland,680690,34.85,6.0,0.251,57.1,0.1148
Joshwan Wright,joshwan wright,678428,20.48,4.7,0.2318,44.0,0.064
Alan Espinal,alan espinal,694541,33.95,5.14,0.2187,21.8,0.0818
Kelvin Hidalgo,kelvin hidalgo,800193,25.96,4.35,0.2406,36.8,0.0813
Kevin Kilpatrick Jr.,kevin kilpatrick jr,687201,28.4683,7.1681,0.2506,56.8,0.0813
Riley Mahan,riley mahan,657669,27.84,5.5,0.2633,65.6,0.1226
Donovan Casey,donovan casey,661541,33.91,6.48,0.2511,58.1,0.1103
Wilson Weber,wilson weber,701777,37.81,6.63,0.2005,21.6,0.0662
Jorge Ona,jorge ona,671250,32.08,6.3,0.2716,71.3,0.1386
Jacob Nottingham,jacob nottingham,641924,34.89,7.09,0.2502,63.4,0.129
Connor Dykstra,connor dykstra,683270,36.01,4.79,0.1874,20.2,0.0602
Owen Cobb,owen cobb,686540,24.56,4.06,0.2171,35.2,0.0683
Gilberto Jimenez,gilberto jimenez,678362,29.64,4.1,0.2308,43.3,0.0875
Esmil Valencia,esmil valencia,806982,26.72,4.42,0.2303,42.0,0.0803
Christopher Familia,christopher familia,683532,29.74,6.0,0.2509,57.1,0.1263
Eduardo Rojas,eduardo rojas,821672,29.8,8.67,0.1976,21.5,0.0471
Andy Thomas,andy thomas,673990,26.1694,8.9423,0.2543,63.5,0.0935
Gabriel Davalillo,gabriel davalillo,829058,30.63,5.74,0.2195,34.6,0.0873
Yerlin Confidan,yerlin confidan,691398,30.1,7.3,0.2383,44.0,0.0895
Bladimir Restituyo,bladimir restituyo,678837,22.0599,3.6192,0.2492,57.1,0.1017
Hector Salas,hector salas,827504,28.2,7.72,0.228,42.2,0.056
Avinson Pinto,avinson pinto,821130,22.38,5.21,0.2251,35.4,0.0628
Trevor Werner,trevor werner,687731,33.96,6.41,0.2332,42.2,0.1026
Bon Ki Shin,bon ki shin,598289,23.81,7.5,0.2742,73.1,0.1109
Zach Evans,zach evans,828473,24.94,5.42,0.2259,44.1,0.0637
Anthony Garcia,anthony garcia,678803,34.9,9.2,0.2504,56.7,0.1232
Walker Martin,walker martin,806152,34.2,7.51,0.2274,43.8,0.0809
Joe Naranjo,joe naranjo,683172,28.0187,9.997,0.2612,64.2,0.0908
Aaron Whitefield,aaron whitefield,664334,34.35,7.5,0.2497,56.3,0.1009
Alexander Suarez,alexander suarez,683665,27.5,4.05,0.2463,56.7,0.1086
Yasser Mercedes,yasser mercedes,703160,30.6,7.13,0.2291,41.6,0.0922
Christian Martin,christian martin,802353,20.56,7.81,0.2275,43.5,0.0503
Carter Cunningham,carter cunningham,701860,36.19,9.5,0.2481,56.0,0.1122
Greg Deichmann,greg deichmann,656364,32.34,6.9,0.2609,63.9,0.1216
Junior Tilien,junior tilien,691708,22.8,5.93,0.23,42.7,0.0769
Jadiel Sanchez,jadiel sanchez,689909,22.47,5.8,0.2504,56.7,0.1059
Fernando Peguero,fernando peguero,800387,27.36,6.96,0.2449,54.7,0.0774
Esteban González,esteban gonzalez,691416,28.59,4.94,0.2458,55.1,0.1005
Carter Aldrete,carter aldrete,666177,27.75,6.0,0.2615,64.4,0.1283
Efrenyer Narvaez,efrenyer narvaez,683534,30.76,4.3,0.1969,19.9,0.0726
Manuel Beltre,manuel beltre,694202,22.69,6.1,0.2277,42.0,0.0707
Stone Garrett,stone garrett,656448,32.2821,7.6029,0.2712,71.0,0.1293
Fernando Caldera,fernando caldera,691464,39.02,6.31,0.1947,19.3,0.0732
Colby Jones,colby jones,803475,26.34,8.76,0.229,42.0,0.0441
Matt Coutney,matt coutney,671925,31.39,8.12,0.2719,70.7,0.1207
Ramiro Dominguez,ramiro dominguez,823719,23.03,5.91,0.2296,42.0,0.0726
Dervy Ventura,dervy ventura,805319,29.98,7.09,0.2184,41.5,0.0561
Sam Mongelli,sam mongelli,815044,28.0,6.08,0.229,42.9,0.0781
Austin Deming,austin deming,801471,34.58,6.8,0.2606,63.7,0.1301
Tyler Whitaker,tyler whitaker,696264,36.67,8.92,0.2468,55.1,0.0998
Kendry Chirinos,kendry chirinos,800140,33.19,6.9,0.2283,42.4,0.087
Abrahan Ramirez,abrahan ramirez,800254,27.44,8.54,0.2318,43.0,0.0553
Andrew Fischer,andrew fischer,702652,38.81,6.53,0.2284,42.8,0.1104
J.D. Gonzalez,jd gonzalez,806083,32.22,5.15,0.1964,19.0,0.0615
Will Frizzell,will frizzell,676155,33.11,9.4,0.2706,70.6,0.1263
Chase Meggers,chase meggers,809861,33.41,5.34,0.1915,20.0,0.0565
Alex Hall,alex hall,673064,27.42,7.1,0.2368,47.4,0.0993
Matt Klein,matt klein,702600,29.63,6.03,0.2166,20.3,0.085
Sam Shaw,sam shaw,802511,25.52,7.9,0.2275,41.8,0.0721
AJ Lewis,aj lewis,674630,27.98,8.99,0.2907,71.1,0.1292
Caeden Trenkle,caeden trenkle,689959,31.9164,6.7965,0.2493,56.0,0.0981
Luis Sanchez,luis sanchez,800506,21.03,7.77,0.2305,43.0,0.049
Lonnie White Jr.,lonnie white jr,696145,34.04,7.63,0.251,55.6,0.1225
Werner Blakely,werner blakely,690956,33.44,8.1,0.2289,42.0,0.0795
Yonatan Henriquez,yonatan henriquez,800257,27.88,7.59,0.2241,42.4,0.0723
Yiddi Cappe,yiddi cappe,691268,22.72,4.72,0.2302,41.9,0.0717
Josh Hammond,josh hammond,815843,25.85,5.51,0.2223,34.6,0.0708
Jared Wegner,jared wegner,808767,34.4151,7.6006,0.2489,55.7,0.1061
Garrett Pennington,garrett pennington,693243,24.63,4.32,0.2592,62.8,0.1178
Santiago Camacho,santiago camacho,821666,29.03,5.44,0.1923,19.7,0.0605
Caden Rose,caden rose,694896,37.74,7.81,0.253,54.7,0.1147
Kale Emshoff,kale emshoff,668860,32.57,6.4,0.2572,61.4,0.1226
Darius Perry,darius perry,683007,37.33,5.5,0.1951,18.8,0.0801
Juan Castillo,juan castillo,691435,27.91,4.94,0.2156,19.6,0.0658
Ryan Spikes,ryan spikes,691797,31.24,4.85,0.2471,53.9,0.1124
Dereck Salom,dereck salom,678828,22.29,8.39,0.2319,41.5,0.0599
Queni Pineda,queni pineda,821065,34.16,8.12,0.1921,18.0,0.0622
Luis Encarnacion,luis encarnacion,691476,26.23,5.0,0.2598,63.2,0.123
Nick Biddison,nick biddison,680994,32.62,6.83,0.2304,41.8,0.0874
Junior Gonzalez,junior gonzalez,680854,34.8,5.5,0.1948,18.5,0.0702
Brandon Lewis,brandon lewis,686781,32.86,6.2,0.2597,63.1,0.1444
Bryan Arendt,bryan arendt,701699,32.86,5.56,0.1974,17.7,0.0786
Kyler Castillo,kyler castillo,689763,27.21,7.8,0.2481,55.1,0.076
Trey Paige,trey paige,813852,29.74,8.0,0.2563,63.3,0.0925
Jordan Thompson,jordan thompson,691948,29.39,5.58,0.2277,42.1,0.0891
Yoiber Ruiz,yoiber ruiz,808099,27.78,7.7,0.1945,18.3,0.0465
Jayce Easley,jayce easley,681068,28.37,9.7,0.2274,40.9,0.0526
Caleb Ketchup,caleb ketchup,810053,31.14,8.1,0.2455,53.4,0.0854
Hogan Windish,hogan windish,702112,35.6989,8.0926,0.2471,61.3,0.1034
Justin Janas,justin janas,805332,21.91,5.6,0.2482,55.2,0.0752
Jose Astudillo,jose astudillo,698973,19.98,4.94,0.2447,55.6,0.0735
Jirvin Morillo,jirvin morillo,821073,31.75,7.51,0.2016,18.8,0.0726
Gunner Gouldsmith,gunner gouldsmith,802005,23.36,8.29,0.2309,40.8,0.0537
Johan Macias,johan macias,691571,20.3,4.95,0.2285,40.8,0.0592
Adam Hall,adam hall,647228,31.1,6.7,0.2455,53.4,0.0674
Bryce Ball,bryce ball,668787,32.42,8.8,0.2589,62.6,0.1174
Ike Irish,ike irish,702610,28.02,6.38,0.2541,61.1,0.1128
Ynmanol Mariñez,ynmanol marinez,677577,29.13,5.8,0.2277,41.1,0.0786
Core Jackson,core jackson,692110,29.01,5.79,0.2136,32.8,0.0671
Alfredo Alcantara,alfredo alcantara,807643,32.67,8.01,0.2353,41.9,0.087
Ricky Cabrera,ricky cabrera,703150,26.92,5.27,0.2349,41.6,0.0835
Casey Cook,casey cook,695517,25.01,6.38,0.2232,39.7,0.0663
Maxton Martin,maxton martin,807722,29.41,6.08,0.2436,53.8,0.1069
Juan Sanchez,juan sanchez,825646,29.74,5.0,0.2155,33.6,0.0746
Brian Sanchez,brian sanchez,809331,31.99,6.33,0.2299,41.2,0.081
Jefrey De Los Santos,jefrey de los santos,691645,29.48,7.0,0.247,54.4,0.0971
Yoelqui Céspedes,yoelqui cespedes,673461,30.73,6.3,0.267,68.2,0.1237
Brenden Dixon,brenden dixon,686981,32.0561,8.7027,0.2576,61.7,0.1208
Truitt Madonna,truitt madonna,833008,35.91,5.52,0.1871,17.5,0.0575
T.J. Schofield-Sam,tj schofieldsam,672013,24.0,4.5,0.2587,62.4,0.0938
Jorge Caballero,jorge caballero,672850,31.39,7.6,0.2472,54.5,0.0785
Alexis Hernandez,alexis hernandez,692562,27.61,7.2,0.2442,53.4,0.094
Colin Simpson,colin simpson,685388,31.6,7.7,0.2677,68.6,0.1258
Evan Edwards,evan edwards,657212,34.3,8.7,0.2676,68.6,0.1339
Cristian Arguelles,cristian arguelles,821692,22.97,6.92,0.2477,41.6,0.0739
Anthony Stephan,anthony stephan,803174,27.55,7.71,0.2542,54.9,0.106
Carlos Colmenarez,carlos colmenarez,694181,40.2,8.59,0.2268,39.9,0.0749
Alexander Martinez,alexander martinez,800329,29.76,4.9,0.1924,16.9,0.0631
Damian Bravo,damian bravo,809720,25.02,4.75,0.2436,54.8,0.0985
Will Vierling,will vierling,805416,32.33,5.22,0.1951,17.6,0.0712
Misael Urbina,misael urbina,682618,25.21,8.9,0.2469,54.3,0.0908
Victor Mesa,victor mesa,673516,24.46,6.13,0.2484,54.4,0.092
Nick Tanielu,nick tanielu,657027,28.26,7.7,0.2588,62.5,0.1158
Tanner Murphy,tanner murphy,669282,36.91,7.2,0.2461,53.8,0.1079
Adam Engel,adam engel,641553,36.18,7.0,0.2444,52.6,0.112
Jake Vogel,jake vogel,691949,30.05,6.9,0.2259,39.9,0.0746
Jared Dupere,jared dupere,684855,37.97,5.3,0.2264,40.2,0.107
Eric Rataczak,eric rataczak,827388,31.62,8.94,0.2693,68.7,0.1115
Isaiah Greene,isaiah greene,693309,30.58,9.02,0.2425,53.0,0.0902
Christian Astudillo,christian astudillo,821682,28.47,6.19,0.1888,16.1,0.0511
Conner Capel,conner capel,668843,23.6283,9.1933,0.2871,68.6,0.1229
Nick Montgomery,nick montgomery,807277,36.46,6.47,0.1933,17.5,0.0677
Kyle Walker,kyle walker,809143,21.86,4.71,0.2229,38.6,0.0608
Francisco Perez,francisco perez,806621,29.04,3.89,0.188,15.5,0.0777
Arturo Disla,arturo disla,815697,27.16,6.18,0.2539,60.9,0.1128
Randy Soto,randy soto,821079,31.03,8.8,0.1896,15.7,0.0408
Mike Salvatore,mike salvatore,663682,23.93,6.9,0.2259,39.9,0.0734
Elijah Nunez,elijah nunez,694399,28.5,9.65,0.2447,53.3,0.0682
Jhonny Severino,jhonny severino,703177,26.03,4.02,0.2288,40.4,0.0965
Bradley Zimmer,bradley zimmer,605548,38.82,7.0,0.2438,52.2,0.1049
Jose Perez,jose perez,699077,26.55,9.49,0.2264,39.6,0.0667
Peyton Stovall,peyton stovall,696510,22.8,7.51,0.2326,40.1,0.0718
Justin Boyd,justin boyd,687628,34.93,8.0,0.2458,53.6,0.1
Joe Olsavsky,joe olsavsky,815586,32.36,8.37,0.2271,40.7,0.0665
Daniel Campos,daniel campos,808121,26.57,5.19,0.1889,16.7,0.0603
Cam Maldonado,cam maldonado,809686,26.54,6.72,0.2416,53.5,0.1027
Jonathan Guzmán,jonathan guzman,666695,27.23,6.0,0.2257,39.8,0.0753
Dawson Dimon,dawson dimon,682191,37.8,6.6,0.1908,15.7,0.0601
Wilber Sanchez,wilber sanchez,684712,27.42,6.3,0.215,32.4,0.064
Bryce Rainer,bryce rainer,800614,33.76,5.93,0.2143,31.9,0.0737
Randal Diaz,randal diaz,695538,22.07,6.2,0.2251,39.8,0.0659
Eduardo Lopez,eduardo lopez,682637,28.6,7.6,0.2453,53.2,0.1034
Tim Borden II,tim borden ii,680874,35.04,5.0,0.2255,39.6,0.0857
Harrison Spohn,harrison spohn,695461,36.5016,7.4024,0.2253,39.5,0.0804
Angel Del Rosario,angel del rosario,692489,27.07,5.1,0.2126,30.7,0.0589
Braylin Tavera,braylin tavera,703178,34.91,7.26,0.2215,38.6,0.0713
Jackson Lovich,jackson lovich,804944,30.0,4.77,0.2122,31.9,0.0754
Luis Lameda,luis lameda,808288,26.67,9.95,0.225,40.5,0.0492
Jesus Moreno,jesus moreno,678986,34.95,5.2,0.1903,15.5,0.0675
Tyler Wilson,tyler wilson,694834,24.73,7.11,0.2417,52.1,0.0812
Logan Braunschweig,logan braunschweig,824742,29.34,8.17,0.2461,53.7,0.0816
Juan Perez,juan perez,800327,34.3,5.6,0.1906,15.6,0.0525
Hunter Dobbins,hunter dobbins,701493,39.58,5.53,0.1893,14.7,0.0698
Yoneiker Lugo,yoneiker lugo,821268,28.54,5.83,0.1895,16.2,0.0518
Kevin Graham,kevin graham,681184,31.8845,6.8986,0.2451,53.1,0.099
Jean Arnaez,jean arnaez,692484,21.55,3.7,0.2251,39.3,0.0675
Andres Torres,andres torres,821770,30.24,7.17,0.19,14.5,0.0431
Won-Bin Cho,wonbin cho,800231,29.46,8.2,0.2409,52.8,0.0773
Ryan Wideman,ryan wideman,834240,30.06,5.32,0.2174,38.2,0.0796
Jackie Bradley Jr.,jackie bradley jr,598265,27.36,6.6,0.2418,50.8,0.1014
Reiner Herrera,reiner herrera,808096,31.78,6.35,0.1869,14.5,0.0563
Carlos Santiago,carlos santiago,678807,27.27,4.5,0.2244,38.9,0.0993
Wilman Diaz,wilman diaz,694180,30.15,5.5,0.2244,38.9,0.0766
Mateo Gil,mateo gil,680771,25.46,5.5,0.2556,60.3,0.1158
Joendry Vargas,joendry vargas,806959,29.47,4.68,0.2227,38.6,0.0902
Almen Tolentino,almen tolentino,820958,33.98,6.93,0.1912,15.2,0.0621
Victor Acosta,victor acosta,694193,25.17,7.1,0.2321,39.7,0.0637
Yeremi Villahermosa,yeremi villahermosa,691584,33.84,5.94,0.1896,13.9,0.0564
Jeremy Rodriguez,jeremy rodriguez,807007,24.76,7.08,0.2094,32.3,0.0459
Luke Hanson,luke hanson,702630,29.07,5.38,0.2105,30.9,0.0679
Willy Montero,willy montero,701206,28.46,5.08,0.2215,38.3,0.0765
Ed Howard,ed howard,690992,31.88,5.49,0.2222,39.6,0.0665
Chandler Pollard,chandler pollard,702550,30.12,5.28,0.2192,36.9,0.0625
Ruben Santana,ruben santana,800185,31.93,6.97,0.2261,39.5,0.0753
Enddy Azocar,enddy azocar,821150,27.25,4.91,0.229,38.1,0.0901
Kevin Garcia,kevin garcia,821237,36.87,4.42,0.1884,15.4,0.0726
Anthony DePino,anthony depino,834962,26.1,7.71,0.2542,59.4,0.112
Ivan Torres,ivan torres,829977,28.65,6.46,0.1892,14.0,0.0485
Jared Walsh,jared walsh,665120,37.9899,7.9975,0.2584,62.2,0.1336
Carlos Linarez,carlos linarez,701800,34.79,5.93,0.2379,50.7,0.0968
Pedro Pineda,pedro pineda,694191,34.83,5.76,0.2271,38.1,0.0935
Jesus Pinto,jesus pinto,821765,29.57,6.53,0.2231,38.0,0.0775
Tyler Miller,tyler miller,682011,25.56,5.5,0.2552,60.0,0.1145
Cole Urman,cole urman,805366,33.71,7.0,0.2408,50.1,0.0947
Cesar Hernandez,cesar hernandez,821009,27.23,6.31,0.2406,50.9,0.0924
Jared McKenzie,jared mckenzie,686982,30.2,4.7,0.2435,52.0,0.1018
Justin Bench,justin bench,699478,25.15,4.6,0.2241,38.6,0.0628
Javier Mogollon,javier mogollon,808684,32.64,7.41,0.2221,37.3,0.0796
Joe Lampe,joe lampe,802407,27.3509,7.8678,0.2603,65.1,0.1016
Kamren James,kamren james,687553,33.11,6.26,0.2438,51.6,0.1053
Jhon GIl,jhon gil,830459,29.86,5.78,0.188,14.9,0.0546
Owen Carey,owen carey,826928,21.52,5.08,0.2446,52.6,0.0795
Arturo Flores,arturo flores,829251,38.66,5.11,0.1861,13.3,0.0758
Roderick Arias,roderick arias,703149,33.68,7.31,0.2196,36.9,0.0748
Dilan Granadillo,dilan granadillo,693809,36.05,6.19,0.1862,14.9,0.0559
Luis Guevara,luis guevara,808287,26.62,7.36,0.2199,37.5,0.0505
Victor Leal,victor leal,821523,28.12,6.62,0.1879,13.2,0.0548
Rafhlmil Torres,rafhlmil torres,807951,22.73,6.49,0.221,32.1,0.0646
Chase Adkison,chase adkison,801187,22.81,8.1,0.2475,57.3,0.0749
Chase Jaworsky,chase jaworsky,814172,28.81,7.14,0.2238,37.6,0.0682
Maddox Latta,maddox latta,823944,28.98,7.0,0.2209,37.3,0.0682
Abraham Nunez,abraham nunez,808041,27.0,5.5,0.2217,37.0,0.0772
Jakob Christian,jakob christian,814451,32.04,5.93,0.2509,59.9,0.1089
Carlos Cauro,carlos cauro,803426,37.78,5.91,0.1853,12.8,0.0742
Deinys Gonzalez,deinys gonzalez,821637,32.63,5.66,0.1875,12.9,0.0647
Dillon Head,dillon head,702977,25.52,7.13,0.2243,37.9,0.0712
Cobb Hightower,cobb hightower,826932,23.79,5.98,0.2195,37.2,0.0539
Haydn McGeary,haydn mcgeary,702333,32.5803,8.4865,0.2619,66.8,0.115
Jose Torres,jose torres,686958,31.05,5.63,0.2622,51.5,0.1223
Yannic Walther,yannic walther,806921,38.43,6.94,0.1866,14.2,0.0556
Cade Fergus,cade fergus,681495,43.9953,7.6303,0.2449,51.8,0.133
Jackson Loftin,jackson loftin,699816,27.18,6.4,0.2213,36.7,0.0752
Josnaider Orellana,josnaider orellana,800428,29.63,4.61,0.1835,12.4,0.052
Kendrey Maduro,kendrey maduro,701342,25.38,4.55,0.2132,30.3,0.0646
Kevin Smith,kevin smith,675656,32.0886,5.301,0.2615,64.4,0.1302
Jose Escobar,jose escobar,803241,24.44,6.39,0.2403,52.0,0.0676
Robby Martin Jr.,robby martin jr,680910,25.76,5.1,0.2422,51.1,0.0984
Carlos Torres,carlos torres,829987,24.52,3.89,0.1834,12.3,0.048
Edgar Montero,edgar montero,815911,37.55,8.79,0.2157,30.3,0.0764
Kaden Hollow,kaden hollow,687701,26.46,8.6,0.2428,51.5,0.0771
Jaime Ferrer,jaime ferrer,695634,27.18,5.91,0.2424,50.8,0.0979
Josiah Ragsdale,josiah ragsdale,828824,32.66,8.55,0.2402,50.9,0.0937
Gabriel Gomes,gabriel gomes,806238,31.66,6.2,0.1864,12.7,0.0545
Luis Arana,luis arana,829854,21.56,6.23,0.2139,30.8,0.0616
Nolan Sailors,nolan sailors,823073,29.09,9.11,0.2435,49.3,0.0792
Leonel Espinoza,leonel espinoza,696083,26.98,5.69,0.2389,51.0,0.0848
Tyler Reichenborn,tyler reichenborn,682218,28.74,7.7,0.2419,50.9,0.0942
Adrian Rodriguez,adrian rodriguez,703641,28.72,6.27,0.2142,31.3,0.0566
Stone Russell,stone russell,806212,24.14,6.91,0.2255,36.9,0.0598
Kevin Sim,kevin sim,691726,28.55,4.8,0.2222,37.3,0.0856
Jay Beshears,jay beshears,810891,27.95,7.44,0.2554,59.2,0.0978
Kade Kretzschmar,kade kretzschmar,811210,27.0,6.8,0.2418,50.8,0.0807
Chris Lanzilli,chris lanzilli,687811,29.42,6.6,0.2417,50.8,0.0936
Jean Joseph,jean joseph,800463,25.97,4.6,0.2199,36.6,0.0825
Yunior Garcia,yunior garcia,678832,28.71,4.7,0.2416,50.7,0.1143
Jean Ramirez,jean ramirez,683031,25.07,6.61,0.2444,49.9,0.0845
Jesus Fernandez,jesus fernandez,807967,18.36,4.14,0.2147,29.6,0.0529
Anderson Araujo,anderson araujo,827410,31.7,4.52,0.1881,12.9,0.0761
Jack Costello,jack costello,694320,21.76,5.83,0.2475,58.9,0.1059
Neurelin Montero,neurelin montero,814842,35.9,7.48,0.1823,11.5,0.0478
Nick Lucky,nick lucky,681879,33.75,6.0,0.2113,29.9,0.0744
JD Dix,jd dix,807267,27.94,6.87,0.2228,37.2,0.0576
Robert Calaz,robert calaz,806978,30.26,5.24,0.2617,51.2,0.1152
Bryce Martin-Grudzielanek,bryce martingrudzielanek,701727,26.13,5.49,0.2084,29.2,0.06
Jonathan Mejía,jonathan mejia,703158,34.08,7.12,0.2085,30.5,0.0746
Dariel Ramon,dariel ramon,814748,26.88,7.7,0.2184,35.6,0.0591
Antonio Pimentel,antonio pimentel,808240,23.57,6.43,0.2237,37.0,0.0565
Josiah Hartshorn,josiah hartshorn,815824,27.06,8.19,0.2392,51.2,0.0906
Ediel Rivera,ediel rivera,815528,36.06,5.28,0.1819,11.0,0.0548
Elio Campos,elio campos,699069,20.81,5.5,0.221,36.5,0.051
Yovanny Rodriguez,yovanny rodriguez,815898,35.92,6.05,0.1806,12.6,0.0513
Jeffrey Mercedes,jeffrey mercedes,800253,25.75,4.84,0.2183,36.1,0.072
Nathan Humphreys,nathan humphreys,801537,31.62,6.93,0.2234,37.0,0.0927
Pierce Bennett,pierce bennett,803139,20.93,7.6,0.2411,50.3,0.0754
Samuel Escudero,samuel escudero,699167,30.36,5.92,0.1879,12.4,0.0566
Yeiferth Castillo,yeiferth castillo,821151,20.76,5.55,0.2382,49.8,0.0824
Tevin Tucker,tevin tucker,686683,29.62,8.99,0.2385,35.3,0.0643
Ivan Brethowr,ivan brethowr,814442,32.86,9.74,0.2432,50.3,0.0783
Dylan Palmer,dylan palmer,805590,22.48,6.23,0.222,35.8,0.0612
Leosdany Molina,leosdany molina,702416,24.27,4.2,0.2108,29.5,0.065
Ethan Petry,ethan petry,701337,29.98,7.59,0.2523,58.4,0.1052
Emmanuel Cedeno,emmanuel cedeno,829703,21.27,10.1,0.2211,36.0,0.0438
Nathan Martorella,nathan martorella,687210,23.7602,8.7411,0.2632,64.6,0.1211
Dalvy Rosario,dalvy rosario,672537,30.8026,5.6984,0.2405,49.9,0.1005
Wallace Clark,wallace clark,800712,28.32,7.07,0.2122,30.0,0.0589
Byron Chourio,byron chourio,805102,29.43,7.54,0.2198,35.2,0.0599
Brandon Compton,brandon compton,703680,38.55,11.96,0.2421,50.1,0.0924
Yhoswar Garcia,yhoswar garcia,694070,20.65,5.5,0.2337,45.3,0.0691
Samuel Munoz,samuel munoz,703153,27.75,7.77,0.2396,50.2,0.0911
Francisco Espinoza,francisco espinoza,821689,30.91,5.88,0.1833,11.7,0.0521
Korbyn Dickerson,korbyn dickerson,702668,37.46,6.49,0.2093,35.2,0.0826
Manuel Almeida,manuel almeida,829903,37.59,3.99,0.1727,10.1,0.0704
Franklin Rojas,franklin rojas,815922,30.79,6.2,0.1816,10.2,0.0479
Luis Marinez,luis marinez,692074,38.88,6.1,0.1834,10.7,0.0673
Rodolfo Nolasco,rodolfo nolasco,683616,36.93,7.6,0.2399,49.5,0.1175
Jean Carlos Sio,jean carlos sio,805117,19.47,7.22,0.2578,64.6,0.0766
Yerald Nin,yerald nin,800206,27.64,5.97,0.2209,35.9,0.0487
Stanley Tucker,stanley tucker,805964,23.78,6.21,0.2236,34.4,0.0732
Javier Acevedo,javier acevedo,821033,32.49,7.43,0.1866,11.5,0.0455
Derek Bernard,derek bernard,800204,27.81,5.83,0.26,50.0,0.0954
Juan Ortuno,juan ortuno,821187,29.9,7.24,0.2189,36.3,0.0588
Jose Verdugo,jose verdugo,825269,24.92,5.73,0.2144,36.2,0.058
Yeison Morrobel,yeison morrobel,694218,24.09,5.98,0.2366,48.9,0.0937
Antonio Jimenez,antonio jimenez,806128,26.04,4.62,0.205,29.3,0.0626
Kevin Robledo,kevin robledo,821694,35.34,7.34,0.1856,11.4,0.0564
Carlos Villarroel,carlos villarroel,821803,37.54,4.88,0.1801,9.7,0.0707
Jacob Wetzel,jacob wetzel,689047,29.48,8.4,0.2394,49.2,0.0948
Wilfredo Lara,wilfredo lara,702906,27.5,8.04,0.2411,49.4,0.0917
Jose De Jesus,jose de jesus,703183,27.53,5.2,0.2193,35.4,0.0721
Ryan Cesarini,ryan cesarini,825761,22.26,7.26,0.2563,62.3,0.0983
Brennan Orf,brennan orf,804710,32.71,10.7,0.2377,48.9,0.0799
Kevin Maitan,kevin maitan,670867,34.04,6.4,0.2508,57.0,0.1033
Wilson Rodriguez,wilson rodriguez,815147,28.12,8.33,0.236,48.2,0.0915
Dustin Crenshaw,dustin crenshaw,695289,26.69,5.79,0.1989,28.1,0.0489
Anthony Servideo,anthony servideo,676545,34.9856,8.4989,0.2189,35.1,0.0713
Gavin Dugas,gavin dugas,681171,31.39,6.3,0.22,36.3,0.0676
Kevin Villavicencio,kevin villavicencio,692944,21.5,4.52,0.2141,35.6,0.0627
Drew Bowser,drew bowser,690958,33.53,7.79,0.2168,35.9,0.0602
Scott Kingery,scott kingery,664068,0.332986,0.0691587,0.25902,64.8143,0.121093
Ricardo Chirinos,ricardo chirinos,829996,28.81,5.39,0.1791,9.3,0.055
Yoelvis Betancourt,yoelvis betancourt,830410,28.12,5.28,0.1836,10.9,0.0504
Angel Zarate,angel zarate,702311,24.36,6.9,0.2388,48.7,0.0815
Jose Cerice,jose cerice,822177,20.39,4.21,0.2533,56.0,0.0808
Luis Suisbel,luis suisbel,692044,32.25,6.39,0.2394,56.0,0.113
Everett Cooper III,everett cooper iii,702686,21.53,6.6,0.2192,35.7,0.0545
Danny Bautista Jr.,danny bautista jr,679751,18.04,5.56,0.2525,55.7,0.0843
Edwin Amparo,edwin amparo,800348,35.05,8.15,0.2136,33.1,0.0672
Luis De La Cruz,luis de la cruz,821139,34.18,6.05,0.2146,33.6,0.0732
Cristopher Barete,cristopher barete,683539,27.65,4.9,0.2183,34.7,0.0748
Matthew Ellis,matthew ellis,700815,32.7,9.19,0.2331,51.6,0.0931
Cole Roberts,cole roberts,689731,23.38,6.3,0.2188,35.0,0.0561
Luis Rodriguez,luis rodriguez,691177,32.54,6.48,0.2381,49.2,0.0982
Kay-Lan Nicasia,kaylan nicasia,702461,41.03,9.15,0.2365,48.3,0.1105
J.P. Cabrera,jp cabrera,823651,30.76,5.44,0.1789,10.3,0.0506
Daniel Dickinson,daniel dickinson,823658,26.53,6.33,0.2179,35.6,0.0606
Matt Scannell,matt scannell,814411,38.77,7.6,0.2158,33.8,0.0821
Anyelo Gonzalez,anyelo gonzalez,808342,28.27,4.9,0.1813,9.3,0.0523
Hudson Potts,hudson potts,668888,38.5,7.3,0.2493,55.9,0.1354
Emilio Barreras,emilio barreras,808903,26.33,7.14,0.2211,35.7,0.0642
Euri Rosa,euri rosa,821817,33.92,4.78,0.1808,10.0,0.0702
Jose Urbina,jose urbina,808142,32.63,5.87,0.1831,10.0,0.0483
Jeremy Almonte,jeremy almonte,808503,29.43,4.92,0.1832,9.8,0.0496
Diego Gonzalez,diego gonzalez,691897,26.5,5.9,0.2086,28.0,0.0578
Yohander Martinez,yohander martinez,682695,25.89,7.9,0.2185,34.8,0.0532
Oliver Carrillo,oliver carrillo,701324,34.04,8.6,0.2495,56.1,0.1143
Elis Cuevas,elis cuevas,800433,28.59,6.57,0.2324,46.1,0.0858
David Leon,david leon,699235,35.26,7.5,0.1809,9.0,0.0456
Sonny DiChiara,sonny dichiara,800685,34.81,8.9,0.2594,62.9,0.1184
Cristian Gonzalez,cristian gonzalez,682685,25.97,4.0,0.2184,34.7,0.0744
Miguel Caraballo,miguel caraballo,829813,37.0,6.21,0.1805,8.1,0.0616
Angel Acosta,angel acosta,808665,19.8,4.61,0.2209,33.7,0.0548
Nick Roselli,nick roselli,815874,29.63,5.5,0.2181,34.5,0.0776
Sebastian De Andrade,sebastian de andrade,808143,34.6,5.09,0.1698,8.1,0.0476
Sebastian Baquera,sebastian baquera,802398,33.75,5.28,0.1771,7.9,0.0549
Vincent Perozo,vincent perozo,691710,29.6,6.26,0.2168,37.4,0.0701
Alex Lodise,alex lodise,822676,33.68,3.98,0.2089,28.2,0.0701
Marcus Brown,marcus brown,694939,21.49,5.02,0.2181,35.0,0.0602
Josh Kross,josh kross,811339,28.83,5.83,0.2298,45.2,0.0955
Wuinder Torres,wuinder torres,821099,24.22,2.93,0.1772,7.8,0.0452
Aiden Taurek,aiden taurek,702522,26.49,5.49,0.2261,46.9,0.0855
Maykel Minoso,maykel minoso,801460,26.28,5.7,0.18,8.4,0.0437
Baron Radcliff,baron radcliff,676288,39.78,8.3,0.2583,62.1,0.1374
Newremberg Rondon,newremberg rondon,692598,30.86,4.32,0.1791,7.7,0.0518
Kien Vu,kien vu,809844,31.57,6.19,0.2436,47.6,0.1112
Elaineiker Coronado,elaineiker coronado,830398,26.14,9.2,0.2157,33.7,0.0373
Josh Moylan,josh moylan,694742,34.29,8.73,0.2345,47.2,0.0885
Danyer Cueva,danyer cueva,694227,26.47,3.8,0.2172,33.9,0.0653
Victor Izturis,victor izturis,703196,33.82,6.46,0.1765,7.3,0.0475
Jose Meza,jose meza,691561,31.52,8.97,0.2474,55.6,0.0975
Slate Alford,slate alford,695477,30.8,6.04,0.218,33.5,0.0757
Yosy Galan,yosy galan,696045,35.85,6.1,0.2358,46.7,0.1233
Wes Kath,wes kath,695770,36.72,6.5,0.2472,54.5,0.1193
Alexander Requena,alexander requena,808677,31.6,4.62,0.1817,8.7,0.054
Cameron Masterman,cameron masterman,690904,35.94,6.9,0.2579,61.9,0.1215
Marcos Terrero,marcos terrero,808261,33.47,6.7,0.1795,8.0,0.0454
David Bañuelos,david banuelos,675915,35.1734,8.0462,0.2578,61.4,0.1245
Tanner O'Tremba,tanner otremba,681201,31.91,6.7,0.2366,47.2,0.0923
Angel Mateo,angel mateo,800377,26.35,5.66,0.2365,46.6,0.086
Yoander Rivero,yoander rivero,682714,28.5,7.7,0.2173,34.0,0.0606
Marwin Gonzalez,marwin gonzalez,503556,25.69,5.4,0.2478,55.0,0.1075
Kellon Lindsey,kellon lindsey,813916,33.2,5.58,0.2064,27.5,0.0692
Kade Snell,kade snell,820835,28.42,6.99,0.2335,47.3,0.0825
Jean Perez,jean perez,691685,25.24,2.9,0.2166,33.5,0.074
Modeifi Marte,modeifi marte,800029,21.25,5.28,0.2498,55.7,0.0843
Andrew Tess,andrew tess,811083,36.41,6.47,0.1755,6.9,0.0472
Alberth Palma,alberth palma,808285,21.23,6.57,0.2162,32.6,0.0452
Andrew Sojka,andrew sojka,675382,28.69,6.63,0.2352,46.3,0.0932
Alberto Mendez,alberto mendez,800160,26.37,6.0,0.2168,33.7,0.0633
Zavier Warren,zavier warren,680518,28.238,8.8317,0.2649,62.2,0.1244
Jorge Lara,jorge lara,814278,25.24,7.36,0.2184,34.2,0.0505
DJ Layton,dj layton,816152,35.43,7.55,0.2024,25.4,0.0528
Bryan Andrade,bryan andrade,800182,25.83,5.66,0.2197,33.0,0.0676
Paul Witt,paul witt,700685,24.3306,6.1014,0.2576,61.6,0.1262
Lennyn Nunez,lennyn nunez,805775,31.02,5.9,0.1786,7.4,0.0451
Dean Moss,dean moss,815830,23.27,5.56,0.2161,32.6,0.0672
Luis Valdez,luis valdez,687667,30.22,5.1,0.2311,43.5,0.0716
Drew Brutcher,drew brutcher,695046,27.55,7.22,0.2455,54.3,0.084
Angelo Mora,angelo mora,807641,30.11,3.9,0.1786,7.4,0.0551
Sammy Hernandez,sammy hernandez,803679,23.47,7.71,0.2277,43.7,0.0646
Kevyn Castillo,kevyn castillo,800203,29.23,7.63,0.2365,46.3,0.0771
Jose M. Mendoza,jose m mendoza,829959,30.11,4.0,0.1775,6.6,0.0509
Karell Paz,karell paz,801740,29.78,5.7,0.2356,46.6,0.0958
Anyelo Marquez,anyelo marquez,808113,31.82,5.64,0.2167,32.6,0.0771
Mairoshendrick Martinus,mairoshendrick martinus,800302,31.01,4.78,0.2152,33.5,0.0761
Michael Brooks,michael brooks,690962,26.59,8.39,0.2192,32.8,0.0518
Adan Sanchez,adan sanchez,703199,31.59,4.9,0.178,7.0,0.0481
Anthony Longo,anthony longo,823856,27.69,5.51,0.1809,6.1,0.0455
Ethan Holliday,ethan holliday,815787,31.47,6.72,0.2266,27.2,0.0837
Sergio Campana,sergio campana,682656,35.62,7.4,0.215,32.4,0.0749
Devin Saltiban,devin saltiban,813880,31.16,4.82,0.2168,32.5,0.0849
Yandel Ricardo,yandel ricardo,815902,26.41,5.11,0.2082,24.9,0.054
Jake Cunningham,jake cunningham,801507,34.17,6.43,0.2289,46.1,0.0924
Kenni Gomez,kenni gomez,703198,30.14,4.71,0.2323,45.2,0.0907
Jesus D. Castro,jesus d castro,703305,35.14,5.52,0.1724,7.4,0.0553
Andres Valor,andres valor,808516,34.72,6.43,0.2162,32.3,0.0775
Ryan Weingartner,ryan weingartner,805550,31.84,7.21,0.2024,26.4,0.0538
Mike Peabody,mike peabody,675440,29.89,6.0,0.2352,46.3,0.1021
Trey Faltine,trey faltine,683104,40.72,6.59,0.2222,32.9,0.0871
Ryan Cermak,ryan cermak,688714,32.95,6.56,0.2344,45.1,0.1052
Will McGillis,will mcgillis,702217,29.6,5.6,0.2155,32.8,0.0768
Daniel Guilarte,daniel guilarte,694206,34.18,7.44,0.2041,26.1,0.0475
Noelberth Romero,noelberth romero,682801,25.7934,4.6112,0.2324,46.1,0.0893
Micah McDowell,micah mcdowell,678093,30.4,7.6,0.2353,46.3,0.0871
Ricson Gonzalez,ricson gonzalez,805692,30.29,4.81,0.1803,5.8,0.0469
Jace LaViolette,jace laviolette,702593,42.97,6.96,0.2122,31.9,0.0985
Eric Snow,eric snow,702526,19.49,5.4,0.2127,31.6,0.0547
John Rhodes,john rhodes,687981,28.1362,8.4004,0.2564,60.9,0.1089
Alen Pineda,alen pineda,800572,38.35,5.3,0.1771,6.4,0.0608
Kadon Morton,kadon morton,683170,34.98,6.8,0.2286,41.8,0.0966
Raudelis Martinez,raudelis martinez,696020,20.07,7.61,0.234,41.6,0.0727
Carlos Aguiar,carlos aguiar,678690,31.37,4.9,0.2349,46.1,0.1237
Alexi Quiroz,alexi quiroz,821018,36.25,7.72,0.1749,5.6,0.0459
Torin Montgomery,torin montgomery,687942,31.21,7.5,0.2465,54.0,0.0938
Shalin Polanco,shalin polanco,694186,29.69,6.93,0.2378,46.6,0.1124
Adrian Bello,adrian bello,808705,36.33,6.33,0.1793,7.1,0.0523
Dylan Grego,dylan grego,834966,32.99,5.52,0.2003,26.5,0.0665
Bernard Moon,bernard moon,807239,28.52,5.07,0.2224,33.0,0.078
Connor McGinnis,connor mcginnis,821296,29.76,5.89,0.2125,32.0,0.0659
Gabriel Guanchez,gabriel guanchez,821687,39.2,3.79,0.166,5.4,0.0676
Samuel Rojas,samuel rojas,691446,30.89,5.3,0.1767,6.1,0.0491
Luke Mann,luke mann,680996,33.2,7.47,0.2488,53.1,0.1156
George Wolkow,george wolkow,805804,35.9,6.6,0.2333,45.0,0.1055
Cole Mathis,cole mathis,695573,32.91,7.39,0.2433,54.0,0.1211
Jakey Josepha,jakey josepha,699228,33.6,6.67,0.2162,32.7,0.0679
Francisco Toledo,francisco toledo,800331,33.49,5.23,0.172,6.7,0.0554
Jorgelys Mota,jorgelys mota,800195,34.09,4.43,0.2144,32.5,0.0762
Andrews Sosa,andrews sosa,806237,32.95,5.6,0.1764,5.9,0.0497
Carlos Dominguez,carlos dominguez,683364,33.71,5.2,0.2343,45.6,0.1168
J.R. Freethy,jr freethy,701540,30.36,10.1,0.2328,45.5,0.0629
Ben Newton,ben newton,809091,32.19,4.65,0.2175,31.6,0.0815
Avery Owusu-Asiedu,avery owusuasiedu,801938,31.85,7.56,0.2348,45.4,0.0882
Devin Hurdle,devin hurdle,701152,27.56,4.7,0.2144,32.0,0.0607
Carlos Avila,carlos avila,699066,31.67,5.3,0.1761,5.7,0.0469
Skyler Messinger,skyler messinger,676038,27.3,4.84,0.2544,46.2,0.1067
Anthony Silva,anthony silva,702500,31.81,5.55,0.2015,24.5,0.0562
Anthony Huezo,anthony huezo,805953,38.6,5.61,0.211,30.5,0.0913
Yordalin Peña,yordalin pena,800266,30.33,4.74,0.2111,32.3,0.0727
JoJo Parker,jojo parker,828098,31.15,6.7,0.2016,24.0,0.0613
Erick Torres,erick torres,805075,19.5,5.61,0.2369,44.7,0.0663
Jose Aular,jose aular,702869,32.74,6.0,0.1757,5.4,0.0445
Daniel Bruzual,daniel bruzual,800362,29.48,3.4,0.1755,5.3,0.0459
Elian Rayo,elian rayo,692378,32.0,5.5,0.2145,32.1,0.0796
Anthony Donofrio,anthony donofrio,823703,34.05,7.69,0.2226,44.4,0.0782
Jose Pastrano,jose pastrano,691261,25.23,7.9,0.2141,31.8,0.0529
John Cruz,john cruz,800476,29.42,6.53,0.2161,32.3,0.0775
Kalae Harrison,kalae harrison,695013,26.39,5.4,0.2136,31.4,0.0689
Ching-Hsien Ko,chinghsien ko,828667,32.19,8.87,0.2339,46.4,0.084
Bryan Acuña,bryan acuna,703195,32.13,7.85,0.214,31.2,0.0432
Benjamin Blackwell,benjamin blackwell,701295,28.3,5.5,0.2134,31.3,0.0586
Brady Counsell,brady counsell,703519,30.91,6.47,0.2351,45.6,0.0909
Miguel Sosa,miguel sosa,699015,32.39,7.93,0.219,33.7,0.0742
Juan Hernandez,juan hernandez,808037,31.35,5.93,0.2131,31.1,0.0569
Miguel Flores,miguel flores,828009,27.34,4.5,0.1752,5.0,0.0496
Elis Barreat,elis barreat,692412,23.82,4.5,0.2137,31.5,0.0641
Luis Chevalier,luis chevalier,682728,26.96,6.2,0.2137,31.5,0.0659
Estiven Giron,estiven giron,800396,34.37,5.9,0.1749,4.9,0.0506
Cody Miller,cody miller,811764,32.87,5.08,0.2132,31.2,0.0677
Jorge Quintana,jorge quintana,815894,33.27,6.33,0.1979,24.9,0.0544
Nikau Pouaka-Grego,nikau pouakagrego,800444,25.21,7.13,0.2167,32.4,0.0607
Milkar Perez,milkar perez,683529,26.1,8.3,0.2451,53.1,0.0773
Colin Yeaman,colin yeaman,829649,32.35,5.59,0.2099,30.6,0.0714
Jose Torrez,jose torrez,807404,31.21,5.1,0.1742,4.4,0.0567
Abel Valdes,abel valdes,828785,36.96,7.08,0.171,3.7,0.0424
Andy Polanco,andy polanco,828489,32.02,4.45,0.2087,31.0,0.0672
Brando Mayea,brando mayea,806963,34.05,4.98,0.2099,30.3,0.0796
Ryan McCrystal,ryan mccrystal,701734,24.24,5.78,0.2438,47.7,0.0853
Jhosmmel Zue,jhosmmel zue,702435,37.29,5.21,0.1769,3.4,0.0589
Jake McCutcheon,jake mccutcheon,823817,27.93,6.23,0.2341,44.6,0.0953
Yidel Diaz,yidel diaz,800271,34.65,5.0,0.1738,4.1,0.0563
Angel Cepeda,angel cepeda,806980,33.99,5.19,0.2101,31.3,0.0644
Henniel Alcala,henniel alcala,815011,32.48,4.89,0.1716,4.9,0.0506
Alvaro Aguero,alvaro aguero,693763,31.83,4.0,0.2126,30.7,0.0878
Kyle Hess,kyle hess,680740,30.34,7.4,0.2327,44.6,0.087
Enry Torres,enry torres,829095,29.73,5.98,0.1812,4.9,0.0537
Jhonny Perdomo,jhonny perdomo,692615,23.07,4.5,0.2117,30.1,0.0569
Bryson Horne,bryson horne,695587,31.6657,5.6017,0.2433,51.8,0.1089
Jorge Rodriguez,jorge rodriguez,821772,30.61,3.71,0.1779,2.9,0.0547
Guillermo Williamson,guillermo williamson,702908,32.8,7.4,0.2439,52.3,0.1146
Griffin Doersching,griffin doersching,701864,31.29,7.3,0.2436,52.1,0.1185
Anthony Martinez,anthony martinez,814452,27.6,6.96,0.2407,51.6,0.1126
Troy Schreffler Jr.,troy schreffler jr,687285,32.26,6.0,0.2313,43.6,0.096
Esmith Pineda,esmith pineda,703204,28.45,6.19,0.2403,45.3,0.0934
Andrew Salas,andrew salas,829035,29.0,7.64,0.2038,23.8,0.0532
Natanael Yuten,natanael yuten,800256,28.84,4.31,0.237,43.6,0.086
Luis Corobo,luis corobo,821818,35.52,5.23,0.1725,4.5,0.0533
Randy De Jesus,randy de jesus,703194,37.84,7.03,0.233,43.9,0.1086
Jude Warwick,jude warwick,827672,30.7,6.03,0.2011,22.8,0.0486
Johnfrank Salazar,johnfrank salazar,692564,20.49,5.83,0.2402,52.3,0.0764
Zach MacDonald,zach macdonald,822487,38.65,6.23,0.2106,29.3,0.0971
Juan Mateo,juan mateo,821379,25.06,5.28,0.2131,31.1,0.0461
Jeral Toledo,jeral toledo,691926,25.3,6.0,0.2121,30.4,0.0566
Filippo Di Turi,filippo di turi,806995,32.58,8.54,0.2116,31.3,0.0607
Gilberto Rojas,gilberto rojas,801178,32.13,4.5,0.1725,3.2,0.0526
Luiyin Alastre,luiyin alastre,808236,25.16,6.53,0.2309,44.5,0.069
Marco Soto,marco soto,699709,26.13,4.8,0.2119,30.3,0.0587
Waner Luciano,waner luciano,800294,26.94,5.81,0.2097,29.6,0.0803
Jesus Morales,jesus morales,824628,29.78,6.01,0.1757,2.6,0.0442
Joshua Liranzo,joshua liranzo,808162,34.67,7.55,0.2079,29.2,0.0588
Ryan Wilson,ryan wilson,801698,22.78,8.3,0.2321,44.2,0.0648
Victor Marquez,victor marquez,829762,35.2,6.03,0.1753,3.8,0.0542
Brayan Sanchez,brayan sanchez,800531,34.86,6.4,0.1722,3.0,0.0486
Aldo Gaxiola,aldo gaxiola,815220,30.8,4.9,0.2098,29.6,0.0822
Cristian Garcia,cristian garcia,701661,33.49,6.9,0.2119,30.2,0.0774
Rafael Ramirez Jr.,rafael ramirez jr,800201,31.15,7.58,0.2122,31.0,0.0608
Luis Escudero,luis escudero,806884,25.18,8.23,0.2083,29.1,0.0529
Max Durrington,max durrington,828589,24.2,5.86,0.2142,29.3,0.0535
Isaac Pena,isaac pena,800068,31.15,7.6,0.2115,30.0,0.0622
Ramon Landaeta,ramon landaeta,807983,37.66,5.15,0.1748,2.1,0.0561
Caleb Hobson,caleb hobson,805931,37.88,8.99,0.23,29.5,0.0749
Moises Marchán,moises marchan,829081,30.25,3.61,0.1748,1.9,0.0488
Diego Campos,diego campos,823843,33.04,4.3,0.1719,2.8,0.0525
Aneudis Mordán,aneudis mordan,698937,29.19,6.2,0.2238,38.5,0.0882
Jay Thomason,jay thomason,823295,33.94,8.05,0.2411,49.9,0.1091
Cade Bunnell,cade bunnell,685298,41.36,10.2,0.2424,51.2,0.108
Jorge Ruiz,jorge ruiz,702409,22.71,5.25,0.2313,42.7,0.065
Yohairo Cuevas,yohairo cuevas,699293,32.02,8.92,0.2261,43.8,0.0667
Paulo Asprilla,paulo asprilla,809329,32.02,4.74,0.1688,3.4,0.0422
Jesus Lizardo,jesus lizardo,821083,30.07,5.82,0.1748,3.4,0.0407
Chris Brito,chris brito,701594,26.15,9.31,0.2552,57.4,0.0876
Ty Hodge,ty hodge,695606,29.37,5.31,0.2158,29.0,0.0864
Yhoangel Aponte,yhoangel aponte,699082,33.43,5.2,0.211,29.7,0.0887
José Suárez,jose suarez,699027,32.18,4.55,0.2275,43.6,0.084
Ilan Fernandez,ilan fernandez,821180,26.07,5.61,0.2153,28.7,0.0608
Luis Almeyda,luis almeyda,806981,27.18,5.0,0.2069,28.5,0.061
Joseph Sequera,joseph sequera,808023,35.73,5.62,0.1742,3.1,0.0462
Javier Francisco,javier francisco,695223,30.98,5.6,0.2109,29.6,0.0828
Kavares Tears,kavares tears,701837,35.2,7.53,0.2257,44.0,0.0968
Cristhian Rodriguez,cristhian rodriguez,682725,30.36,5.9,0.2107,29.5,0.0595
Jeiker Gudino,jeiker gudino,821799,31.11,4.93,0.17,1.4,0.0495
Elijah Green,elijah green,701327,45.15,6.2,0.2096,29.2,0.0962
Yaxson Lucena,yaxson lucena,821164,28.46,6.62,0.2081,30.3,0.0646
Trevor Haskins,trevor haskins,695579,27.45,5.14,0.2074,29.8,0.0655
Derlin Figueroa,derlin figueroa,700283,25.71,6.61,0.2441,49.7,0.0959
Freider Rojas,freider rojas,808248,35.65,6.74,0.1699,2.7,0.0453
Luke Dickerson,luke dickerson,815380,30.76,6.2,0.2102,29.6,0.0717
Michael Carico,michael carico,801686,32.43,8.09,0.2203,38.3,0.0852
Javier Castillo,javier castillo,698972,32.62,4.6,0.1705,1.8,0.0489
Colin Houck,colin houck,806124,37.81,6.16,0.206,30.0,0.067
Arnaldo Montano,arnaldo montano,808939,35.82,5.1,0.1704,1.8,0.0514
Yeniel Laboy,yeniel laboy,702596,29.22,6.5,0.2104,29.3,0.0696
Eybert Sanchez,eybert sanchez,829734,25.88,7.17,0.2023,23.2,0.0378
Alberto Hernandez,alberto hernandez,800516,23.42,5.71,0.2076,28.1,0.0553
Eduarqui Fernandez,eduarqui fernandez,682631,34.64,6.7,0.2295,42.4,0.0953
Marcos De La Rosa,marcos de la rosa,691988,37.04,5.9,0.2098,28.8,0.0874
Nik McClaughry,nik mcclaughry,800597,30.05,5.7,0.2005,22.4,0.0557
Allen Ajoti,allen ajoti,821808,35.85,3.69,0.1697,2.3,0.0746
Luke Brown,luke brown,687493,33.2,7.1,0.2296,42.4,0.0971
Cesar Quintas,cesar quintas,692364,29.92,5.59,0.2305,49.8,0.09
Billy Carlson,billy carlson,815814,27.19,5.7,0.1993,21.6,0.0504
Caberea Weaver,caberea weaver,669015,31.66,4.5,0.2296,42.4,0.1001
Jacob McCombs,jacob mccombs,829643,30.43,3.87,0.2293,41.7,0.0979
Miguel Briceno,miguel briceno,691605,20.27,4.89,0.2294,41.8,0.0711
Jorge Ramirez,jorge ramirez,808525,36.53,4.6,0.1701,1.5,0.0527
Josh Tate,josh tate,702495,29.51,5.52,0.213,29.6,0.0677
Johan Fernandez,johan fernandez,827447,33.15,4.18,0.1718,2.3,0.0558
Isais Chavez,isais chavez,829793,38.49,4.52,0.1691,2.2,0.0679
Alexey Lumpuy,alexey lumpuy,815121,38.32,5.29,0.2066,28.9,0.0782
Angel Abreu,angel abreu,834685,26.74,6.86,0.2073,28.5,0.0529
Jake Steels,jake steels,809921,24.47,6.27,0.2311,43.4,0.0757
Diego Mosquera,diego mosquera,699305,25.96,6.05,0.2051,29.4,0.0418
Spencer Henson,spencer henson,687136,30.45,5.7,0.2408,50.2,0.1188
Enmanuel Terrero,enmanuel terrero,691927,32.4,6.2,0.2292,42.2,0.0947
Camden Janik,camden janik,812518,24.78,6.43,0.233,43.3,0.071
Chase Valentine,chase valentine,701106,31.06,6.0,0.2097,28.8,0.0587
Johan De Los Santos,johan de los santos,829059,20.48,6.83,0.2119,28.9,0.0429
Eliesbert Alejos,eliesbert alejos,808148,23.55,3.78,0.2117,29.7,0.0537
Tony Santa Maria,tony santa maria,811948,30.94,7.27,0.2393,48.5,0.0941
Curtis Washington Jr.,curtis washington jr,690944,31.32,6.49,0.2172,40.7,0.0741
Jose Escorche,jose escorche,683536,25.43,4.4,0.2095,28.6,0.0553
Wesley Zapata,wesley zapata,699017,25.87,5.5,0.2095,28.6,0.0556
Elvis Rijo,elvis rijo,804879,26.4,5.0,0.2097,28.8,0.0562
Braden Barry,braden barry,802135,34.44,6.1,0.209,28.3,0.0676
Luis Rodriguez,luis rodriguez,800170,28.27,5.15,0.2,21.2,0.0545
Alexis Hernandez,alexis hernandez,703161,31.25,6.69,0.2065,28.8,0.0559
Raider Tello,raider tello,808864,28.57,5.22,0.2324,43.2,0.0833
Jonathan Vastine,jonathan vastine,695570,35.81,5.02,0.1942,22.4,0.0641
Diego Gonzalez,diego gonzalez,821249,36.11,5.49,0.1667,1.6,0.044
Cristhian Vaquero,cristhian vaquero,703143,30.6,6.3,0.2285,42.2,0.0806
Carlos Martinez,carlos martinez,829931,28.2,4.22,0.1711,1.5,0.0555
Elorky Rodriguez,elorky rodriguez,829069,30.94,6.38,0.2061,27.9,0.062
Blake Robertson,blake robertson,687545,31.17,8.6,0.2406,50.0,0.0868
Jonathan Martinez,jonathan martinez,808159,34.08,6.66,0.2056,27.3,0.058
Jose Sabino,jose sabino,823873,31.37,5.98,0.1765,1.6,0.046
Jesus Bugarin,jesus bugarin,684109,28.0,3.2,0.2288,41.9,0.0866
Santiago Gomez,santiago gomez,801726,31.47,5.59,0.205,26.9,0.0599
Josuar Gonzalez,josuar gonzalez,829034,27.94,5.64,0.1954,21.8,0.0534
Alejandro Pereira,alejandro pereira,821163,29.77,4.45,0.1716,-0.0,0.0423
Dario Reynoso,dario reynoso,814294,39.34,8.01,0.206,29.1,0.0605
Tate Southisene,tate southisene,816111,33.41,5.98,0.2083,27.8,0.0668
Rafe Perich,rafe perich,825927,28.23,7.58,0.2367,49.0,0.0871
Cole Foster,cole foster,694369,31.16,5.4,0.209,28.2,0.0754
Alfredo Rodriguez,alfredo rodriguez,808233,34.63,4.24,0.1683,-0.4,0.0509
Garrett Howe,garrett howe,827628,31.49,6.86,0.2046,26.7,0.0494
Sean Barnett,sean barnett,826141,37.41,6.33,0.2175,38.3,0.0871
Eric Yang,eric yang,687066,32.5453,8.1884,0.248,57.3,0.088
Jorge Hernandez,jorge hernandez,808702,27.84,4.31,0.2118,27.5,0.0542
Jeremy Ciriaco,jeremy ciriaco,807994,25.5,4.45,0.2289,28.7,0.0627
Will Verdung,will verdung,815299,22.67,8.27,0.2408,50.1,0.051
Stephen Hrustich,stephen hrustich,812442,28.2,7.14,0.2276,41.1,0.0816
Jose Alpuria,jose alpuria,800434,34.99,5.77,0.2096,28.2,0.0719
Feldi Tavarez,feldi tavarez,821049,32.7,4.14,0.1681,0.7,0.0559
Max Burt,max burt,661733,29.6125,6.2332,0.2369,47.5,0.0943
Juan Alonso,juan alonso,699076,36.16,7.2,0.2285,41.7,0.085
Estarling Mercado,estarling mercado,807759,31.25,7.18,0.2349,49.8,0.0994
Ricardo Gonzalez,ricardo gonzalez,800357,24.41,6.57,0.2079,26.9,0.0433
Carter Frederick,carter frederick,815150,33.52,6.71,0.2308,40.5,0.0808
Dom Johnson,dom johnson,694336,29.56,5.5,0.2271,40.7,0.0847
Angel Arevalo,angel arevalo,699002,32.96,6.1,0.1982,20.9,0.0563
Yeison Acosta,yeison acosta,829973,34.59,5.39,0.1643,-0.8,0.0429
Carlos Arroyo,carlos arroyo,678863,28.98,4.8,0.208,27.6,0.0623
Anthony Hall,anthony hall,689141,32.03,7.1,0.2279,41.3,0.0819
Dylan Fien,dylan fien,814504,26.9,5.25,0.2227,35.1,0.0736
Eriandys Ramon,eriandys ramon,814546,28.03,3.8,0.196,21.7,0.0601
Hunter Haas,hunter haas,690983,30.37,6.5,0.2082,27.7,0.0663
Jonathan Rivero,jonathan rivero,808033,33.76,5.62,0.1707,0.6,0.0439
Abel Bastidas,abel bastidas,694201,28.77,4.6,0.2085,28.0,0.0602
Braylon Whitaker,braylon whitaker,828519,26.81,5.59,0.2239,40.2,0.0796
Bryce Madron,bryce madron,809244,31.75,9.7,0.228,41.3,0.0721
Esmeiquel Arrieche,esmeiquel arrieche,821056,36.68,7.1,0.1677,-0.1,0.0395
Coy James,coy james,815983,31.44,6.11,0.2074,27.7,0.073
Robert Phelps,robert phelps,804859,28.76,7.63,0.2107,28.3,0.056
Moises Morales,moises morales,829760,36.21,5.73,0.1696,0.4,0.0475
Patrick Lee,patrick lee,815268,39.43,8.54,0.224,38.6,0.0773
Ricardo Romero,ricardo romero,829997,23.48,5.45,0.2052,27.1,0.053
Junior Sanchez,junior sanchez,691265,24.19,5.2,0.2077,27.4,0.054
Brian Kalmer,brian kalmer,687260,33.2,7.4,0.2391,49.0,0.1106
Bradley Frye,bradley frye,804503,34.43,4.52,0.2021,27.8,0.0763
Vance Honeycutt,vance honeycutt,701689,44.01,7.06,0.2025,25.5,0.0802
Xavier Neyens,xavier neyens,815832,37.11,6.01,0.2048,26.2,0.0814
Wooyeoul Shin,wooyeoul shin,703813,27.06,7.3,0.2269,40.6,0.0803
Carlos Benavides,carlos benavides,829694,32.5,3.62,0.1657,-1.6,0.0491
Luis Castillo,luis castillo,699127,33.34,7.64,0.2269,41.7,0.1032
Brady Ebel,brady ebel,815816,30.14,6.43,0.1968,21.2,0.0485
Blaine Bullard,blaine bullard,828557,37.05,4.9,0.2034,25.2,0.0902
Ichiro Cano,ichiro cano,802560,34.52,8.22,0.2153,28.2,0.0665
Ezequiel Pena,ezequiel pena,821101,25.55,6.59,0.2048,27.7,0.0394
Alejandro Castellano,alejandro castellano,823489,35.59,5.7,0.1663,-1.1,0.0414
Derek Datil,derek datil,827613,32.66,6.77,0.2069,26.2,0.067
Jace Grady,jace grady,800056,27.51,7.3,0.2268,40.5,0.0783
Eric Bitonti,eric bitonti,800724,39.62,8.24,0.237,48.7,0.1195
Alain Camou,alain camou,800126,21.74,4.2,0.207,26.9,0.0558
Joe Stewart,joe stewart,680396,29.9,5.5,0.2257,39.8,0.071
Albertson Asigen,albertson asigen,692694,33.01,7.1,0.226,40.0,0.0753
Ryan Burrowes,ryan burrowes,802018,29.35,5.9,0.2238,38.4,0.0629
Branny De Oleo,branny de oleo,808067,28.51,5.13,0.2019,27.2,0.0627
Skylar King,skylar king,703455,26.76,5.71,0.2303,39.0,0.0928
Luke Gold,luke gold,688780,27.32,5.1,0.2379,48.2,0.1044
Brainerh Palacios,brainerh palacios,830023,33.17,5.05,0.1655,-2.3,0.0404
Jesus Hernandez,jesus hernandez,698929,27.57,7.13,0.2281,40.5,0.0691
Josueth Quinonez,josueth quinonez,815017,23.96,5.43,0.2059,26.2,0.0556
Carter Graham,carter graham,807728,26.39,5.58,0.2449,48.5,0.1023
Iverson Espinoza,iverson espinoza,691396,27.48,5.6,0.2063,26.4,0.0559
Jack Goodman,jack goodman,806275,26.11,5.43,0.2049,25.5,0.055
Kelvin Diaz,kelvin diaz,692556,34.24,5.2,0.205,25.5,0.0833
Jordan McCants,jordan mccants,696291,27.68,4.9,0.2053,25.7,0.0539
Bjay Cooke,bjay cooke,805737,32.84,5.56,0.1989,18.7,0.0558
Roque Salinas,roque salinas,701010,22.42,4.0,0.2258,39.8,0.077
Kiko Romero,kiko romero,687340,33.11,8.2,0.2368,47.4,0.099
Jhoneiker Betancourt,jhoneiker betancourt,672501,27.66,5.4,0.2163,33.3,0.0889
Stiven Martinez,stiven martinez,815913,40.77,6.77,0.2025,25.5,0.0742
Jake DeLeo,jake deleo,691939,30.43,5.5,0.2252,39.4,0.0839
B.Y. Choi,by choi,815325,30.44,6.3,0.206,26.2,0.0511
Braylon Bishop,braylon bishop,691770,33.78,6.43,0.2078,26.1,0.0716
Juan Martinez,juan martinez,821197,25.75,6.03,0.2048,26.6,0.0512
José Anderson,jose anderson,821262,39.28,5.53,0.2048,26.7,0.0981
Bryan Gonzalez,bryan gonzalez,682793,31.77,5.2,0.2459,53.6,0.1096
Humberto Tiberi,humberto tiberi,821126,35.62,3.47,0.1645,-3.4,0.0513
Stiven Acevedo,stiven acevedo,685776,29.64,4.9,0.2245,38.9,0.1002
Jesus Chirinos,jesus chirinos,678652,32.67,8.1,0.2467,54.2,0.1026
Cole McConnell,cole mcconnell,823277,34.01,7.0,0.2244,38.9,0.0816
Abel De Leon,abel de leon,800523,39.21,4.59,0.1613,-2.1,0.0481
Fraymi De Leon,fraymi de leon,703205,29.04,5.3,0.2044,25.1,0.0525
Diosfran Cabeza,diosfran cabeza,691281,26.49,5.87,0.2174,33.5,0.0644
Nicandro Aybar,nicandro aybar,800384,23.83,6.16,0.2249,38.6,0.0688
Simon Juan,simon juan,703159,35.26,4.41,0.2004,26.2,0.0784
Carlos Rondon,carlos rondon,821084,43.06,5.99,0.1606,-3.7,0.0505
Austin Smith,austin smith,801563,26.44,6.3,0.2222,38.2,0.0829
EJ Andrews Jr.,ej andrews jr,681044,33.56,7.2,0.2246,39.0,0.0981
Justin Miknis,justin miknis,687242,31.95,7.5,0.2153,32.6,0.0768
Qyshawn Legito,qyshawn legito,807644,36.75,4.77,0.1707,-2.3,0.0554
Diwarys Encarnacion,diwarys encarnacion,827285,26.39,4.92,0.1972,19.3,0.0613
Arnaldo Lantigua,arnaldo lantigua,806984,33.9,6.19,0.2324,39.9,0.105
Taishi Nakawake,taishi nakawake,806012,29.98,4.4,0.1952,18.8,0.0484
Landyn Vidourek,landyn vidourek,811716,37.02,5.38,0.2044,26.1,0.0865
Juan Olmos,juan olmos,703181,39.68,5.28,0.164,-2.5,0.0526
Caleb McNeely,caleb mcneely,803001,28.55,5.8,0.2044,25.1,0.064
Brayden Smith,brayden smith,829670,30.98,6.72,0.2017,25.9,0.0552
Joseph Rodriguez,joseph rodriguez,691867,37.8,6.6,0.2048,25.4,0.0731
Hedbert Perez,hedbert perez,691616,30.69,7.8,0.2433,52.7,0.1168
Jose Caguana,jose caguana,683588,30.45,6.0,0.2149,32.3,0.0843
Trace Willhoite,trace willhoite,688875,34.08,7.28,0.2311,47.2,0.1026
Alirio Ferrebus,alirio ferrebus,808232,22.95,4.62,0.2275,39.8,0.0831
Brandon Forrester,brandon forrester,822162,25.1,4.71,0.2016,24.0,0.057
Reylin Perez,reylin perez,800139,36.98,6.21,0.2218,37.9,0.0806
Anderson Navas,anderson navas,815014,34.17,2.71,0.1654,-2.7,0.0564
Manuel Dos Passos,manuel dos passos,821604,37.32,5.88,0.1637,-2.8,0.0419
Daneurys De La Cruz,daneurys de la cruz,681453,31.7,6.8,0.2143,31.9,0.0751
Nazzan Zanetello,nazzan zanetello,805801,39.78,8.22,0.2088,24.1,0.0727
Trey Harris,trey harris,674677,25.7232,5.5984,0.246,53.7,0.0892
T.J. McCants,tj mccants,690996,36.51,6.3,0.2222,37.3,0.0824
Juan Torres,juan torres,825153,22.97,2.64,0.2012,24.3,0.0614
Daniel McElveny,daniel mcelveny,695772,33.01,7.5,0.2032,24.3,0.063
Félix Amparo,felix amparo,808118,23.38,4.51,0.2203,37.8,0.0619
Arlenn Manzanillo,arlenn manzanillo,831850,35.17,5.58,0.1634,-2.9,0.0444
Adari Grant,adari grant,699020,28.21,5.1,0.204,24.8,0.0577
Jack Herman,jack herman,681075,34.59,5.4,0.2237,38.4,0.0994
Cesar Acosta,cesar acosta,830802,38.24,4.31,0.1577,-3.1,0.051
David Smith,david smith,808818,28.23,9.2,0.2235,38.3,0.0668
Erick De La Cruz,erick de la cruz,821057,29.28,4.58,0.2059,25.7,0.0734
Jordan Sanchez,jordan sanchez,820847,34.6,5.2,0.2205,37.9,0.1006
Jhojan Downer,jhojan downer,821755,39.49,6.03,0.157,-3.1,0.0378
Carlos Caro,carlos caro,814261,31.44,5.42,0.2068,25.4,0.0612
Robert Lopez,robert lopez,694209,28.12,6.7,0.214,31.7,0.0692
Dayro Perez,dayro perez,683459,31.75,4.8,0.2035,24.5,0.0685
JoJo Jackson,jojo jackson,826142,28.85,6.3,0.2205,37.5,0.0848
Hiverson López,hiverson lopez,829075,35.55,4.14,0.1588,-4.9,0.0439
Kyle Henley,kyle henley,806120,36.78,4.46,0.2086,23.6,0.0568
Luis Mendez,luis mendez,692591,22.41,5.54,0.2237,25.2,0.063
Yohander Linarez,yohander linarez,800496,26.66,3.8,0.2038,24.7,0.0564
Alvaro Gonzalez,alvaro gonzalez,677572,29.74,6.0,0.2037,24.7,0.0639
Robert Alvarez,robert alvarez,830028,31.99,3.93,0.1585,-5.1,0.0426
Myles Smith,myles smith,701737,29.27,8.0,0.2229,37.8,0.0765
Kade Kern,kade kern,807746,30.73,5.9,0.2229,37.8,0.0882
Luke Cantwell,luke cantwell,822877,27.82,5.42,0.2293,46.4,0.095
Tayden Hall,tayden hall,695554,29.99,11.26,0.2439,53.4,0.0853
Willmer De La Cruz,willmer de la cruz,692417,29.9,5.6,0.2033,24.4,0.0546
Rafael Morel,rafael morel,682662,33.39,7.8,0.2228,37.8,0.0728
Maikol Hernández,maikol hernandez,694204,31.3,6.57,0.2002,23.9,0.0529
Tanner Thach,tanner thach,805880,23.7,5.24,0.2551,46.7,0.107
Dixon Williams,dixon williams,703483,29.93,6.18,0.2351,46.1,0.0884
Yunior Amparo,yunior amparo,825159,30.52,6.05,0.1986,24.9,0.0679
Kenly Hunter,kenly hunter,829077,27.96,5.93,0.2002,24.8,0.053
Yendry Rojas,yendry rojas,703180,25.45,5.8,0.2031,24.2,0.0461
Juan Santander,juan santander,691466,27.66,5.5,0.2126,30.8,0.0797
Mikey Kane,mikey kane,815097,23.0,6.9,0.2346,45.9,0.0751
Hayden Jatczak,hayden jatczak,833426,29.37,7.71,0.2312,46.4,0.0838
Rayne Doncon,rayne doncon,699061,25.45,6.42,0.2341,45.1,0.0969
Raynerd Ortega,raynerd ortega,800380,32.82,5.0,0.2032,24.3,0.0715
Paulino Santana,paulino santana,815889,36.58,7.58,0.2193,37.0,0.0677
Chase Luttrell,chase luttrell,702292,29.2,5.0,0.2227,37.7,0.0939
Reyli Mariano,reyli mariano,821697,30.79,7.27,0.2025,24.8,0.0602
Andreimi Antunez,andreimi antunez,821782,26.61,3.64,0.1932,16.8,0.0471
Anderson Areinamo,anderson areinamo,829868,29.66,5.01,0.1909,16.6,0.0602
Will Bartlett,will bartlett,686673,32.6,9.3,0.2338,45.3,0.0932
Randy Guzman,randy guzman,807383,32.0,5.85,0.2294,46.1,0.1042
Anthony Marquez,anthony marquez,821645,27.2,6.72,0.2,25.0,0.0419
Angel Brachi,angel brachi,821791,22.5,5.43,0.2053,24.9,0.0381
Brandon Eike,brandon eike,694806,34.68,4.49,0.2231,44.8,0.1122
Daury Arias,daury arias,693808,28.24,6.8,0.2225,37.5,0.0834
Corey Collins,corey collins,690970,34.07,9.24,0.2295,46.1,0.0887
Lexer Saduy,lexer saduy,691418,28.79,6.0,0.2221,37.3,0.0782
Heriberto Rincon,heriberto rincon,808298,28.27,4.62,0.1972,24.0,0.0534
Robert Puason,robert puason,691188,30.06,4.04,0.1953,16.3,0.0531
Thomas Francisco,thomas francisco,695370,22.83,5.2,0.2334,45.1,0.0905
Juan Sierra,juan sierra,808027,34.71,6.01,0.2201,36.7,0.1019
Christopher Espinola,christopher espinola,699053,28.51,7.1,0.2221,37.3,0.0759
Daniel Bucciero,daniel bucciero,827759,32.52,4.14,0.2054,23.2,0.0726
Juan Villavicencio,juan villavicencio,800276,32.6,6.73,0.2046,24.1,0.0686
Eriel Dihigo,eriel dihigo,821128,28.25,7.41,0.2228,24.6,0.0669
Javier Herrera,javier herrera,808223,30.42,7.17,0.202,24.5,0.0575
Jordan Viars,jordan viars,701833,34.59,5.7,0.2223,37.4,0.0976
Taitn Gray,taitn gray,828685,27.97,7.07,0.2334,44.4,0.0973
Ricardo Rosario,ricardo rosario,691905,27.94,5.6,0.2216,36.9,0.0826
Cam Fisher,cam fisher,801176,44.27,8.9,0.2212,36.7,0.1081
Josh Wakefield,josh wakefield,811718,34.47,6.01,0.2179,35.2,0.0875
Leandro Romero,leandro romero,815933,31.76,4.99,0.1915,23.0,0.0682
T.J. White,tj white,695604,30.03,7.68,0.2432,52.2,0.1012
Nolan Beltran,nolan beltran,800179,22.46,7.73,0.2248,38.0,0.06
Gabriel Lopez,gabriel lopez,823875,32.1,5.24,0.1799,-4.8,0.0513
Angel Tejada,angel tejada,698941,23.71,3.8,0.22,35.8,0.0705
Vicent Nunez,vicent nunez,815105,35.39,4.9,0.1594,-5.8,0.0407
Diego Contreras,diego contreras,832559,25.84,5.89,0.1913,22.9,0.0399
Nick Monistere,nick monistere,823809,30.85,5.61,0.1983,21.7,0.0605
Raylin Ramos,raylin ramos,800426,28.87,4.51,0.2182,36.3,0.0714
Ramon Peralta,ramon peralta,698956,33.97,6.0,0.2021,23.5,0.0634
Carlos Pacheco,carlos pacheco,800149,30.61,7.88,0.2238,35.9,0.0722
Ryan Reckley,ryan reckley,703144,31.88,6.52,0.1989,24.2,0.0514
John Michael Faile,john michael faile,702114,31.38,4.77,0.2407,45.6,0.1163
Carson Rucker,carson rucker,813620,32.43,5.13,0.2008,22.6,0.0562
Yassel Pino,yassel pino,689235,24.95,5.5,0.2325,44.4,0.1003
Cristian Jauregui,cristian jauregui,808286,32.36,6.33,0.224,37.1,0.0807
Henry Ramos,henry ramos,703201,26.38,5.91,0.2233,35.4,0.0678
Roismar Quintana,roismar quintana,692453,25.81,5.5,0.2329,44.7,0.0771
Dario Laverde,dario laverde,800188,26.7,5.45,0.2212,35.8,0.0701
Blaze O'Saben,blaze osaben,835031,25.19,5.0,0.2204,36.1,0.0783
Jose Serrano,jose serrano,699112,35.86,5.1,0.2016,23.2,0.0628
Jeremiah Jenkins,jeremiah jenkins,815877,29.23,6.23,0.2297,45.3,0.0914
Marcos Torres,marcos torres,800106,32.79,6.78,0.228,43.0,0.0953
Jaxx Groshans,jaxx groshans,686755,32.43,6.8,0.2201,35.9,0.0898
Eddie King Jr.,eddie king jr,695652,28.6,5.22,0.2245,37.5,0.0848
Brayden Jobert,brayden jobert,801430,30.62,7.7,0.2321,44.2,0.088
Jack Moss,jack moss,694380,25.0,7.3,0.25,52.0,0.0862
Breyson Guedez,breyson guedez,829052,27.91,4.24,0.2242,36.2,0.0731
Nauris De La Cruz,nauris de la cruz,832703,29.93,6.99,0.2013,23.5,0.0629
Cam Clayton,cam clayton,701784,25.8,9.15,0.2336,44.3,0.071
Isaac De León,isaac de leon,682722,29.62,7.5,0.2317,43.9,0.0762
Edrick Felix,edrick felix,703742,30.5,5.0,0.201,22.8,0.0609
Jesus Abreu,jesus abreu,808672,40.42,5.2,0.1581,-6.7,0.0458
Edryn Rodriguez,edryn rodriguez,692043,31.69,4.7,0.2009,22.7,0.0642
Aaron Salazar,aaron salazar,829755,40.52,5.71,0.1575,-7.7,0.0403
Shane Muntz,shane muntz,675992,30.58,6.4,0.2316,43.8,0.0992
Andres Garza,andres garza,823357,39.55,5.4,0.1579,-6.8,0.0418
Demetrio Nadal,demetrio nadal,702391,27.03,7.2,0.2199,35.8,0.0577
Jose Monzon,jose monzon,808267,28.9,6.67,0.2003,21.6,0.0463
Lyle Miller-Green,lyle millergreen,688509,35.34,8.1,0.2317,43.9,0.0891
Jhorvic Abreus,jhorvic abreus,808094,31.85,5.14,0.1972,21.6,0.0594
Edwardo Espinal,edwardo espinal,808103,34.68,5.54,0.2009,21.7,0.0631
Jacob Jenkins-Cowart,jacob jenkinscowart,801881,29.52,5.63,0.2209,35.6,0.0805
Osvaldo Tovalin,osvaldo tovalin,694976,22.53,4.0,0.2312,43.5,0.086
Kyle Sinzza,kyle sinzza,820989,25.29,4.98,0.202,23.0,0.0475
Yulian Barreto,yulian barreto,829905,28.39,6.03,0.1975,23.3,0.04
Gabriel Moncada,gabriel moncada,682732,30.47,6.5,0.2316,43.8,0.0891
Gabriel Azocar,gabriel azocar,827411,33.21,3.72,0.1598,-6.6,0.0479
Jesus Superlano,jesus superlano,807978,33.0,4.04,0.203,21.6,0.0712
Leandro Emiliani,leandro emiliani,678247,30.98,5.7,0.231,43.4,0.1091
Ramcell Medina,ramcell medina,829096,26.89,6.11,0.1936,14.9,0.0504
Mason Guerra,mason guerra,701653,30.48,7.87,0.2327,44.5,0.0926
Darwin De Leon,darwin de leon,805816,27.66,5.6,0.2001,22.1,0.0621
Estanlin Cassiani,estanlin cassiani,693790,24.4,4.3,0.2197,35.7,0.066
Cameron Nelson,cameron nelson,806174,34.69,7.61,0.22,22.6,0.0806
Jose Ortiz,jose ortiz,806176,30.61,5.44,0.2163,36.2,0.0727
Dalton McIntyre,dalton mcintyre,827637,29.62,5.88,0.22,35.8,0.0745
Charles Mack,charles mack,680698,31.51,5.4,0.2178,34.3,0.0935
Daniel Lopez,daniel lopez,808693,28.85,5.01,0.2216,34.2,0.08
Tyler Pettorini,tyler pettorini,808805,22.13,4.02,0.2014,21.9,0.0521
Caleb Pendleton,caleb pendleton,692228,33.02,4.2,0.2079,27.5,0.084
Haritzon Castillo,haritzon castillo,829061,27.03,5.2,0.1893,14.2,0.0482
Edinson Duran,edinson duran,702750,28.09,4.67,0.2146,33.5,0.0832
Manuel Campos,manuel campos,829976,26.95,4.78,0.1909,15.9,0.0454
Fran Alduey,fran alduey,694199,28.8,4.1,0.1989,21.3,0.0578
Bobby Blandford,bobby blandford,701520,33.01,6.16,0.2222,34.8,0.0946
Anderson Fermin,anderson fermin,821112,33.97,9.72,0.2237,34.5,0.0622
Harold Gonzalez,harold gonzalez,808339,29.94,8.07,0.1992,22.5,0.047
Ernny Ordonez,ernny ordonez,688658,31.72,4.6,0.2301,42.8,0.1116
Yairo Padilla,yairo padilla,821107,26.62,4.64,0.1857,14.9,0.0413
Matthew Ferrara,matthew ferrara,814955,33.03,3.92,0.1919,15.4,0.0697
Edgardo Figueroa,edgardo figueroa,829702,38.3,2.95,0.1556,-7.8,0.0566
Jose De La Cruz,jose de la cruz,682627,36.17,5.4,0.2191,35.2,0.096
Brooks Bryan,brooks bryan,804871,26.34,4.71,0.2196,32.8,0.0861
Armando Cruz,armando cruz,694182,21.78,3.9,0.199,21.4,0.0519
Camilo Diaz,camilo diaz,806969,38.69,5.51,0.1948,19.3,0.078
Yahil Melendez,yahil melendez,806161,37.13,6.39,0.1966,22.1,0.054
Moises Polanco,moises polanco,821199,30.21,8.04,0.1982,22.1,0.0457
JT Mabry,jt mabry,815842,28.14,4.0,0.1988,21.3,0.0642
Juan Montero,juan montero,695467,30.17,7.11,0.2217,33.1,0.0725
Randy Bednar,randy bednar,676419,33.64,4.5,0.2183,34.7,0.0977
Victor Santana,victor santana,829750,26.06,5.47,0.201,22.3,0.0557
Carlos Luis,carlos luis,672861,25.61,5.2,0.2395,49.3,0.0895
Cris Rodriguez,cris rodriguez,829038,31.2,3.02,0.1976,20.4,0.0896
Peyton Holt,peyton holt,687428,34.1,5.3,0.1986,21.1,0.0774
Luis Aguilera,luis aguilera,821813,23.36,4.92,0.1878,13.6,0.0424
Alexander Rincon,alexander rincon,821654,26.61,4.12,0.1945,19.9,0.0489
Leiker Figueroa,leiker figueroa,800303,26.9,4.4,0.1982,20.8,0.0528
Cameron Decker,cameron decker,806306,35.95,7.17,0.2288,42.9,0.1108
Nestor Rios,nestor rios,701980,36.32,4.02,0.1565,-8.5,0.0455
Colton Bender,colton bender,701209,29.2,7.3,0.2161,33.1,0.0719
Ariel Almonte,ariel almonte,694200,35.67,6.39,0.2258,35.4,0.1084
Santiago Almao,santiago almao,830046,27.86,5.98,0.1949,20.2,0.0492
Eliomar Garces,eliomar garces,829055,26.64,5.86,0.1883,13.4,0.0487
Ludwing Espinoza,ludwing espinoza,806968,31.18,5.79,0.1955,21.3,0.0503
John Wimmer,john wimmer,814091,37.45,4.75,0.1887,13.4,0.0541
Yovanny Duran,yovanny duran,829773,32.76,7.24,0.1974,19.7,0.0516
Lorenzo Meola,lorenzo meola,823768,29.77,3.95,0.1947,21.4,0.0576
Browm Martinez,browm martinez,821129,30.36,4.53,0.1978,21.1,0.0664
Handelfry Encarnacion,handelfry encarnacion,821136,30.87,6.63,0.2171,35.1,0.0868
Jackson Feltner,jackson feltner,801822,37.07,7.3,0.2293,42.2,0.1049
Reginald Preciado,reginald preciado,691262,30.83,4.49,0.2154,35.0,0.0738
Victor Familia,victor familia,825497,40.88,4.62,0.157,-8.8,0.0433
Diego Guzman,diego guzman,699321,32.53,4.61,0.2002,19.4,0.0616
Eduardo Herrera,eduardo herrera,815901,37.45,5.9,0.1763,5.7,0.058
PJ Morlando,pj morlando,703563,33.37,7.94,0.2204,35.2,0.0803
Christopher Paciolla,christopher paciolla,800627,30.39,4.3,0.1978,20.6,0.0665
Kleiver Chauran,kleiver chauran,808264,33.18,8.79,0.1977,19.9,0.0438
Ismael Mena,ismael mena,691190,27.25,5.3,0.2174,34.0,0.0786
Chase Call,chase call,813842,39.3,7.72,0.2141,32.6,0.0868
Gery Holguin,gery holguin,800368,36.92,6.6,0.1978,20.6,0.0665
Wyatt Hoffman,wyatt hoffman,703715,36.79,7.03,0.2118,34.4,0.0609
Reidy Mercado,reidy mercado,680586,30.22,5.0,0.2163,33.3,0.0743
Adbiel Feliz,adbiel feliz,815925,23.37,6.63,0.1908,14.4,0.0368
Raimundo De Los Santos,raimundo de los santos,808220,36.71,6.3,0.1945,19.2,0.0574
German Ramirez,german ramirez,806993,33.22,5.01,0.1847,12.4,0.0472
Miguel Welch,miguel welch,829924,24.74,5.51,0.2021,19.6,0.0497
Starlin Gill,starlin gill,678317,25.02,4.8,0.1974,20.3,0.0508
AJ Salgado,aj salgado,814514,30.19,5.43,0.2236,42.0,0.0977
Angel Arredondo,angel arredondo,802397,33.25,7.48,0.1944,19.9,0.0451
Cameron Nickens,cameron nickens,800728,31.35,5.53,0.2144,34.6,0.0755
Caden Powell,caden powell,702547,34.2,5.81,0.2139,32.4,0.0741
Colin Summerhill,colin summerhill,814394,29.55,6.8,0.2285,41.7,0.0875
Joel Dragoo,joel dragoo,811780,32.51,9.24,0.2199,34.6,0.0642
Griffin Burkholder,griffin burkholder,816120,34.43,4.72,0.1995,20.6,0.0805
Dorian Soto,dorian soto,829039,25.1,3.61,0.1923,12.8,0.05
Sebastian Blanco,sebastian blanco,829949,24.97,5.34,0.2177,21.1,0.0551
Marco Argudin,marco argudin,831918,26.66,5.88,0.2134,33.0,0.0677
Klendy Leen,klendy leen,823652,43.05,5.58,0.1493,-11.2,0.042
Erick Alvarez,erick alvarez,801248,27.22,5.4,0.2169,33.7,0.0692
Teo Banks,teo banks,695493,27.84,5.71,0.2168,34.1,0.0816
Carlos De Sousa,carlos de sousa,808306,37.98,4.14,0.1525,-11.3,0.0434
Hudson White,hudson white,695742,28.43,5.91,0.2195,31.5,0.0789
Pablo Martinez,pablo martinez,829915,28.04,5.41,0.1849,12.5,0.0412
Adrian Meza,adrian meza,807977,24.68,5.6,0.1871,13.3,0.0384
Sam Robertson,sam robertson,816384,33.95,5.95,0.1911,19.8,0.0438
Edrei Campos,edrei campos,800402,29.66,4.32,0.1932,19.1,0.0605
Yeuni Munoz,yeuni munoz,699097,35.48,5.4,0.2166,33.5,0.0947
JT Benson,jt benson,694842,32.79,4.31,0.2115,33.8,0.0922
Moises Valdez,moises valdez,814229,31.71,5.52,0.1914,20.4,0.0498
Ashly Andujar,ashly andujar,815903,22.13,3.95,0.207,13.7,0.044
Kevin Watson Jr,kevin watson jr,675982,26.57,7.3,0.2371,47.6,0.0774
Ethan Long,ethan long,690994,35.19,6.73,0.2224,41.7,0.0928
Jair Casanova,jair casanova,698911,32.35,5.9,0.2159,33.0,0.0872
Miguel Hernández,miguel hernandez,829791,31.44,4.74,0.1834,13.4,0.0564
Kennew Blanco,kennew blanco,815891,22.62,3.4,0.1843,12.1,0.0494
Nolan Schubart,nolan schubart,702278,40.48,7.97,0.2241,40.1,0.1069
Marconi German,marconi german,829699,34.16,7.19,0.1959,19.8,0.0663
Cesar Mujica,cesar mujica,815009,37.42,4.22,0.154,-10.5,0.0414
Ryan McCarthy,ryan mccarthy,804884,30.99,6.1,0.2156,32.8,0.0772
Felix Tena,felix tena,700170,25.58,4.1,0.2157,32.9,0.0737
Rosnel Alarcon,rosnel alarcon,829964,30.86,5.38,0.1927,18.7,0.0542
William Sullivan,william sullivan,688963,32.81,5.8,0.2267,40.4,0.0972
Roni Cabrera,roni cabrera,800492,33.82,6.01,0.2174,31.3,0.0846
Antoni Urena,antoni urena,829482,25.47,5.78,0.1854,13.1,0.0449
Diego Arce,diego arce,835189,43.99,5.5,0.1485,-12.5,0.0421
Yeferson Portolatin,yeferson portolatin,829788,33.32,9.09,0.1924,19.6,0.0433
Anibal Salas,anibal salas,807010,35.92,7.34,0.2143,31.9,0.0827
Satchell Norman,satchell norman,695708,30.09,5.3,0.202,23.5,0.0673
Luis Steven King,luis steven king,830443,28.49,5.41,0.1885,11.4,0.0451
Alonso Gallegos,alonso gallegos,821495,27.16,5.2,0.1857,12.3,0.0379
Eddy Rodriguez,eddy rodriguez,699014,33.49,6.9,0.2152,32.5,0.0855
Kelvin Diaz,kelvin diaz,692840,33.91,6.0,0.1949,18.6,0.0585
Sandro Pereira,sandro pereira,808014,31.22,5.91,0.1932,18.2,0.0428
Santiago Martinez,santiago martinez,825422,31.67,7.42,0.1832,11.3,0.0356
Peyton Powell,peyton powell,687334,31.84,7.8,0.2266,40.4,0.0716
Echedry Vargas,echedry vargas,800448,26.55,4.12,0.228,40.4,0.0878
Johan Machado,johan machado,829721,27.99,5.73,0.1873,12.6,0.0383
Josmir Reyes,josmir reyes,821145,24.73,8.0,0.2076,31.1,0.0621
Jose De La Cruz,jose de la cruz,827452,37.0,4.54,0.1706,-11.2,0.0464
Jose D. Hernandez,jose d hernandez,691559,34.63,5.88,0.2256,40.6,0.11
Victor Diaz,victor diaz,682770,31.63,4.6,0.2014,23.1,0.0854
Edgar Lugo,edgar lugo,814812,23.66,3.62,0.1939,17.9,0.0501
Yensi De La Cruz,yensi de la cruz,825570,32.65,4.81,0.1925,17.7,0.0706
Yosneiker Rivas,yosneiker rivas,808380,29.53,5.64,0.1919,19.5,0.0479
C.J. Pittaro,cj pittaro,694953,26.89,7.58,0.2289,39.4,0.0642
Javier Mora,javier mora,694062,29.79,5.1,0.1948,18.5,0.0514
Richard Matic,richard matic,821043,37.96,6.91,0.192,17.9,0.0625
Freiker Betencourt,freiker betencourt,829870,32.2,6.49,0.1924,19.2,0.0568
Sebastian Dos Santos,sebastian dos santos,829741,30.47,5.73,0.1918,19.1,0.0573
Johan Rodriguez,johan rodriguez,821759,29.53,4.84,0.1818,11.0,0.0487
Tyson Lewis,tyson lewis,815653,35.59,4.06,0.2016,18.8,0.0678
Yimy Tovar,yimy tovar,811602,28.35,5.52,0.1894,19.1,0.0471
Brayan Hernández,brayan hernandez,694045,31.53,4.5,0.2012,22.9,0.0871
Ryan Mitchell,ryan mitchell,815829,39.18,5.44,0.1915,18.9,0.073
Wyatt Crenshaw,wyatt crenshaw,809846,33.74,5.6,0.2142,31.9,0.0815
Cole Turney,cole turney,669318,34.77,6.3,0.2353,46.3,0.0987
Maikel Hernandez,maikel hernandez,692397,28.18,5.8,0.2011,22.8,0.0653
Jayson Bass,jayson bass,814188,32.73,5.4,0.2134,30.8,0.0775
Brandon Pimentel,brandon pimentel,699615,26.82,3.4,0.2254,39.5,0.0836
Fadriel Cruz,fadriel cruz,677571,32.89,6.8,0.214,31.7,0.0752
Wilfri De La Cruz,wilfri de la cruz,829043,34.85,7.65,0.1811,10.7,0.0383
Gabriel Terrero,gabriel terrero,808239,29.23,4.8,0.1941,18.0,0.0617
Conner Westenburg,conner westenburg,836173,32.09,4.22,0.2071,31.2,0.0768
Jared Jones,jared jones,702262,35.9,5.62,0.2286,40.3,0.1035
Tyler Rodriguez,tyler rodriguez,808291,27.2,9.75,0.2338,46.5,0.0685
Angel Salio,angel salio,825620,26.07,4.46,0.2016,18.8,0.0674
Junior Suriel,junior suriel,829866,26.19,3.47,0.1945,17.4,0.0645
Brock Vradenburg,brock vradenburg,802544,31.1,8.84,0.2272,39.6,0.0833
Yojackson Laya,yojackson laya,821684,28.83,6.48,0.1838,12.0,0.0369
Julio Zayas,julio zayas,808289,30.78,5.64,0.2062,30.2,0.0663
Liberts Aponte,liberts aponte,829051,30.65,5.17,0.1916,11.9,0.071
Darlyn De Leon,darlyn de leon,800391,33.46,5.69,0.1911,18.3,0.0563
Heriberto Caraballo,heriberto caraballo,812430,31.34,6.62,0.1975,23.0,0.0608
Edwin Sanchez,edwin sanchez,703405,37.95,10.62,0.2118,31.0,0.0723
Alexander Benua,alexander benua,699229,32.27,5.7,0.2135,31.4,0.0756
Juan Macero,juan macero,830471,24.04,5.08,0.1934,18.6,0.0462
Ben Metzinger,ben metzinger,690902,35.87,8.1,0.2247,39.1,0.0809
Cam Magee,cam magee,695686,31.46,4.9,0.193,17.3,0.0538
Brett Roberts,brett roberts,689355,27.06,4.7,0.2342,45.6,0.0936
Jose Pirela,jose pirela,808141,35.94,5.25,0.2099,30.3,0.0831
Robert Hipwell,robert hipwell,813771,38.19,8.21,0.2217,39.9,0.0882
Jemone Nuel,jemone nuel,821688,35.46,7.55,0.1892,16.3,0.05
Kevin Fitzer,kevin fitzer,822624,28.84,6.23,0.2451,39.8,0.0966
Carlos Gutierrez,carlos gutierrez,699049,29.97,5.4,0.2129,30.9,0.0699
Jonathan Hogart,jonathan hogart,814781,36.72,6.93,0.2159,31.9,0.0908
Juarlin Soto,juarlin soto,821419,32.38,7.6,0.1917,17.2,0.0494
Hayden Friese,hayden friese,835938,31.56,6.27,0.2142,31.8,0.072
Cody Schrier,cody schrier,691794,29.32,6.63,0.2249,38.3,0.0885
Darian Castillo,darian castillo,821789,29.64,6.43,0.1881,18.2,0.0375
Deward Tovar,deward tovar,808297,37.89,5.88,0.2207,38.0,0.1008
John McHenry,john mchenry,806538,29.78,6.9,0.2126,30.7,0.0653
Edward Lantigua,edward lantigua,815928,34.0,6.26,0.1881,17.7,0.0546
Franklin Primera,franklin primera,829398,25.94,6.71,0.2041,20.9,0.0518
Juan Rojas,juan rojas,829863,33.2,7.32,0.1907,16.5,0.0452
Derniche Valdez,derniche valdez,806961,35.19,3.5,0.1901,17.6,0.0789
Luis De Leon,luis de leon,808029,33.09,7.13,0.1874,17.7,0.0392
Mario Baez,mario baez,808545,25.37,5.58,0.1932,17.5,0.0435
Yaikel Mijares,yaikel mijares,808119,38.86,6.96,0.1892,16.1,0.0447
Kale Fountain,kale fountain,806495,32.98,6.03,0.2064,30.7,0.0773
Brayan Cortesia,brayan cortesia,829049,28.87,5.22,0.1824,10.5,0.038
Ricardo Pena,ricardo pena,800547,35.29,6.32,0.1984,20.4,0.0649
Oswaldo Patino,oswaldo patino,808157,25.72,5.6,0.1924,16.9,0.0388
Clayton Campbell,clayton campbell,693073,29.0,6.63,0.2225,37.5,0.0854
Kellum Clark,kellum clark,690969,35.72,8.5,0.2232,38.1,0.0736
Dashyll Tejeda,dashyll tejeda,812158,31.55,5.42,0.1894,15.4,0.057
Robert Robertis,robert robertis,692508,31.59,5.8,0.2118,30.2,0.0754
Maikol Orozco,maikol orozco,807004,31.24,6.13,0.1913,16.1,0.0471
Jack Lines,jack lines,813922,35.09,5.56,0.1915,15.5,0.0535
Anthuan Valencia,anthuan valencia,703188,30.74,5.07,0.1989,17.0,0.0545
Jhorman Bravo,jhorman bravo,829939,19.95,4.81,0.1964,15.7,0.0511
Heison Sanchez,heison sanchez,800129,29.5,6.0,0.1919,16.5,0.0466
Bairon Ledesma,bairon ledesma,813982,26.31,4.7,0.1919,16.5,0.0449
Brailer Guerrero,brailer guerrero,806967,35.92,5.96,0.2113,29.2,0.0831
Odalys Peguero,odalys peguero,692422,25.3,7.0,0.211,29.7,0.0529
Jose Monserrate,jose monserrate,805104,31.61,6.13,0.2128,30.0,0.0706
Elias Medina,elias medina,808257,35.05,4.38,0.1909,16.9,0.0752
Cam Williams,cam williams,668769,40.41,7.1,0.2323,44.3,0.1293
Chad Castillo,chad castillo,674913,30.69,4.6,0.2224,37.5,0.1037
Angelo DiSpigna,angelo dispigna,805701,35.29,6.6,0.2113,29.8,0.0813
Samuel Gonzalez,samuel gonzalez,820997,26.31,6.87,0.1944,15.6,0.0432
Christopher Alvarado,christopher alvarado,821260,28.49,6.21,0.1962,15.5,0.0441
Abdias De La Cruz,abdias de la cruz,703192,27.7,6.07,0.2132,30.7,0.056
Roy Rivero,roy rivero,830450,22.03,5.91,0.1945,15.5,0.042
Pablo Guerrero,pablo guerrero,808326,30.52,5.88,0.2194,37.1,0.0865
Tom Poole,tom poole,809231,41.43,6.36,0.2112,29.2,0.0986
Renny Hidalgo,renny hidalgo,691586,31.94,5.5,0.2107,29.5,0.0774
Kyle Battle,kyle battle,690350,37.35,6.7,0.2107,29.4,0.0827
Carlos Renzullo,carlos renzullo,827281,19.26,6.42,0.2313,30.4,0.0539
Darwin Almanzar,darwin almanzar,829714,30.37,4.38,0.191,15.3,0.0756
Franyer Noria,franyer noria,800356,25.05,5.5,0.191,15.9,0.0413
Luis Frias,luis frias,801263,33.21,3.66,0.1879,16.7,0.0543
Garrett Frechette,garrett frechette,683102,29.64,3.7,0.222,37.2,0.0857
Luis Pino,luis pino,700720,36.41,6.53,0.2081,30.3,0.0772
Jackson Ross,jackson ross,824605,31.63,6.3,0.2223,37.9,0.0907
José Peña,jose pena,829072,31.14,4.9,0.1777,8.4,0.0455
Yeiker Reyes,yeiker reyes,807975,28.54,6.42,0.2299,29.4,0.0661
Antonio Anderson,antonio anderson,702995,30.6,7.21,0.2273,36.9,0.0734
Yhoan Escalona,yhoan escalona,808253,32.83,5.32,0.1681,-0.8,0.0485
Sami Manzueta,sami manzueta,832795,33.2,7.32,0.1889,15.2,0.0597
Gabriel Rodriguez,gabriel rodriguez,821657,31.71,6.86,0.1875,14.9,0.0447
Sean Gamble,sean gamble,815819,34.86,4.81,0.1935,14.8,0.0716
Israfell Bautista,israfell bautista,820984,29.29,5.96,0.1888,13.7,0.0339
Jefferson Encarnacion,jefferson encarnacion,678893,34.13,6.0,0.2102,29.1,0.0802
Luis Ogando,luis ogando,703902,33.89,4.6,0.1902,15.4,0.0673
Hans Montero,hans montero,694215,33.91,6.7,0.2177,35.6,0.075
Jhostin Genao,jhostin genao,830025,31.07,4.39,0.1868,14.7,0.0616
Carter Johnson,carter johnson,815793,33.55,5.83,0.1929,16.4,0.0562
Gavin Turley,gavin turley,702504,34.38,6.26,0.2129,28.4,0.0847
Jaden Fauske,jaden fauske,828262,36.91,7.0,0.2088,28.2,0.0768
Christian Gonzalez,christian gonzalez,822619,27.77,7.0,0.2091,28.3,0.054
George Feliz,george feliz,692031,39.2,5.19,0.1992,28.3,0.0785
Carlos  Garces,carlos  garces,823727,24.32,7.97,0.2068,28.2,0.0523
Juan Cabada,juan cabada,829040,31.18,4.49,0.1875,15.8,0.0503
Greylin De La Paz,greylin de la paz,821000,34.93,6.63,0.1904,14.6,0.0499
Yoffry Solano,yoffry solano,703200,26.04,4.72,0.1921,15.9,0.044
Deivis Nadal,deivis nadal,683504,34.86,6.4,0.2091,28.3,0.0757
Guillermo Batista,guillermo batista,821787,32.36,7.14,0.1892,14.6,0.0494
Santiago Leon,santiago leon,829054,31.84,6.52,0.1798,7.6,0.0397
Marcelo Alcala,marcelo alcala,808708,45.0,5.5,0.1885,14.2,0.0774
Louis Andujar,louis andujar,829943,33.81,5.71,0.1942,14.1,0.0759
Luke Scherrer,luke scherrer,800615,31.48,5.72,0.1977,19.1,0.0563
Jose Rodriguez,jose rodriguez,800412,35.26,5.7,0.2096,28.7,0.0992
Joel Mendez,joel mendez,693795,37.12,5.8,0.2096,28.7,0.082
Roger Lasso,roger lasso,699068,29.85,6.4,0.2209,36.4,0.0708
Edgardo Ordonez,edgardo ordonez,699166,36.36,7.24,0.2037,25.9,0.075
Jose Riera,jose riera,829986,27.16,4.64,0.1862,14.0,0.0572
JoJo Blackmon,jojo blackmon,701424,37.55,6.1,0.2089,28.2,0.0878
Darlyn Montero,darlyn montero,683887,31.23,4.2,0.2203,36.1,0.0849
Cesar Gonzalez,cesar gonzalez,800177,35.58,7.17,0.1973,17.7,0.0604
Leni Done,leni done,830454,34.44,4.77,0.1862,13.9,0.0697
Cleudis Valenzuela,cleudis valenzuela,821754,26.44,6.1,0.1894,14.8,0.0423
Keiver Garcia,keiver garcia,808334,30.28,5.3,0.1793,7.9,0.0356
Luis Garcia,luis garcia,829731,28.21,5.75,0.1764,7.3,0.0375
Jimmy Obertop,jimmy obertop,687616,35.73,5.24,0.2243,25.6,0.0953
Luis Freitez,luis freitez,693782,32.02,6.47,0.212,27.7,0.0722
Alessander De La Cruz,alessander de la cruz,807987,34.57,4.64,0.2095,15.4,0.0841
Brennon McNair,brennon mcnair,695707,34.04,5.9,0.2087,28.1,0.0859
Jose Dickson,jose dickson,820988,29.57,5.13,0.1781,7.0,0.0417
Larry Martinez,larry martinez,800371,22.4,3.94,0.2204,35.5,0.0664
Felix Cotes,felix cotes,800432,27.5,6.46,0.1889,13.8,0.0434
Jose Castro,jose castro,812161,37.41,5.59,0.1856,13.5,0.0724
Yordani Soto,yordani soto,830027,31.53,5.5,0.178,6.9,0.0421
Jesus Alexander,jesus alexander,808377,29.02,4.4,0.1941,18.0,0.0622
Lucas Ramirez,lucas ramirez,813429,33.48,4.95,0.2092,27.5,0.0753
Noah Williams,noah williams,806304,32.21,5.5,0.2087,28.1,0.0782
Raul Pereira,raul pereira,829972,29.44,3.79,0.176,7.2,0.0395
Drew Davies,drew davies,806730,32.79,9.33,0.2275,36.6,0.0724
Moises Gallardo,moises gallardo,691865,34.17,5.3,0.2085,27.9,0.0852
Luis Santos,luis santos,829901,27.12,3.7,0.1861,14.9,0.0519
Javier Sanchez,javier sanchez,821795,29.63,6.78,0.1904,17.1,0.0534
Luis Reyes,luis reyes,699105,25.2,4.9,0.2198,35.7,0.0811
Jeffry Rosa,jeffry rosa,800251,37.01,5.1,0.2086,28.0,0.0965
Agustin Acosta,agustin acosta,802528,39.35,5.98,0.1882,15.1,0.068
Douglas Glod,douglas glod,800180,39.46,7.6,0.2089,28.2,0.0788
Max Belyeu,max belyeu,803284,36.79,5.93,0.2284,28.4,0.1105
Michael Guzman,michael guzman,808890,35.12,6.2,0.1888,14.4,0.0571
Roinny Aguiar,roinny aguiar,800192,29.93,6.1,0.1885,14.2,0.0423
Stiven Marinez,stiven marinez,829501,34.7,6.2,0.1756,6.6,0.0401
Carter Mathison,carter mathison,701296,38.71,6.43,0.2101,27.9,0.0882
Fernando Hernandez,fernando hernandez,691895,28.0,5.4,0.1883,14.0,0.0469
Lisandro Bonifacio,lisandro bonifacio,800520,28.46,4.9,0.1783,7.2,0.0404
Anderson Suriel,anderson suriel,693798,31.84,4.6,0.2079,27.5,0.0779
Adriander Mejía,adriander mejia,808337,27.72,6.77,0.1994,23.4,0.052
Ian Farrow,ian farrow,694786,35.54,5.1,0.208,27.6,0.0903
Tony Blanco Jr.,tony blanco jr,703156,35.0,6.32,0.2323,42.8,0.1095
Alan Angulo,alan angulo,830406,20.07,4.21,0.1913,13.3,0.0424
Hector Campusano,hector campusano,821763,29.15,8.73,0.2046,26.9,0.0406
Luis Leon,luis leon,830020,30.72,3.89,0.1854,14.4,0.0704
Jose Contreras,jose contreras,800451,33.13,5.0,0.2078,27.4,0.0773
Harold Rivas,harold rivas,829093,32.81,6.21,0.1926,13.0,0.0593
Manolfi Jimenez,manolfi jimenez,800272,28.53,4.42,0.2105,28.2,0.0765
Yorvin Morla,yorvin morla,821631,30.74,7.33,0.1828,14.6,0.0357
Eli Lovich,eli lovich,815654,36.49,5.49,0.2051,27.9,0.0737
Joshua Francis,joshua francis,821806,28.66,4.59,0.1771,13.1,0.0408
Juanfel Peguero,juanfel peguero,800346,28.88,5.35,0.1779,6.2,0.0376
Yosander Asencio,yosander asencio,800155,41.58,8.1,0.2077,27.4,0.0756
Clayton Gray,clayton gray,694732,30.98,6.52,0.2277,27.9,0.0765
Eduarlin Tejeda,eduarlin tejeda,808355,31.78,6.43,0.183,14.7,0.0349
Alfredo Guanchez,alfredo guanchez,814376,33.6,6.07,0.1893,14.3,0.0547
Darvin Cruz,darvin cruz,808704,30.62,6.6,0.1878,13.7,0.0452
Roiner Quintana,roiner quintana,805452,32.64,6.11,0.1853,12.8,0.0585
Ezequiel Surun,ezequiel surun,700332,31.22,3.2,0.1777,6.8,0.0445
Rodny Rosario,rodny rosario,829993,33.0,6.15,0.1848,13.0,0.0449
Malvin Valdez,malvin valdez,694216,31.99,6.5,0.207,26.9,0.0627
Brenner Cox,brenner cox,702685,38.84,6.8,0.207,27.4,0.0793
Tommy Hopfe,tommy hopfe,809101,23.29,6.13,0.2483,42.1,0.0846
Xavier Guillen,xavier guillen,806707,36.48,5.9,0.207,26.9,0.0723
Arxy Hernandez,arxy hernandez,694065,27.76,4.7,0.2179,34.4,0.0726
Ronald Ramirez,ronald ramirez,821790,28.83,5.33,0.1864,12.7,0.0407
Jhoan De La Cruz,jhoan de la cruz,829063,39.23,7.43,0.1727,7.6,0.0368
Djean Macares,djean macares,829079,29.11,5.93,0.1844,14.3,0.0477
Nomar Fana,nomar fana,694049,37.04,7.0,0.2069,26.8,0.0809
Abraham Bastidas,abraham bastidas,832705,30.69,5.62,0.1823,14.2,0.0382
Warel Solano,warel solano,829046,30.57,3.94,0.1872,12.6,0.0552
Mahki Backstrom,mahki backstrom,683106,36.05,6.4,0.2176,34.2,0.1003
Vladi Gomez,vladi gomez,808082,32.22,6.67,0.1819,13.5,0.042
Yorber Semprun,yorber semprun,829774,26.7,4.0,0.1823,13.7,0.0441
Mason Dinesen,mason dinesen,828375,38.27,3.4,0.1864,12.8,0.0716
Rashawn Pinder,rashawn pinder,816344,36.06,4.79,0.1832,12.1,0.0578
Luis Marquez,luis marquez,805058,27.42,5.28,0.2244,40.5,0.0689
Rabel Colon,rabel colon,804521,36.79,5.7,0.2063,26.4,0.0831
Cristofer Lebrón,cristofer lebron,821036,31.62,4.84,0.1839,13.7,0.0503
Kevin Guerrero,kevin guerrero,698931,32.89,5.2,0.2063,26.4,0.0666
Luis Merejo,luis merejo,808153,36.23,6.76,0.2145,33.5,0.0877
Jhonael Cuello,jhonael cuello,825182,30.1,4.21,0.1817,13.3,0.0624
Braylin Morel,braylin morel,808281,32.15,4.29,0.2235,39.9,0.0951
Gabriel Silva,gabriel silva,700385,36.35,5.01,0.2027,21.1,0.0886
Leandro Alsinois,leandro alsinois,802098,33.7,5.0,0.1848,11.6,0.063
Nehomar Ochoa Jr.,nehomar ochoa jr,806441,34.96,5.61,0.2132,32.0,0.0909
Julio Henriquez,julio henriquez,802082,27.17,6.03,0.218,33.6,0.072
Luis Torres,luis torres,801230,33.87,5.0,0.2166,33.5,0.0917
Tommy Specht,tommy specht,702467,30.95,5.5,0.2054,25.8,0.0679
David Beckles,david beckles,703924,34.33,7.6,0.2148,33.1,0.0756
Emilio Sanchez,emilio sanchez,815916,36.87,7.06,0.1722,4.6,0.0315
Jose Robledo,jose robledo,697779,30.2,3.71,0.1736,4.7,0.0424
Robert Gonzalez,robert gonzalez,800385,35.36,6.4,0.2049,25.5,0.07
Milo Rushford,milo rushford,806299,34.58,7.5,0.2052,25.7,0.0651
Justin Capellan,justin capellan,820886,33.22,5.49,0.1857,13.6,0.064
Josue Brito,josue brito,821147,36.78,8.52,0.2096,24.7,0.0858
Pedro Roque,pedro roque,808698,26.82,5.21,0.1882,11.1,0.049
Nelson Beltran,nelson beltran,683485,36.51,7.1,0.2051,25.6,0.0645
Kyle West,kyle west,823918,32.51,4.27,0.2126,32.1,0.0949
Juan Jerez,juan jerez,683563,32.73,5.7,0.2156,32.8,0.0863
Manuel Sequera,manuel sequera,691456,25.79,4.0,0.2256,39.7,0.1038
Leonard Rijo,leonard rijo,825616,30.27,5.93,0.1742,5.7,0.0339
Edwin Darville,edwin darville,823731,35.82,6.41,0.1897,11.0,0.0486
Kendrick Herrera,kendrick herrera,821696,27.91,5.82,0.1881,12.5,0.0419
Jefferson Pena,jefferson pena,694210,33.47,5.6,0.2043,25.1,0.0645
Jack Gurevitch,jack gurevitch,813668,35.37,5.73,0.2129,33.5,0.0912
Pedro Catuy,pedro catuy,806869,34.81,4.28,0.2058,25.6,0.0783
Pedro Ibarguen,pedro ibarguen,808338,31.26,7.44,0.2241,39.9,0.0742
Liordanys Menendez,liordanys menendez,824877,26.53,4.95,0.185,10.8,0.0408
Peyton Carr,peyton carr,804726,27.14,5.7,0.2158,33.0,0.0735
Wilberson De Pena,wilberson de pena,821648,35.07,4.88,0.1812,10.5,0.0707
Joswa Lugo,joswa lugo,815915,32.77,4.26,0.1846,10.5,0.0547
Solomon Maguire,solomon maguire,693418,33.6,6.2,0.2038,24.7,0.0824
Ismael Javier,ismael javier,806973,29.57,4.9,0.1842,11.2,0.054
Yilber Herrera,yilber herrera,703191,37.74,8.66,0.1835,10.2,0.0476
Isaac Ponce,isaac ponce,821784,33.27,5.52,0.1824,14.3,0.0604
Misael Mojica,misael mojica,800167,30.13,5.42,0.1843,11.9,0.047
Leny Carela,leny carela,800143,27.0,5.1,0.1838,11.0,0.04
Giomar Ubiera,giomar ubiera,829724,37.85,6.98,0.1695,5.0,0.0418
Darison Garcia,darison garcia,821691,29.95,6.31,0.1866,10.1,0.0399
Yancel Guerrero,yancel guerrero,699026,38.73,4.5,0.1733,3.8,0.0557
JP Smith II,jp smith ii,823770,29.2,5.5,0.2148,31.8,0.0843
Williams Wong,williams wong,806773,30.23,6.4,0.1842,11.2,0.0415
Enmanuel Bonilla,enmanuel bonilla,806962,36.03,4.6,0.2014,23.9,0.0794
Cody Wilson,cody wilson,680963,37.53,6.4,0.2238,38.5,0.0854
Aldrin Lucas,aldrin lucas,691492,31.0,6.8,0.2149,32.3,0.0777
Jerffson Pena,jerffson pena,800011,35.83,4.5,0.1836,10.8,0.0627
Heins Brito,heins brito,829065,30.32,4.34,0.1709,3.5,0.0444
Aaron Pinero,aaron pinero,821775,30.43,5.25,0.1839,10.3,0.0434
Reece Walling,reece walling,800617,38.58,9.1,0.2041,24.9,0.0661
Theo Hardy,theo hardy,815152,30.89,7.48,0.2109,31.3,0.0552
Kerrington Cross,kerrington cross,701136,35.34,8.34,0.2097,33.0,0.072
Steven Rivas,steven rivas,677004,33.45,4.2,0.2242,38.7,0.1037
Enyel Rosario,enyel rosario,821090,25.15,3.8,0.1833,10.6,0.043
Keoni Cavaco,keoni cavaco,686577,34.28,4.5,0.2144,32.0,0.0874
Anthony Millan,anthony millan,829860,36.06,5.31,0.1813,10.0,0.0591
Austin Green,austin green,809719,23.08,5.59,0.2113,31.2,0.0652
George Bilecki,george bilecki,836061,37.6,6.73,0.1979,24.9,0.0713
Junior Aybar,junior aybar,808166,36.19,5.1,0.1994,23.4,0.0684
Angel Guzman,angel guzman,808401,34.99,7.42,0.2001,25.0,0.0674
Jaeden Calderon,jaeden calderon,808496,34.13,6.63,0.2163,32.2,0.0835
Sandy Sanchez,sandy sanchez,800367,28.24,5.6,0.1832,10.6,0.0417
Donovan Antonia,donovan antonia,692190,28.86,5.1,0.2029,24.1,0.0606
Jose Barrios,jose barrios,829737,27.48,3.97,0.1829,9.7,0.049
Myles Naylor,myles naylor,802504,40.33,7.68,0.2059,23.5,0.0766
Rafael Cruz,rafael cruz,699269,32.17,4.1,0.2139,31.6,0.0933
Justin Williams,justin williams,681334,34.84,5.1,0.2139,31.7,0.0882
Aneudi Escanio,aneudi escanio,800401,34.71,4.6,0.1731,3.6,0.0572
Cal Stark,cal stark,808744,40.17,5.38,0.1923,18.4,0.0752
Dayber Cruceta,dayber cruceta,827426,35.13,6.03,0.1857,11.2,0.0551
Enzo Paulino,enzo paulino,703890,29.51,4.5,0.2138,31.6,0.0827
Hyun Seung Lee,hyun seung lee,829748,30.65,6.93,0.1858,11.0,0.0439
Jhon Diaz,jhon diaz,807817,28.67,4.5,0.1829,10.3,0.0446
Lisandro Sanchez,lisandro sanchez,830009,37.5,4.02,0.1793,9.5,0.0548
Hendry Arvelo,hendry arvelo,829498,32.31,5.98,0.1823,11.0,0.0505
Bracewell Taveras,bracewell taveras,808145,28.03,2.96,0.1799,11.0,0.0483
Frankeli Mesta,frankeli mesta,821094,32.85,5.52,0.186,11.1,0.0492
Yorvit Diaz,yorvit diaz,829827,24.31,3.94,0.1854,9.4,0.043
D'Angelo Ortiz,dangelo ortiz,808571,26.66,5.81,0.2181,30.6,0.0615
Karim Ayubi,karim ayubi,699142,37.42,6.3,0.2024,23.7,0.0627
Nathan Archer,nathan archer,814453,35.65,5.8,0.2008,22.6,0.0691
Quentin Young,quentin young,815839,40.87,4.38,0.1722,2.4,0.0479
Jhonson Pena,jhonson pena,692670,31.89,5.1,0.1821,9.8,0.0538
Javier Osorio,javier osorio,703157,31.69,4.82,0.2104,29.2,0.0706
Daje Morales,daje morales,800307,30.87,6.4,0.1821,9.8,0.045
Eduardo Ponce,eduardo ponce,823866,30.21,6.29,0.1839,17.8,0.0586
Victor Cardoza,victor cardoza,808282,36.19,3.61,0.1846,10.4,0.0713
Jonny McGill,jonny mcgill,692169,29.18,7.03,0.2227,36.7,0.0774
Gregory Duran,gregory duran,691625,34.18,6.21,0.2128,30.4,0.0855
Miguel Blanco,miguel blanco,808387,31.3,5.4,0.1822,9.9,0.0491
Jarrod Belbin,jarrod belbin,684008,30.8,5.4,0.2128,30.9,0.0821
Nick Peoples,nick peoples,703612,41.04,6.11,0.2017,23.8,0.081
Darell Morel,darell morel,829716,32.73,6.23,0.1848,10.3,0.0421
Eduardo Beltre,eduardo beltre,815924,32.93,6.11,0.2219,36.6,0.0957
Adrian Garcia,adrian garcia,823785,25.97,3.7,0.182,9.7,0.0458
Efren Teran,efren teran,821236,22.72,4.9,0.181,9.0,0.0394
Luis De Leon,luis de leon,825479,28.42,3.71,0.182,10.5,0.0665
Luis Morejon,luis morejon,830435,26.75,6.92,0.222,24.0,0.0767
Joseph Tailor,joseph tailor,808544,33.48,4.12,0.1838,10.2,0.0572
Albert Feliz,albert feliz,682765,39.47,5.0,0.2129,31.0,0.1074
Yeider Mindiola,yeider mindiola,833207,32.72,6.05,0.1794,11.8,0.0587
Kaleb Freeman,kaleb freeman,807461,33.29,9.01,0.2215,36.9,0.0804
Carlos Gonzalez,carlos gonzalez,801262,38.11,6.39,0.173,10.3,0.0562
Miguel Rivera,miguel rivera,821819,27.51,6.5,0.184,11.1,0.0498
Givian Sirvania,givian sirvania,821154,30.38,5.41,0.1861,8.5,0.0421
Romeli Espinosa,romeli espinosa,829089,30.37,2.91,0.174,3.2,0.0487
Daniel Rodriguez,daniel rodriguez,829975,34.58,7.78,0.1782,8.7,0.0341
Alex Rodriguez,alex rodriguez,835182,27.98,4.98,0.1981,22.4,0.0553
Anielson Buten,anielson buten,808004,35.28,3.65,0.1886,9.9,0.0663
Rodrigo Gonzalez,rodrigo gonzalez,829745,30.02,4.28,0.173,3.1,0.038
Miguel Tamares,miguel tamares,800546,30.48,6.0,0.181,9.0,0.0462
German Ortiz,german ortiz,699000,30.18,6.16,0.2151,29.9,0.0689
Junior Garcia,junior garcia,815010,37.87,6.57,0.2021,23.5,0.066
Sandy Presbot,sandy presbot,829715,35.68,5.43,0.1828,9.5,0.0535
Wilder Dalis,wilder dalis,815195,27.09,6.82,0.2419,37.7,0.0807
Erick Peña,erick pena,691179,41.13,6.6,0.2006,22.5,0.0921
Jacob Walsh,jacob walsh,701862,34.28,6.7,0.212,30.8,0.092
Steven Madero,steven madero,821591,31.13,4.52,0.1819,9.6,0.0614
Yojanser Calzado,yojanser calzado,821814,36.5,6.69,0.1868,8.7,0.0491
Yordani Martinez,yordani martinez,820969,31.81,6.43,0.1822,9.1,0.0421
Albert Carpio,albert carpio,800330,23.86,4.4,0.1807,8.8,0.0398
Trey Snyder,trey snyder,815551,24.87,7.59,0.216,36.8,0.0532
Wilian Trinidad,wilian trinidad,808011,31.27,5.2,0.1805,8.7,0.0385
Abraham Cohen,abraham cohen,808316,36.4,6.8,0.1807,8.9,0.0508
Sterling Bazil,sterling bazil,829756,34.42,5.02,0.1693,0.9,0.0578
Jose Paulino,jose paulino,808685,38.13,6.41,0.1836,8.0,0.0532
Ronnyel Espinoza,ronnyel espinoza,816335,32.21,6.99,0.1782,9.5,0.0388
AJ Soldra,aj soldra,831004,39.25,4.88,0.1997,22.9,0.0927
Giullianno Allende,giullianno allende,805125,34.5,5.3,0.1995,21.7,0.0698
Juan Brima,juan brima,829070,33.27,5.47,0.182,9.3,0.0426
Fabian Alcantara,fabian alcantara,820925,42.52,5.42,0.175,9.2,0.0766
Alexander Orasma,alexander orasma,801264,28.71,4.7,0.1701,1.6,0.0368
Jefrank Silva,jefrank silva,830399,28.13,3.8,0.1791,7.7,0.0529
Cesar Paredes,cesar paredes,827650,33.99,5.54,0.1701,0.5,0.037
Dallas Macias,dallas macias,702582,32.72,5.58,0.2008,22.7,0.0698
Raynier Ramirez,raynier ramirez,812749,35.0,5.3,0.1799,8.3,0.0604
Luis Puello,luis puello,809772,35.67,4.06,0.1784,8.6,0.0607
Andru Arthur,andru arthur,808504,38.22,6.13,0.1768,8.9,0.05
Juan Monso,juan monso,815021,33.07,5.39,0.1773,8.8,0.0457
Ire Garcia,ire garcia,829809,30.14,6.81,0.1792,8.5,0.0464
Isaias Dipre,isaias dipre,692658,32.8,5.3,0.1995,21.7,0.0756
Keegan Pieternella,keegan pieternella,830416,31.96,5.8,0.1681,0.9,0.0435
Keiberg Camacaro,keiberg camacaro,808395,35.28,6.23,0.1765,8.9,0.0431
Hector Ramos,hector ramos,829892,30.97,4.81,0.1844,7.4,0.0564
Luis Colon,luis colon,800026,28.21,4.8,0.1793,7.9,0.0416
Emilio Taveras,emilio taveras,692582,37.45,6.1,0.181,9.0,0.0679
Winder Diaz,winder diaz,698991,32.33,5.7,0.1793,7.9,0.0431
Ross Friedrick,ross friedrick,815459,29.48,4.6,0.2103,29.2,0.0847
Jancel Santana,jancel santana,800205,31.27,5.0,0.1791,7.8,0.0468
Jason Hinchman,jason hinchman,695457,35.42,6.6,0.2099,28.9,0.0726
Kevin Novoa,kevin novoa,801381,31.69,6.1,0.1805,8.7,0.0468
Enyervert Perez,enyervert perez,808381,35.41,4.68,0.212,29.8,0.0796
Gregori Arias,gregori arias,820954,37.18,5.83,0.171,1.4,0.0425
David Guzman,david guzman,807999,29.42,5.8,0.1963,20.3,0.059
Francisco Vilorio,francisco vilorio,815910,38.35,4.97,0.1757,6.7,0.0528
Yorman Licourt,yorman licourt,827326,43.52,6.9,0.1964,20.5,0.0782
Cristian Feliz,cristian feliz,692490,40.24,5.1,0.2095,28.6,0.1063
Grenyerbert Velasquez,grenyerbert velasquez,808084,31.76,5.3,0.1785,7.3,0.0446
Alfredo Benzan,alfredo benzan,820968,29.67,5.18,0.2,21.6,0.0514
Omar Urbina,omar urbina,808226,30.06,4.71,0.1764,7.5,0.0501
Raimel Medina,raimel medina,801736,29.83,5.41,0.2012,20.1,0.0663
Jose Medina,jose medina,802079,32.34,6.8,0.1797,8.1,0.0422
Brailyn Antunez,brailyn antunez,829073,33.88,5.43,0.1774,7.9,0.0497
Jehancarlos Mendez,jehancarlos mendez,823348,29.3,4.6,0.1784,7.3,0.0433
Carlos Vasquez,carlos vasquez,800199,29.54,5.0,0.1782,7.1,0.0395
Jhonayker Ugarte,jhonayker ugarte,821716,33.1,5.41,0.1813,6.4,0.0432
Bryant Mendez,bryant mendez,698915,34.36,4.59,0.1671,6.2,0.0452
TJayy Walton,tjayy walton,807737,36.55,5.72,0.1999,20.9,0.0708
Alcides Hernandez,alcides hernandez,815584,30.93,7.43,0.1839,15.3,0.0419
Angel Ramirez,angel ramirez,807587,27.33,5.81,0.2008,19.8,0.0561
Harry Genth,harry genth,702025,35.11,5.91,0.196,18.8,0.0636
Claudiel Lantigua,claudiel lantigua,821676,29.58,4.0,0.1779,6.9,0.0398
Ronny Ugarte,ronny ugarte,800164,26.69,4.65,0.2293,29.0,0.0844
Luis Galan,luis galan,829766,35.38,4.94,0.1749,6.2,0.046
JC Vanek,jc vanek,834408,35.63,6.01,0.2113,27.1,0.0815
Cristian Montilla,cristian montilla,829937,27.29,3.82,0.1769,7.6,0.0419
Justin Ramirez,justin ramirez,814256,34.4,5.85,0.1931,21.1,0.0694
Erick Lugo,erick lugo,821596,33.33,4.0,0.1677,-0.1,0.0455
Casey Martin,casey martin,676045,33.1102,5.5298,0.2175,35.3,0.0935
Dexters Peralta,dexters peralta,820996,35.85,4.16,0.1643,-1.2,0.0499
Willy Fanas,willy fanas,694217,34.28,4.9,0.1972,20.2,0.0647
Sebastian Cadiz,sebastian cadiz,808126,33.82,5.55,0.1755,6.6,0.0512
Yohendry Sanchez,yohendry sanchez,815921,28.28,4.94,0.1852,14.9,0.0503
Dakota Kotowski,dakota kotowski,696282,37.85,4.8,0.2081,27.7,0.0983
Armstrong Muhoozi,armstrong muhoozi,829698,32.33,4.22,0.1795,6.7,0.0544
Charles Nova,charles nova,803367,27.63,5.5,0.1774,6.6,0.0392
Geyber Blanco,geyber blanco,809770,29.17,3.1,0.1773,6.5,0.047
Edgar Alfonso,edgar alfonso,701660,28.95,3.96,0.1777,5.8,0.0419
Diego Tornes,diego tornes,829053,36.03,5.08,0.1778,6.9,0.0502
Antony Gomez,antony gomez,808315,37.06,6.4,0.1772,6.5,0.0533
Leonel Vivas,leonel vivas,827765,35.18,5.89,0.1749,7.2,0.0505
Emil Martinez,emil martinez,830422,30.58,3.8,0.1674,-0.3,0.043
Guillermo Rosario,guillermo rosario,806518,37.7,5.72,0.1809,7.9,0.0596
Ethan Lege,ethan lege,805356,28.21,5.2,0.208,27.6,0.0665
Cooper McMurray,cooper mcmurray,803102,37.04,6.67,0.2093,28.5,0.0854
Kevin Verde,kevin verde,814269,27.11,3.15,0.1736,5.3,0.0518
Alexander Ramirez,alexander ramirez,682643,41.43,5.49,0.2149,34.6,0.092
Jose Perez,jose perez,814545,36.9,4.81,0.1736,5.6,0.0497
Wanderly De La Cruz,wanderly de la cruz,829841,35.53,6.59,0.1845,7.1,0.0572
Esteban Romero,esteban romero,823015,27.91,5.51,0.1948,19.3,0.0534
Sandy Luciano,sandy luciano,821773,24.39,5.81,0.2001,19.4,0.0531
Yoerny Junco,yoerny junco,806922,30.67,4.4,0.1769,6.2,0.0426
Luis Suarez,luis suarez,800379,30.32,4.6,0.1768,6.2,0.0445
Luis Martinez,luis martinez,808370,33.98,5.8,0.1777,6.8,0.0502
Moises Lopez,moises lopez,808321,38.58,4.7,0.1767,6.1,0.0678
Oliver Tejada,oliver tejada,821762,32.44,5.04,0.1934,20.5,0.0617
Aldalay Kolokie,aldalay kolokie,813985,26.55,5.93,0.217,20.6,0.0651
Raily Liriano,raily liriano,820995,38.89,3.98,0.1782,6.7,0.0579
Geomaikel Martinez,geomaikel martinez,829867,31.0,3.91,0.1816,5.4,0.053
Joan Gutierrez,joan gutierrez,808241,35.51,7.2,0.1768,6.2,0.0429
Yensi Rivas,yensi rivas,820979,32.62,4.6,0.1763,5.8,0.0385
Yassel Garcia,yassel garcia,826523,36.11,7.17,0.1777,6.8,0.0455
John Zorrilla,john zorrilla,699005,34.59,5.4,0.1764,5.9,0.0568
Cristopher Polanco,cristopher polanco,829057,38.63,7.2,0.1647,-1.4,0.0317
Yorger Bautista,yorger bautista,829045,41.61,3.99,0.1657,5.2,0.0651
Moises Bolivar,moises bolivar,821240,35.47,4.38,0.1762,6.8,0.0613
Frederik Jimenez,frederik jimenez,808631,33.91,6.51,0.2118,26.2,0.0812
Yonaiker Hernandez,yonaiker hernandez,831865,30.03,2.91,0.1712,6.6,0.0514
Johan Benitez,johan benitez,692551,32.55,5.0,0.207,26.9,0.0728
Lazaro Morales,lazaro morales,805116,35.23,3.86,0.1727,6.3,0.0554
Daniel Perez,daniel perez,807949,35.3,5.5,0.2069,26.9,0.079
Nayerich Waterfort,nayerich waterfort,820938,31.4,5.27,0.1837,6.5,0.0508
Eddy Marmolejos,eddy marmolejos,821008,33.29,3.64,0.1764,6.4,0.056
Eduardo Oviedo,eduardo oviedo,800130,38.19,4.3,0.1758,5.5,0.065
Arnold Prado,arnold prado,802102,37.13,5.3,0.1955,19.0,0.0657
Maykel Coret,maykel coret,829044,37.24,4.85,0.1757,4.7,0.0549
Fernando Pena,fernando pena,821627,33.51,4.84,0.1732,6.6,0.0469
Israel Alvarez,israel alvarez,829980,28.36,4.34,0.1729,4.9,0.0373
Jose Tovar,jose tovar,808270,34.27,5.96,0.1761,5.0,0.046
Merphy Hernandez,merphy hernandez,821075,32.03,6.32,0.194,17.4,0.0609
Jhosman Theran,jhosman theran,830420,39.7,5.68,0.1749,5.9,0.0681
Yojancel Cabrera,yojancel cabrera,829894,32.83,5.35,0.1958,18.2,0.0586
Marcos Belen,marcos belen,829908,36.49,6.05,0.1723,4.4,0.0491
Ryan McCoy,ryan mccoy,700178,41.06,7.17,0.2063,25.8,0.078
Eddie Rynders,eddie rynders,815535,40.75,5.12,0.1687,-0.7,0.0437
Franchely Silverio,franchely silverio,821002,32.21,3.21,0.1635,-2.3,0.0449
Drew Jemison,drew jemison,815054,29.29,4.8,0.1755,5.3,0.0435
Kashon Conliffe,kashon conliffe,800244,37.24,5.5,0.175,4.9,0.0565
Eric Mota,eric mota,824873,34.18,4.21,0.1631,-2.6,0.043
Carlos Monteverde,carlos monteverde,808272,34.95,7.6,0.2064,26.5,0.0657
Yoander Santana,yoander santana,829729,33.82,3.62,0.1783,5.9,0.0594
Byron Castillo,byron castillo,808092,38.95,3.56,0.1753,4.1,0.0621
Cherif Neymour,cherif neymour,800578,31.98,4.3,0.1741,4.3,0.0405
Nomar Velasquez,nomar velasquez,800196,30.16,5.45,0.1916,17.7,0.0492
Renair Manrique,renair manrique,808294,31.41,4.5,0.1748,4.8,0.043
Luis Ariza,luis ariza,699078,33.72,4.8,0.1747,4.7,0.0512
Meykel Baro,meykel baro,829965,39.31,4.81,0.1613,-2.9,0.0473
Andy Mata,andy mata,833206,33.59,3.52,0.1735,3.8,0.0615
Frandy Guillen,frandy guillen,829999,30.2,3.53,0.1712,3.9,0.0525
Nathanael Cijntje,nathanael cijntje,815005,34.1,5.32,0.1772,5.3,0.0507
Darling Fernandez,darling fernandez,807000,31.24,6.97,0.1972,17.6,0.0571
Ruben Castillo,ruben castillo,830419,37.29,4.47,0.1711,3.5,0.0601
Omar Mejia,omar mejia,821597,35.09,4.41,0.1776,3.9,0.057
Thomas Takayoshi,thomas takayoshi,689108,34.71,4.24,0.1871,10.6,0.0616
Pier-Olivier Boucher,pierolivier boucher,815294,36.87,5.5,0.1938,17.8,0.0674
Jackson Nicklaus,jackson nicklaus,800715,41.49,7.2,0.2056,26.0,0.0847
Erubiel Fuentes,erubiel fuentes,691866,29.48,5.3,0.1744,4.5,0.0352
Carlos Bello,carlos bello,830470,35.45,4.88,0.1713,3.7,0.0503
Pedro Dalmagro,pedro dalmagro,808116,31.31,4.13,0.181,10.4,0.0543
Jose Rivera,jose rivera,801259,31.69,4.8,0.1737,4.0,0.0365
Wagnel Luna,wagnel luna,810981,33.15,6.53,0.1734,3.7,0.0363
Wesly Castillo,wesly castillo,829991,28.66,4.19,0.1905,17.2,0.055
Jose Ferrer,jose ferrer,678276,33.74,5.2,0.1836,10.8,0.0551
Facundo Velásquez,facundo velasquez,808278,44.05,5.83,0.1712,5.0,0.0573
Barrett Riebock,barrett riebock,814806,29.16,5.8,0.2145,32.1,0.0792
Cesar Franco,cesar franco,694481,37.18,7.0,0.1939,17.9,0.0656
Yunior Quezada,yunior quezada,815757,35.4,4.09,0.1736,5.0,0.0648
Justin Rodriguez,justin rodriguez,699100,37.88,4.6,0.1739,4.2,0.0535
Angel Nieblas,angel nieblas,808635,28.98,3.8,0.1737,4.0,0.0422
Jayln Pinder,jayln pinder,830486,36.78,5.48,0.1703,3.2,0.0396
Rayner Herrera,rayner herrera,830002,40.05,4.9,0.1701,3.2,0.0647
Dennys Riera,dennys riera,800378,30.53,3.66,0.1708,5.0,0.0426
Ronny Polanco,ronny polanco,692552,28.02,4.4,0.2045,25.2,0.0653
Riquelmin Cabral,riquelmin cabral,691282,31.69,4.8,0.2045,25.2,0.0764
Liosward Marin,liosward marin,808314,30.22,5.01,0.1781,3.0,0.0506
Fidel Montero,fidel montero,700320,36.53,5.6,0.186,12.4,0.0733
Jeremy Celedonio,jeremy celedonio,684494,41.0,6.9,0.2142,31.9,0.104
Jesus Mujica,jesus mujica,808367,36.58,4.0,0.1735,3.9,0.0636
Sebastian Pena,sebastian pena,830808,32.95,3.72,0.1684,4.7,0.0503
Luis Sanchez,luis sanchez,829829,39.85,5.19,0.1712,4.7,0.0532
Adrian Gil,adrian gil,808691,38.08,6.2,0.2032,24.3,0.0785
Rafael Castillo,rafael castillo,809336,35.0,5.8,0.1736,3.9,0.0403
Naibel Mariano,naibel mariano,807648,31.28,3.55,0.1809,4.6,0.0561
Fredderick Ovalle,fredderick ovalle,829704,26.28,6.33,0.1958,17.8,0.0443
Eddson Martinez,eddson martinez,821647,34.17,7.23,0.1881,18.2,0.0465
Luis Leones,luis leones,692817,40.19,5.4,0.1922,16.8,0.0667
Wilton Lara,wilton lara,801258,34.85,3.61,0.1709,2.9,0.0593
Yelinson Betances,yelinson betances,829861,35.81,4.46,0.1734,2.8,0.0598
Ricardo Crespo,ricardo crespo,821811,31.0,6.72,0.1899,18.1,0.0485
Alejandro Blasco,alejandro blasco,821246,32.1,6.66,0.1899,16.5,0.0566
Xavier Casserilla,xavier casserilla,701786,30.79,4.3,0.2039,24.8,0.0706
Joaquin Arias Jr.,joaquin arias jr,821663,31.22,5.48,0.1897,16.6,0.0496
Rafael Martinez,rafael martinez,809778,28.01,3.9,0.173,3.6,0.04
Oswaldo Osorio,oswaldo osorio,800424,35.64,7.27,0.2037,25.6,0.0675
Eric Martinez,eric martinez,702444,37.26,4.42,0.1717,3.9,0.0626
Emdys Rosillo,emdys rosillo,824768,27.62,4.56,0.1801,4.1,0.0483
Gustavo Baptista,gustavo baptista,830000,39.57,7.67,0.1794,9.3,0.0508
Steven Herrera,steven herrera,829749,38.7,5.13,0.175,4.1,0.0566
Chandler Seagle,chandler seagle,676882,34.41,4.8,0.215,32.4,0.0832
Edward Vargas,edward vargas,703726,26.63,4.39,0.2111,32.0,0.0731
Christofer Reyes,christofer reyes,820991,35.28,4.16,0.169,2.1,0.04
Romano Donato,romano donato,829818,31.27,5.33,0.1719,4.1,0.0427
Donte Grant,donte grant,815579,37.24,5.1,0.1725,3.2,0.0509
Rafael Flores,rafael flores,821012,33.72,6.2,0.1903,16.3,0.0519
D'Angelo Tejada,dangelo tejada,808382,39.45,4.3,0.1715,2.5,0.0504
Rafael Ramirez,rafael ramirez,800269,35.89,4.2,0.1725,3.2,0.0628
Dayquer Alfonzo,dayquer alfonzo,821628,36.9,5.32,0.167,3.7,0.0441
Juan Machado,juan machado,696015,36.82,8.1,0.1922,16.7,0.0528
Fraimy Santa,fraimy santa,831876,37.57,4.39,0.1695,2.7,0.0522
Steven Cruz,steven cruz,821161,33.63,7.46,0.1894,16.2,0.0529
Gabriel Cesa,gabriel cesa,821014,36.64,4.98,0.1736,4.0,0.0479
Gabriel Lara,gabriel lara,808106,31.08,5.08,0.1889,15.8,0.0663
Carlos Altuve,carlos altuve,805061,33.29,4.8,0.1717,2.6,0.0472
Cliuver Puello,cliuver puello,835174,30.74,3.8,0.1625,-3.6,0.037
Beau Ankeney,beau ankeney,801954,34.15,4.82,0.2024,23.8,0.0758
Roiner Cespede,roiner cespede,827415,29.33,4.2,0.1724,3.2,0.0378
Nathaniel Ochoa Leyva,nathaniel ochoa leyva,692118,37.01,5.0,0.1919,16.5,0.0646
Nelson Marin,nelson marin,808372,35.53,5.5,0.1717,2.6,0.0489
Greyber Altamirano,greyber altamirano,805680,28.55,4.0,0.1721,2.9,0.0442
July Vittini,july vittini,806655,33.38,5.7,0.1713,2.4,0.0523
Jose Guerra,jose guerra,808689,29.86,3.9,0.1713,2.4,0.0493
Jurdrick Profar,jurdrick profar,821673,34.71,4.7,0.171,2.1,0.0484
Osmar Torrealba,osmar torrealba,821091,29.21,6.66,0.1888,15.8,0.0535
Railin Familia,railin familia,812747,34.56,5.4,0.1711,2.3,0.0492
Breyias Dean,breyias dean,808686,39.44,4.62,0.1743,3.7,0.0578
Jhoanjel Saez,jhoanjel saez,821234,31.47,4.8,0.1717,2.7,0.0407
Isaac Garcia,isaac garcia,829890,25.44,4.36,0.1992,17.2,0.0641
Athanael Duarte,athanael duarte,805744,34.98,5.74,0.2032,23.4,0.0719
Malvin Fernandez,malvin fernandez,829768,30.66,5.58,0.173,3.6,0.0349
Rafael Oropeza,rafael oropeza,827420,32.52,3.9,0.1619,-4.0,0.0374
Juan Elejandro,juan elejandro,829744,30.3,4.28,0.173,3.6,0.0367
Santiago Pinto,santiago pinto,808392,32.0,4.12,0.1901,15.2,0.0602
Alessandro Duran,alessandro duran,800333,34.13,5.44,0.1677,2.9,0.0413
Yerlin Luis,yerlin luis,806997,43.14,7.77,0.1877,15.0,0.0577
Karniel Pratt,karniel pratt,805043,36.74,6.4,0.1908,15.8,0.0629
Armando Sierra,armando sierra,699152,34.05,4.6,0.1913,16.1,0.0667
Martin Tamara,martin tamara,808344,33.57,5.33,0.1696,1.1,0.0461
Ryan Picollo,ryan picollo,827264,44.74,4.19,0.1805,15.4,0.0838
Pablo Arosemena,pablo arosemena,808132,37.45,6.25,0.1674,1.1,0.0402
Belfi Rivera,belfi rivera,815905,36.96,5.47,0.1731,3.2,0.0439
Endy Rios,endy rios,821810,30.07,3.52,0.1661,3.1,0.0376
Cesar Lugo,cesar lugo,821113,33.75,6.19,0.1884,16.5,0.0538
Luis Maldonado,luis maldonado,829994,29.48,3.7,0.1712,2.3,0.0483
Jonierbis Garces,jonierbis garces,829730,35.8,4.63,0.1702,2.2,0.0557
Andrew Patrick,andrew patrick,814429,38.13,5.8,0.1906,15.7,0.0668
Adolfo Sanchez,adolfo sanchez,807645,35.82,6.7,0.1983,16.6,0.0658
Tayler Aguilar,tayler aguilar,687012,37.95,7.0,0.2017,23.3,0.0833
Hansel Jimenez,hansel jimenez,823851,34.7,3.96,0.1782,2.8,0.0603
Justin Barry,justin barry,815204,31.74,3.71,0.1753,1.1,0.0548
Diover De Aza,diover de aza,815022,35.67,3.59,0.1663,2.8,0.0472
Yeral Martinez,yeral martinez,691701,36.96,4.8,0.2014,23.1,0.0858
Diorland Zambrano,diorland zambrano,821045,18.88,5.07,0.2093,24.1,0.0589
Javier Roman,javier roman,800069,34.54,4.8,0.1693,1.0,0.0508
Gabriel Araujo,gabriel araujo,800250,31.3,5.1,0.1903,15.5,0.054
Willian Berti,willian berti,808379,35.95,6.23,0.1897,15.0,0.0617
Carlos Oviedo,carlos oviedo,703340,35.6,4.7,0.1691,0.9,0.055
Omar Reyes,omar reyes,808683,27.69,8.21,0.2048,22.6,0.0411
Carlos Concepcion,carlos concepcion,808393,38.2,4.45,0.1872,16.2,0.0668
Jesus Ortega,jesus ortega,830396,26.7,5.31,0.1734,1.0,0.0374
Brad Cumbest,brad cumbest,690898,36.74,4.3,0.1901,15.3,0.0749
Erick Lara,erick lara,808717,34.83,5.35,0.1702,0.9,0.0417
Jonatan Yan,jonatan yan,805470,36.27,4.9,0.1702,1.6,0.0548
Emil Turbi,emil turbi,807972,35.69,5.1,0.1702,1.7,0.0381
Faruk De La Cruz,faruk de la cruz,800410,31.15,5.0,0.1686,0.5,0.0434
Jarold Montealto,jarold montealto,807958,32.63,4.4,0.1702,1.6,0.041
Edgar Basabe,edgar basabe,699205,33.61,5.3,0.1894,14.8,0.0624
Dervin Andrade,dervin andrade,699711,28.61,4.0,0.1684,0.4,0.0477
Ivan Cespedes,ivan cespedes,816406,34.61,3.7,0.1761,8.0,0.0719
Meylin De Leon,meylin de leon,815006,29.8,3.9,0.1702,1.6,0.0397
Yanki Jean-Baptiste,yanki jeanbaptiste,800507,40.76,6.5,0.2005,22.4,0.0835
Carlos Silva,carlos silva,806991,32.26,6.11,0.1779,6.3,0.0502
Jose Santana,jose santana,825658,36.34,6.04,0.1603,-6.2,0.0349
Jeison Lopez,jeison lopez,808000,33.61,3.54,0.1724,0.5,0.0525
Manni Ramirez,manni ramirez,821642,37.57,4.39,0.1859,14.0,0.0755
Adriel Radney,adriel radney,815895,30.87,4.78,0.1908,15.3,0.0566
Victor Rodriguez,victor rodriguez,808123,37.68,3.86,0.1697,0.2,0.0607
Brendan Tunink,brendan tunink,815665,37.82,4.78,0.1884,15.1,0.0825
Jose Bericoto,jose bericoto,821641,37.8,5.7,0.1693,1.0,0.0493
Adolfo Miranda,adolfo miranda,827441,31.56,3.18,0.1844,15.2,0.0686
Wandi Feliz,wandi feliz,829961,35.74,4.74,0.1895,1.8,0.0726
Fidel Pinango,fidel pinango,821189,31.78,3.6,0.1686,0.5,0.0501
Pascual Archila,pascual archila,821413,39.02,7.9,0.1867,13.8,0.0516
Estivenzon Montero,estivenzon montero,821028,39.32,4.98,0.1858,13.7,0.0745
Sandor Feliciano,sandor feliciano,829884,29.84,3.35,0.1764,1.5,0.0424
Andres Villafane,andres villafane,808044,28.36,4.3,0.1885,14.2,0.0525
Bohan Adderley,bohan adderley,816339,36.24,5.23,0.1635,0.9,0.0403
Geury Estevez,geury estevez,682882,28.52,5.3,0.2,22.1,0.0577
Yan Contreras,yan contreras,687073,34.78,5.7,0.1993,21.6,0.0627
José Castro,jose castro,821078,40.98,6.13,0.191,15.1,0.0896
Brent Iredale,brent iredale,821348,34.35,6.53,0.2027,22.6,0.0733
Angel Perez,angel perez,808007,40.56,5.2,0.167,-0.5,0.0537
Angel Garcia,angel garcia,821665,34.26,4.51,0.1853,13.7,0.0573
Easton Shelton,easton shelton,806221,42.55,4.78,0.1993,22.7,0.1003
Cruzmel Arias,cruzmel arias,805466,27.65,3.46,0.1871,0.1,0.0499
Jesus Gamez,jesus gamez,804966,35.75,2.99,0.1787,9.0,0.0745
Oscar Colina,oscar colina,698928,33.36,6.2,0.1883,14.1,0.0518
Angel Mata,angel mata,800171,31.94,4.92,0.1694,0.0,0.047
Juan Rujano,juan rujano,829794,35.24,4.55,0.1735,6.6,0.0554
Josi Novas,josi novas,800548,36.64,4.11,0.191,13.1,0.0768
Mason Neville,mason neville,702563,40.41,5.48,0.1955,14.6,0.0797
Santiago Prado,santiago prado,815016,31.42,4.1,0.1682,0.3,0.0348
Ewry Espinal,ewry espinal,691919,37.6,7.2,0.1876,13.6,0.0634
Jefferson Vargas,jefferson vargas,829963,33.85,5.35,0.1652,-0.5,0.034
German Guilarte,german guilarte,692032,34.89,5.0,0.1659,-1.3,0.045
Victor Hurtado,victor hurtado,815900,29.75,4.93,0.1882,14.5,0.0597
Jhocsuanth Vargas,jhocsuanth vargas,808396,32.34,3.89,0.1721,4.5,0.0569
Luis Cova,luis cova,815909,30.97,6.83,0.2099,28.0,0.0766
Cristopher Larez,cristopher larez,807003,35.69,4.1,0.1633,0.7,0.0457
Adrian Hoyte,adrian hoyte,808388,32.97,5.93,0.1868,12.9,0.0546
Frederi Montero,frederi montero,821149,37.39,6.13,0.1982,22.1,0.0718
Sheng-En Lin,shengen lin,806823,39.4,5.88,0.1753,0.8,0.0586
Carlos Tavares,carlos tavares,808235,33.55,5.22,0.199,22.0,0.0708
Nick Gile,nick gile,806355,30.46,5.2,0.1986,21.2,0.0587
Pedro Blanco,pedro blanco,821380,39.03,5.18,0.2005,21.9,0.0738
Daniel Dominguez,daniel dominguez,830445,37.33,5.1,0.1654,-0.9,0.0543
Francisco Caldera,francisco caldera,808530,33.5,5.1,0.1749,4.8,0.0591
Tom Guerrero,tom guerrero,821776,35.04,5.2,0.1576,-7.0,0.034
Starlin Mieses,starlin mieses,833069,38.61,6.67,0.1836,12.4,0.0564
Reminton Batista,reminton batista,800360,31.64,4.0,0.1868,13.0,0.0611
Toby Simmons,toby simmons,800524,35.94,5.4,0.1863,12.7,0.0634
Anderson Machado,anderson machado,698999,35.02,3.9,0.167,-0.6,0.0473
Mani Cedeno,mani cedeno,829041,44.63,5.89,0.154,-8.2,0.042
Andruw Salcedo,andruw salcedo,691402,35.45,5.1,0.1643,-2.4,0.0453
Michael Martinez,michael martinez,824765,35.27,4.68,0.1875,13.6,0.067
Ariel Lebron,ariel lebron,808360,34.4,5.11,0.1842,12.0,0.0543
Michael Cordero,michael cordero,831107,40.71,4.64,0.1641,0.2,0.0574
Edgar Walker,edgar walker,825725,31.13,4.42,0.1895,13.5,0.0553
Frainner Chirinos,frainner chirinos,821602,40.27,4.71,0.1632,-1.6,0.052
Ramiro Altagracia,ramiro altagracia,694219,34.18,4.5,0.1862,12.6,0.063
Jayden Kim,jayden kim,806739,34.24,6.23,0.1697,-0.0,0.0333
Heribert Silva,heribert silva,808137,31.6,4.4,0.186,12.5,0.0626
Angelo Hernandez,angelo hernandez,808687,35.17,5.7,0.1726,3.2,0.0516
Alexander Frias,alexander frias,825484,34.17,4.42,0.1852,13.2,0.0669
Jorge Julio,jorge julio,808336,30.87,5.2,0.1862,12.6,0.0529
Ruben Vizcaya,ruben vizcaya,699006,33.73,6.0,0.1858,12.4,0.0554
Yael Romero,yael romero,806873,35.01,8.42,0.2048,21.0,0.0692
David Carrera,david carrera,821683,37.9,6.4,0.1829,11.7,0.053
Andy Acevedo,andy acevedo,807005,39.02,5.22,0.1661,-0.6,0.0487
Angel Herrera,angel herrera,808679,33.67,6.4,0.1856,12.2,0.0549
Louis Pierre,louis pierre,800133,39.59,5.4,0.166,-1.3,0.0502
Cristopher Acosta,cristopher acosta,829067,35.76,6.83,0.1653,-0.4,0.0373
Daniel Hernandez,daniel hernandez,829747,24.02,3.15,0.1734,4.4,0.0452
Yaisel Ramos,yaisel ramos,802066,40.0,5.2,0.1659,-1.3,0.0512
Jose Ramirez,jose ramirez,829759,30.19,4.12,0.1848,11.6,0.059
Diego Benitez,diego benitez,698902,29.69,5.6,0.197,20.0,0.0579
Jhonger Ochoa,jhonger ochoa,829974,33.36,4.12,0.1648,-2.2,0.0349
Dangelo Sarmiento,dangelo sarmiento,800289,34.18,4.5,0.1658,-1.4,0.0418
Diego Munoz,diego munoz,829865,35.6,8.52,0.1933,13.1,0.0569
Enmanuel Corniel,enmanuel corniel,821698,38.89,4.81,0.1623,-2.2,0.0539
Alfonzo Martinez,alfonzo martinez,808273,32.92,4.34,0.1853,11.3,0.061
Kevin Rivas,kevin rivas,691422,41.02,6.66,0.2035,25.9,0.0749
Yensi Reyes,yensi reyes,813976,35.97,4.6,0.1854,12.1,0.0694
Alan Escobar,alan escobar,830050,31.01,4.7,0.1846,11.5,0.0538
Emiliano Galan,emiliano galan,820987,31.72,4.6,0.1855,12.1,0.0629
Andres Hernandez,andres hernandez,800309,35.79,4.7,0.1656,-1.5,0.0481
Angel Gonzalez,angel gonzalez,821259,35.34,6.53,0.1845,12.7,0.0572
Dave Neely,dave neely,830044,41.83,4.98,0.1522,-9.2,0.0337
Jacob Hinderleider,jacob hinderleider,688871,36.8,4.05,0.2165,20.2,0.0891
Brahian Silva,brahian silva,691906,34.17,5.6,0.1723,3.1,0.0469
Osvaldo Heredia,osvaldo heredia,808529,41.85,6.33,0.1677,-0.9,0.0511
Gian Zapata,gian zapata,806979,37.37,5.37,0.1869,12.6,0.0669
Carlos Matias,carlos matias,820993,31.46,4.85,0.185,11.1,0.0563
Michael Baez,michael baez,815686,35.86,4.4,0.1623,-3.8,0.0476
Erny Orellana,erny orellana,821786,35.67,5.38,0.1849,12.7,0.0708
Erick Bautista,erick bautista,805236,41.02,5.4,0.1851,11.8,0.0778
Elias Perez,elias perez,829920,35.74,5.39,0.1745,11.3,0.0497
Jesus Perez,jesus perez,829895,31.37,5.13,0.1872,12.5,0.0619
Moises De La Rosa,moises de la rosa,800319,36.46,5.4,0.1851,11.8,0.0648
Santiago Ustariz,santiago ustariz,821108,34.64,5.14,0.1691,2.2,0.0473
Andy Encarnacion,andy encarnacion,800287,31.81,5.08,0.1865,12.4,0.0548
Samuel Salcedo,samuel salcedo,827422,29.2,4.2,0.1652,-1.8,0.0395
Larry Suero,larry suero,829050,35.26,5.04,0.1853,-1.1,0.065
Anderson Garcia,anderson garcia,821629,42.2,5.21,0.1682,-2.6,0.0502
Jose Perdomo,jose perdomo,815899,27.94,2.99,0.1659,-1.2,0.0387
Yoxander Benitez,yoxander benitez,823853,26.07,4.45,0.1812,12.1,0.0388
Raymer Medina,raymer medina,829068,36.36,4.24,0.1549,-9.6,0.0351
Arfeni Batista,arfeni batista,800248,36.14,3.3,0.1644,-2.3,0.05
Railin Tea,railin tea,808038,28.67,4.6,0.184,11.1,0.0484
Reniel Diaz,reniel diaz,808140,41.61,4.7,0.1644,-2.3,0.059
Ayden Johnson,ayden johnson,829042,40.02,5.05,0.1671,-3.2,0.0485
Enmanuel Ramirez,enmanuel ramirez,698990,29.86,4.6,0.1842,11.2,0.0579
Christopher Orelin,christopher orelin,800298,31.62,4.9,0.1644,-2.3,0.0375
Samil Dishmey,samil dishmey,808120,33.14,5.64,0.1846,10.6,0.0522
Hojans Hernandez,hojans hernandez,808518,37.0,5.4,0.1609,-4.8,0.044
Jelson Coca,jelson coca,808258,31.11,4.2,0.1644,-2.4,0.0385
Moises Semerite,moises semerite,808320,41.24,4.6,0.1643,-2.4,0.0542
Richard Meran,richard meran,808152,39.92,5.89,0.1812,10.5,0.061
Dauwin Gonzalez,dauwin gonzalez,809776,33.63,5.5,0.184,11.1,0.0621
Rayner Arias,rayner arias,806976,34.76,4.75,0.1807,11.8,0.0585
Daiber De Los Santos,daiber de los santos,815893,41.94,3.97,0.1633,-3.7,0.0502
Johan Contreras,johan contreras,805130,39.52,4.6,0.1604,-5.1,0.0486
Ovandy Frias,ovandy frias,807836,36.94,3.9,0.1639,-2.7,0.0494
Daonil Montero,daonil montero,829822,33.3,2.99,0.1658,-1.8,0.0538
Luis Cruz,luis cruz,825411,31.18,6.03,0.1868,11.7,0.0531
Shendrion Martinus,shendrion martinus,820959,32.86,4.16,0.1714,-1.9,0.0375
Jonathan Taveras,jonathan taveras,808077,31.28,3.5,0.1633,-3.1,0.0386
Luis Luna,luis luna,830463,33.02,4.38,0.163,-2.2,0.0386
Jeury Ramirez,jeury ramirez,829875,36.49,5.89,0.181,11.4,0.0623
Diego Villegas,diego villegas,698969,34.62,7.12,0.1916,19.2,0.0504
Gabriel Flores,gabriel flores,827412,32.81,4.02,0.1623,-4.8,0.0486
Jose Gerardo,jose gerardo,805103,41.99,5.1,0.1763,5.9,0.0697
Cristian Perez,cristian perez,807008,38.02,4.22,0.1825,10.0,0.0632
Eliezer Rivero,eliezer rivero,800191,37.68,3.76,0.1601,-6.3,0.04
Freilyn Rodriguez,freilyn rodriguez,829785,38.17,5.14,0.1604,-3.8,0.0443
Daris Cordero,daris cordero,808075,38.97,4.0,0.1634,-3.0,0.0503
Johanse Gomez,johanse gomez,825685,42.39,6.08,0.16,-3.8,0.0459
Brayan Guedez,brayan guedez,800165,28.46,5.2,0.1829,10.3,0.0409
Argenis Valdez,argenis valdez,821703,31.26,4.81,0.1795,9.6,0.0531
John Estevez,john estevez,808553,34.71,7.17,0.1841,11.2,0.0531
Brandon Vasquez,brandon vasquez,821616,29.34,4.55,0.1797,11.1,0.05
Carlos Done,carlos done,821152,36.16,5.13,0.1818,10.9,0.066
Rainer Reyes,rainer reyes,807384,36.08,4.7,0.1826,10.2,0.0681
John Santana,john santana,808015,34.2,4.7,0.1826,10.2,0.0665
Dawel Joseph,dawel joseph,815892,42.59,5.99,0.1519,-4.3,0.0362
Yeisy Celesten,yeisy celesten,821592,35.26,6.48,0.1904,17.1,0.0645
Eliezer Alfonzo,eliezer alfonzo,829821,34.12,5.21,0.1671,-4.5,0.0345
Juan Tomas,juan tomas,829823,38.08,5.29,0.1602,-2.9,0.0408
Ricardo Paez,ricardo paez,821671,36.09,5.71,0.1817,9.0,0.0561
Antony Peguero,antony peguero,803433,34.01,4.1,0.182,9.7,0.0642
Jaset Martinez,jaset martinez,820955,35.05,7.2,0.2011,18.4,0.0749
Hanley Ramirez,hanley ramirez,827755,37.94,4.32,0.1654,-3.0,0.0479
Rainer Espinoza,rainer espinoza,829914,38.52,6.72,0.179,10.6,0.0582
Kenyon Simmons,kenyon simmons,821185,37.35,4.2,0.1622,-3.9,0.0499
Robert Perez,robert perez,801265,39.28,4.42,0.1839,10.2,0.0745
Isael Arias,isael arias,811551,31.8,4.88,0.1782,8.5,0.0543
Andry Javier,andry javier,703906,25.04,6.4,0.1929,17.2,0.0464
Anderson Tovar,anderson tovar,821076,29.42,4.1,0.1818,9.6,0.0497
Luis Abreu,luis abreu,829840,33.96,5.0,0.1618,-4.1,0.035
Juan Colorado,juan colorado,821610,41.85,4.15,0.1588,-3.3,0.0435
Joswuill Rondon,joswuill rondon,810048,31.45,4.0,0.1816,9.5,0.0598
Luis Vicioso,luis vicioso,808050,31.62,3.8,0.1817,9.5,0.0562
Bralyn Brazoban,bralyn brazoban,815923,35.74,3.92,0.1649,-3.4,0.0472
Juan Frances,juan frances,808080,25.06,3.7,0.1815,9.4,0.0519
Alex Acosta,alex acosta,808105,34.74,4.41,0.1769,10.1,0.0559
Deivis Mosquera,deivis mosquera,805108,35.96,5.4,0.1816,9.4,0.0498
Jairo Mendez,jairo mendez,691493,37.28,4.0,0.1812,9.2,0.0673
Jose Gonzalez,jose gonzalez,806919,39.46,8.67,0.192,17.6,0.0652
Jesus Correa,jesus correa,800131,34.76,5.2,0.1811,9.1,0.053
Starlin Aguilar,starlin aguilar,694223,33.6,4.36,0.1929,16.3,0.0636
Sebastian Castro,sebastian castro,699315,36.71,5.85,0.1765,9.8,0.055
Juan Alva,juan alva,829264,30.54,5.32,0.1944,17.4,0.0591
Fernando Cruz,fernando cruz,815890,35.97,3.5,0.1585,-4.1,0.047
Yadimir Fuentes,yadimir fuentes,815008,35.17,5.6,0.1564,-7.8,0.0397
Derek Cueto,derek cueto,814259,39.39,5.0,0.1605,-5.0,0.0509
Rosniell De Paula,rosniell de paula,830010,33.72,4.84,0.1714,-10.7,0.0384
Leudy Arache,leudy arache,830423,34.02,4.45,0.1812,-4.0,0.0562
Enmanuel Figuereo,enmanuel figuereo,830026,30.88,5.71,0.1852,8.0,0.0527
Tavano Baker,tavano baker,821138,32.3,5.01,0.1849,7.7,0.0564
Edgar Mota,edgar mota,808692,31.78,3.6,0.1559,-8.2,0.0413
Spence Coffman,spence coffman,806310,30.51,4.3,0.1801,8.4,0.0522
Reinaldo De La Cruz,reinaldo de la cruz,807970,30.96,5.1,0.1802,8.5,0.0431
Jjam Alvarez,jjam alvarez,807969,31.38,5.6,0.1916,16.3,0.0543
Teilon Serrano,teilon serrano,829080,39.07,5.2,0.1794,7.4,0.0643
Angel Cruz,angel cruz,682881,27.37,3.1,0.1909,15.9,0.0625
Yimmy Diaz,yimmy diaz,699098,33.97,5.4,0.1798,8.2,0.0567
Kendry Martínez,kendry martinez,829036,37.2,4.39,0.1493,-6.1,0.0322
Yohangel Moris,yohangel moris,808030,41.57,4.7,0.1598,-5.5,0.0542
Edward Guribe,edward guribe,821025,31.19,3.76,0.1879,16.5,0.0705
Juan Caricipe,juan caricipe,829824,33.3,3.96,0.1668,-5.0,0.0402
Jesus Machado,jesus machado,691454,37.39,5.6,0.1793,7.9,0.0526
Jhon Imbert,jhon imbert,702211,38.09,7.2,0.1903,15.5,0.0695
Eduardo Acevedo,eduardo acevedo,816145,31.22,4.6,0.1792,7.8,0.0546
Santiago Contreras,santiago contreras,808493,41.59,6.33,0.1741,8.6,0.0507
Danny Puerta,danny puerta,808303,32.83,4.9,0.1792,7.8,0.0534
Jose De La Cruz,jose de la cruz,829927,39.5,5.41,0.1572,-6.6,0.0349
Railin Tejada,railin tejada,800405,35.08,4.6,0.1791,7.7,0.0576
Limanol Payero,limanol payero,829720,42.83,5.93,0.1624,-5.1,0.0466
Jonathan Moya,jonathan moya,821030,36.62,3.62,0.1782,7.0,0.0571
Samuell Sanchez,samuell sanchez,823882,41.75,6.23,0.1781,7.0,0.0575
Robinson Chacon,robinson chacon,823850,33.59,6.11,0.1823,7.1,0.0463
Domingo Morla,domingo morla,827419,38.24,3.1,0.1591,-6.0,0.0593
Maylerson Casanova,maylerson casanova,815004,36.8,3.41,0.1616,-5.3,0.043
Roybert Herrera,roybert herrera,821252,34.89,3.9,0.1855,16.0,0.0708
Jose Ochoa,jose ochoa,692602,32.47,4.6,0.1788,7.5,0.0509
Franco Willias,franco willias,814293,28.81,3.46,0.1866,15.8,0.054
Enmanuel Santos,enmanuel santos,808695,33.93,4.11,0.1815,6.6,0.0692
Dariel Arias,dariel arias,821200,29.6,4.24,0.1756,6.7,0.0496
Richer Mata,richer mata,830425,38.72,5.01,0.1563,-10.8,0.0451
Andres Lacruz,andres lacruz,805129,37.41,6.2,0.1782,7.1,0.0541
Jeyson Moya,jeyson moya,821758,37.89,5.54,0.1555,-5.5,0.0336
Edwin Brito,edwin brito,821115,37.08,4.3,0.1782,7.1,0.0696
Gustavo Marquez,gustavo marquez,808009,37.56,6.1,0.1782,7.2,0.0487
Moises Molero,moises molero,800186,32.79,4.9,0.1781,7.0,0.0496
Roosbert Tapia,roosbert tapia,800389,27.64,3.9,0.1892,14.7,0.0555
Yeycol Soriano,yeycol soriano,807649,36.24,5.58,0.1854,7.7,0.0601
Kleimir Lemos,kleimir lemos,800478,33.34,2.9,0.1891,14.6,0.0773
Daniel Meza,daniel meza,829995,34.25,5.73,0.1787,-5.6,0.0371
Edwin Solano,edwin solano,807006,33.86,4.0,0.1582,-6.6,0.0404
Brayan Joseph,brayan joseph,807646,31.72,3.5,0.158,-6.8,0.0369
Frank Mieses,frank mieses,830040,37.67,4.8,0.177,6.2,0.0601
Jose Ramos,jose ramos,815927,36.32,5.86,0.1806,6.1,0.0505
Jancory De La Cruz,jancory de la cruz,808519,38.98,6.33,0.1799,7.5,0.0609
Rey Cruz,rey cruz,834631,35.0,4.32,0.165,-3.0,0.0433
Heudy Pena,heudy pena,821263,37.29,5.0,0.1579,-6.8,0.0358
Marco Marcelino,marco marcelino,800264,36.14,5.5,0.1775,6.7,0.0574
Abel Lorenzo,abel lorenzo,806867,37.73,5.38,0.1768,7.2,0.0602
Rafy Peguero,rafy peguero,821801,39.49,5.08,0.1771,7.4,0.0659
Gabriel Rodriguez,gabriel rodriguez,829712,45.49,5.02,0.1604,-6.4,0.0523
Juan Obispo,juan obispo,808312,32.77,3.05,0.1764,6.5,0.0583
Randy Perea,randy perea,700367,38.73,4.8,0.1767,6.1,0.0534
Iverson Allen,iverson allen,821044,37.43,6.13,0.18,7.0,0.0501
Daniel Rojas,daniel rojas,808263,28.43,3.06,0.1738,6.8,0.042
Sebastian Rojas,sebastian rojas,821121,36.38,5.66,0.1798,5.6,0.0586
Brailin Pascual,brailin pascual,808217,36.73,3.0,0.1568,-7.6,0.0438
Fabian Cordero,fabian cordero,830021,36.32,4.32,0.1733,5.4,0.0582
Frandy Duran,frandy duran,812461,33.94,4.8,0.1767,6.1,0.0544
Roiber Niazoa,roiber niazoa,808488,37.72,4.9,0.1879,13.8,0.0678
Francisco Garcia,francisco garcia,693745,32.51,4.1,0.1975,20.4,0.0757
Kelvin Alcantara,kelvin alcantara,808083,33.68,5.99,0.1869,19.9,0.0585
Eyke Ugueto,eyke ugueto,808711,30.13,5.0,0.1765,6.0,0.0398
Adrian Reyes,adrian reyes,800159,39.98,6.1,0.1765,6.0,0.0649
Jhoan Peguero,jhoan peguero,821085,34.95,4.71,0.1806,4.7,0.0573
Anthony Abreu,anthony abreu,829740,43.61,4.82,0.1588,-7.0,0.0535
Angel Feliz,angel feliz,805467,36.52,4.5,0.1762,5.8,0.0564
Pedro Tovar,pedro tovar,808325,38.42,5.2,0.1762,5.7,0.0491
Carlos Caripa,carlos caripa,821256,30.27,3.93,0.1731,5.0,0.052
Abelardo Medrano,abelardo medrano,808124,36.09,3.92,0.1688,0.6,0.0597
Danny Gonzalez,danny gonzalez,801256,35.45,4.5,0.1758,5.5,0.0612
Frandy Lafond,frandy lafond,821143,40.95,6.13,0.1751,6.3,0.0576
Saivel Zayas,saivel zayas,829969,35.22,3.89,0.1724,4.7,0.0541
Jostin Ogando,jostin ogando,834230,34.46,5.41,0.1919,12.5,0.0741
Curley Martha,curley martha,815907,31.58,4.39,0.1833,12.2,0.054
Anthony Santa Cruz de Oviedo,anthony santa cruz de oviedo,829888,31.08,5.05,0.1875,12.5,0.0578
Deivid Coronil,deivid coronil,829060,37.2,4.22,0.1509,-7.3,0.0311
Leandro Morgado,leandro morgado,823014,28.07,3.4,0.1753,5.1,0.0533
Kendrick Hernandez,kendrick hernandez,821796,44.71,4.82,0.1549,-9.0,0.0492
Jadyn Fielder,jadyn fielder,815723,36.36,6.33,0.1952,20.1,0.0599
Gustavo Antunez,gustavo antunez,829816,33.73,4.81,0.1801,4.4,0.0544
Junior Quezada,junior quezada,800296,33.75,4.4,0.1752,5.1,0.051
Angel Rodriguez,angel rodriguez,800261,36.0,4.1,0.1752,5.1,0.0572
Ryan Castillo,ryan castillo,801462,33.96,4.1,0.1864,12.7,0.0676
Evan Estevez,evan estevez,821620,38.96,5.45,0.1831,13.4,0.0591
Mayki De La Rosa,mayki de la rosa,829739,38.53,4.98,0.1767,5.6,0.0569
Dariel Garcia,dariel garcia,821761,33.84,5.43,0.1951,5.6,0.0552
Estuar Suero,estuar suero,800209,39.94,6.03,0.199,20.0,0.0726
Jason Hernandez,jason hernandez,811593,31.29,4.3,0.175,4.9,0.0499
Diego Felix,diego felix,808034,39.68,4.1,0.1549,-8.9,0.0409
Joan Delgado,joan delgado,805062,40.59,3.89,0.172,5.2,0.0634
Juan Martínez,juan martinez,800417,35.43,5.4,0.1747,4.7,0.0597
Jorge Garcia,jorge garcia,699721,36.71,3.9,0.1746,4.7,0.0564
Jhomnardo Reyes,jhomnardo reyes,829076,39.27,4.38,0.1744,4.0,0.0535
Yeicer Crespo,yeicer crespo,830405,38.92,5.0,0.1583,-6.5,0.0441
Yandro Hernandez,yandro hernandez,824771,36.63,4.6,0.1744,4.5,0.0576
Helder Rosario,helder rosario,800293,39.99,4.9,0.1576,-7.0,0.0469
Johan Rodriguez,johan rodriguez,830455,27.02,4.18,0.1866,12.9,0.0602
Albert Jimenez,albert jimenez,821767,29.55,4.85,0.1924,19.8,0.0659
Leider Padilla,leider padilla,821636,39.21,4.98,0.1739,5.2,0.059
Elian Garcia,elian garcia,800326,33.26,5.5,0.1742,4.4,0.0529
Jose Familia,jose familia,815007,38.44,4.82,0.1572,-8.3,0.0401
Darwin Nuñez,darwin nunez,831875,32.77,7.5,0.1833,11.4,0.0516
Johmphy De La Cruz,johmphy de la cruz,821822,39.57,4.8,0.1543,-9.3,0.035
Sebastián De Los Santos,sebastian de los santos,808151,36.42,6.46,0.1712,3.6,0.0346
Amauri Ramirez,amauri ramirez,821752,37.47,4.91,0.1718,3.5,0.0553
Josias Ramirez,josias ramirez,800382,40.22,7.89,0.1828,12.6,0.0644
Geuri Lubo,geuri lubo,702895,33.08,3.99,0.1714,4.8,0.051
Cristian Benavides,cristian benavides,800369,36.02,4.1,0.1736,4.0,0.059
Domingo Batista,domingo batista,820999,37.29,5.6,0.174,4.2,0.0489
Omar Guadamuz,omar guadamuz,829847,38.09,4.16,0.1613,-8.8,0.0429
Albert Alberto,albert alberto,808293,39.23,5.7,0.1737,4.1,0.0548
Estivel Morillo,estivel morillo,821695,38.47,5.55,0.1702,3.0,0.0491
Leonardo Pineda,leonardo pineda,815904,38.09,5.66,0.1735,3.2,0.0526
Elvis Rojas,elvis rojas,808086,35.86,5.0,0.1732,3.7,0.0508
Yosmar Gimenez,yosmar gimenez,807981,31.65,5.9,0.1845,11.4,0.0545
Romtres Cabrera,romtres cabrera,699028,39.4,5.1,0.1728,3.4,0.0587
Daniel Gaitor,daniel gaitor,808688,39.43,4.8,0.1729,3.5,0.0596
Justin Trimble,justin trimble,702293,41.89,4.7,0.1839,11.0,0.0716
Robin Ortiz,robin ortiz,821258,35.95,5.49,0.182,12.0,0.0612
Herlinton Herrera,herlinton herrera,821824,30.83,6.7,0.1844,11.4,0.0393
Breiny Ramírez,breiny ramirez,808147,36.9,4.02,0.1695,2.7,0.0561
Kenny Fenelon,kenny fenelon,829064,40.4,5.63,0.172,4.2,0.0622
Raymond Mola,raymond mola,806986,35.34,5.12,0.1868,11.6,0.068
Manuel German,manuel german,802091,33.61,3.4,0.1869,10.2,0.074
Derwin Laya,derwin laya,698978,33.09,4.6,0.1836,10.9,0.0623
Roderick Flores,roderick flores,808228,34.92,7.04,0.1828,11.6,0.0429
Romer Taveras,romer taveras,821114,41.11,6.56,0.1691,2.2,0.0465
Ramses Velazquez,ramses velazquez,806647,40.13,6.9,0.1718,2.7,0.054
Nixson Cueche,nixson cueche,808304,29.94,5.2,0.1829,10.3,0.051
Jesmaylin Arias,jesmaylin arias,820942,38.4,4.32,0.1666,3.5,0.0536
Dayker Baldallo,dayker baldallo,698995,29.08,5.3,0.1718,2.7,0.033
Brayan Rijo,brayan rijo,699113,36.93,3.7,0.1715,2.5,0.0525
Breyner Figuereo,breyner figuereo,825156,35.81,4.09,0.1681,1.8,0.0554
Andres Arias,andres arias,815914,38.83,5.0,0.1691,1.6,0.0574
Jose Camacho,jose camacho,821277,34.08,5.35,0.183,9.4,0.0577
Bryan Martinez,bryan martinez,808115,38.51,4.26,0.1715,1.5,0.0541
Paris Johnson,paris johnson,807379,38.71,4.4,0.1712,2.3,0.063
Edwilmin Matos,edwilmin matos,833228,36.2,4.11,0.1692,1.7,0.0554
Jefer Lista,jefer lista,829844,34.44,6.74,0.1819,10.9,0.0459
Deuri Castillo,deuri castillo,821274,39.52,6.79,0.1712,9.0,0.0443
Jose Marchan,jose marchan,808271,35.58,4.5,0.1709,2.1,0.0541
Jose Marcano,jose marcano,808091,25.24,3.93,0.1791,9.1,0.0383
Elvin Garcia,elvin garcia,821751,33.45,5.59,0.1785,8.9,0.0447
Luis Hernandez,luis hernandez,829923,41.33,4.5,0.1432,-16.9,0.0383
Santiago Mendoza,santiago mendoza,834712,35.29,6.26,0.1819,9.0,0.0583
Haniel German,haniel german,815182,37.24,4.1,0.1708,2.0,0.0577
Yorfran Medina,yorfran medina,800337,41.77,6.1,0.1818,9.6,0.0746
Emile Torres,emile torres,829736,42.28,3.94,0.1505,-12.7,0.0532
Jayden Felicia,jayden felicia,809337,34.7,7.4,0.1814,9.3,0.037
Matthew Moses,matthew moses,829849,31.59,3.62,0.1802,9.8,0.0765
Phillando Williams,phillando williams,820974,36.97,5.4,0.17,1.5,0.0444
Feliz Genao,feliz genao,825488,35.98,5.77,0.183,10.0,0.0521
Luis Quesada,luis quesada,809683,36.91,6.21,0.1889,15.2,0.0721
Angel Requena,angel requena,821020,29.11,3.35,0.1804,9.2,0.0551
Yelserth Ayala,yelserth ayala,808146,27.39,4.1,0.1806,8.8,0.0415
Jamesson Val,jamesson val,829688,35.16,6.0,0.1804,8.6,0.0606
Alexander Garcia,alexander garcia,808517,32.61,4.1,0.1697,1.3,0.0402
Carlos Tirado,carlos tirado,800504,33.67,5.12,0.1838,9.6,0.0641
Reynaldo De La Paz,reynaldo de la paz,807956,39.85,5.66,0.1724,0.5,0.0533
Jonathan Rangel,jonathan rangel,821158,34.73,6.43,0.1898,16.4,0.0621
Oliver Guerrero,oliver guerrero,829960,36.53,5.38,0.1871,14.9,0.0743
Jesus Torres,jesus torres,691401,35.58,3.35,0.1766,1.7,0.0614
Jhonny Osta,jhonny osta,829874,34.38,3.91,0.174,0.2,0.0577
Ramon Moreno,ramon moreno,806104,40.88,5.2,0.1689,0.8,0.0552
Stiven De La Cruz,stiven de la cruz,829887,38.34,5.71,0.1739,0.2,0.0492
Angel Guzman,angel guzman,815917,27.48,5.7,0.1881,14.7,0.0472
Jarol Capellan,jarol capellan,815857,33.76,5.1,0.1802,8.5,0.0549
Vinicius Dos Santos,vinicius dos santos,821778,37.09,4.15,0.1656,1.4,0.0466
Remy Veldhuisen,remy veldhuisen,820978,37.73,5.9,0.18,8.4,0.0493
Engel Paulino,engel paulino,821162,41.73,5.43,0.1674,1.0,0.0518
Edgardo De Leon,edgardo de leon,821279,37.83,5.13,0.182,8.9,0.0657
Vladimir Asencio,vladimir asencio,815918,32.64,3.91,0.1732,-0.4,0.0494
Angel Ventura,angel ventura,815019,40.27,4.8,0.1679,0.1,0.0444
Kadil Rubio,kadil rubio,829855,33.81,4.24,0.1684,-0.3,0.0495
Juan Garcia,juan garcia,692450,34.89,4.0,0.1791,7.8,0.0674
Ariel Castro,ariel castro,806966,41.11,4.79,0.1677,-0.7,0.0617
Michell Ojeda,michell ojeda,820962,29.63,5.62,0.1822,8.5,0.045
Samuel Capellan,samuel capellan,800290,36.3,4.0,0.1679,0.0,0.0534
Luis Fragoza,luis fragoza,821613,36.89,5.61,0.1784,6.7,0.0501
Brayan Amoroso,brayan amoroso,820994,35.22,4.94,0.1765,8.6,0.0494
Enderson Asencio,enderson asencio,808134,37.64,5.1,0.179,7.7,0.0594
Carlos Mota,carlos mota,831574,34.07,3.66,0.1883,1.0,0.0601
Cristian Benavides,cristian benavides,832713,40.62,4.22,0.1623,0.5,0.0618
Khris Almonte,khris almonte,808494,35.44,3.3,0.1671,-0.5,0.0562
Ronny Suarez,ronny suarez,829742,36.57,4.48,0.1687,0.2,0.0508
Ramon Ramirez,ramon ramirez,802622,36.37,5.5,0.1881,13.9,0.0709
Lewis German,lewis german,830482,38.12,3.81,0.17,-1.4,0.063
Niurby Asigen,niurby asigen,807820,34.5,5.3,0.178,7.0,0.0545
Elias Reyno,elias reyno,829758,41.92,6.77,0.168,0.2,0.0471
Kay Robles,kay robles,808073,45.17,3.0,0.147,-14.3,0.052
Alejandro Cruz,alejandro cruz,829078,33.97,5.6,0.1768,6.1,0.0516
Sandy Ruiz,sandy ruiz,808709,32.04,5.3,0.178,7.0,0.0539
Saul Ramirez,saul ramirez,829952,35.07,5.5,0.1779,6.9,0.0595
Royelny Strop,royelny strop,829062,39.18,4.05,0.1637,-0.1,0.0535
Rafael Alvarez,rafael alvarez,808353,38.01,5.9,0.1774,6.5,0.0612
Luis Felipe,luis felipe,830401,34.98,4.0,0.1641,-1.8,0.0483
Ibrahim Ruiz,ibrahim ruiz,815018,32.75,2.6,0.166,-1.2,0.0529
Joshua Fermin,joshua fermin,835740,36.57,3.5,0.169,-2.1,0.0592
Gregori Cano,gregori cano,703939,35.82,5.1,0.177,6.3,0.0578
Johan Barrios,johan barrios,703179,35.79,4.7,0.1768,6.2,0.0538
Fabian Lopez,fabian lopez,808500,34.28,3.42,0.1677,-0.9,0.0465
Randy Martinez,randy martinez,821690,40.15,7.16,0.1739,5.5,0.0447
Axell De Paula,axell de paula,800258,35.36,3.9,0.1865,12.8,0.0709
Yemil Rosario,yemil rosario,699713,31.77,4.9,0.1765,6.0,0.0411
Kevin Dume,kevin dume,800134,39.24,5.56,0.1795,5.4,0.0645
Albert Gutierrez,albert gutierrez,808212,34.82,3.9,0.1766,6.0,0.065
Adrian Ibarra,adrian ibarra,808532,33.33,3.2,0.1763,5.8,0.0614
Janero Miller,janero miller,806977,43.79,4.32,0.1611,-5.4,0.0492
Aniel Mendoza,aniel mendoza,807831,32.82,4.4,0.1859,12.4,0.0726
Riangelo Richardson,riangelo richardson,820953,39.48,4.36,0.1526,-14.8,0.0409
Cristopfer Gonzalez,cristopfer gonzalez,807837,40.23,5.2,0.165,-2.0,0.0509
Adan Chacon,adan chacon,807960,34.93,4.6,0.1759,5.6,0.0597
Martin Gonzalez,martin gonzalez,703203,41.43,5.29,0.1651,4.8,0.0519
Elian Adames,elian adames,827424,36.68,3.31,0.1675,-1.3,0.0493
Jalvin Arias,jalvin arias,815003,39.39,5.02,0.1673,-1.4,0.053
Juan Espinal,juan espinal,821042,47.78,6.47,0.1655,-1.5,0.0565
Manuel De Cesare,manuel de cesare,821699,32.58,3.2,0.1758,5.5,0.0564
Alexander Garcia,alexander garcia,808017,38.12,5.5,0.1756,5.3,0.0547
Joan Sierra,joan sierra,808043,37.52,5.6,0.1744,4.5,0.0626
Jord David Diaz,jord david diaz,830049,33.48,3.79,0.1711,3.8,0.0483
Jean C. Gutierrez,jean c gutierrez,808499,39.62,3.7,0.1632,-3.2,0.0572
Juan Alvarez,juan alvarez,816085,34.51,3.58,0.1762,5.3,0.0598
Tony Ruiz,tony ruiz,806990,39.0,3.7,0.1742,4.4,0.0692
Francisco Loreto,francisco loreto,821244,33.98,4.42,0.1773,5.1,0.0575
Carlos Batista,carlos batista,808251,41.71,5.0,0.1625,-3.7,0.053
Julio Valdez,julio valdez,805063,42.2,3.89,0.1541,-7.0,0.0552
Anthony Tandron,anthony tandron,809779,30.66,3.86,0.1705,4.8,0.0375
Miguel Vargas,miguel vargas,700295,37.04,4.6,0.1735,3.9,0.0642
Luis Bolivar,luis bolivar,699700,39.62,4.9,0.1616,-4.3,0.0456
Jensy De Leon,jensy de leon,699035,29.01,3.4,0.1725,3.2,0.0451
Delvis Matos,delvis matos,800151,36.16,3.0,0.1613,-4.5,0.0545
Eduardo Guillen,eduardo guillen,827427,41.33,4.12,0.1637,-3.9,0.0572
Carlos Blanco,carlos blanco,814223,33.02,4.0,0.1723,3.1,0.0517
Frailin Yan,frailin yan,820873,42.09,5.3,0.161,-4.7,0.0501
Adriel Cuello,adriel cuello,811231,33.96,3.2,0.1606,-5.0,0.0409
Fernando Roquez,fernando roquez,808078,42.41,6.1,0.1718,2.8,0.0617
Nestor Urbina,nestor urbina,821524,32.04,4.2,0.1814,9.3,0.0573
Samuel Estevez,samuel estevez,821086,41.85,4.92,0.1619,-4.9,0.0473
Hugo Sanchez,hugo sanchez,692033,38.07,6.6,0.1808,8.9,0.061
Eryks Rivero,eryks rivero,829790,45.17,6.03,0.1592,-4.6,0.0509
Erick Arosemena,erick arosemena,800374,35.7,5.1,0.1808,8.9,0.0585
Brayan Cota,brayan cota,821794,33.15,6.87,0.1739,1.5,0.0437
Andry Batista,andry batista,821614,39.9,5.98,0.1774,8.1,0.0581
Alejandro Guerrero,alejandro guerrero,830462,41.27,4.81,0.1625,-6.5,0.0496
Kevin Tamburini,kevin tamburini,821780,32.33,3.1,0.1706,1.9,0.0482
Wilmer Feliciano,wilmer feliciano,698943,37.19,4.6,0.1703,1.7,0.0579
Jesus Premoli,jesus premoli,821600,34.45,3.0,0.1704,1.7,0.0628
Leandy Mella,leandy mella,820985,38.95,3.6,0.159,-6.1,0.0384
Samuel Brito,samuel brito,823720,34.55,4.51,0.1675,0.5,0.0389
Steven Santos,steven santos,823857,38.08,4.7,0.1696,1.2,0.0567
Johan Ferreira,johan ferreira,703905,38.42,5.0,0.1693,1.0,0.058
Gustavo Beltran,gustavo beltran,808492,34.59,4.4,0.1692,1.0,0.0572
Felix Morrobel,felix morrobel,807011,26.91,4.06,0.1792,6.8,0.0402
Danny Cancro,danny cancro,820943,27.81,5.34,0.1989,8.2,0.058
Ishel Comenencia,ishel comenencia,830444,37.89,5.43,0.1775,-6.5,0.0552
Kevin Ereu,kevin ereu,807148,35.59,6.2,0.1681,0.2,0.0356
Kevin Hacen,kevin hacen,808032,36.23,4.8,0.1677,-0.1,0.0495
Manuel Cabrera,manuel cabrera,806999,34.73,4.33,0.1678,0.6,0.041
Jhon Lucena,jhon lucena,830033,38.89,3.5,0.1562,-8.0,0.048
Francis Sosa,francis sosa,829899,46.84,4.42,0.155,-7.5,0.0675
Esterling Rodriguez,esterling rodriguez,808079,35.68,5.42,0.1794,6.9,0.0586
Jealmy Frias,jealmy frias,829869,40.05,4.36,0.1625,-7.9,0.0573
Christian Sáez,christian saez,821015,39.78,4.25,0.163,-0.6,0.0571
Juan Brown,juan brown,820946,41.33,4.16,0.1729,-0.9,0.0604
Nestor Miranda,nestor miranda,815930,39.76,5.23,0.1741,4.2,0.0672
Julio Acosta,julio acosta,829930,43.11,4.49,0.1516,-8.8,0.0479
Yorfran John,yorfran john,800135,26.07,3.7,0.1748,4.8,0.0413
Edgar Jimenez,edgar jimenez,821173,32.84,3.05,0.1615,-3.1,0.0428
Daniel Mielcarek,daniel mielcarek,808028,41.76,6.08,0.1735,4.9,0.0619
Alvaro Matos,alvaro matos,828772,37.41,3.7,0.1637,-2.8,0.0549
Angel Aquino,angel aquino,808673,41.08,3.9,0.1527,-10.4,0.0418
Marwin Rivero,marwin rivero,823869,35.56,5.41,0.1758,2.6,0.0522
Ismael Del Rosario,ismael del rosario,820990,42.17,4.4,0.1518,-11.0,0.0441
Elian Soto,elian soto,808279,41.53,5.61,0.1634,-2.5,0.0505
Vladi Guerrero,vladi guerrero,821178,41.0,4.6,0.1629,-3.4,0.0485
Idalberto Santiesteban,idalberto santiesteban,807755,34.14,4.1,0.1719,2.8,0.0507
Cristian Bonifacio,cristian bonifacio,829752,45.35,4.2,0.1508,-11.7,0.0527
Deshandro Tromp,deshandro tromp,820972,38.81,5.3,0.1618,-4.2,0.0415
David Ortiz Jr.,david ortiz jr,829127,43.64,6.48,0.1582,-5.1,0.0475
Joandrew Pena,joandrew pena,821769,41.69,3.7,0.1609,-4.7,0.0617
Clay Winklaar,clay winklaar,821686,43.8,4.4,0.1498,-12.4,0.0467
Abel Pena,abel pena,829918,37.06,3.5,0.1609,-4.8,0.0532
Ivan Sosa,ivan sosa,800526,33.9,2.9,0.1734,1.0,0.0666
Endry Reyes,endry reyes,821418,40.25,4.4,0.1598,-5.5,0.0559
Alexander Alzi,alexander alzi,821046,41.06,3.2,0.1591,-6.0,0.0533
Jahni McPhee,jahni mcphee,829488,46.89,4.3,0.1473,-14.1,0.0482
Hancel Almonte,hancel almonte,808114,43.01,4.1,0.1581,-6.7,0.0556
J.T. Bain,jt bain,821004,49.57,4.8,0.1435,-16.0,0.0487
Hector Liriano,hector liriano,808324,40.35,4.5,0.1667,-0.8,0.0541
Eduardo Perez,eduardo perez,808039,44.52,3.41,0.1637,-2.1,0.0708
Winifer Castillo,winifer castillo,815020,46.77,3.5,0.1447,-15.9,0.0451
Alan Frias,alan frias,808021,43.71,5.0,0.1629,-3.4,0.0591
Juan Martinez,juan martinez,821797,40.54,4.5,0.1529,-10.3,0.0454
Leonardo Carpio,leonardo carpio,827425,46.96,3.5,0.1398,-19.2,0.0438
Kamuel Villar,kamuel villar,829958,28.64,3.56,0.1809,-4.2,0.0436
Brauli Diaz,brauli diaz,808031,44.41,3.9,0.1465,-14.7,0.0457
Zeus Nunez,zeus nunez,821192,43.66,3.6,0.1511,-11.5,0.0492
Elias Marrero,elias marrero,827418,39.05,3.7,0.1477,-13.8,0.0324
