mlbam_id,player,r_pg,rbi_pg,sb_pg,hr_pg,woba,wrc_plus,k_pct,bb_pct,iso
592450,Aaron Judge,0.7478,0.8229,0.0702,0.3375,0.4364,186.3,0.2501,0.176,0.3416
677951,Bobby Witt Jr.,0.6699,0.6182,0.2235,0.1867,0.3724,138.1,0.1668,0.0792,0.2281
665742,Juan Soto,0.691,0.6363,0.1173,0.2396,0.4029,164.9,0.1743,0.184,0.2602
660271,Shohei Ohtani,0.7887,0.7378,0.1551,0.2936,0.4066,164.6,0.2383,0.1424,0.3064
683002,Gunnar Henderson,0.6465,0.5673,0.1411,0.1812,0.354,129.8,0.2237,0.1004,0.2133
670541,Yordan Alvarez,0.6616,0.7269,0.0293,0.261,0.4087,166.7,0.1604,0.127,0.2787
665487,Fernando Tatis Jr.,0.628,0.5465,0.1757,0.175,0.3536,131.6,0.2033,0.1102,0.1986
677594,Julio Rodríguez,0.6059,0.5979,0.156,0.1836,0.3493,131.7,0.2179,0.0755,0.2021
663728,Cal Raleigh,0.5372,0.6464,0.0502,0.2452,0.3436,127.7,0.2727,0.119,0.2565
665489,Vladimir Guerrero Jr.,0.6125,0.6191,0.037,0.1808,0.3777,145.3,0.132,0.1152,0.2028
608369,Corey Seager,0.5762,0.6367,0.0206,0.2126,0.3609,134.5,0.1947,0.1144,0.2254
682998,Corbin Carroll,0.7021,0.5553,0.2159,0.1707,0.3577,129.6,0.2114,0.1104,0.2267
661388,William Contreras,0.4989,0.5171,0.0345,0.1265,0.3438,121.9,0.1815,0.1143,0.1648
682829,Elly De La Cruz,0.6356,0.5566,0.2526,0.1735,0.3437,116.1,0.2711,0.0961,0.2059
660670,Ronald Acuña Jr.,0.6987,0.5579,0.1872,0.1875,0.3783,144.2,0.2064,0.1364,0.2107
608070,José Ramírez,0.6009,0.5796,0.2288,0.1745,0.348,125.5,0.1185,0.1046,0.2048
691406,Junior Caminero,0.5712,0.7061,0.035,0.2479,0.355,128.2,0.1877,0.075,0.2403
663656,Kyle Tucker,0.652,0.6155,0.1323,0.1939,0.3636,135.2,0.1553,0.1335,0.2164
547180,Bryce Harper,0.615,0.6382,0.0711,0.1986,0.3733,139.7,0.2017,0.1267,0.2258
691718,Pete Crow-Armstrong,0.6132,0.5426,0.2352,0.1634,0.3215,107.6,0.2417,0.0604,0.1937
663586,Austin Riley,0.567,0.6067,0.0254,0.1902,0.3391,117.4,0.2555,0.0801,0.2043
682985,Riley Greene,0.5834,0.6053,0.0309,0.1883,0.3473,123.5,0.276,0.0974,0.208
668939,Adley Rutschman,0.499,0.4964,0.0112,0.1319,0.3371,118.2,0.1534,0.1105,0.1713
605141,Mookie Betts,0.611,0.5646,0.0639,0.1529,0.3474,124.1,0.1201,0.1096,0.183
545361,Mike Trout,0.6027,0.5985,0.0456,0.2264,0.3639,134.0,0.284,0.1467,0.2389
621439,Byron Buxton,0.652,0.6556,0.111,0.2502,0.3561,129.1,0.2656,0.0783,0.2606
672386,Alejandro Kirk,0.4571,0.4894,0.0107,0.124,0.3351,116.0,0.1207,0.1011,0.1536
606466,Ketel Marte,0.6018,0.6028,0.0343,0.182,0.3568,129.0,0.1655,0.1074,0.2085
695578,James Wood,0.6024,0.5875,0.115,0.1868,0.3605,132.6,0.2904,0.1266,0.2168
700250,Ben Rice,0.6193,0.635,0.0388,0.2287,0.3608,134.2,0.2139,0.111,0.2432
670623,Isaac Paredes,0.5245,0.5246,0.0094,0.1583,0.3341,115.3,0.1662,0.1149,0.1775
672580,Maikel Garcia,0.5559,0.4418,0.1679,0.0827,0.3229,104.0,0.1466,0.0867,0.134
621566,Matt Olson,0.5901,0.6372,0.0104,0.2076,0.3558,128.9,0.233,0.1235,0.2246
669127,Shea Langeliers,0.5635,0.6372,0.0332,0.2309,0.3594,129.3,0.2199,0.0786,0.2525
686948,Drake Baldwin,0.5228,0.5522,0.0092,0.1596,0.3398,117.9,0.1865,0.0936,0.1803
671056,Iván Herrera,0.5403,0.5043,0.054,0.1344,0.3491,126.9,0.1923,0.1109,0.1639
687263,Zach Neto,0.5702,0.5165,0.1772,0.1711,0.3303,110.9,0.252,0.0797,0.1941
671739,Michael Harris II,0.5612,0.5711,0.1302,0.1591,0.3291,110.6,0.1898,0.0493,0.1812
805808,Kevin McGonigle,0.5549,0.49,0.0912,0.1168,0.3319,112.9,0.1464,0.1038,0.1659
672695,Geraldo Perdomo,0.5708,0.4061,0.142,0.0772,0.3295,110.3,0.1334,0.123,0.1279
592518,Manny Machado,0.5314,0.5817,0.0598,0.1757,0.3308,115.9,0.1946,0.09,0.1856
691026,Masyn Winn,0.5031,0.4298,0.0935,0.0846,0.3035,95.6,0.1803,0.0712,0.127
642715,Willy Adames,0.5298,0.5342,0.0754,0.1644,0.3185,106.2,0.2542,0.103,0.1839
701762,Nick Kurtz,0.66,0.6647,0.0404,0.2384,0.3726,138.4,0.2911,0.1315,0.255
607208,Trea Turner,0.5902,0.4983,0.1675,0.1199,0.3309,110.6,0.1856,0.067,0.1547
672515,Gabriel Moreno,0.4768,0.4737,0.035,0.0944,0.3333,113.0,0.1705,0.0943,0.1413
621020,Dansby Swanson,0.5469,0.5333,0.0994,0.1529,0.317,104.6,0.2422,0.09,0.1701
665833,Oneil Cruz,0.6193,0.5716,0.2299,0.1962,0.3365,114.2,0.2998,0.1025,0.2134
802139,JJ Wetherholt,0.5357,0.4729,0.0902,0.121,0.3251,110.4,0.18,0.0982,0.1507
666182,Bo Bichette,0.5177,0.5167,0.0455,0.1146,0.327,112.9,0.1674,0.0641,0.1442
665862,Jazz Chisholm Jr.,0.5995,0.5612,0.2357,0.1987,0.3278,111.5,0.2622,0.0986,0.2026
701538,Jackson Merrill,0.5512,0.5634,0.0763,0.1556,0.3289,114.7,0.2039,0.0697,0.1847
808959,Munetaka Murakami,0.5925,0.6354,0.0615,0.253,0.3512,126.2,0.3401,0.1475,0.2494
656305,Matt Chapman,0.5456,0.5031,0.0559,0.1491,0.3275,112.3,0.24,0.113,0.1801
669224,Austin Wells,0.457,0.5007,0.0326,0.155,0.31,99.2,0.2382,0.0969,0.1845
518692,Freddie Freeman,0.5982,0.5984,0.0504,0.1605,0.3567,130.4,0.1758,0.1042,0.1916
696100,Hunter Goodman,0.5245,0.6335,0.0221,0.2099,0.3419,106.1,0.2709,0.0645,0.2367
596019,Francisco Lindor,0.6038,0.536,0.1459,0.1691,0.3394,121.4,0.184,0.0919,0.1896
593428,Xander Bogaerts,0.5169,0.4784,0.1201,0.114,0.3222,110.0,0.1746,0.0862,0.1403
682928,CJ Abrams,0.5688,0.5136,0.2022,0.1395,0.3278,110.2,0.1867,0.07,0.1759
663538,Nico Hoerner,0.5325,0.4131,0.1743,0.0529,0.3151,103.2,0.0932,0.0682,0.1005
701350,Roman Anthony,0.5839,0.4945,0.068,0.1192,0.3455,118.4,0.2431,0.1282,0.1657
681624,Andy Pages,0.5739,0.6108,0.08,0.1823,0.3344,115.2,0.2194,0.0662,0.1979
656941,Kyle Schwarber,0.6404,0.6932,0.0371,0.2775,0.3679,136.0,0.2845,0.151,0.2749
672960,Kazuma Okamoto,0.5402,0.6256,0.0117,0.2107,0.3369,117.2,0.2236,0.1017,0.2166
680776,Jarren Duran,0.5994,0.4987,0.179,0.1194,0.3304,108.0,0.2332,0.0828,0.1785
694671,Wyatt Langford,0.5869,0.527,0.1425,0.1587,0.3415,121.2,0.2242,0.1133,0.1922
677800,Wilyer Abreu,0.558,0.6024,0.0741,0.1788,0.3409,115.2,0.234,0.1068,0.2038
624413,Pete Alonso,0.5875,0.6823,0.0198,0.2422,0.3589,133.2,0.2267,0.0973,0.2458
646240,Rafael Devers,0.5517,0.5855,0.0161,0.1842,0.3424,122.5,0.2452,0.1217,0.2033
695657,Colson Montgomery,0.5023,0.5638,0.0259,0.1857,0.3131,99.9,0.2916,0.0874,0.1962
665161,Jeremy Peña,0.5426,0.4737,0.1162,0.1173,0.324,108.3,0.1771,0.062,0.1481
608324,Alex Bregman,0.5293,0.5205,0.0199,0.1356,0.3284,112.4,0.1409,0.1073,0.1616
805779,Jacob Wilson,0.5179,0.4856,0.0431,0.0709,0.3271,107.0,0.0897,0.0532,0.1161
665926,Andrés Giménez,0.4932,0.4222,0.1575,0.0817,0.2956,88.8,0.1716,0.0568,0.117
669257,Will Smith,0.5443,0.5413,0.0212,0.1593,0.3522,127.4,0.1886,0.1156,0.1956
693307,Dillon Dingler,0.4393,0.488,0.0126,0.1251,0.3099,97.8,0.2396,0.0636,0.1626
673548,Seiya Suzuki,0.5887,0.6143,0.0558,0.1922,0.3519,128.5,0.2415,0.1115,0.2121
694192,Jackson Chourio,0.5818,0.5917,0.1536,0.1601,0.3374,117.5,0.2024,0.067,0.1915
694212,Samuel Basallo,0.5087,0.5646,0.0212,0.1752,0.3241,109.3,0.2377,0.08,0.1942
682626,Francisco Alvarez,0.475,0.5231,0.0103,0.1697,0.3207,108.6,0.2535,0.0937,0.1915
668930,Brice Turang,0.5538,0.46,0.198,0.1032,0.3221,107.0,0.2058,0.1034,0.1384
621493,Taylor Ward,0.563,0.5504,0.0366,0.1664,0.3401,120.2,0.2294,0.1161,0.1916
662139,Daulton Varsho,0.5435,0.5634,0.0674,0.1889,0.3127,100.6,0.2391,0.0824,0.2026
678882,Ceddanne Rafaela,0.5337,0.496,0.147,0.1196,0.3065,91.5,0.2156,0.0477,0.1571
607043,Brandon Nimmo,0.5574,0.4949,0.0573,0.1419,0.3346,116.4,0.2086,0.0987,0.1724
804606,Konnor Griffin,0.564,0.4732,0.2046,0.1024,0.3167,100.6,0.2573,0.0659,0.1401
678662,Ezequiel Tovar,0.5094,0.5142,0.0675,0.1276,0.3135,86.7,0.2449,0.0516,0.1657
664023,Ian Happ,0.5704,0.5415,0.0547,0.1582,0.3388,119.5,0.2388,0.1297,0.187
672640,Otto Lopez,0.5098,0.4739,0.1264,0.089,0.3183,102.3,0.1566,0.0662,0.132
664040,Brandon Lowe,0.5645,0.6175,0.0307,0.2009,0.3386,115.6,0.2428,0.0932,0.213
680757,Steven Kwan,0.5135,0.3619,0.108,0.0458,0.3122,100.8,0.0925,0.0957,0.0925
691016,Tyler Soderstrom,0.5525,0.6001,0.0363,0.1813,0.3381,114.6,0.2276,0.0901,0.2038
650402,Gleyber Torres,0.5257,0.4567,0.0409,0.1099,0.3283,110.4,0.1688,0.1185,0.1353
680777,Ryan Jeffers,0.4922,0.4905,0.0211,0.1388,0.3327,113.0,0.2052,0.1011,0.1741
680977,Brendan Donovan,0.5146,0.4662,0.0427,0.0996,0.3282,117.1,0.1424,0.0928,0.1347
641355,Cody Bellinger,0.5684,0.5701,0.0863,0.1607,0.333,115.1,0.1498,0.0916,0.1864
543760,Marcus Semien,0.5145,0.4807,0.0772,0.1252,0.3062,98.6,0.1723,0.0889,0.1511
678246,Miguel Vargas,0.5361,0.5063,0.0686,0.1441,0.3294,111.2,0.1842,0.1107,0.1798
669221,Sean Murphy,0.4716,0.51,0.0046,0.1578,0.3152,101.0,0.269,0.0979,0.1811
668904,Royce Lewis,0.5073,0.5534,0.0907,0.1657,0.3132,99.5,0.2195,0.0769,0.1789
694497,Evan Carter,0.5495,0.4389,0.1617,0.1157,0.3147,102.8,0.2207,0.1074,0.1553
667670,Brent Rooker,0.6016,0.6632,0.0482,0.2241,0.3612,130.5,0.2518,0.0984,0.2381
673357,Luis Robert Jr.,0.5523,0.5142,0.2193,0.1562,0.3122,102.7,0.2622,0.0805,0.173
807712,Luke Keaschall,0.5329,0.4471,0.18,0.0809,0.3245,107.3,0.1642,0.0948,0.1268
521692,Salvador Perez,0.4448,0.607,0.0036,0.1853,0.3185,101.0,0.2048,0.0515,0.1957
669364,Xavier Edwards,0.5196,0.3518,0.1832,0.0344,0.3175,101.7,0.134,0.0902,0.0864
672275,Patrick Bailey,0.3776,0.3753,0.025,0.0763,0.272,73.1,0.2572,0.0793,0.1106
701398,Sal Stewart,0.5537,0.6019,0.0726,0.1841,0.344,116.4,0.1906,0.0875,0.1996
663757,Trent Grisham,0.5931,0.5534,0.0511,0.1993,0.3375,118.2,0.2303,0.1346,0.2129
571970,Max Muncy,0.5972,0.6088,0.0213,0.2117,0.3466,123.6,0.246,0.1469,0.2246
650333,Luis Arraez,0.493,0.3974,0.0616,0.0252,0.3174,105.4,0.0439,0.0562,0.0806
681082,Bryson Stott,0.526,0.458,0.1726,0.1034,0.3114,97.3,0.1706,0.0872,0.1367
514888,Jose Altuve,0.5376,0.4925,0.0823,0.1334,0.3247,108.8,0.1762,0.0888,0.1573
669065,Kyle Stowers,0.5113,0.5729,0.0288,0.17,0.3273,108.5,0.2782,0.096,0.1941
669003,Garrett Mitchell,0.5272,0.4227,0.1631,0.1049,0.3015,92.8,0.3167,0.1087,0.1424
690993,Colt Keith,0.5418,0.4947,0.0286,0.1155,0.3245,107.8,0.2055,0.0876,0.155
641487,J.P. Crawford,0.4971,0.4066,0.0387,0.0857,0.3146,107.8,0.1858,0.1233,0.1188
543807,George Springer,0.5927,0.5448,0.0946,0.1768,0.3405,119.7,0.1917,0.1032,0.1909
669016,Brandon Marsh,0.5463,0.4914,0.0911,0.1209,0.3277,108.5,0.2661,0.0959,0.1573
680574,Matt McLain,0.527,0.4625,0.1287,0.1323,0.3134,95.4,0.2691,0.0993,0.1603
691785,Marcelo Mayer,0.4953,0.4911,0.062,0.1026,0.3055,90.8,0.2255,0.0755,0.1468
673962,Josh Jung,0.4761,0.5239,0.0317,0.1371,0.3107,100.0,0.2329,0.0604,0.1591
814439,Ryan Waldschmidt,0.5344,0.4475,0.1126,0.091,0.3123,98.5,0.232,0.099,0.1332
657656,Ramón Laureano,0.5509,0.5426,0.0801,0.1653,0.3213,109.4,0.2701,0.0775,0.1859
668227,Randy Arozarena,0.5708,0.489,0.1622,0.1415,0.3274,116.6,0.2526,0.1022,0.1695
800050,Chase DeLauter,0.5069,0.5135,0.0231,0.1301,0.3246,109.4,0.1648,0.094,0.163
687401,Joey Ortiz,0.4817,0.4188,0.1129,0.0768,0.2905,85.4,0.1782,0.0731,0.1185
805367,Chase Meidroth,0.4775,0.3378,0.0786,0.0511,0.3056,94.8,0.1678,0.1051,0.0877
606192,Teoscar Hernández,0.5699,0.6417,0.0476,0.1989,0.3341,115.0,0.2649,0.07,0.2043
575929,Willson Contreras,0.5535,0.585,0.0368,0.1755,0.346,118.7,0.2569,0.0979,0.1962
695600,Carter Jensen,0.5027,0.492,0.0397,0.1336,0.3194,101.6,0.2618,0.1011,0.1737
686469,Vinnie Pasquantino,0.5137,0.6023,0.0136,0.1718,0.3352,112.4,0.1501,0.0876,0.1957
645277,Ozzie Albies,0.532,0.5305,0.0702,0.1322,0.3178,102.8,0.1466,0.0765,0.161
666176,Jo Adell,0.5192,0.6034,0.0654,0.2093,0.3223,105.4,0.2619,0.066,0.2111
647304,Josh Naylor,0.5175,0.5711,0.1207,0.1508,0.3246,114.7,0.1503,0.0847,0.1662
592663,J.T. Realmuto,0.4696,0.4616,0.0607,0.1153,0.3157,100.2,0.2309,0.0692,0.1552
572233,Christian Walker,0.521,0.5951,0.0235,0.2003,0.324,108.3,0.2416,0.0864,0.2045
676391,Ernie Clement,0.4663,0.4262,0.062,0.0688,0.2918,86.1,0.101,0.0447,0.1134
808982,Jung Hoo Lee,0.5098,0.4275,0.0558,0.0607,0.3158,104.3,0.1167,0.0786,0.1258
671732,Lawrence Butler,0.5611,0.5221,0.1371,0.1541,0.3184,101.1,0.2587,0.0931,0.1797
608348,Carson Kelly,0.4519,0.4677,0.0134,0.1225,0.3138,102.3,0.1921,0.0985,0.1504
686555,Isaac Collins,0.5398,0.4234,0.1349,0.0892,0.3186,101.0,0.2165,0.116,0.1391
679529,Spencer Torkelson,0.5328,0.579,0.0179,0.1871,0.3303,111.8,0.2599,0.1123,0.2035
677587,Brayan Rocchio,0.4688,0.4059,0.1144,0.0716,0.2921,87.0,0.1751,0.0783,0.115
650490,Yandy Díaz,0.5219,0.5333,0.0173,0.1309,0.3467,122.5,0.1471,0.0964,0.1557
665966,Carlos Narváez,0.4093,0.4333,0.0276,0.1093,0.297,85.0,0.2637,0.0919,0.1441
683737,Michael Busch,0.5634,0.5882,0.0246,0.1828,0.3414,121.3,0.2415,0.1061,0.206
668804,Bryan Reynolds,0.5345,0.512,0.0397,0.1271,0.3301,109.8,0.2384,0.1001,0.1627
691023,Jordan Walker,0.5184,0.5278,0.0896,0.1515,0.3199,106.9,0.2651,0.0797,0.1759
680869,Zack Gelof,0.5499,0.5068,0.1374,0.1538,0.3107,95.8,0.3004,0.0882,0.1753
671277,Luis García Jr.,0.5047,0.5315,0.1064,0.1227,0.3154,101.7,0.1558,0.0562,0.1536
641933,Tyler O'Neill,0.5562,0.5757,0.0496,0.2041,0.332,114.7,0.269,0.1041,0.2077
681297,Colton Cowser,0.5372,0.5146,0.0937,0.1567,0.3157,103.4,0.3066,0.0989,0.1764
683146,Brett Baty,0.4932,0.4963,0.048,0.1424,0.3068,99.1,0.2505,0.0848,0.1555
701358,Cam Smith,0.5116,0.4589,0.0746,0.1137,0.3089,97.9,0.2622,0.0894,0.1468
673490,Ha-Seong Kim,0.5295,0.4169,0.1541,0.0965,0.3106,97.9,0.1775,0.1068,0.1286
683011,Anthony Volpe,0.5257,0.4713,0.1544,0.1277,0.3003,92.5,0.2326,0.0779,0.1603
683357,Owen Caissie,0.4793,0.4861,0.046,0.1226,0.3053,93.4,0.3215,0.0913,0.1552
571448,Nolan Arenado,0.4665,0.5377,0.0204,0.1235,0.3071,95.0,0.1468,0.0703,0.1469
666160,Mickey Moniak,0.5918,0.6339,0.0769,0.2082,0.3425,106.6,0.245,0.0583,0.2297
691788,Joe Mack,0.4099,0.4419,0.0269,0.1114,0.2888,82.1,0.2714,0.0799,0.1438
664761,Alec Bohm,0.4815,0.5107,0.0217,0.1033,0.3136,98.8,0.1584,0.0679,0.1334
686217,Sal Frelick,0.5052,0.4135,0.1234,0.0639,0.3079,97.2,0.1347,0.0859,0.1075
670242,Matt Wallner,0.5472,0.5655,0.0373,0.194,0.3311,111.8,0.3145,0.1045,0.2129
805300,Jakob Marsee,0.5194,0.3945,0.2333,0.0868,0.3037,92.3,0.2243,0.1132,0.1315
663886,Tyler Stephenson,0.4525,0.4787,0.0088,0.1386,0.3167,97.7,0.2778,0.102,0.167
660821,Jesús Sánchez,0.5425,0.5341,0.0817,0.1554,0.3194,105.2,0.2307,0.083,0.1761
672016,Denzel Clarke,0.5205,0.4077,0.1394,0.0954,0.2895,81.1,0.3272,0.0744,0.1351
605170,Victor Caratini,0.4239,0.4364,0.014,0.0991,0.3046,93.6,0.1846,0.0796,0.1233
666969,Adolis García,0.5208,0.587,0.0769,0.1786,0.3128,98.3,0.2569,0.0719,0.1889
669357,Nolan Gorman,0.4853,0.5606,0.0272,0.1821,0.3057,97.2,0.3119,0.0995,0.1865
663647,Ke'Bryan Hayes,0.4486,0.4051,0.0794,0.0818,0.2855,76.3,0.1934,0.0699,0.1118
702616,Jackson Holliday,0.5561,0.4428,0.1059,0.1106,0.3184,105.3,0.2206,0.103,0.1447
673237,Yainer Diaz,0.4396,0.5052,0.0115,0.1348,0.3133,101.0,0.1708,0.045,0.1619
630105,Jake Cronenworth,0.4911,0.425,0.0345,0.0934,0.3086,100.7,0.1987,0.1103,0.1344
803011,Sam Antonacci,0.5286,0.3794,0.1544,0.0552,0.3149,101.2,0.1685,0.0917,0.1073
689414,Liam Hicks,0.4476,0.4449,0.0211,0.0888,0.3172,101.5,0.1468,0.1014,0.1218
650489,Willi Castro,0.547,0.4456,0.122,0.0973,0.3216,92.2,0.2296,0.0817,0.145
676475,Alec Burleson,0.5011,0.5597,0.0376,0.1486,0.3319,115.1,0.1444,0.0765,0.1687
686681,Michael Massey,0.45,0.5031,0.0393,0.1218,0.2957,85.2,0.1865,0.051,0.1509
702332,Caleb Durbin,0.4978,0.4245,0.1707,0.0716,0.304,89.7,0.1151,0.0696,0.117
669242,Tommy Edman,0.5379,0.4911,0.0908,0.1207,0.3037,94.1,0.173,0.0684,0.1478
669701,Josh Smith,0.4925,0.3875,0.0826,0.0795,0.3067,97.2,0.1848,0.0991,0.1188
701807,Carson Benge,0.5147,0.4566,0.1013,0.1076,0.3061,98.6,0.2215,0.0895,0.1442
641857,Ryan McMahon,0.4922,0.4989,0.0304,0.1514,0.3044,95.4,0.3081,0.1153,0.166
670042,Luke Raley,0.5306,0.5414,0.073,0.1728,0.3158,108.6,0.3074,0.075,0.1865
663457,Lars Nootbaar,0.5355,0.4647,0.0509,0.1294,0.33,113.8,0.1977,0.1251,0.1628
681481,Kerry Carpenter,0.5559,0.6238,0.02,0.2107,0.3318,112.8,0.2522,0.0697,0.2192
680718,Addison Barger,0.5193,0.5581,0.0363,0.1569,0.3151,102.2,0.2433,0.0838,0.1828
676609,José Caballero,0.553,0.3705,0.4111,0.0877,0.2954,89.1,0.2416,0.0931,0.1206
671218,Heliot Ramos,0.5181,0.5178,0.0412,0.1426,0.3217,108.3,0.2425,0.0756,0.1653
693304,Nick Gonzales,0.4944,0.4555,0.0404,0.0695,0.3112,96.9,0.2006,0.0658,0.1249
664728,Kyle Isbel,0.4996,0.3809,0.0997,0.0721,0.288,79.9,0.1978,0.0655,0.1219
686797,Brooks Lee,0.4572,0.4839,0.0366,0.1116,0.2964,88.0,0.1756,0.0669,0.1361
686668,Brenton Doyle,0.5383,0.487,0.1741,0.1384,0.309,83.6,0.27,0.0681,0.1636
702222,Justin Crawford,0.5376,0.3836,0.2076,0.055,0.3051,93.0,0.2078,0.0684,0.1025
691019,Kyle Teel,0.4736,0.4198,0.0496,0.1073,0.3204,105.0,0.2534,0.1101,0.1413
676914,Davis Schneider,0.5261,0.5071,0.0529,0.1598,0.318,104.2,0.2851,0.1288,0.1832
666971,Lourdes Gurriel Jr.,0.49,0.5401,0.0567,0.1221,0.3173,101.9,0.1559,0.0634,0.1516
683953,Travis Bazzana,0.5071,0.3996,0.1225,0.0881,0.2963,89.9,0.2636,0.1133,0.1285
620443,Luis Torrens,0.3933,0.4117,0.0194,0.0869,0.2845,83.8,0.2264,0.0667,0.127
695506,Jac Caglianone,0.5217,0.5457,0.0271,0.1618,0.32,102.0,0.2375,0.0788,0.1826
686780,Pedro Pagés,0.3877,0.4198,0.0184,0.1066,0.2816,80.7,0.2565,0.0649,0.1342
676356,Jonny DeLuca,0.4861,0.4455,0.156,0.106,0.2903,83.7,0.2044,0.0675,0.1437
668901,Mark Vientos,0.4943,0.5822,0.0104,0.1805,0.3161,105.4,0.2578,0.0736,0.19
656811,Ryan O'Hearn,0.5202,0.5175,0.0263,0.1223,0.3322,111.3,0.1886,0.0967,0.1521
687221,Dalton Rushing,0.5097,0.5361,0.0143,0.1649,0.3221,106.7,0.2775,0.0965,0.1911
666018,Jonathan Aranda,0.5101,0.5537,0.0105,0.1477,0.3338,113.6,0.248,0.1039,0.1696
669134,Luis Campusano,0.4422,0.4578,0.0109,0.1185,0.3071,99.7,0.2106,0.088,0.1495
596115,Trevor Story,0.5054,0.5164,0.1496,0.1337,0.3012,87.8,0.277,0.0613,0.1572
681351,Logan O'Hoppe,0.4256,0.4716,0.0227,0.1548,0.305,93.4,0.2717,0.0769,0.1709
691783,Jordan Lawlar,0.5397,0.4611,0.1626,0.1034,0.3085,95.9,0.2626,0.0821,0.1487
687462,Spencer Horwitz,0.5082,0.4784,0.0155,0.0977,0.3304,110.1,0.172,0.1135,0.1401
669394,Jake Burger,0.4976,0.6014,0.0109,0.1984,0.3144,102.5,0.2485,0.0552,0.2005
666023,Freddy Fermin,0.3919,0.3656,0.0221,0.0757,0.2783,79.9,0.2013,0.0709,0.1084
672724,Oswald Peraza,0.4695,0.4199,0.1594,0.1186,0.2861,80.4,0.2537,0.0713,0.1353
687637,Dylan Beavers,0.5428,0.4638,0.1146,0.1223,0.3196,106.1,0.233,0.1103,0.1569
657041,Lane Thomas,0.5409,0.4786,0.1621,0.1272,0.3137,97.6,0.2351,0.0905,0.1615
666139,Josh Lowe,0.5073,0.4633,0.1714,0.128,0.3001,90.1,0.2724,0.0798,0.1586
677649,Ezequiel Duran,0.4856,0.4248,0.1318,0.0916,0.2928,87.6,0.2295,0.0597,0.1326
656716,Zach McKinstry,0.5164,0.393,0.1333,0.0819,0.2942,87.0,0.2168,0.0872,0.1326
676059,Jordan Westburg,0.5783,0.5719,0.0493,0.1769,0.3373,118.3,0.222,0.0669,0.2012
592885,Christian Yelich,0.5553,0.5387,0.1241,0.1398,0.3328,114.3,0.2405,0.1139,0.1622
593871,Jorge Polanco,0.5096,0.552,0.0455,0.1707,0.324,110.8,0.2018,0.0964,0.1816
676694,Jake Meyers,0.498,0.4132,0.1115,0.0918,0.3034,94.1,0.2084,0.0817,0.1263
691781,Brady House,0.4445,0.4963,0.0415,0.1166,0.2908,84.8,0.275,0.0509,0.1392
683679,Jesus Rodriguez,0.447,0.3779,0.0839,0.0534,0.3052,97.0,0.1529,0.0765,0.0968
643376,Danny Jansen,0.4294,0.4408,0.0141,0.1369,0.3025,94.3,0.238,0.1077,0.1683
807713,Matt Shaw,0.5441,0.4813,0.1524,0.1216,0.3125,101.4,0.1964,0.0844,0.1544
663743,Nick Fortes,0.3677,0.3708,0.0222,0.0774,0.2745,72.7,0.1704,0.056,0.113
696285,Jacob Young,0.454,0.3101,0.1887,0.0315,0.2791,76.8,0.1817,0.0658,0.0766
672761,Wenceel Pérez,0.5304,0.4564,0.1091,0.1147,0.303,93.0,0.201,0.0813,0.1547
664056,Harrison Bader,0.5004,0.4482,0.1225,0.1163,0.2967,91.2,0.2376,0.0648,0.1394
702284,Cole Young,0.4848,0.4336,0.0632,0.0836,0.3011,98.5,0.1887,0.0937,0.1254
660162,Yoán Moncada,0.4782,0.4822,0.0144,0.1348,0.3112,97.7,0.2815,0.0996,0.1623
680779,Henry Davis,0.4343,0.4175,0.0544,0.1083,0.2955,86.2,0.2457,0.0818,0.147
666158,Gavin Lux,0.4708,0.4035,0.0316,0.0626,0.3053,94.0,0.2223,0.1074,0.113
694208,Moisés Ballesteros,0.5011,0.541,0.0155,0.1361,0.3263,110.9,0.1789,0.0839,0.1605
624641,Edmundo Sosa,0.5087,0.4976,0.0611,0.1202,0.3042,92.3,0.2201,0.0449,0.1538
665804,Miguel Amaya,0.4283,0.4429,0.0113,0.1017,0.2972,90.9,0.2133,0.0788,0.1372
686611,Dylan Crews,0.4942,0.4597,0.162,0.1201,0.3004,91.4,0.2315,0.0719,0.1502
677592,Everson Pereira,0.503,0.4983,0.0741,0.158,0.3032,93.2,0.3074,0.0789,0.1712
683734,Andrew Vaughn,0.4734,0.5989,0.0071,0.1601,0.3234,107.9,0.191,0.0741,0.1764
666397,Edouard Julien,0.5121,0.4389,0.0601,0.1058,0.327,95.9,0.2769,0.1274,0.1416
687363,Victor Scott II,0.4829,0.3117,0.2796,0.058,0.271,73.4,0.226,0.077,0.0941
691723,Coby Mayo,0.5214,0.5387,0.0361,0.1673,0.3122,101.0,0.2797,0.0863,0.187
670770,TJ Friedl,0.5057,0.3864,0.0907,0.0927,0.3082,91.9,0.1752,0.1008,0.1267
668709,JJ Bleday,0.5382,0.5632,0.0302,0.186,0.3299,106.7,0.2274,0.1124,0.2059
700246,Carson Williams,0.4957,0.4753,0.1102,0.1367,0.2868,81.3,0.3373,0.0812,0.1625
687093,Vaughn Grissom,0.4656,0.4168,0.0666,0.0814,0.3015,91.1,0.1866,0.0757,0.1158
700932,Kyle Manzardo,0.4907,0.5767,0.0117,0.1785,0.3223,107.7,0.2405,0.097,0.1964
694384,Nolan Schanuel,0.4908,0.414,0.0417,0.0788,0.3206,104.2,0.1415,0.1068,0.1163
700337,Edgar Quero,0.3965,0.3944,0.0137,0.0722,0.2991,90.3,0.1891,0.0891,0.1069
691720,Kyle Karros,0.4947,0.4338,0.0379,0.0723,0.3153,87.9,0.2295,0.0942,0.1205
672356,Gabriel Arias,0.4629,0.467,0.0786,0.1203,0.2893,85.0,0.305,0.0651,0.1459
664983,Jake McCarthy,0.5632,0.4033,0.2098,0.0746,0.3178,89.7,0.1701,0.0696,0.1298
643446,Jeff McNeil,0.4903,0.4466,0.0339,0.0823,0.3168,100.0,0.1264,0.0817,0.1295
592626,Joc Pederson,0.5255,0.5231,0.0307,0.1693,0.3273,111.4,0.2225,0.1145,0.1849
643289,Mauricio Dubón,0.4595,0.4213,0.0384,0.0613,0.2876,82.1,0.138,0.0558,0.1042
686527,Dominic Canzone,0.5021,0.5516,0.0451,0.1636,0.312,106.0,0.2278,0.0766,0.176
669707,Jared Triolo,0.488,0.4041,0.1072,0.0746,0.3047,92.4,0.2209,0.0999,0.1176
543309,Kyle Higashioka,0.3982,0.4669,0.0301,0.1354,0.2849,82.2,0.2516,0.0673,0.1605
683083,Nasim Nuñez,0.4768,0.2957,0.3344,0.0384,0.2759,74.6,0.2201,0.0973,0.0721
687551,Drew Gilbert,0.4567,0.4292,0.0405,0.0943,0.2887,85.8,0.1954,0.0787,0.1299
641343,Jake Bauers,0.5256,0.5568,0.1088,0.1714,0.3174,103.8,0.2794,0.1172,0.1875
642708,Amed Rosario,0.5159,0.4797,0.0813,0.1008,0.3054,96.1,0.1797,0.0498,0.1323
671289,Tyler Freeman,0.5456,0.4109,0.167,0.0618,0.3304,98.3,0.1271,0.0741,0.1132
519317,Giancarlo Stanton,0.5307,0.6858,0.0111,0.2542,0.3305,113.3,0.3045,0.0941,0.238
502671,Paul Goldschmidt,0.5215,0.5207,0.0489,0.141,0.3161,103.4,0.2244,0.0848,0.163
805904,Zach Cole,0.5283,0.5082,0.1097,0.1578,0.2981,90.5,0.3822,0.0862,0.1837
694728,Brice Matthews,0.5215,0.463,0.1841,0.146,0.2957,88.8,0.3355,0.0908,0.1633
807799,Masataka Yoshida,0.482,0.4944,0.0396,0.0933,0.3253,104.4,0.1276,0.0799,0.1293
665750,Leody Taveras,0.5109,0.4381,0.1587,0.1086,0.2972,90.7,0.2115,0.0761,0.1385
663698,Joey Bart,0.4343,0.4338,0.018,0.1124,0.3085,95.0,0.2823,0.092,0.1367
663837,Matt Vierling,0.4944,0.4569,0.057,0.105,0.3052,94.5,0.2111,0.0814,0.1383
553993,Eugenio Suárez,0.5321,0.6502,0.0202,0.2332,0.3334,109.1,0.292,0.0881,0.2311
668715,Spencer Steer,0.5135,0.5188,0.0683,0.1481,0.321,100.6,0.2176,0.0982,0.1757
664034,Ty France,0.4717,0.468,0.0133,0.1017,0.3111,102.4,0.1736,0.0623,0.1294
686452,Drew Millas,0.3891,0.3543,0.0752,0.057,0.2815,78.5,0.1852,0.0751,0.1037
663853,Romy Gonzalez,0.5326,0.5402,0.1248,0.1257,0.3209,101.4,0.2458,0.0598,0.1624
573262,Mike Yastrzemski,0.526,0.4837,0.0415,0.1354,0.3104,97.8,0.232,0.1073,0.1671
668670,Jake Rogers,0.43,0.4497,0.0292,0.1235,0.2844,80.2,0.2823,0.082,0.1559
678009,Parker Meadows,0.5269,0.4148,0.1231,0.1033,0.2943,87.0,0.2495,0.0908,0.1458
669477,Casey Schmitt,0.4794,0.5107,0.0364,0.1427,0.3083,99.2,0.2222,0.0658,0.1631
602104,Ramón Urías,0.4678,0.4753,0.0303,0.1162,0.3065,97.7,0.2107,0.0768,0.1442
663616,Trevor Larnach,0.5152,0.4819,0.0372,0.1213,0.321,104.9,0.2231,0.1079,0.1516
666152,David Hamilton,0.5233,0.3807,0.3426,0.0976,0.276,75.4,0.2497,0.0856,0.1249
682668,Luisangel Acuña,0.4703,0.3385,0.2283,0.0458,0.2768,75.0,0.185,0.0593,0.0873
806068,Colt Emerson,0.4713,0.4278,0.0923,0.0886,0.2893,90.4,0.2437,0.0838,0.1245
624585,Jorge Soler,0.5043,0.5617,0.0076,0.1883,0.322,105.2,0.2748,0.1073,0.1981
624431,Jose Trevino,0.379,0.3959,0.0108,0.0821,0.2785,71.5,0.1566,0.061,0.1155
681198,TJ Rumfield,0.4727,0.4906,0.0212,0.1063,0.3131,86.4,0.1882,0.0806,0.1375
665877,José Fermín,0.4861,0.4033,0.1273,0.0775,0.3053,96.9,0.1339,0.0987,0.1146
682987,Spencer Jones,0.5569,0.548,0.1299,0.1762,0.3042,95.3,0.3736,0.0807,0.1914
702176,Alan Roden,0.4968,0.4107,0.0724,0.071,0.3087,96.4,0.1789,0.0894,0.1181
695734,Daylen Lile,0.5189,0.4553,0.1068,0.0773,0.3165,102.4,0.1791,0.0709,0.142
682177,Daniel Schneemann,0.4753,0.4387,0.0864,0.1139,0.2926,87.3,0.2704,0.0969,0.1417
621438,Tyrone Taylor,0.4894,0.4273,0.1093,0.0952,0.2826,82.5,0.22,0.0524,0.1395
596142,Gary Sánchez,0.4628,0.5815,0.0071,0.1927,0.3162,103.0,0.26,0.0953,0.1995
688363,Graham Pauley,0.4443,0.4605,0.0575,0.1116,0.2899,82.8,0.2111,0.0833,0.1433
650859,Luis Rengifo,0.4632,0.4268,0.1099,0.0777,0.2903,85.2,0.1723,0.0692,0.1127
623168,Tyler Heineman,0.39,0.3103,0.0551,0.0523,0.2651,67.8,0.2121,0.0749,0.0896
681546,James Outman,0.5292,0.4585,0.1052,0.1425,0.2934,85.9,0.3412,0.0962,0.1647
542303,Marcell Ozuna,0.5096,0.5567,0.0046,0.1695,0.332,111.2,0.2377,0.1179,0.1821
605137,Josh Bell,0.4971,0.5171,0.0107,0.1482,0.3224,105.9,0.1884,0.1039,0.1639
694388,Joey Loperfido,0.4808,0.431,0.0822,0.0952,0.2908,85.4,0.2831,0.0689,0.1353
681393,Connor Norby,0.4836,0.4865,0.081,0.121,0.3042,92.6,0.2753,0.0752,0.1519
665923,Esteury Ruiz,0.5464,0.4086,0.3684,0.0945,0.3015,90.8,0.2375,0.0746,0.1363
669720,Austin Hays,0.4869,0.5028,0.0489,0.1301,0.3067,95.6,0.2389,0.0662,0.159
701675,Nathan Church,0.4715,0.4278,0.0949,0.0863,0.2921,87.8,0.1612,0.059,0.1176
666181,Will Benson,0.5528,0.5159,0.1094,0.1657,0.3155,96.8,0.3026,0.1091,0.1918
682663,Agustín Ramírez,0.4977,0.5107,0.0962,0.1325,0.3141,99.4,0.2005,0.0773,0.1695
691777,Max Muncy,0.493,0.4912,0.0557,0.1231,0.3018,89.7,0.2901,0.0642,0.1569
668885,Austin Martin,0.5109,0.3403,0.1619,0.038,0.3157,101.2,0.1643,0.1131,0.0911
679845,Nick Loftin,0.4739,0.432,0.0609,0.0696,0.2996,87.9,0.1487,0.0885,0.1166
516782,Starling Marte,0.5076,0.4333,0.1291,0.0922,0.3135,97.5,0.2042,0.0635,0.1255
656555,Rhys Hoskins,0.484,0.527,0.0245,0.1617,0.3165,103.7,0.2662,0.1174,0.1802
669236,Jeremiah Jackson,0.4815,0.5188,0.0689,0.1369,0.2927,87.6,0.2352,0.0489,0.1575
678554,Curtis Mead,0.4834,0.4742,0.0686,0.1091,0.3075,96.2,0.1994,0.072,0.1403
660688,Keibert Ruiz,0.373,0.4484,0.0213,0.0931,0.2876,82.6,0.1175,0.0508,0.1256
518595,Travis d'Arnaud,0.3999,0.4479,0.0089,0.1263,0.2904,83.4,0.2677,0.0671,0.1574
657757,Gavin Sheets,0.4627,0.5143,0.0277,0.137,0.3066,99.3,0.2035,0.0823,0.1607
657136,Connor Wong,0.4236,0.3879,0.066,0.0828,0.2925,81.9,0.238,0.0694,0.1266
677870,Leo Jiménez,0.4603,0.4185,0.0323,0.0804,0.3047,93.0,0.2087,0.0826,0.1149
664770,Nathan Lukes,0.4819,0.4423,0.0476,0.0728,0.3055,95.6,0.1575,0.0768,0.1177
682622,Noelvi Marte,0.5104,0.5007,0.1242,0.1298,0.3088,92.3,0.2261,0.066,0.1552
595978,Austin Hedges,0.3586,0.3056,0.0487,0.0779,0.2534,60.3,0.2532,0.078,0.1028
641555,J.C. Escarra,0.4126,0.3912,0.0356,0.0808,0.2833,80.8,0.1913,0.0881,0.1216
695681,Christian Moore,0.4847,0.4182,0.0841,0.1112,0.2966,87.7,0.305,0.103,0.1431
810938,Ben Williamson,0.4458,0.3772,0.0801,0.0395,0.2878,82.0,0.2081,0.0702,0.0903
543877,Christian Vázquez,0.3729,0.3647,0.0317,0.0764,0.2701,71.2,0.1956,0.0669,0.1057
666126,Carlos Cortes,0.494,0.5253,0.0148,0.1354,0.3103,95.5,0.1974,0.0818,0.164
687597,Jordan Beck,0.5247,0.485,0.1259,0.1226,0.3136,86.7,0.2735,0.0799,0.1599
677942,Blaze Alexander,0.488,0.4037,0.0894,0.0958,0.2925,87.5,0.3029,0.0808,0.1282
656775,Cedric Mullins,0.5089,0.4471,0.2072,0.1264,0.2937,86.0,0.2211,0.0896,0.154
666211,Taylor Trammell,0.5269,0.4697,0.1018,0.1337,0.301,92.4,0.2956,0.1118,0.1627
666624,Christopher Morel,0.5121,0.5289,0.0797,0.1629,0.3109,97.2,0.2944,0.0933,0.1845
682848,Endy Rodríguez,0.4131,0.4,0.0241,0.0743,0.2948,85.6,0.2117,0.0827,0.1285
695336,Thomas Saggese,0.4604,0.443,0.0582,0.0885,0.2911,87.1,0.2571,0.0615,0.1236
691176,Jasson Domínguez,0.5615,0.4826,0.1742,0.1318,0.3186,105.2,0.2363,0.0953,0.1588
691011,Drew Romo,0.3798,0.3867,0.0397,0.0935,0.2732,72.5,0.2609,0.0602,0.1293
665052,Griffin Conine,0.475,0.5146,0.0279,0.1448,0.3011,90.5,0.3199,0.0923,0.164
687231,Darell Hernaiz,0.473,0.3962,0.0859,0.0523,0.2966,86.0,0.1491,0.0755,0.1009
694673,Abimelec Ortiz,0.4594,0.4988,0.0237,0.1422,0.2993,90.6,0.2432,0.0805,0.1618
691181,Emmanuel Rodriguez,0.5599,0.4326,0.0882,0.1134,0.3149,100.7,0.329,0.1438,0.1518
641680,Jonah Heim,0.4121,0.4354,0.0197,0.1012,0.2859,78.6,0.1901,0.0763,0.1365
695670,Harry Ford,0.4204,0.3866,0.08,0.0797,0.2955,88.0,0.2414,0.1045,0.1189
681715,Heriberto Hernández,0.4876,0.4903,0.0515,0.1339,0.3076,95.0,0.2754,0.1017,0.1602
677588,José Tena,0.4644,0.4295,0.1083,0.0835,0.2974,89.4,0.252,0.0695,0.123
666310,Bo Naylor,0.4105,0.4458,0.0288,0.133,0.3018,93.6,0.244,0.1027,0.1732
672820,Lenyn Sosa,0.4453,0.5097,0.0283,0.1353,0.2921,86.4,0.2235,0.0417,0.1505
665019,Kody Clemens,0.5159,0.5294,0.0681,0.1714,0.3071,95.3,0.2466,0.0775,0.1911
686894,Joey Wiemer,0.4531,0.4605,0.079,0.1206,0.2869,82.2,0.3,0.0886,0.1471
703601,Max Clark,0.4986,0.4094,0.0954,0.0803,0.3027,92.8,0.2065,0.0971,0.1307
671976,Tristan Peters,0.4483,0.3822,0.0596,0.0731,0.2801,77.3,0.2182,0.0824,0.1144
701785,Kaelen Culpepper,0.4855,0.4704,0.0894,0.1201,0.3004,90.8,0.2193,0.0744,0.1412
663993,Nathaniel Lowe,0.5021,0.5117,0.0091,0.1412,0.327,104.7,0.2385,0.1127,0.16
671655,George Valera,0.4657,0.4723,0.0251,0.1238,0.2957,89.4,0.2527,0.0915,0.1443
656537,Derek Hill,0.4782,0.3943,0.1581,0.1038,0.2873,82.2,0.2849,0.0631,0.1355
542932,Jon Berti,0.5011,0.3359,0.2167,0.0445,0.2858,81.0,0.2117,0.0753,0.0879
608385,Jesse Winker,0.5023,0.4472,0.0669,0.1076,0.3236,107.0,0.216,0.1324,0.1463
703607,Henry Bolte,0.5298,0.4282,0.1505,0.1088,0.3083,94.1,0.2998,0.0832,0.1462
691740,Daniel Susac,0.39,0.408,0.0426,0.0882,0.2817,80.9,0.2726,0.054,0.1251
595879,Javier Báez,0.4488,0.465,0.0737,0.1058,0.2763,74.6,0.2364,0.04,0.1276
802415,Chandler Simpson,0.5203,0.3009,0.3734,0.0067,0.2907,83.9,0.1099,0.0551,0.056
641598,Mitch Garver,0.4196,0.4394,0.0226,0.1286,0.2943,93.8,0.2814,0.1162,0.1542
669397,Nick Allen,0.4187,0.301,0.0967,0.0298,0.2612,65.1,0.1986,0.0747,0.0707
641584,Jake Fraley,0.4735,0.4216,0.1391,0.0924,0.2968,88.1,0.2156,0.0926,0.1258
691594,Javier Sanoja,0.4713,0.4182,0.1071,0.0568,0.2979,88.3,0.108,0.0606,0.114
692216,CJ Kayfus,0.4904,0.485,0.04,0.1184,0.311,100.0,0.2682,0.0884,0.1598
679822,Justin Foscue,0.4603,0.4561,0.0371,0.0959,0.2863,83.2,0.1904,0.084,0.1346
699625,Jimmy Crooks,0.4164,0.4184,0.008,0.1114,0.2996,93.0,0.2695,0.0781,0.1424
676439,Hunter Feduccia,0.3794,0.3471,0.0127,0.061,0.2774,74.7,0.2642,0.1066,0.1069
645302,Victor Robles,0.5058,0.3637,0.2176,0.0779,0.2924,92.5,0.2276,0.0685,0.115
642201,Eli White,0.5436,0.4545,0.1493,0.1112,0.2961,87.9,0.2608,0.0637,0.1432
500743,Miguel Rojas,0.4749,0.4117,0.0646,0.0708,0.2884,83.6,0.1404,0.0668,0.1057
665561,Rafael Marchán,0.3808,0.3755,0.0144,0.0703,0.2743,71.9,0.1752,0.0745,0.1078
608701,Rob Refsnyder,0.5108,0.5042,0.0467,0.1379,0.3151,108.1,0.2605,0.1028,0.1596
543510,James McCann,0.4021,0.4388,0.024,0.093,0.2834,78.7,0.2583,0.0555,0.1273
690976,Alex Freeland,0.5174,0.4451,0.0843,0.1205,0.2954,88.4,0.2712,0.1044,0.1367
678391,Jorbit Vivas,0.4306,0.3587,0.0808,0.0476,0.2873,82.4,0.1429,0.0873,0.0877
669743,Alex Call,0.5192,0.4272,0.0694,0.08,0.3114,99.4,0.1804,0.1154,0.1269
667472,Dane Myers,0.4852,0.4438,0.1343,0.1098,0.2982,85.0,0.2503,0.0764,0.1293
670764,Taylor Walls,0.4609,0.3452,0.1894,0.0626,0.2696,69.4,0.2408,0.1019,0.1023
695731,Braden Montgomery,0.454,0.424,0.0406,0.1074,0.2905,84.4,0.2847,0.0794,0.1377
664702,Myles Straw,0.4904,0.3218,0.1633,0.0422,0.2784,76.9,0.1799,0.0795,0.0867
628451,Andy Ibáñez,0.4412,0.4309,0.0592,0.0732,0.2882,86.3,0.1921,0.0686,0.1236
678218,Brandon Valenzuela,0.3892,0.4078,0.0165,0.1122,0.2715,72.1,0.2708,0.0814,0.1261
596146,Max Kepler,0.517,0.5376,0.0283,0.1514,0.312,99.0,0.2001,0.0944,0.168
694377,Nick Yorke,0.4774,0.434,0.0864,0.0756,0.2961,86.5,0.2198,0.0711,0.1128
690022,Ryan Ritter,0.5052,0.4487,0.0647,0.1,0.3129,86.3,0.2635,0.0738,0.1441
672284,Jarred Kelenic,0.4652,0.451,0.0871,0.1219,0.2867,81.8,0.2831,0.0857,0.1475
696030,Alejandro Osuna,0.4899,0.4017,0.1317,0.0809,0.3004,92.9,0.2083,0.0904,0.1147
808975,Hyeseong Kim,0.5178,0.4319,0.1996,0.0657,0.2846,81.1,0.2384,0.0626,0.1053
682657,Angel Martínez,0.4743,0.4386,0.0856,0.1013,0.2912,86.3,0.2081,0.063,0.1368
663330,Jahmai Jones,0.5727,0.5013,0.09,0.1383,0.3266,109.3,0.2438,0.0988,0.175
624512,Reese McGuire,0.381,0.386,0.0233,0.0911,0.2749,73.6,0.2278,0.0643,0.1215
592122,Tyler Austin,0.5435,0.5919,0.0143,0.1825,0.3264,110.9,0.2453,0.0924,0.1925
624424,Michael Conforto,0.5073,0.4888,0.0037,0.1354,0.3118,100.9,0.245,0.1098,0.1567
680728,Adrian Del Castillo,0.4598,0.5209,0.0044,0.1296,0.2975,88.4,0.2793,0.0809,0.1593
650968,Yohel Pozo,0.3903,0.4901,0.0027,0.0993,0.284,82.3,0.1259,0.0346,0.1302
702518,Jett Williams,0.4746,0.4203,0.1365,0.0816,0.2931,87.1,0.2552,0.0958,0.1363
656976,Pavin Smith,0.5018,0.4989,0.0276,0.1247,0.3179,102.3,0.2446,0.1202,0.1561
660844,Leo Rivas,0.4781,0.3154,0.1573,0.0515,0.2825,85.7,0.2551,0.1283,0.0869
663624,Ryan Mountcastle,0.4974,0.5407,0.0219,0.1337,0.3178,104.9,0.2387,0.0655,0.1643
691002,Yohandy Morales,0.4514,0.4515,0.0231,0.1026,0.2897,84.0,0.2862,0.0737,0.1241
656484,Tristan Gray,0.4391,0.4768,0.0221,0.129,0.2765,74.3,0.2924,0.064,0.1526
687515,Colby Thomas,0.5122,0.5371,0.0693,0.1494,0.313,97.3,0.2918,0.0589,0.188
664059,Sam Haggerty,0.5137,0.355,0.2099,0.0592,0.2883,84.5,0.2291,0.0829,0.1056
670231,John Rave,0.4967,0.4035,0.1179,0.0981,0.2916,82.4,0.2501,0.0889,0.1381
823550,Sung-Mun Song,0.4422,0.4223,0.0786,0.0912,0.2783,80.0,0.2123,0.0751,0.1183
609280,Miguel Andujar,0.4639,0.4835,0.0335,0.1027,0.3029,96.8,0.1536,0.0536,0.1299
694376,Shay Whitcomb,0.4768,0.5175,0.0993,0.1617,0.2798,77.8,0.3121,0.0668,0.1563
683227,Cody Freeman,0.453,0.4497,0.0523,0.0934,0.2858,82.8,0.1519,0.0575,0.1266
692225,Kristian Campbell,0.5059,0.4491,0.0564,0.09,0.3115,94.9,0.263,0.097,0.126
805811,Bryce Eldridge,0.4657,0.5336,0.0144,0.1552,0.3069,98.2,0.3048,0.0889,0.1719
691728,Zac Veen,0.5188,0.4463,0.1532,0.1053,0.3021,78.9,0.2422,0.0805,0.1385
671213,Triston Casas,0.494,0.5523,0.0035,0.1579,0.3307,108.2,0.2492,0.1249,0.1867
655316,Andruw Monasterio,0.4819,0.4308,0.123,0.0907,0.2989,86.3,0.2301,0.0872,0.1244
668723,Ryan Vilade,0.4604,0.4443,0.0676,0.0887,0.2869,81.3,0.2415,0.0771,0.1243
691373,Jhostynxon Garcia,0.4778,0.4776,0.0539,0.1196,0.2902,82.5,0.2788,0.0634,0.1464
457705,Andrew McCutchen,0.473,0.4572,0.0296,0.1237,0.3045,95.7,0.2384,0.1173,0.1436
643396,Isiah Kiner-Falefa,0.4463,0.3587,0.1333,0.0343,0.2774,71.4,0.1647,0.0497,0.0753
677595,Ronny Mauricio,0.4916,0.4667,0.1033,0.1104,0.2906,88.0,0.2512,0.0594,0.1503
606992,Eric Haase,0.3641,0.3962,0.0079,0.0959,0.2694,72.5,0.3138,0.0672,0.1208
663967,César Salazar,0.382,0.345,0.0346,0.0656,0.2719,72.4,0.2119,0.0831,0.1042
689200,Jacob Melton,0.4773,0.4031,0.2502,0.1175,0.2734,72.0,0.296,0.077,0.1348
622761,Jorge Mateo,0.5508,0.3698,0.3276,0.0817,0.278,75.5,0.2742,0.0573,0.1369
701305,Zach Dezenzo,0.5002,0.4736,0.0538,0.1396,0.2981,90.5,0.2921,0.0782,0.1515
804668,Rafael Flores Jr.,0.4386,0.4478,0.009,0.1264,0.2961,86.5,0.281,0.0795,0.1359
578428,Jose Iglesias,0.4565,0.4098,0.0543,0.05,0.2889,83.2,0.1664,0.0532,0.0882
643217,Andrew Benintendi,0.4667,0.4882,0.0281,0.1264,0.3072,95.9,0.1914,0.0848,0.1505
694374,Tim Tawa,0.4776,0.4609,0.0861,0.1069,0.2873,81.4,0.2438,0.0799,0.1382
660710,Rodolfo Durán,0.4126,0.418,0.0103,0.1014,0.2724,75.9,0.2403,0.0557,0.1299
695391,Brett Harris,0.4695,0.4189,0.066,0.0786,0.2944,84.6,0.2142,0.0864,0.1218
642731,Thairo Estrada,0.4637,0.464,0.0778,0.1068,0.29,83.9,0.1916,0.0462,0.126
663968,Jake Mangum,0.4662,0.3664,0.1685,0.0271,0.2895,82.0,0.1762,0.0495,0.0795
553869,Elias Díaz,0.3949,0.4146,0.0038,0.1031,0.2814,75.4,0.2261,0.0675,0.1278
663368,Blake Perkins,0.4679,0.3848,0.1371,0.0627,0.2803,78.4,0.264,0.0989,0.1137
694224,Gabriel Gonzalez,0.4457,0.4439,0.016,0.101,0.3014,91.4,0.1924,0.0569,0.1314
690291,Jace Jung,0.484,0.4501,0.0076,0.1027,0.2952,87.6,0.2585,0.1149,0.1361
682818,Yohendrick Pinango,0.4855,0.4528,0.0513,0.1044,0.2934,87.2,0.22,0.0823,0.1299
669699,Braden Shewmake,0.4645,0.4197,0.1111,0.0937,0.2711,71.8,0.2123,0.0634,0.1266
596103,Austin Slater,0.5039,0.4064,0.0728,0.0869,0.2966,92.1,0.2872,0.0998,0.1223
687282,Gabriel Rincones Jr.,0.5281,0.4805,0.1292,0.135,0.2953,86.2,0.2685,0.0981,0.1475
690987,Robert Hassell III,0.4222,0.3951,0.0904,0.0646,0.2825,79.1,0.2504,0.0729,0.1047
805805,Walker Jenkins,0.531,0.4366,0.1217,0.121,0.3074,95.6,0.214,0.0956,0.1296
642215,Weston Wilson,0.4804,0.4279,0.1103,0.1163,0.2876,84.1,0.2849,0.0911,0.1504
678489,Jorge Barrosa,0.4463,0.3792,0.082,0.0632,0.2751,73.0,0.2308,0.0784,0.1072
701678,Hao-Yu  Lee,0.491,0.4488,0.0715,0.1021,0.2926,85.9,0.2206,0.0738,0.1256
694514,Sterlin Thompson,0.5185,0.4775,0.0717,0.0922,0.3128,86.2,0.2338,0.0774,0.1359
643565,Mike Tauchman,0.4905,0.4053,0.0123,0.0978,0.3101,101.3,0.2305,0.1232,0.1261
665953,Andrés Chaparro,0.4446,0.5144,0.0071,0.141,0.3024,92.8,0.2317,0.0776,0.1636
687859,Troy Johnston,0.49,0.4687,0.0984,0.0968,0.3115,85.3,0.2025,0.0679,0.1361
680700,Richie Palacios,0.4701,0.3593,0.1629,0.0633,0.2856,80.4,0.2008,0.1057,0.1036
815888,Leo De Vries,0.5258,0.497,0.0634,0.1347,0.306,92.5,0.2404,0.0848,0.1654
679032,Johan Rojas,0.5327,0.376,0.2628,0.0222,0.2766,73.4,0.2137,0.0557,0.0996
686475,Tyler Tolbert,0.4997,0.3139,0.3157,0.0482,0.265,64.1,0.2566,0.0585,0.0968
805999,A.J. Ewing,0.4683,0.3908,0.1281,0.0617,0.3014,95.4,0.2316,0.0929,0.1163
670224,Kameron Misner,0.4737,0.4023,0.1645,0.1597,0.2907,81.8,0.3048,0.1009,0.1449
681508,Mickey Gasper,0.401,0.4024,0.0132,0.033,0.3049,90.4,0.198,0.101,0.1269
695490,Edwin Arroyo,0.4543,0.4165,0.0736,0.0754,0.293,81.4,0.2097,0.0615,0.1208
676369,Nelson Velázquez,0.4717,0.5422,0.0578,0.1719,0.3011,94.0,0.2681,0.0845,0.1742
690924,Braxton Fulford,0.456,0.454,0.023,0.1349,0.3119,85.6,0.2671,0.0753,0.1613
690984,Petey Halpin,0.4553,0.3966,0.093,0.0667,0.2697,71.5,0.2791,0.0719,0.116
668952,Ryan Kreidler,0.4412,0.3735,0.094,0.0983,0.2744,72.8,0.3075,0.0991,0.1226
666931,Jared Oliva,0.5537,0.3926,0.2657,0.1145,0.2766,77.5,0.2331,0.0608,0.1134
694249,Cole Carrigg,0.4957,0.4078,0.1552,0.1147,0.3089,83.5,0.2293,0.0697,0.1451
805347,Jim Jarvis,0.4885,0.4306,0.0944,0.0536,0.2846,80.1,0.1905,0.0763,0.1033
805249,Otto Kemp,0.5313,0.5113,0.083,0.1058,0.3036,91.9,0.2812,0.0694,0.1547
669004,MJ Melendez,0.4835,0.5096,0.073,0.1552,0.2935,89.9,0.2864,0.09,0.1734
670032,Nicky Lopez,0.4905,0.3143,0.0738,0.0016,0.274,75.1,0.155,0.0817,0.0563
606115,Orlando Arcia,0.4057,0.4376,0.0098,0.1061,0.2773,74.8,0.2131,0.069,0.1263
687952,Christian Encarnacion-Strand,0.4867,0.5036,0.0079,0.1619,0.3051,96.2,0.27,0.0529,0.1774
686823,Will Brennan,0.4818,0.4293,0.0276,0.0181,0.2878,85.1,0.1404,0.0531,0.1004
668942,Josh Rojas,0.4559,0.4326,0.09,0.0618,0.2907,81.8,0.2149,0.0917,0.1153
805795,Aidan Miller,0.5266,0.4061,0.1832,0.0401,0.2979,88.1,0.2618,0.0962,0.1297
570482,Gio Urshela,0.4108,0.4758,0.0066,0.0237,0.2875,82.2,0.1865,0.063,0.1022
676679,Luis Vázquez,0.4995,0.4938,0.0302,0.1118,0.2767,76.6,0.247,0.0614,0.1169
681987,Nate Eaton,0.4739,0.4227,0.1592,0.082,0.2779,71.8,0.2539,0.0614,0.1192
663494,Bryan Torres,0.4609,0.3742,0.1213,0.0091,0.2999,93.2,0.1746,0.0946,0.0818
691277,Deyvison De Los Santos,0.4414,0.4799,0.0552,0.1321,0.2888,82.1,0.251,0.0549,0.1416
571771,Enrique Hernández,0.4825,0.5041,0.023,0.1329,0.2891,84.1,0.2228,0.0746,0.1489
694876,Cooper Ingle,0.5234,0.5065,0.0129,0.0415,0.3164,103.7,0.2023,0.1204,0.1347
695257,Billy Cook,0.4477,0.433,0.1189,0.1139,0.277,73.5,0.284,0.0666,0.1289
677950,Alek Thomas,0.4823,0.4415,0.1035,0.1015,0.2909,83.8,0.2235,0.0587,0.1374
669899,Ryan Ward,0.5178,0.5526,0.0244,0.1614,0.2912,85.6,0.258,0.0772,0.1678
663604,Brandon Lockridge,0.4564,0.3369,0.2047,0.0434,0.277,76.1,0.2576,0.0781,0.0865
660644,Vidal Bruján,0.4395,0.3289,0.1454,0.0853,0.2692,73.3,0.2043,0.077,0.0962
691182,Adael Amador,0.4866,0.4075,0.1354,0.0923,0.3043,80.4,0.1631,0.0929,0.1199
695238,Will Wagner,0.465,0.2928,0.0128,0.0197,0.2959,92.1,0.1819,0.0943,0.0997
694580,Kemp Alderman,0.4826,0.496,0.0592,0.1129,0.2844,79.0,0.2848,0.0558,0.1339
592206,Nick Castellanos,0.47,0.5051,0.0401,0.1262,0.3004,95.1,0.2331,0.0613,0.151
682877,Juan Brito,0.4726,0.4699,0.02,0.1337,0.29,85.5,0.2056,0.0952,0.1249
665828,Oswaldo Cabrera,0.4857,0.4626,0.0274,0.1333,0.2802,78.7,0.2226,0.0788,0.1222
693409,César Prieto,0.439,0.4464,0.0494,0.077,0.2795,79.2,0.1648,0.0412,0.1042
681807,David Fry,0.4773,0.5146,0.0357,0.1505,0.304,95.1,0.265,0.0894,0.1658
682634,Kevin Alcántara,0.4843,0.4813,0.0279,0.0951,0.292,87.4,0.3021,0.0741,0.1478
694362,Blake Dunn,0.5072,0.3752,0.1399,0.0685,0.2913,80.2,0.2781,0.0837,0.1029
695508,Cameron Cauley,0.4211,0.392,0.1707,0.0758,0.2692,71.4,0.2878,0.0723,0.1251
680474,Max Schuemann,0.5063,0.3737,0.1486,0.027,0.2837,81.1,0.2224,0.0998,0.0983
681047,Christian Franklin,0.4636,0.2878,0.0265,0.0234,0.2919,85.5,0.2478,0.1034,0.1017
806198,Cooper Pratt,0.4675,0.3627,0.0899,0.0283,0.289,84.3,0.2047,0.0864,0.1175
676801,Chas McCormick,0.4873,0.456,0.0919,0.043,0.2922,87.6,0.2592,0.085,0.1378
695020,Tanner Murray,0.4354,0.4441,0.0122,0.089,0.2773,75.3,0.2331,0.0507,0.1224
682988,Tyler Locklear,0.5038,0.5036,0.1137,0.1282,0.3091,96.3,0.2651,0.0829,0.1482
592192,Mark Canha,0.4477,0.4028,0.0624,0.0739,0.3032,93.0,0.2001,0.0921,0.1184
682515,Logan Porter,0.4784,0.4592,0.0074,0.0279,0.2767,77.5,0.264,0.0977,0.1063
669369,Bryce Johnson,0.4483,0.3219,0.1776,0.0452,0.268,72.9,0.273,0.0795,0.0853
677008,Heston Kjerstad,0.4235,0.4621,0.0095,0.1628,0.2958,89.7,0.2589,0.0661,0.1465
703185,Nelson Rada,0.446,0.2886,0.1921,0.0143,0.2768,74.1,0.2323,0.0884,0.0718
806146,George Lombard Jr.,0.4352,0.3981,0.1239,0.0733,0.2899,85.4,0.2555,0.0965,0.1218
699013,Esmerlyn Valdez,0.5023,0.5172,0.0105,0.1541,0.3042,92.1,0.2764,0.0851,0.1544
687529,Grant McCray,0.4991,0.3837,0.1574,0.133,0.2725,74.7,0.312,0.0802,0.1247
545341,Randal Grichuk,0.4863,0.5343,0.0047,0.1661,0.3053,94.6,0.2097,0.0628,0.1773
676724,Jared Young,0.4743,0.4673,0.02,0.1435,0.3025,96.1,0.2433,0.089,0.1496
694378,Jacob Gonzalez,0.4015,0.3954,0.0238,0.0747,0.2804,77.4,0.1994,0.0773,0.125
623993,Anthony Santander,0.5007,0.5261,0.0051,0.2301,0.3212,106.4,0.2243,0.0966,0.2074
681371,Dom Keegan,0.394,0.4158,0.0074,0.1212,0.2829,78.6,0.2957,0.0838,0.1364
642350,Jose Siri,0.5583,0.538,0.0657,0.0822,0.2853,79.9,0.3535,0.0687,0.173
672012,Tyler Black,0.4811,0.3997,0.1492,0.0769,0.2919,86.3,0.246,0.1086,0.1134
683766,Christian Koss,0.4298,0.3941,0.0755,0.0671,0.2754,76.7,0.2302,0.0497,0.1087
596117,Garrett Stubbs,0.3993,0.2741,0.0241,0.0211,0.267,66.9,0.2325,0.0805,0.0931
678577,Junior Perez,0.5616,0.5067,0.069,0.0598,0.283,76.7,0.3338,0.0884,0.1536
691003,Tre' Morgan,0.4663,0.4104,0.0218,0.0274,0.2994,89.9,0.206,0.0958,0.1154
669289,Santiago Espinal,0.4576,0.3955,0.0548,0.0515,0.2803,78.1,0.1361,0.0677,0.0847
683079,Omar Martinez,0.3398,0.3493,0.0065,0.0409,0.276,73.5,0.3112,0.0908,0.1362
670097,Zack Short,0.401,0.3864,0.0166,0.0775,0.2785,76.1,0.269,0.1091,0.1251
694371,Tommy Troy,0.4755,0.403,0.0342,0.0251,0.2908,83.8,0.231,0.0799,0.1119
686554,Oliver Dunn,0.4627,0.2728,0.0371,0.0272,0.2685,69.2,0.313,0.0865,0.1155
800325,Luis Lara,0.4631,0.4404,0.0548,0.0204,0.2938,87.6,0.1984,0.087,0.111
669360,Trei Cruz,0.5337,0.4958,0.0293,0.0395,0.2821,78.6,0.2625,0.111,0.1136
694385,Brock Wilken,0.4142,0.4885,0.0083,0.1736,0.2827,80.0,0.3184,0.1105,0.1487
656577,Alex Jackson,0.6021,0.8335,0.0075,0.0686,0.2791,76.0,0.3172,0.068,0.1651
686551,Christian Cairo,0.4765,0.3212,0.1536,0.0174,0.2794,75.4,0.2442,0.0973,0.0956
695491,Joshua Báez,0.85,0.8358,0.0767,0.0672,0.3065,97.7,0.2901,0.0785,0.1653
677956,Rece Hinds,0.4812,0.4831,0.0325,0.1556,0.2932,81.6,0.3433,0.0637,0.1751
680737,Michael Helman,0.4111,0.39,0.1192,0.1604,0.265,68.5,0.2459,0.062,0.1324
677347,Kyren Paris,0.5458,0.4886,0.2732,0.0562,0.2785,75.2,0.3339,0.094,0.1338
457759,Justin Turner,0.4342,0.4519,0.0271,0.0914,0.2981,89.5,0.189,0.0804,0.1217
671286,Johnathan Rodríguez,0.5517,0.5361,0.0116,0.0596,0.3081,98.2,0.2782,0.0855,0.1513
682729,Jonatan Clase,0.5643,0.4888,0.4033,0.0444,0.28,78.1,0.2801,0.082,0.1264
670156,Miles Mastrobuoni,0.4683,0.2665,0.1024,0.0107,0.2763,81.4,0.1997,0.096,0.0809
640902,Jhonny Pereda,0.1882,0.1764,0.0037,0.0262,0.2759,81.1,0.2371,0.0905,0.0898
678011,Anthony Seigler,0.8207,0.3906,0.0487,0.033,0.2942,83.0,0.2135,0.1198,0.112
571657,Kyle Farmer,0.462,0.4544,0.0151,0.1278,0.2846,80.1,0.2229,0.0616,0.1205
694025,Felix Reyes,0.476,0.5111,0.0545,0.1222,0.2929,84.6,0.2065,0.0472,0.1477
686765,Nick Sogard,0.5291,0.4942,0.0444,0.0263,0.2906,80.5,0.2142,0.1016,0.0956
622534,Manuel Margot,0.4798,0.4184,0.0245,0.0321,0.2881,82.6,0.1782,0.0651,0.1041
681146,Jonah Bride,0.6022,0.5774,0.0072,0.0368,0.2907,86.2,0.235,0.1138,0.1126
702302,RJ Schreck,0.8281,0.814,0.0208,0.0566,0.298,90.4,0.2275,0.1109,0.1406
664774,LaMonte Wade Jr.,0.5282,0.5078,0.011,0.0542,0.3055,94.7,0.2203,0.1278,0.1355
680664,Eduardo Valencia,0.412,0.6263,0.0101,0.0542,0.2909,84.7,0.2282,0.0697,0.1337
700242,Trey Sweeney,0.8262,0.3965,0.0351,0.0502,0.2794,76.8,0.2699,0.0838,0.1309
801464,Andrew Pintar,0.5193,0.4796,0.0608,0.0301,0.2776,74.4,0.2668,0.0776,0.1103
644433,Chadwick Tromp,0.1825,0.1998,0.0029,0.0403,0.2561,60.6,0.2558,0.0659,0.1088
642851,Austin Wynns,0.2119,0.4099,0.0095,0.0553,0.2824,76.2,0.2546,0.0677,0.1297
657557,Paul DeJong,0.5447,0.5848,0.0192,0.0897,0.2854,80.9,0.3003,0.0694,0.1699
656413,Stuart Fairchild,0.8232,0.5743,0.0577,0.0448,0.2926,87.3,0.2596,0.0826,0.1355
663611,Nick Madrigal,0.3938,0.1395,0.0428,0.0025,0.285,79.7,0.1112,0.0589,0.0729
664954,Brett Sullivan,0.3905,0.381,0.0327,0.06,0.2754,60.6,0.1807,0.0655,0.1174
680862,Willie MacIver,0.6036,0.3772,0.0302,0.0377,0.2694,70.7,0.2717,0.0726,0.1089
677565,Kristian Robinson,0.8339,0.5954,0.0568,0.0439,0.2854,80.1,0.3218,0.0978,0.1206
669326,Bryce Teodosio,0.4375,0.3199,0.1878,0.0552,0.2534,57.9,0.3171,0.0562,0.098
696135,Kahlil Watson,0.8269,0.8069,0.0573,0.0558,0.2841,81.5,0.3054,0.0891,0.1413
689288,Matt Koperniak,0.7993,0.5948,0.02,0.0361,0.2777,78.0,0.206,0.0653,0.1031
666149,Tyler Fitzgerald,0.8397,0.6035,0.0449,0.0526,0.2776,76.3,0.309,0.062,0.1418
664731,P.J. Higgins,0.369,0.3711,0.004,0.0227,0.2725,67.4,0.2372,0.0719,0.1025
621550,Patrick Wisdom,0.8433,0.8907,0.0202,0.106,0.2911,91.6,0.3665,0.0903,0.206
605353,Vimael Machín,0.8188,0.8165,0.0204,0.0348,0.3034,79.8,0.1697,0.0835,0.1142
686676,Korey Lee,0.186,0.3947,0.0203,0.0478,0.2668,68.1,0.2765,0.0559,0.1278
691620,Jeferson Quero,0.6,0.8403,0.0174,0.0508,0.2867,82.8,0.2116,0.0708,0.1307
650559,Bryan De La Cruz,0.417,0.4848,0.0106,0.0929,0.2861,80.0,0.2708,0.0637,0.1384
656180,Riley Adams,0.3986,0.6309,0.0067,0.0615,0.2863,81.7,0.3265,0.0737,0.1522
801194,Max Anderson,0.8052,0.8348,0.0094,0.0476,0.2908,84.6,0.1786,0.0531,0.1241
668974,Maverick Handley,0.4053,0.1552,0.0261,0.0309,0.2617,66.3,0.2688,0.0883,0.087
694203,Denzer Guzman,0.5178,0.5067,0.0325,0.0538,0.273,71.4,0.2946,0.0741,0.1256
691185,Maximo Acosta,0.4739,0.4033,0.203,0.0313,0.2804,76.4,0.2453,0.0682,0.1212
672569,Gustavo Campero,0.8235,0.7752,0.0635,0.0377,0.2934,85.5,0.2008,0.0721,0.1255
664874,Seby Zavala,0.4142,0.6139,0.0103,0.0607,0.2569,62.1,0.3578,0.0823,0.1288
663584,Hayden Senger,0.3798,0.3731,0.0117,0.0407,0.2465,57.7,0.3059,0.0553,0.1004
645444,Jose Herrera,0.3732,0.1164,0.0114,0.0219,0.255,61.6,0.2356,0.0982,0.075
666185,Dylan Carlson,0.8265,0.808,0.0214,0.0432,0.2979,91.4,0.2294,0.099,0.1288
691021,A.J. Vukovich,0.534,0.5531,0.0211,0.0535,0.2893,82.8,0.2911,0.0624,0.1391
669234,Justyn-Henry Malloy,0.4817,0.4506,0.0128,0.1441,0.306,94.5,0.2818,0.1222,0.1345
671284,Tim Elko,0.4475,0.5111,0.0047,0.1322,0.2822,78.7,0.334,0.0558,0.1409
699302,Héctor Rodríguez,0.8233,0.8266,0.0295,0.055,0.295,82.8,0.1815,0.0526,0.1399
682997,Tyler Callihan,0.4976,0.368,0.1492,0.0671,0.2787,74.6,0.2567,0.0741,0.1177
675961,Alika Williams,0.5967,0.1794,0.017,0.0238,0.2784,74.4,0.1961,0.0604,0.0963
668731,Akil Baddoo,0.8271,0.814,0.06,0.0565,0.2903,85.2,0.2837,0.1038,0.1465
680118,Dairon Blanco,0.8534,0.525,0.3473,0.0349,0.2708,72.5,0.2561,0.0612,0.1043
621512,Tomás Nido,0.1784,0.1596,0.009,0.0333,0.2565,61.0,0.2357,0.0487,0.0945
683748,Victor Mesa Jr.,0.7937,0.8025,0.028,0.04,0.2806,77.0,0.2171,0.0695,0.1249
703492,Nick Morabito,0.8302,0.1603,0.0819,0.0274,0.2823,82.3,0.2502,0.0723,0.0922
691858,Jared Serna,0.5159,0.5106,0.044,0.0311,0.2732,71.4,0.1801,0.0681,0.0996
701649,James Triantos,0.8384,0.4108,0.0644,0.0328,0.2856,83.1,0.1535,0.0523,0.0988
621035,Chris Taylor,0.8134,0.5759,0.0396,0.0436,0.2837,78.8,0.3129,0.0907,0.127
605131,Austin Barnes,0.3908,0.3073,0.0398,0.0602,0.2624,65.0,0.2322,0.0819,0.0831
687749,Jase Bowen,0.8183,0.7912,0.0489,0.0512,0.2663,71.8,0.3027,0.0615,0.1241
681909,Justin Dean,0.5412,0.4644,0.2879,0.0277,0.2572,63.5,0.3094,0.0869,0.0798
666150,Dominic Fletcher,0.7929,0.5917,0.0169,0.0294,0.2721,70.1,0.2115,0.0593,0.1031
672642,Steward Berroa,0.8336,0.145,0.0993,0.0313,0.2638,64.7,0.2893,0.0953,0.0951
672279,Michael Siani,0.8322,0.128,0.0766,0.0193,0.2532,59.6,0.2713,0.0901,0.0809
669208,Ryan Bliss,0.4353,0.3677,0.2035,0.0291,0.2668,74.8,0.2762,0.0743,0.1187
682674,Victor Bericoto,0.6035,0.6035,0.0143,0.0386,0.2826,81.6,0.2426,0.0613,0.1188
641820,Trey Mancini,0.7939,0.8043,0.0092,0.0513,0.2847,79.5,0.2715,0.0784,0.1271
696140,Ethan Murray,0.3783,0.1786,0.0215,0.0335,0.2543,60.5,0.2977,0.0801,0.0987
688460,Josh Kasevich,0.3544,0.3392,0.018,0.0148,0.2688,70.3,0.1586,0.0674,0.0723
683090,Matthew Lugo,0.4831,0.4667,0.0679,0.1404,0.2757,73.3,0.3015,0.0574,0.1369
669200,Mason McCoy,0.4576,0.2666,0.138,0.0256,0.2509,61.2,0.3023,0.0709,0.1013
669717,Will Wilson,0.3996,0.388,0.0153,0.0332,0.267,75.0,0.2668,0.0781,0.1205
641658,Garrett Hampson,0.4043,0.1332,0.0544,0.026,0.2617,60.0,0.2776,0.0779,0.0908
600869,Jeimer Candelario,0.7873,0.7962,0.0128,0.0488,0.2734,71.7,0.29,0.0754,0.1418
694351,Jacob Berry,0.4307,0.4159,0.1,0.0799,0.2844,79.1,0.2061,0.0767,0.1192
656582,Connor Joe,0.4739,0.3456,0.0218,0.0333,0.2829,86.0,0.2432,0.1021,0.1234
689041,Rhylan Thomas,0.4167,0.3333,0.0,0.0,0.2712,72.0,0.1091,0.0586,0.067
809707,Charlie Condon,0.479,0.4723,0.0411,0.1134,0.3115,85.3,0.2662,0.0829,0.1481
665861,Sebastián Rivero,0.3421,0.3689,0.008,0.0614,0.2421,50.1,0.2239,0.0449,0.0935
592273,Brandon Drury,0.4783,0.4965,0.0046,0.1445,0.2885,80.2,0.2423,0.0768,0.1373
688760,Blaine Crim,0.4859,0.5197,0.0092,0.1269,0.3111,85.1,0.2255,0.0779,0.1534
527038,Wilmer Flores,0.4463,0.4978,0.003,0.1349,0.2997,90.6,0.1785,0.0832,0.1495
467793,Carlos Santana,0.4484,0.4694,0.0353,0.1119,0.2888,82.4,0.1823,0.1025,0.1304
545121,Ildemaro Vargas,0.4437,0.4371,0.0382,0.0623,0.2851,79.9,0.1242,0.0532,0.1086
642086,Dominic Smith,0.472,0.4932,0.0216,0.1082,0.3044,93.7,0.1968,0.0778,0.1344
699912,Jose Fernandez,0.4846,0.4627,0.0697,0.0984,0.2931,85.4,0.2337,0.0566,0.1318
624428,Adam Frazier,0.4233,0.3475,0.064,0.0516,0.2698,69.2,0.1917,0.0691,0.0922
621043,Carlos Correa,0.5848,0.5592,0.0083,0.165,0.3509,127.3,0.196,0.1075,0.1922
663697,Jonathan India,0.6202,0.456,0.0876,0.1357,0.3364,109.6,0.2083,0.101,0.1651
595777,Jurickson Profar,0.5369,0.4396,0.0584,0.1106,0.3242,104.0,0.1622,0.1054,0.1488
669304,Jose Miranda,0.4915,0.526,0.0218,0.1355,0.3284,111.6,0.1658,0.0616,0.1701
664238,Dylan Moore,0.4503,0.4025,0.2159,0.1122,0.2936,93.4,0.2906,0.1018,0.1533
649966,Luis Urías,0.47,0.4506,0.0327,0.1279,0.3209,107.1,0.2148,0.1046,0.1615
666163,Ben Rortvedt,0.4135,0.4131,0.0244,0.1149,0.2849,83.7,0.2794,0.0842,0.1445
666134,Nolan Jones,0.4918,0.4849,0.0764,0.1385,0.3299,105.2,0.2947,0.1138,0.1772
663898,Brendan Rodgers,0.4034,0.4313,0.0072,0.1035,0.3272,97.9,0.1996,0.0641,0.1644
681460,Brooks Baldwin,0.242,0.2448,0.0517,0.0564,0.2749,74.3,0.2372,0.0624,0.122
682641,Luis Matos,0.2754,0.2745,0.0406,0.064,0.2901,84.9,0.1602,0.0561,0.1329
518735,Yasmani Grandal,0.4813,0.4706,0.0133,0.1417,0.33,110.5,0.22,0.1374,0.1679
669261,Jack Suwinski,0.4069,0.4319,0.0552,0.1434,0.3195,100.1,0.294,0.1093,0.1965
592669,Hunter Renfroe,0.5059,0.5773,0.0173,0.1985,0.3308,110.1,0.2299,0.0798,0.216
664913,Seth Brown,0.4772,0.5351,0.0548,0.1782,0.3137,105.4,0.2735,0.0779,0.1985
678877,Jhonkensy Noel,0.2041,0.2312,0.0088,0.0804,0.3015,94.4,0.2639,0.0617,0.1896
502054,Tommy Pham,0.5293,0.4709,0.1057,0.1284,0.3189,101.0,0.2402,0.1009,0.1566
518934,DJ LeMahieu,0.564,0.4341,0.0381,0.1025,0.3245,109.9,0.1625,0.0992,0.1287
456781,Donovan Solano,0.4497,0.4223,0.0167,0.0707,0.3117,99.3,0.2065,0.0668,0.1162
678225,Ji Hwan Bae,0.3665,0.3063,0.1406,0.0456,0.3069,91.7,0.2128,0.0856,0.1164
682619,Orelvis Martinez,0.2872,0.3062,0.0143,0.1016,0.2911,85.4,0.262,0.0673,0.1848
642133,Rowdy Tellez,0.5129,0.5799,0.0151,0.2,0.3334,113.4,0.217,0.0918,0.2134
518792,Jason Heyward,0.4445,0.4531,0.0433,0.1158,0.3109,97.9,0.2024,0.0875,0.1535
657077,Alex Verdugo,0.538,0.4798,0.0383,0.106,0.3286,107.9,0.1563,0.0786,0.148
677551,Wander Franco,0.487,0.4411,0.0957,0.1045,0.3503,130.8,0.1232,0.082,0.1822
650391,Eloy Jiménez,0.5443,0.6451,0.0093,0.2062,0.3453,123.9,0.2195,0.0723,0.2098
622569,Pablo Reyes,0.3605,0.346,0.0746,0.0771,0.3016,92.2,0.191,0.0795,0.1369
689172,Brett Wisely,0.3313,0.3063,0.0722,0.0629,0.2852,82.6,0.2442,0.0773,0.1268
669911,Michael Toglia,0.3827,0.4134,0.0359,0.1351,0.3158,85.9,0.287,0.089,0.1953
641313,Tim Anderson,0.5366,0.4369,0.1207,0.0969,0.3103,97.3,0.2104,0.0443,0.1244
642136,Matt Thaiss,0.4417,0.4224,0.032,0.1173,0.3019,91.9,0.2521,0.1146,0.1476
676572,Eric Wagaman,0.1878,0.1962,0.0229,0.051,0.2848,80.4,0.2392,0.0689,0.1444
621028,Kevin Newman,0.3282,0.3027,0.0611,0.0439,0.2942,83.3,0.134,0.0571,0.1038
665155,Nick Maton,0.3671,0.3194,0.0322,0.0788,0.2978,90.1,0.2548,0.1046,0.1387
542194,Christian Bethancourt,0.421,0.4562,0.0463,0.1276,0.2949,89.5,0.2451,0.0495,0.1589
669398,Gage Workman,0.1743,0.1676,0.0465,0.0367,0.262,65.4,0.3259,0.062,0.1272
686482,Logan Driscoll,0.1688,0.1664,0.0114,0.0381,0.2577,66.6,0.2794,0.0629,0.1152
669087,Sam Huff,0.44,0.4856,0.0171,0.1632,0.2953,88.6,0.3254,0.0696,0.1792
681962,Vinny Capra,0.2616,0.2371,0.0314,0.0424,0.2953,86.9,0.227,0.0877,0.1206
665839,Enmanuel Valdez,0.3693,0.3781,0.0352,0.1032,0.3079,93.6,0.2302,0.0795,0.1719
680577,DaShawn Keirsey Jr.,0.1789,0.169,0.0559,0.0353,0.2683,70.2,0.2834,0.0634,0.1197
572191,Michael A. Taylor,0.4063,0.4156,0.0853,0.1093,0.29,82.9,0.2874,0.0701,0.1424
666165,Blake Sabol,0.3382,0.3351,0.0379,0.0834,0.2891,82.5,0.2902,0.0804,0.1388
666464,Jerar Encarnacion,0.272,0.2901,0.0224,0.091,0.2945,85.4,0.3414,0.0785,0.1653
593160,Whit Merrifield,0.5041,0.4105,0.1721,0.0819,0.3027,91.5,0.1628,0.064,0.1221
607680,Kevin Pillar,0.4484,0.4827,0.0682,0.1333,0.2951,87.7,0.2189,0.047,0.1629
671221,Drew Waters,0.439,0.4211,0.1157,0.0973,0.3021,89.6,0.2981,0.0818,0.1503
672359,Tirso Ornelas,0.1843,0.1774,0.0161,0.0395,0.2799,79.7,0.2256,0.0766,0.1192
624415,Cavan Biggio,0.4709,0.4041,0.0523,0.1027,0.312,98.9,0.2603,0.1281,0.1441
656248,Sean Bouchard,0.3088,0.2998,0.0454,0.0861,0.3339,98.1,0.2627,0.0963,0.1904
805373,Nacho Alvarez Jr.,0.2712,0.2263,0.0487,0.0357,0.2829,76.9,0.2178,0.0924,0.0898
685133,Wade Meckler,0.2715,0.236,0.0344,0.0394,0.3089,97.2,0.2256,0.091,0.1119
663609,Luken Baker,0.3019,0.3276,0.0073,0.1101,0.3037,93.4,0.2662,0.082,0.1841
666703,Eguy Rosario,0.3703,0.3601,0.0813,0.0886,0.3013,93.9,0.2349,0.0773,0.1544
647351,Abraham Toro,0.4705,0.4551,0.0533,0.1157,0.3155,102.8,0.1758,0.0836,0.1562
656896,Emmanuel Rivera,0.4551,0.4715,0.0297,0.1213,0.3103,96.4,0.2198,0.0693,0.1601
682868,Bryan Ramos,0.1826,0.1915,0.0182,0.0562,0.2816,78.8,0.236,0.0654,0.1438
670276,Cal Stevenson,0.2699,0.2251,0.0706,0.0454,0.3018,92.8,0.2389,0.1232,0.1213
660766,Juan Yepez,0.5018,0.5476,0.0226,0.1739,0.3255,106.9,0.2153,0.0776,0.1962
670869,Livan Soto,0.2442,0.2146,0.0304,0.0334,0.2724,72.0,0.2321,0.0807,0.0977
676070,Jacob Amaya,0.3239,0.2952,0.0285,0.0622,0.282,77.2,0.2284,0.0907,0.119
519203,Anthony Rizzo,0.5626,0.5848,0.0392,0.1839,0.3373,118.0,0.189,0.096,0.1928
678894,Liover Peguero,0.3234,0.3238,0.0803,0.0652,0.2767,71.6,0.2313,0.0567,0.1194
674441,Jacob Hurtubise,0.2794,0.2169,0.0858,0.0336,0.2937,79.7,0.2296,0.1025,0.0957
683021,Michael Stefanic,0.4439,0.3816,0.0452,0.059,0.3165,102.3,0.1426,0.0926,0.1031
676116,Ryan Noda,0.401,0.3477,0.0355,0.117,0.3124,101.6,0.3267,0.1279,0.1765
672478,Jordan Diaz,0.3475,0.3739,0.012,0.0954,0.2966,93.7,0.1899,0.0489,0.1479
671083,Buddy Kennedy,0.3478,0.3193,0.0344,0.0662,0.302,90.0,0.2381,0.0977,0.1348
444482,David Peralta,0.4577,0.4739,0.027,0.1049,0.3154,100.5,0.2054,0.0744,0.1502
607732,Jacob Stallings,0.4073,0.3828,0.016,0.079,0.3011,82.2,0.2206,0.0881,0.1252
702358,Trey Lipscomb,0.3855,0.3831,0.0789,0.0697,0.2811,76.2,0.1986,0.0485,0.112
641511,Jason Delay,0.2979,0.2763,0.0318,0.0463,0.2672,65.2,0.2553,0.0628,0.1109
641645,Luis Guillorme,0.4275,0.3556,0.0394,0.0421,0.3078,97.1,0.1717,0.11,0.093
543685,Anthony Rendon,0.56,0.5139,0.0405,0.1301,0.3385,117.0,0.1734,0.1125,0.1664
621466,DJ Stewart,0.3868,0.3894,0.0206,0.1308,0.3134,99.5,0.2832,0.1191,0.1761
608671,Travis Jankowski,0.4163,0.3323,0.142,0.0406,0.2962,89.9,0.2061,0.113,0.0856
682927,Ronny Simon,0.1751,0.169,0.0437,0.0361,0.272,74.5,0.2326,0.0638,0.1274
608596,Tom Murphy,0.4341,0.4527,0.022,0.1387,0.3056,97.9,0.2881,0.0939,0.1679
642197,Jamie Westbrook,0.1962,0.1878,0.011,0.0466,0.3095,97.2,0.1902,0.0832,0.1463
678545,Osleivis Basabe,0.2449,0.2299,0.0422,0.026,0.2785,80.0,0.1736,0.057,0.0962
642020,Chuckie Robinson,0.1698,0.1688,0.0152,0.0419,0.2778,72.0,0.2483,0.0645,0.1338
623520,David Bote,0.364,0.3673,0.027,0.0994,0.2999,90.2,0.2572,0.0815,0.1522
605204,J.D. Davis,0.4667,0.4746,0.0172,0.1348,0.3176,104.6,0.2978,0.1,0.1625
657247,Brian O'Keefe,0.1858,0.1893,0.0118,0.0551,0.2795,79.2,0.2885,0.0802,0.1516
680716,Jonathan Ornelas,0.2505,0.2199,0.038,0.0374,0.2649,68.3,0.245,0.061,0.097
658668,Edward Olivares,0.4646,0.4882,0.0928,0.1274,0.3185,100.9,0.1916,0.0668,0.1628
700652,Kenny Piper,0.1935,0.1916,0.0172,0.054,0.2512,62.4,0.3088,0.0747,0.1244
672744,Alexander Canario,0.2877,0.3039,0.0364,0.1003,0.2926,86.3,0.2963,0.0703,0.1806
645305,Ali Sánchez,0.3234,0.3075,0.0287,0.0597,0.2796,75.9,0.2311,0.0716,0.1096
663527,Tyler Nevin,0.4446,0.4464,0.0218,0.1227,0.3094,98.0,0.2221,0.089,0.1544
571912,Luke Maile,0.3883,0.3577,0.0358,0.0758,0.2807,74.8,0.28,0.0883,0.1192
592325,Ben Gamel,0.2762,0.254,0.028,0.054,0.308,97.3,0.2623,0.1133,0.1347
656541,Sam Hilliard,0.4654,0.4758,0.0858,0.152,0.3081,83.7,0.3161,0.0908,0.1855
686531,Andre Lipcius,0.2596,0.2432,0.0243,0.0551,0.2977,90.0,0.212,0.0925,0.1297
669222,Nick Senzel,0.4367,0.4213,0.0869,0.1028,0.3053,90.3,0.1976,0.0809,0.1422
805834,Javi Vaz,0.2039,0.1723,0.0354,0.022,0.2785,74.0,0.1592,0.0834,0.0896
660636,Diego Castillo,0.2645,0.2517,0.0357,0.0551,0.2955,86.9,0.1958,0.0869,0.1302
677578,Carlos Rodríguez,0.1798,0.1592,0.0332,0.0218,0.2749,72.2,0.2023,0.0692,0.0949
665856,Jair Camargo,0.2503,0.2682,0.0173,0.0797,0.2604,64.6,0.3353,0.0505,0.1437
668853,Austin Shenton,0.2776,0.2706,0.0083,0.076,0.2987,95.6,0.3044,0.0935,0.1572
572138,Jon Singleton,0.3475,0.3384,0.0114,0.105,0.3053,95.2,0.2994,0.133,0.1649
502110,J.D. Martinez,0.5244,0.5826,0.0072,0.1728,0.3284,109.3,0.2674,0.0872,0.195
675448,Blake Hunt,0.1642,0.1641,0.0116,0.0385,0.2593,69.0,0.2775,0.0639,0.1221
823356,Payton Eeles,0.4687,0.4018,0.1504,0.0781,0.3185,107.2,0.1991,0.0966,0.1319
672779,Tucupita Marcano,0.4242,0.3766,0.0839,0.0649,0.2951,86.5,0.1803,0.0875,0.1131
682239,Luke Ritter,0.1749,0.1684,0.0128,0.0473,0.258,64.5,0.336,0.0819,0.1251
663662,Daz Cameron,0.3569,0.3462,0.0822,0.0881,0.2939,89.2,0.2718,0.0777,0.1474
694355,Tyler Gentry,0.2743,0.256,0.0292,0.062,0.2967,86.2,0.2751,0.0872,0.1367
669374,Keston Hiura,0.3094,0.3263,0.0267,0.1092,0.3184,98.5,0.3256,0.0795,0.1942
641943,Joshua Palacios,0.3817,0.375,0.0631,0.0939,0.3136,96.4,0.2225,0.0771,0.1477
660757,Oscar Gonzalez,0.2851,0.3277,0.0147,0.0904,0.3141,102.7,0.2206,0.0413,0.1781
801670,Mike Boeve,0.4371,0.4223,0.0276,0.0906,0.3089,98.0,0.2196,0.0816,0.1326
702789,Austin Gauthier,0.212,0.1731,0.0266,0.0258,0.2856,81.0,0.2379,0.1136,0.0956
665846,Jesús Bastidas,0.1855,0.1807,0.0263,0.0465,0.2824,80.4,0.26,0.0696,0.1347
691627,Ricardo Olivar,0.2516,0.2297,0.0216,0.0477,0.2642,66.3,0.2646,0.0833,0.1057
681123,Luca Tresh,0.2061,0.2017,0.011,0.0491,0.2844,78.3,0.2437,0.0774,0.1317
670223,Matt Mervis,0.3774,0.4038,0.0167,0.124,0.2973,88.5,0.2569,0.078,0.1677
649557,Aledmys Díaz,0.4486,0.4558,0.0215,0.1131,0.2977,92.0,0.186,0.0584,0.1462
685332,Carlos Mendoza,0.1622,0.1273,0.0348,0.012,0.2628,66.3,0.2029,0.0989,0.0671
669137,Armando Alvarez,0.188,0.1911,0.019,0.0503,0.2885,85.2,0.2224,0.07,0.1493
675915,David Bañuelos,0.1681,0.1682,0.0138,0.0452,0.2548,61.7,0.3373,0.062,0.1322
687627,Kody Huff,0.2289,0.2111,0.0214,0.0379,0.2454,55.1,0.267,0.0695,0.0893
672613,Eliezer Alfonzo,0.1644,0.1618,0.0118,0.0309,0.2663,68.5,0.1347,0.0528,0.0982
691907,Tsung-Che Cheng,0.1931,0.1739,0.0437,0.0282,0.2672,65.6,0.2258,0.0763,0.0988
694410,LuJames Groover,0.2764,0.2732,0.0275,0.0629,0.2819,75.8,0.2046,0.0624,0.1237
571466,Tucker Barnhart,0.3693,0.3338,0.0231,0.0579,0.274,73.6,0.2594,0.0844,0.1006
680709,Nick Dunn,0.1753,0.1562,0.0116,0.0224,0.2875,84.7,0.1524,0.0835,0.0962
687152,Darrien Miller,0.1649,0.1452,0.0117,0.0318,0.252,57.2,0.2773,0.0883,0.1035
595281,Kevin Kiermaier,0.4193,0.4024,0.0962,0.0858,0.29,86.1,0.2536,0.0696,0.1388
660613,Ronaldo Hernández,0.1976,0.2085,0.0087,0.0584,0.3,88.3,0.2095,0.0504,0.1642
681526,Bryan Lavastida,0.2665,0.246,0.0597,0.0557,0.2837,81.7,0.2335,0.0833,0.1257
690961,Enrique Bradfield Jr.,0.453,0.3724,0.2964,0.0645,0.2913,90.4,0.1987,0.0842,0.1054
687957,Dustin Harris,0.2825,0.2627,0.0771,0.0658,0.2988,91.7,0.2356,0.0796,0.1448
664314,Estevan Florial,0.4669,0.457,0.1346,0.1345,0.3002,92.2,0.318,0.0954,0.1663
682616,Diego Cartaya,0.1773,0.1786,0.0089,0.0534,0.2645,66.9,0.3075,0.0752,0.1461
687478,Cam Devanney,0.1771,0.169,0.0175,0.0368,0.2736,71.0,0.254,0.0738,0.1248
605361,Nick Martini,0.2782,0.2759,0.0168,0.0739,0.3161,93.9,0.2457,0.1019,0.1466
702331,Noah Mendlinger,0.1954,0.1625,0.0225,0.0157,0.2817,79.4,0.1716,0.0904,0.0793
694478,Michael Turner,0.2282,0.1957,0.0188,0.0303,0.271,71.5,0.2313,0.1022,0.0874
682192,Paul McIntosh,0.3165,0.2995,0.0297,0.0769,0.2875,79.8,0.2517,0.0919,0.1363
624513,Dom Nuñez,0.2535,0.2374,0.0145,0.0649,0.2706,67.8,0.3123,0.1085,0.1347
696281,Wyatt Young,0.1934,0.162,0.0301,0.0197,0.276,77.2,0.2262,0.0918,0.0843
650907,René Pinto,0.416,0.4448,0.0277,0.1295,0.2826,81.8,0.3112,0.053,0.1626
656883,Jakson Reetz,0.1824,0.181,0.013,0.0523,0.2787,75.4,0.2961,0.0747,0.1529
681333,Dru Baker,0.2042,0.1873,0.073,0.0343,0.2765,80.1,0.269,0.067,0.1128
642727,Sergio Alcántara,0.251,0.2236,0.0239,0.0415,0.2867,80.8,0.2508,0.1015,0.1134
641779,Charles Leblanc,0.1911,0.1786,0.0176,0.0437,0.2894,81.3,0.3122,0.0909,0.138
680769,CJ Alexander,0.2587,0.2725,0.0342,0.0757,0.2758,73.1,0.2756,0.0546,0.1552
807727,Charles McAdoo,0.2609,0.2546,0.0411,0.0626,0.2621,64.5,0.2591,0.0648,0.1143
664901,Danny Mendick,0.4121,0.3874,0.0595,0.0876,0.2895,84.6,0.2148,0.077,0.1233
685382,Andrew Navigato,0.179,0.1739,0.0375,0.0406,0.2828,80.0,0.2275,0.0637,0.131
692416,Christian Cerda,0.1903,0.1606,0.0155,0.0282,0.2425,51.0,0.271,0.0967,0.0839
642180,Tyler Wade,0.4007,0.3368,0.2155,0.0494,0.2763,76.5,0.2404,0.0848,0.0951
682900,Brainer Bonaci,0.1722,0.1591,0.0255,0.0284,0.2639,62.6,0.2303,0.0703,0.0984
682983,Jud Fabian,0.2643,0.2561,0.0515,0.076,0.2786,78.4,0.3418,0.0932,0.148
672463,Rafael Lantigua,0.1832,0.1575,0.0349,0.0251,0.2853,80.0,0.2242,0.088,0.1082
670232,Ramón Rodríguez,0.1698,0.164,0.0174,0.0347,0.2617,64.3,0.1843,0.0631,0.1044
699024,Leo Bernal,0.1596,0.155,0.0174,0.0334,0.2324,45.9,0.2422,0.0576,0.0949
660707,Elehuris Montero,0.3806,0.4231,0.0135,0.1307,0.328,97.8,0.2557,0.0708,0.1969
680846,Pablo Aliendo,0.1672,0.1667,0.013,0.0427,0.2519,58.6,0.2951,0.0619,0.113
686523,Peyton Wilson,0.2029,0.1816,0.0392,0.0305,0.2788,74.3,0.2328,0.0714,0.1061
666632,Yonathan Perlaza,0.2004,0.197,0.0234,0.0546,0.3014,92.2,0.2508,0.0844,0.1584
682692,Miguel Palma,0.1656,0.1591,0.0142,0.0354,0.247,56.2,0.2615,0.0627,0.1052
688682,Cooper Bowman,0.1946,0.1701,0.0782,0.0331,0.2567,66.2,0.2692,0.0773,0.1009
672373,Jeferson Morales,0.173,0.1631,0.0188,0.035,0.2606,64.6,0.2463,0.0695,0.1159
676063,Shane McGuire,0.1821,0.1521,0.0183,0.0238,0.2602,68.7,0.242,0.0973,0.0819
681355,Andrew Cossetti,0.2439,0.2218,0.0192,0.0514,0.2667,68.0,0.2942,0.0951,0.1203
700784,Jeron Williams,0.4175,0.3826,0.1633,0.0711,0.2755,78.4,0.2104,0.0599,0.1178
669392,Samad Taylor,0.3534,0.3158,0.1493,0.0682,0.2952,89.8,0.2698,0.0914,0.1344
686639,Jack Dunn,0.1687,0.1421,0.0351,0.0237,0.2736,72.1,0.2194,0.0928,0.0912
608841,Joey Meneses,0.3982,0.4473,0.0093,0.118,0.3206,103.6,0.2201,0.0626,0.1727
671287,Phil Clarke,0.1763,0.1532,0.0145,0.0266,0.2739,73.6,0.1895,0.0855,0.1014
643393,Tony Kemp,0.4892,0.3761,0.0939,0.0719,0.3111,101.5,0.1312,0.0986,0.1167
703520,Brett Bateman,0.2462,0.2095,0.0599,0.0308,0.263,65.8,0.2465,0.0854,0.0847
702463,Aaron McKeithan,0.1884,0.1727,0.0129,0.0292,0.2576,61.9,0.2121,0.0692,0.0874
682617,Marco Luciano,0.252,0.2452,0.0225,0.0621,0.2725,73.2,0.2854,0.0788,0.128
622268,Donovan Walton,0.265,0.2452,0.0257,0.0488,0.2945,89.0,0.1759,0.081,0.1245
701496,Ben Cowles,0.1654,0.1536,0.0273,0.0283,0.2431,53.0,0.3001,0.0633,0.093
675659,Greg Jones,0.2594,0.2468,0.1076,0.0596,0.2733,71.3,0.34,0.0654,0.1269
665998,Ismael Munguia,0.1851,0.1754,0.0371,0.0346,0.2856,82.5,0.1556,0.0513,0.1137
664670,Alejo Lopez,0.271,0.2298,0.0418,0.0294,0.3067,92.3,0.1507,0.0854,0.097
677954,Jordan Groshans,0.2526,0.2289,0.0115,0.0347,0.2973,87.4,0.1966,0.0908,0.1076
801501,Nate Furman,0.2448,0.2063,0.0535,0.0272,0.2721,72.6,0.1892,0.0892,0.0745
647378,Andy Yerzy,0.19,0.1911,0.016,0.0607,0.283,74.9,0.2859,0.0921,0.159
807747,Rikuu Nishida,0.3836,0.3124,0.114,0.0263,0.2898,87.6,0.1564,0.0934,0.0721
543063,Brandon Crawford,0.4431,0.4544,0.0393,0.1103,0.3039,93.8,0.228,0.0846,0.1462
690474,Tommy Sacco Jr.,0.2439,0.2154,0.0449,0.0416,0.2548,61.1,0.2741,0.0884,0.0983
668791,Anthony Prato,0.1743,0.1432,0.0272,0.0202,0.2754,75.1,0.2599,0.0932,0.0972
572204,Trayce Thompson,0.2862,0.3073,0.0286,0.1059,0.2991,90.8,0.3495,0.0967,0.1908
670237,Jake Slaughter,0.177,0.1709,0.0389,0.0408,0.2716,71.9,0.2844,0.0613,0.1225
650619,Meibrys Viloria,0.3256,0.2861,0.0328,0.0626,0.283,80.4,0.3008,0.1134,0.1158
694966,Brayden Taylor,0.4338,0.4114,0.098,0.1102,0.2855,88.6,0.3107,0.092,0.1475
680911,Owen Miller,0.4246,0.4229,0.0483,0.0842,0.2968,84.9,0.2171,0.0645,0.1277
668751,Cal Mitchell,0.3609,0.3742,0.046,0.0994,0.3135,98.8,0.2202,0.0677,0.1631
666801,Rodolfo Castro,0.4519,0.4907,0.0541,0.1531,0.3013,88.1,0.262,0.0716,0.1792
681433,Noah Cardenas,0.19,0.1588,0.024,0.0281,0.2604,64.7,0.2552,0.1016,0.0905
596129,Daniel Vogelbach,0.5295,0.4957,0.0139,0.1651,0.3367,115.5,0.2411,0.1465,0.1857
675910,Chris Williams,0.1834,0.179,0.0122,0.0562,0.2727,73.3,0.3448,0.0968,0.1527
681584,David Villar,0.3617,0.3748,0.0211,0.1186,0.3116,99.2,0.2948,0.0889,0.1825
671117,Darren Baker,0.1876,0.1628,0.0544,0.0121,0.2797,76.4,0.192,0.0632,0.079
699073,Thayron Liranzo,0.2415,0.2282,0.013,0.0626,0.2598,63.3,0.3084,0.093,0.1289
493329,Yuli Gurriel,0.4629,0.4711,0.0376,0.095,0.314,100.1,0.1479,0.0725,0.136
680837,Ryan Fitzgerald,0.1806,0.1712,0.0184,0.0377,0.2838,76.6,0.2586,0.075,0.1394
542364,Rafael Ortega,0.4175,0.3295,0.1135,0.0837,0.3051,94.2,0.2264,0.1067,0.1367
657709,Michael Papierski,0.1737,0.1492,0.0101,0.0304,0.2786,78.7,0.2437,0.1124,0.108
682774,Andrick Nava,0.1885,0.173,0.0141,0.033,0.2487,54.1,0.2294,0.0725,0.093
678900,Alexander Ovalles,0.1813,0.1745,0.0232,0.0445,0.2753,74.8,0.2627,0.0796,0.1303
679563,José Rodríguez,0.263,0.2679,0.0812,0.0643,0.2805,76.7,0.1774,0.045,0.1291
702261,Termarr Johnson,0.2581,0.2266,0.0368,0.0511,0.2791,73.0,0.2795,0.1157,0.1126
663897,Luke Williams,0.2643,0.2393,0.0939,0.0454,0.2788,75.8,0.264,0.0777,0.1161
594807,Adam Duvall,0.4798,0.5553,0.0241,0.196,0.301,88.6,0.3068,0.0671,0.2062
667452,Corey Julks,0.3635,0.3575,0.0798,0.0923,0.2967,90.2,0.2477,0.0795,0.1497
680868,Patrick Winkel,0.1907,0.1851,0.0119,0.042,0.2624,66.0,0.2914,0.0725,0.1126
680672,Luke Waddell,0.1797,0.1546,0.0311,0.0222,0.2804,75.2,0.175,0.0779,0.102
670250,Eli Wilson,0.1681,0.1616,0.0211,0.0357,0.2599,60.2,0.262,0.0729,0.1092
681230,BJ Murray,0.2039,0.1862,0.0288,0.0426,0.2823,80.0,0.2672,0.0968,0.1192
694175,Pedro León,0.2672,0.2467,0.0833,0.064,0.2745,75.1,0.323,0.0874,0.1317
701298,Phillip Glasser,0.4042,0.3573,0.0776,0.051,0.2926,86.4,0.1894,0.0782,0.0985
676701,Alan Trejo,0.4306,0.4465,0.0497,0.1106,0.2966,77.5,0.2352,0.0536,0.1568
801076,Justin Wishkoski,0.3978,0.3696,0.065,0.0706,0.2819,81.5,0.212,0.0688,0.1119
678760,Eddys Leonard,0.2609,0.2609,0.0239,0.0618,0.2839,80.4,0.2426,0.0604,0.1369
668800,Andrew Knizner,0.4113,0.4059,0.0256,0.0983,0.2919,85.4,0.2255,0.078,0.1336
682947,Jose Ramos,0.1853,0.1912,0.0151,0.0567,0.2678,68.8,0.3204,0.0645,0.1442
688005,Francisco Urbaez,0.1815,0.1642,0.0193,0.0265,0.2967,81.5,0.1957,0.0783,0.1089
592200,Curt Casali,0.3306,0.3063,0.0191,0.0763,0.2868,80.1,0.2755,0.1027,0.1276
641468,Gavin Collins,0.1776,0.174,0.0137,0.0432,0.2745,75.4,0.2438,0.0749,0.1286
664926,Nick Dini,0.1852,0.1798,0.0194,0.0512,0.2839,84.0,0.2503,0.0838,0.1455
595909,Jake Cave,0.4368,0.4367,0.0529,0.1099,0.303,89.0,0.2865,0.0733,0.1576
669450,Cooper Hummel,0.4671,0.4043,0.0783,0.1014,0.3077,97.6,0.2756,0.1237,0.1485
624417,Bryson Brigman,0.171,0.156,0.0256,0.0213,0.277,74.4,0.2047,0.0679,0.0945
593934,Miguel Sanó,0.4975,0.5476,0.0272,0.2021,0.3186,103.9,0.3427,0.1004,0.2158
668721,Payton Henry,0.3273,0.3222,0.0207,0.0784,0.2803,75.8,0.2796,0.067,0.128
688367,Tucker Mitchell,0.1864,0.1778,0.0182,0.0436,0.2361,48.9,0.3036,0.0656,0.1023
664119,Austin Allen,0.3451,0.3734,0.0153,0.1138,0.2891,84.1,0.2659,0.0604,0.1645
683494,Euribiel Angeles,0.1551,0.1475,0.0297,0.0186,0.2542,64.1,0.1686,0.0407,0.0783
553882,Omar Narváez,0.4169,0.3951,0.0167,0.0861,0.3,90.9,0.2043,0.094,0.1226
666712,Roberto Alvarez,0.163,0.1521,0.019,0.0248,0.2602,65.9,0.2212,0.0617,0.0943
687347,Vito Friscia,0.1767,0.1577,0.0163,0.0359,0.2728,71.3,0.2969,0.1011,0.1154
681080,Caleb Ricketts,0.2403,0.2285,0.0198,0.0482,0.2542,56.5,0.2318,0.0612,0.1015
656024,Carlos Pérez,0.2584,0.2696,0.0127,0.0691,0.2905,84.4,0.1349,0.0568,0.1459
681439,Zach Morgan,0.229,0.2074,0.0266,0.037,0.2539,60.2,0.2399,0.0784,0.0942
692368,Adrián Sugastey,0.1737,0.1694,0.0127,0.0267,0.241,52.3,0.2063,0.0471,0.0858
543305,Aaron Hicks,0.4853,0.4382,0.0589,0.1158,0.3142,101.4,0.2394,0.1283,0.1468
694304,Cole Fontenelle,0.2551,0.2502,0.0657,0.0654,0.2531,58.2,0.2924,0.0551,0.1174
676919,Brent Diaz,0.1744,0.1698,0.0213,0.0407,0.2685,68.3,0.2933,0.0688,0.1237
687005,Kellen Strahm,0.1745,0.1496,0.0282,0.0276,0.2754,75.6,0.2773,0.0958,0.1042
641884,Dominic Miroglio,0.1718,0.1623,0.0164,0.0362,0.2791,75.2,0.2249,0.0807,0.1266
670394,Ryan Gold,0.1793,0.1726,0.0189,0.0435,0.2714,70.5,0.2832,0.0779,0.1352
663526,Kole Cottam,0.1759,0.1653,0.0188,0.0339,0.2772,73.6,0.3056,0.0742,0.1263
685076,Jack Blomgren,0.1745,0.1534,0.0385,0.025,0.2766,64.0,0.2491,0.072,0.1001
665782,Luis De Los Santos,0.1736,0.1695,0.0173,0.0382,0.261,64.5,0.2444,0.0561,0.1173
695596,Nick Raposo,0.1685,0.1626,0.0115,0.035,0.2738,75.2,0.2385,0.0736,0.1185
542208,Carlos Pérez,0.4453,0.4786,0.0122,0.1495,0.2941,84.6,0.2103,0.0714,0.1705
657675,Rudy Martin Jr.,0.1895,0.1728,0.0456,0.0437,0.2866,80.8,0.3039,0.0996,0.1315
676044,Bob Seymour,0.2168,0.2285,0.014,0.07,0.2784,81.4,0.3099,0.0676,0.1439
665180,Ruben Cardenas,0.1986,0.2074,0.0261,0.0633,0.2959,91.5,0.282,0.0679,0.1685
663796,Coco Montes,0.2694,0.2678,0.0324,0.0617,0.2999,80.5,0.2647,0.0683,0.1479
691558,Yeiner Fernandez,0.1991,0.1811,0.0176,0.0306,0.2635,66.2,0.1876,0.0694,0.0936
683490,J.J. D'Orazio,0.1843,0.1756,0.0117,0.0289,0.2489,54.2,0.2461,0.0606,0.092
695299,Terrell Tatum,0.1886,0.1609,0.0607,0.0322,0.2634,66.7,0.3185,0.101,0.1002
660686,Jason Lopez,0.1757,0.1661,0.0238,0.0403,0.2683,68.2,0.2909,0.0851,0.1268
691369,Allan Castro,0.1666,0.1545,0.024,0.032,0.2335,40.8,0.2871,0.0648,0.0965
656340,Brett Cumberland,0.1772,0.1635,0.0192,0.0439,0.276,74.2,0.3262,0.0941,0.1307
680519,Mario Camilletti,0.2313,0.187,0.0206,0.0254,0.2702,71.0,0.2352,0.1148,0.0741
694196,Diego Velasquez,0.2318,0.2037,0.0462,0.0234,0.2589,63.6,0.2075,0.0665,0.0797
695930,Frederick Bencosme,0.1592,0.1427,0.0374,0.02,0.2444,54.2,0.1876,0.0568,0.0762
542963,Rob Brantly,0.247,0.2342,0.0152,0.0443,0.2848,81.9,0.1993,0.0635,0.1148
703245,Andres Sosa,0.1892,0.1641,0.0165,0.0315,0.258,64.1,0.2836,0.0895,0.1009
686810,Brennan Milone,0.1929,0.1799,0.0175,0.0372,0.2572,66.6,0.2373,0.07,0.0954
665506,Cristian Pache,0.4104,0.4071,0.0631,0.0999,0.2857,80.5,0.2753,0.072,0.1415
676198,Chase Pinder,0.186,0.1629,0.0234,0.0381,0.2911,85.0,0.2673,0.1123,0.1267
666194,Cooper Johnson,0.1582,0.1431,0.0124,0.0336,0.2316,45.0,0.3291,0.084,0.0915
668663,Tres Barrera,0.3225,0.3103,0.0213,0.0694,0.2769,75.5,0.2338,0.0838,0.1186
681623,Ronaiker Palma,0.1645,0.153,0.0216,0.0235,0.2597,48.6,0.1702,0.0478,0.0892
665482,Gilberto Celestino,0.3448,0.3144,0.0411,0.0622,0.2988,90.4,0.2242,0.0925,0.1226
624503,Nick Gordon,0.4243,0.4327,0.0993,0.0927,0.2968,89.5,0.2267,0.0511,0.1401
678594,Randy Florentino,0.1586,0.1528,0.0176,0.0313,0.2428,52.7,0.2613,0.0651,0.1008
666143,Joe Rizzo,0.1852,0.1895,0.0124,0.049,0.287,82.1,0.2374,0.0651,0.1423
669023,Jeter Downs,0.2649,0.2502,0.0696,0.0717,0.2784,75.0,0.2962,0.0839,0.1468
657739,Jamie Ritchie,0.1454,0.1191,0.0122,0.0168,0.2911,84.1,0.2172,0.1133,0.0942
631222,Michael De La Cruz,0.171,0.1544,0.0188,0.0289,0.2754,74.9,0.2373,0.0916,0.1146
683233,Douglas Hodo III,0.2509,0.2122,0.0915,0.0436,0.2509,59.3,0.3297,0.0887,0.0948
675394,Johnny Olmstead,0.3831,0.3731,0.0572,0.0719,0.2749,73.1,0.2119,0.0569,0.1145
694197,Angel Genao,0.1486,0.1369,0.0263,0.0188,0.2229,39.8,0.2332,0.0611,0.0643
663503,Elih Marrero,0.1691,0.1465,0.0467,0.0247,0.2633,62.1,0.2595,0.0851,0.0964
605113,Nick Ahmed,0.3927,0.3787,0.0616,0.0731,0.2802,76.8,0.2245,0.0666,0.1247
691024,Cayden Wallace,0.1951,0.1889,0.0297,0.0398,0.2647,64.4,0.2346,0.0587,0.1133
664029,Mark Mathias,0.2683,0.2554,0.0505,0.0599,0.3015,86.9,0.2648,0.0947,0.1381
666124,Luke Berryhill,0.1737,0.1603,0.0181,0.0398,0.2708,71.9,0.3504,0.0906,0.1279
665922,Símon Muzziotti,0.179,0.1662,0.0367,0.0298,0.283,77.4,0.2048,0.0711,0.1128
661411,Lorenzo Cedrola,0.1815,0.173,0.043,0.0305,0.291,83.7,0.172,0.0469,0.1174
642336,Francisco Mejía,0.4198,0.4449,0.0177,0.1089,0.2969,92.3,0.2116,0.0527,0.1536
681581,Andy Weber,0.1686,0.1534,0.0157,0.0192,0.2704,69.6,0.2577,0.0656,0.0959
670427,Camden Duzenack,0.1743,0.1748,0.0238,0.0396,0.2676,67.5,0.2507,0.0527,0.1284
663760,Cadyn Grenier,0.1685,0.1403,0.0293,0.0241,0.268,70.3,0.2897,0.1021,0.0994
660829,Hoy Park,0.4283,0.3553,0.0762,0.0757,0.2938,87.3,0.2561,0.1201,0.1166
687144,Corey Joyce,0.1662,0.1431,0.0267,0.0264,0.2664,69.0,0.2653,0.0877,0.0996
670092,Trenton Brooks,0.1879,0.1746,0.0162,0.0425,0.3016,94.4,0.2166,0.0981,0.1457
668832,Kyle McCann,0.2337,0.238,0.013,0.0698,0.2526,61.7,0.3683,0.0801,0.1285
670712,Mike Brosseau,0.4539,0.4566,0.0336,0.131,0.2943,85.7,0.2745,0.0778,0.1532
668876,Zach Humphreys,0.193,0.1676,0.0378,0.0316,0.2712,71.2,0.2629,0.0967,0.1059
672733,Marcos Gonzalez,0.174,0.169,0.0187,0.0349,0.273,73.3,0.2634,0.0607,0.1201
664057,Andrew Stevenson,0.2606,0.2488,0.0602,0.0531,0.3015,91.3,0.2586,0.0671,0.1334
685274,Braiden Ward,0.2067,0.1745,0.099,0.0292,0.2732,58.5,0.2618,0.0617,0.0942
678323,Allan Cerda,0.188,0.1859,0.0198,0.0603,0.2843,75.1,0.3489,0.0924,0.169
806394,Robert Brooks,0.3894,0.3843,0.0345,0.0984,0.2606,67.9,0.3231,0.0688,0.1252
804596,Matt Donlan,0.3949,0.3646,0.0476,0.073,0.2682,68.4,0.269,0.0739,0.1143
608339,Zach Green,0.1879,0.1948,0.0161,0.0604,0.2805,78.4,0.3545,0.0739,0.1683
656467,Chris Gittens,0.2419,0.2385,0.0247,0.0804,0.3279,110.1,0.3003,0.1177,0.1976
670281,Stevie Berman,0.1703,0.15,0.0153,0.0333,0.2733,73.3,0.2585,0.1003,0.1179
641432,Willie Calhoun,0.4084,0.4055,0.0196,0.1128,0.3233,107.0,0.1558,0.0833,0.1672
665066,Tyler Payne,0.1646,0.1612,0.012,0.0289,0.2648,66.2,0.2579,0.0533,0.114
656943,JJ Schwarz,0.1646,0.153,0.014,0.034,0.263,67.8,0.2844,0.0861,0.1116
676332,Caleb Knight,0.1625,0.1491,0.0211,0.0329,0.2491,56.8,0.2592,0.0803,0.0967
688032,Matt Scheffler,0.1603,0.1394,0.0246,0.0245,0.2522,62.8,0.2821,0.0833,0.0937
670148,Nate Mondou,0.1722,0.147,0.0178,0.0231,0.2804,79.8,0.2187,0.095,0.0997
666137,Khalil Lee,0.2815,0.2555,0.0501,0.0692,0.2966,89.4,0.3413,0.1106,0.1439
681487,Robert Emery,0.1662,0.1541,0.0182,0.032,0.2648,67.5,0.2784,0.0744,0.1102
644407,Johan Mieses,0.203,0.206,0.0223,0.0675,0.3034,91.6,0.2889,0.087,0.1835
666133,Herbert Iser,0.1637,0.1595,0.0165,0.0353,0.2483,54.2,0.2748,0.0608,0.111
696160,Jake Rucker,0.1881,0.1739,0.026,0.0279,0.2592,63.9,0.2461,0.0653,0.0994
672517,Johan Lopez,0.1664,0.1531,0.0264,0.0307,0.2555,62.6,0.2838,0.0747,0.1054
656274,D.J. Burt,0.1738,0.1457,0.0585,0.0182,0.2742,72.9,0.2339,0.0844,0.0894
686976,Silas Ardoin,0.2298,0.2018,0.0218,0.0371,0.2594,65.0,0.3206,0.0922,0.0972
663610,Daniel Amaral,0.1884,0.1798,0.0433,0.044,0.2882,77.8,0.2568,0.0743,0.1349
670149,Brady Policelli,0.1707,0.164,0.0272,0.0402,0.2632,65.5,0.2798,0.0747,0.1283
620446,Richard Urena,0.1683,0.1665,0.0213,0.0299,0.2725,71.1,0.2311,0.0455,0.1151
661531,Brian Serven,0.3195,0.3223,0.019,0.0889,0.2763,67.2,0.259,0.0671,0.149
667442,Connor Hollis,0.1715,0.1486,0.0381,0.0181,0.2784,78.1,0.2278,0.0764,0.0946
641684,Michael Hermosillo,0.3744,0.3675,0.0587,0.113,0.2975,88.6,0.2984,0.0811,0.165
657023,Tim Susnara,0.1652,0.1565,0.0187,0.037,0.2549,60.1,0.323,0.0784,0.114
624416,Ryan Boldt,0.1822,0.1782,0.0289,0.0441,0.2822,79.7,0.3013,0.0705,0.1392
680438,Robert Neustrom,0.1966,0.1946,0.03,0.053,0.2996,89.9,0.2221,0.0767,0.1572
640457,Austin Meadows,0.5227,0.5394,0.0421,0.1595,0.3323,113.5,0.197,0.0918,0.1923
663660,Jack Conley,0.1667,0.1538,0.0212,0.0331,0.2574,60.7,0.2876,0.0816,0.1131
661539,Jake Palomaki,0.1619,0.1321,0.0328,0.0123,0.2701,71.4,0.2008,0.091,0.0734
656568,Scott Hurst,0.1802,0.1612,0.0378,0.0361,0.282,78.7,0.2743,0.0966,0.1178
657066,Armond Upshaw,0.1745,0.1668,0.0358,0.0386,0.2715,70.5,0.3042,0.0726,0.1221
677007,Josh Breaux,0.1874,0.2037,0.0109,0.0651,0.2802,77.7,0.2756,0.0586,0.1709
675964,Erik Ostberg,0.1669,0.1636,0.02,0.0406,0.256,63.0,0.2992,0.0702,0.1203
656734,Evan Mendoza,0.164,0.1389,0.0358,0.0155,0.2638,66.9,0.2113,0.0807,0.0754
676017,Micael Ramirez,0.1544,0.1411,0.014,0.0234,0.2433,53.4,0.2194,0.0716,0.0821
595284,Andrew Knapp,0.2436,0.2256,0.0157,0.0484,0.2701,70.3,0.2945,0.085,0.1162
663944,Cody Roberts,0.1633,0.153,0.0133,0.0315,0.2647,65.8,0.2952,0.0745,0.111
657780,Will Toffey,0.2557,0.2339,0.0345,0.0598,0.2766,73.6,0.3556,0.1016,0.1345
682942,Alex De Jesus,0.1682,0.1581,0.0152,0.0324,0.2545,61.1,0.3072,0.0782,0.1054
676113,Zach DeLoach,0.2599,0.2489,0.0296,0.0658,0.2865,85.0,0.294,0.0856,0.1354
683735,Will Holland,0.1664,0.1479,0.0547,0.0304,0.2455,54.2,0.325,0.0728,0.1051
660614,Arquímedes Gamboa,0.1703,0.1437,0.0278,0.0244,0.2714,71.9,0.2636,0.1057,0.1002
676551,Brewer Hicklen,0.2784,0.2642,0.089,0.0782,0.289,81.0,0.3463,0.0859,0.1594
677601,Keyber Rodriguez,0.1582,0.1465,0.0279,0.0226,0.2457,54.9,0.2288,0.0537,0.0843
593993,José Briceño,0.1969,0.2054,0.0193,0.056,0.2668,67.4,0.2502,0.0518,0.1407
663630,Ryan McKenna,0.3464,0.3344,0.065,0.0871,0.2879,83.2,0.3088,0.0907,0.1404
663452,Matthew Barefoot,0.1847,0.1936,0.0274,0.0557,0.275,74.5,0.3105,0.0537,0.1516
682210,Kody Hoese,0.177,0.1792,0.0094,0.0412,0.2633,65.6,0.244,0.053,0.1211
675085,Jonathon Long,0.4489,0.4411,0.0209,0.122,0.307,97.8,0.2513,0.0943,0.1488
664051,Mitchell Tolman,0.166,0.1508,0.0204,0.0293,0.2842,80.0,0.2461,0.0825,0.1193
622666,Johan Camargo,0.3424,0.3351,0.0165,0.0818,0.305,92.3,0.2058,0.0833,0.1429
613564,Jason Vosler,0.3583,0.3755,0.0235,0.1165,0.2996,90.5,0.2616,0.082,0.17
657061,Cole Tucker,0.3227,0.2943,0.0591,0.0523,0.2775,70.7,0.2613,0.0891,0.1102
689070,Spencer Packard,0.1666,0.1557,0.0097,0.035,0.2725,78.9,0.2265,0.0797,0.1137
640459,Brian Navarreto,0.1636,0.1649,0.0104,0.0381,0.2632,64.1,0.2333,0.0604,0.1266
656403,Drew Ellis,0.2757,0.2672,0.0174,0.0774,0.297,87.9,0.2827,0.1112,0.1615
660631,Kevin Vicuña,0.1661,0.1525,0.0279,0.0176,0.2643,64.6,0.2149,0.0503,0.0872
665651,Diego Rincones,0.1935,0.2003,0.013,0.0537,0.306,95.4,0.1805,0.0598,0.1528
670298,Kramer Robertson,0.1775,0.1389,0.0378,0.023,0.283,79.1,0.2344,0.1175,0.098
656736,Kevin Merrell,0.1709,0.1617,0.0279,0.0309,0.2623,65.3,0.2276,0.0629,0.1019
641829,Jason Martin,0.2043,0.2076,0.0255,0.0641,0.3075,95.6,0.2682,0.0914,0.179
666198,Carter Kieboom,0.3392,0.3289,0.0206,0.0834,0.3042,92.3,0.2344,0.1004,0.139
673995,Davis Wendzel,0.2559,0.2523,0.0195,0.0722,0.2739,72.0,0.2699,0.0772,0.1386
614173,Franchy Cordero,0.3704,0.3693,0.0452,0.102,0.3112,96.8,0.3065,0.0927,0.1668
691006,Kevin Parada,0.2374,0.2319,0.012,0.0572,0.2567,63.0,0.3263,0.0675,0.1216
685277,Nick Kahle,0.164,0.1594,0.0137,0.0385,0.253,57.9,0.2926,0.0742,0.1185
687272,Tucker Flint,0.2021,0.1885,0.0248,0.0498,0.2616,64.4,0.338,0.0836,0.1213
681995,Eric Rodriguez,0.157,0.1537,0.02,0.0334,0.237,48.7,0.2803,0.0567,0.1025
687997,Garrett Hiott,0.1755,0.1724,0.0306,0.0431,0.2645,67.6,0.3076,0.0669,0.1232
677943,Will Banfield,0.1649,0.1738,0.0081,0.0444,0.2496,53.1,0.2701,0.0467,0.1219
685341,Ripken Reyes,0.1646,0.132,0.0302,0.0145,0.2646,69.5,0.2078,0.0773,0.0774
596059,Rougned Odor,0.3521,0.3732,0.0333,0.1142,0.2954,87.8,0.2512,0.0758,0.1682
608700,Kevin Plawecki,0.3192,0.3081,0.0161,0.0615,0.2943,86.1,0.1907,0.0724,0.1198
572287,Mike Zunino,0.311,0.3547,0.0125,0.135,0.2861,82.9,0.353,0.0757,0.1988
605421,Michael Pérez,0.3244,0.326,0.0192,0.0921,0.2723,72.1,0.2751,0.0849,0.1402
685744,Kenedy Corona,0.2596,0.249,0.0719,0.06,0.2575,63.4,0.2769,0.0622,0.1188
543939,Kolten Wong,0.4208,0.3258,0.0936,0.0762,0.3086,98.3,0.1819,0.0752,0.1343
691442,Wilfred Veras,0.2066,0.2179,0.0382,0.0594,0.2851,82.0,0.2784,0.0462,0.1509
676950,David MacKinnon,0.1957,0.1802,0.0187,0.0422,0.3089,96.4,0.2336,0.1054,0.1435
543228,Yan Gomes,0.4226,0.456,0.0211,0.1185,0.2977,89.1,0.211,0.0518,0.1511
596825,Robel García,0.1701,0.1681,0.0175,0.0479,0.2832,78.9,0.3218,0.0859,0.1539
608422,José Godoy,0.2421,0.2354,0.018,0.0499,0.272,72.7,0.2381,0.0672,0.1147
621529,Joe Hudson,0.2114,0.1967,0.0179,0.0527,0.2606,65.2,0.3195,0.0932,0.1209
802355,Tanner Schobel,0.1872,0.1702,0.027,0.0303,0.256,61.5,0.2376,0.0721,0.094
803033,Matthew Etzel,0.2124,0.1987,0.0817,0.0457,0.2625,68.5,0.276,0.0693,0.1146
641914,Sheldon Neuse,0.2571,0.2552,0.0367,0.0606,0.2885,84.1,0.2619,0.0635,0.1277
592656,Henry Ramos,0.2246,0.2207,0.027,0.0542,0.31,95.3,0.2339,0.0825,0.1432
641470,Zack Collins,0.2746,0.2519,0.02,0.0694,0.2914,84.5,0.3199,0.1222,0.1459
701162,Ben Malgeri,0.1634,0.1548,0.0302,0.0339,0.2557,61.3,0.2922,0.0665,0.1063
649955,Hendrik Clementina,0.1789,0.1868,0.0141,0.0539,0.2696,67.9,0.3191,0.0552,0.1516
642082,Chance Sisco,0.1761,0.167,0.0192,0.0427,0.2815,77.6,0.2853,0.0922,0.1374
665648,Ricardo Genovés,0.1158,0.1134,0.0066,0.0272,0.2608,67.0,0.2903,0.0711,0.1189
682796,Eddinson Paulino,0.1638,0.1503,0.0343,0.0249,0.2597,61.4,0.2402,0.065,0.1055
547379,Roberto Pérez,0.3513,0.3521,0.0309,0.1037,0.278,74.1,0.3114,0.0944,0.1405
672692,Jose Peroza,0.1468,0.1412,0.0104,0.0329,0.2615,66.4,0.2999,0.073,0.1165
667663,Hunter Stovall,0.1487,0.1382,0.0292,0.0202,0.2862,71.2,0.1914,0.0611,0.1067
592622,Mark Payton,0.1955,0.1864,0.0255,0.0437,0.3106,98.1,0.197,0.0844,0.1524
679938,Yoyner Fajardo,0.1683,0.1505,0.055,0.0225,0.2687,71.0,0.2126,0.0665,0.0888
444489,Manny Piña,0.3609,0.3753,0.0244,0.1128,0.2974,89.0,0.2149,0.0773,0.1629
663550,Trey Cabbage,0.2825,0.2951,0.0687,0.0941,0.2935,86.1,0.3691,0.072,0.1858
678962,Daniel Vellojin,0.1141,0.1051,0.0099,0.0254,0.2656,63.5,0.2743,0.0978,0.1177
702574,David Mershon,0.3474,0.316,0.0656,0.0449,0.2628,67.6,0.2494,0.0601,0.0906
543432,Ryan Lavarnway,0.1037,0.1027,0.007,0.0276,0.2859,81.0,0.267,0.0829,0.1418
679727,Lorenzo Quintana,0.1076,0.1116,0.0079,0.0298,0.293,84.9,0.2377,0.0575,0.1542
546994,C.J. Hinojosa,0.1693,0.1641,0.0157,0.0289,0.2787,77.1,0.1963,0.0583,0.1142
595751,Jorge Alfaro,0.3191,0.3425,0.038,0.0839,0.2824,77.9,0.3103,0.0451,0.1348
669309,Joe Perez,0.1429,0.1454,0.0103,0.0373,0.2871,82.3,0.2768,0.0681,0.1419
683103,Cade Doughty,0.1486,0.1498,0.0149,0.0351,0.2478,57.0,0.2825,0.049,0.1102
683454,Brayan Buelvas,0.1315,0.1277,0.0284,0.0309,0.2474,59.4,0.2692,0.0612,0.1168
675455,Milan Tolentino,0.1831,0.1642,0.0368,0.0247,0.2536,61.5,0.2924,0.078,0.0833
547181,Matt Lipka,0.1404,0.1309,0.0433,0.028,0.276,73.5,0.2925,0.0707,0.1205
660758,Sandro Fabian,0.191,0.2058,0.0137,0.0582,0.2939,87.4,0.201,0.0485,0.1675
668785,Brandon Martorano,0.1188,0.1114,0.0137,0.0286,0.2695,71.4,0.3284,0.0908,0.1295
669384,Raynel Delgado,0.1642,0.1494,0.0428,0.0272,0.2612,65.7,0.2531,0.074,0.0964
676857,Jancarlos Cintron,0.1613,0.151,0.0269,0.0183,0.268,67.2,0.1751,0.0492,0.0949
700032,Victor Labrada,0.1093,0.0997,0.0374,0.0198,0.2459,60.3,0.2948,0.0691,0.0919
680810,Quincy Hamilton,0.1848,0.1731,0.0274,0.0434,0.2744,75.2,0.2658,0.0829,0.1279
545358,Max Stassi,0.3455,0.3582,0.013,0.1054,0.287,81.7,0.2928,0.0894,0.149
607333,Beau Taylor,0.104,0.0914,0.0093,0.0201,0.2666,69.4,0.2979,0.1053,0.1065
692405,Jeremy Rivas,0.1705,0.1477,0.0428,0.014,0.2297,44.4,0.2306,0.0576,0.0581
694359,Niko Kavadas,0.2218,0.2134,0.0087,0.07,0.3002,89.2,0.3684,0.1226,0.1644
621532,Anthony Bemboom,0.2644,0.2487,0.0182,0.059,0.2683,69.3,0.2561,0.0899,0.1145
694425,Justice Bigbie,0.1918,0.1806,0.0188,0.0315,0.2759,76.0,0.2296,0.0597,0.1063
702540,Mikey Romero,0.1413,0.1421,0.0135,0.0268,0.2487,52.1,0.2349,0.042,0.1036
676939,Jimmy Herron,0.1898,0.1812,0.0426,0.0457,0.3026,80.8,0.2263,0.083,0.1484
571602,Matt Davidson,0.1189,0.1299,0.0061,0.0464,0.3123,98.1,0.3056,0.0802,0.2006
492802,Juan Graterol,0.0943,0.0894,0.0107,0.0138,0.2703,69.8,0.165,0.0527,0.0946
801471,Austin Deming,0.1339,0.1296,0.017,0.0303,0.2435,53.3,0.3135,0.0625,0.1022
703197,Michael Arroyo,0.1201,0.1101,0.0153,0.0225,0.2254,47.0,0.2967,0.0669,0.0775
571679,David Freitas,0.1052,0.0998,0.0092,0.0219,0.2899,84.5,0.2315,0.0823,0.1232
543089,Taylor Davis,0.0968,0.086,0.009,0.0143,0.2771,74.0,0.1927,0.0913,0.0955
670076,Lyle Lin,0.0884,0.0812,0.0086,0.0125,0.2219,37.9,0.2668,0.0572,0.0715
667372,Julio E. Rodriguez,0.1063,0.1068,0.0076,0.0296,0.2693,72.3,0.2748,0.074,0.1332
680756,Mat Nelson,0.1278,0.1259,0.0077,0.0336,0.2545,53.8,0.3271,0.068,0.1223
676509,Josh Crouch,0.1042,0.1013,0.0059,0.0208,0.2626,66.5,0.241,0.0615,0.1043
801126,Brock Rodden,0.1234,0.1163,0.0242,0.0196,0.244,59.6,0.2422,0.053,0.087
667749,Juan Fernandez,0.1246,0.1167,0.0155,0.0209,0.2749,74.9,0.2028,0.0676,0.1063
605512,Preston Tucker,0.1155,0.1129,0.0091,0.0294,0.2991,90.4,0.2254,0.0848,0.1511
680890,Jax Biggers,0.142,0.1226,0.0246,0.0166,0.2662,69.0,0.2171,0.0734,0.0921
672018,Dasan Brown,0.1331,0.1238,0.0377,0.0257,0.2411,50.8,0.3067,0.0581,0.0977
488726,Michael Brantley,0.3563,0.307,0.015,0.064,0.3356,116.2,0.1315,0.0827,0.1384
657193,Eddy Alvarez,0.1937,0.1728,0.0366,0.0366,0.2946,85.3,0.2696,0.0851,0.1278
687862,Cody Milligan,0.1742,0.1414,0.0538,0.0133,0.2674,66.5,0.2413,0.0834,0.077
701634,Connor Kokx,0.1445,0.127,0.0396,0.0235,0.2662,69.4,0.2581,0.0842,0.0999
673893,Trevor Schwecke,0.1697,0.1604,0.0245,0.0342,0.2624,64.0,0.2888,0.0693,0.1173
543308,John Hicks,0.1032,0.1103,0.0148,0.0316,0.2761,73.6,0.3053,0.056,0.1531
805346,Ben Ross,0.2373,0.2289,0.0458,0.053,0.2533,58.6,0.2902,0.0666,0.119
624577,Yasiel Puig,0.1255,0.1259,0.0161,0.0345,0.2999,90.2,0.25,0.0735,0.154
668558,Juan Zabala,0.1104,0.1043,0.0199,0.0197,0.231,45.8,0.2709,0.0605,0.0864
806534,Ben Gobbel,0.1321,0.1329,0.0228,0.0325,0.2494,55.6,0.281,0.0512,0.1103
669227,Kendall Simmons,0.1282,0.131,0.015,0.0346,0.2511,55.7,0.2747,0.0534,0.126
572863,Dustin Garneau,0.1834,0.1891,0.013,0.059,0.2756,73.9,0.2947,0.0787,0.1555
680753,Adam Hackenberg,0.1362,0.127,0.0108,0.0264,0.2621,65.8,0.2797,0.0734,0.1036
685313,Elijah Dunham,0.1903,0.1804,0.0481,0.0483,0.2811,79.9,0.2693,0.0823,0.1408
670870,Yunior Severino,0.2725,0.2782,0.0144,0.0804,0.284,81.0,0.3081,0.0715,0.1436
703920,Alsander Womack,0.1432,0.1297,0.0171,0.0219,0.269,70.3,0.1995,0.0767,0.0909
668833,Morgan McCullough,0.1065,0.0936,0.0184,0.0161,0.262,69.1,0.2937,0.0821,0.0985
678796,Jose Mujica,0.0892,0.0883,0.0102,0.0179,0.2282,45.7,0.242,0.0465,0.0889
592144,Wynton Bernard,0.1226,0.1143,0.0413,0.023,0.2892,79.9,0.2188,0.0631,0.1278
701158,Kobe Kato,0.1312,0.109,0.0308,0.014,0.254,58.8,0.2342,0.0842,0.0803
656308,Michael Chavis,0.3526,0.3891,0.0295,0.1202,0.2937,86.7,0.2884,0.0533,0.1702
600301,Taylor Motter,0.2022,0.196,0.013,0.0563,0.2932,85.9,0.2638,0.1038,0.1534
605612,Harold Castro,0.2939,0.2952,0.0179,0.0396,0.29,80.0,0.2086,0.0431,0.0964
805865,Guy Lipscomb,0.1057,0.0917,0.0413,0.0153,0.2635,67.8,0.2362,0.0846,0.09
670351,Jose Rojas,0.2096,0.2188,0.0201,0.066,0.2906,84.8,0.2532,0.0781,0.1658
682679,Dayan Frias,0.1795,0.1643,0.0215,0.03,0.2427,53.8,0.2705,0.0746,0.0844
621563,Joey Wendle,0.4099,0.3991,0.092,0.0641,0.289,82.0,0.1982,0.0494,0.1198
501303,Ehire Adrianza,0.3732,0.3348,0.035,0.0581,0.2879,81.0,0.218,0.0825,0.1137
668664,Chase Strumpf,0.1241,0.115,0.0085,0.0295,0.2809,77.9,0.3289,0.1005,0.1326
701817,River Town,0.1201,0.1066,0.0188,0.0209,0.2745,71.4,0.2109,0.0843,0.1048
621450,Skye Bolt,0.2808,0.2676,0.043,0.0682,0.2895,84.0,0.2756,0.0873,0.1348
702315,Bennett Hostetler,0.1089,0.109,0.0108,0.025,0.2505,54.5,0.2838,0.0527,0.1097
687724,Jake Holton,0.1796,0.1669,0.0124,0.0408,0.2866,82.7,0.2343,0.0908,0.1249
595453,Chad Wallach,0.2404,0.2395,0.0132,0.0636,0.2648,66.5,0.3132,0.085,0.1313
672896,Wladimir Chalo,0.0922,0.0911,0.011,0.0206,0.2313,44.5,0.2995,0.0552,0.1008
804240,Jacob Burke,0.1353,0.1245,0.0379,0.0242,0.2604,64.1,0.276,0.0644,0.1005
613546,Angelo Castellano,0.1029,0.0952,0.0165,0.0191,0.2637,64.1,0.2226,0.0753,0.1049
676463,Hayden Cantrelle,0.1156,0.0936,0.026,0.0166,0.2734,72.5,0.2978,0.1201,0.1023
642137,Cody Thomas,0.1915,0.2039,0.0115,0.0659,0.2903,87.3,0.3064,0.0687,0.1704
686659,Julian Escobedo,0.094,0.0903,0.018,0.0197,0.2593,65.2,0.2696,0.0662,0.1129
488771,Jason Castro,0.1964,0.1845,0.0167,0.0527,0.2798,77.1,0.3286,0.1037,0.1391
674646,Tucker Bradley,0.105,0.0969,0.0165,0.0186,0.2911,82.5,0.2318,0.08,0.1206
681036,Anthony Vilar,0.0888,0.0786,0.0088,0.0154,0.2355,50.1,0.3204,0.0887,0.0856
601714,Jordan Procyshen,0.0938,0.0894,0.0101,0.0216,0.2561,60.6,0.2941,0.0765,0.1169
663727,Scott Kapers,0.091,0.0886,0.0083,0.022,0.248,55.9,0.2964,0.0639,0.1146
606189,Hamlet Marte,0.0917,0.0888,0.011,0.0211,0.2456,54.0,0.3397,0.0707,0.1126
518542,Juan Centeno,0.0929,0.0889,0.0072,0.0145,0.2662,66.3,0.2203,0.058,0.1
661250,Izzy Wilson,0.1134,0.1137,0.0238,0.0348,0.2965,86.8,0.2908,0.0847,0.1675
608703,Matt Reynolds,0.173,0.1557,0.0213,0.0278,0.2833,78.0,0.2854,0.0949,0.1159
665987,Leonel Valera,0.113,0.1113,0.0228,0.0242,0.2616,64.0,0.3097,0.0545,0.1227
602080,Erick Castillo,0.0903,0.0812,0.0092,0.0124,0.2563,60.5,0.2174,0.0669,0.0873
663382,Jake Washer,0.0904,0.0936,0.009,0.0238,0.2453,53.9,0.306,0.0512,0.1207
688311,Drake Osborn,0.1273,0.1254,0.0101,0.0273,0.2381,48.4,0.275,0.0576,0.1052
663600,D.J. Artis,0.1062,0.0978,0.0252,0.0245,0.2874,82.1,0.2894,0.0951,0.1353
570731,Jonathan Schoop,0.2914,0.3023,0.0144,0.0841,0.2977,90.0,0.2108,0.0532,0.1471
656669,Jordan Luplow,0.4463,0.4256,0.0511,0.142,0.3166,99.7,0.2507,0.11,0.1873
518626,Josh Donaldson,0.3385,0.3372,0.0105,0.1112,0.3184,104.2,0.2565,0.1124,0.1845
665940,Moisés Castillo,0.091,0.082,0.0091,0.0127,0.2617,64.5,0.2211,0.0726,0.0891
806367,Turner Hill,0.1332,0.1158,0.0364,0.0145,0.2674,69.3,0.1738,0.0719,0.0852
688869,Justin Dirden,0.1903,0.1889,0.0212,0.0484,0.2797,78.2,0.3194,0.0722,0.1509
687044,Ernie Yake,0.0974,0.089,0.0182,0.0132,0.2763,75.6,0.179,0.0659,0.1024
624523,Riley Unroe,0.1054,0.0939,0.0243,0.0177,0.2726,75.1,0.2561,0.088,0.1069
608356,Mitch Nay,0.1054,0.1045,0.0089,0.0303,0.2822,78.1,0.2977,0.088,0.1511
500871,Eduardo Escobar,0.285,0.315,0.0099,0.0914,0.2994,91.2,0.2329,0.0703,0.1686
680418,Tyler Cropley,0.0936,0.0887,0.0094,0.0189,0.2622,62.4,0.2519,0.0698,0.1135
606132,Raimel Tapia,0.4181,0.3503,0.1134,0.0604,0.2984,89.0,0.1942,0.0666,0.1179
609275,Adalberto Mondesi,0.3679,0.3702,0.1956,0.0955,0.2886,80.8,0.2828,0.0535,0.1525
670370,Andrew Young,0.1064,0.1073,0.0094,0.0319,0.2835,78.5,0.343,0.0737,0.158
660563,Joseph Rosa,0.091,0.0812,0.0156,0.0132,0.2558,60.2,0.2707,0.0757,0.0922
700845,Adam Zebrowski,0.0963,0.091,0.0059,0.0213,0.2375,47.0,0.3064,0.0733,0.1023
621573,Austin Dean,0.1107,0.1095,0.0128,0.0285,0.3025,92.5,0.2609,0.0825,0.1551
681143,Kyle Kasser,0.0923,0.0798,0.0137,0.0077,0.2663,67.1,0.1738,0.0736,0.0731
669945,Chavez Young,0.1173,0.1051,0.0367,0.0228,0.2818,76.5,0.2666,0.0891,0.124
691458,Blaze Jordan,0.2165,0.2193,0.0115,0.0475,0.2923,82.6,0.191,0.0557,0.1344
663605,Garrett Whitley,0.107,0.1012,0.019,0.0286,0.2848,79.2,0.3423,0.0995,0.1508
641882,Thomas Milone,0.1013,0.0926,0.0191,0.0192,0.279,76.8,0.3084,0.0874,0.1208
553988,Dixon Machado,0.1757,0.1545,0.0171,0.0226,0.2772,75.9,0.1997,0.0905,0.0951
663690,Ethan Skender,0.0941,0.0862,0.0147,0.0116,0.2689,70.1,0.2474,0.0588,0.0967
643268,Jordan Cowan,0.0961,0.0814,0.0171,0.0097,0.2729,71.2,0.222,0.0829,0.086
691503,Yolbert Sanchez,0.2465,0.2331,0.0262,0.0324,0.2781,75.2,0.1688,0.0516,0.0839
676812,Carson McCusker,0.2556,0.2648,0.0244,0.0742,0.2596,63.1,0.3547,0.0555,0.1403
676759,Korry Howell,0.105,0.1009,0.0248,0.0269,0.2766,74.7,0.3334,0.08,0.1422
621520,Clint Coulter,0.1077,0.1111,0.009,0.0313,0.2934,86.8,0.2643,0.0637,0.1599
622196,BJ Boyd,0.1053,0.104,0.0129,0.0233,0.292,84.9,0.2246,0.0625,0.1316
657089,Logan Warmoth,0.095,0.0803,0.023,0.0143,0.2611,64.9,0.322,0.0945,0.0977
672544,César Izturis Jr.,0.0845,0.0786,0.0151,0.0101,0.2426,54.3,0.2265,0.0503,0.0796
657617,Bubba Hollins,0.0964,0.09,0.0098,0.0171,0.2714,70.3,0.2469,0.071,0.1106
680914,Brandon Howlett,0.0984,0.0941,0.0083,0.024,0.2669,66.6,0.3456,0.083,0.1298
676280,Tyler Dearden,0.122,0.1172,0.0064,0.029,0.2889,80.8,0.2834,0.0858,0.1373
671080,Jeremy Arocho,0.1612,0.1203,0.0523,0.0088,0.2546,59.3,0.2298,0.1055,0.0567
680815,Damon Dues,0.0903,0.0717,0.0263,0.0059,0.2629,65.8,0.2596,0.0956,0.0677
474832,Brandon Belt,0.4453,0.4338,0.0192,0.1458,0.3292,111.3,0.2908,0.1214,0.1951
608360,Chris Okey,0.1056,0.1048,0.0094,0.025,0.2621,62.7,0.2814,0.0669,0.1263
680636,Ramon Mendoza,0.1325,0.1188,0.0135,0.0168,0.2425,53.0,0.2486,0.0694,0.0778
544725,Leury García,0.2497,0.2388,0.0295,0.0375,0.2856,80.4,0.2216,0.0574,0.1038
703766,Dakota Harris,0.1654,0.1616,0.0237,0.0265,0.2349,47.2,0.2371,0.041,0.0827
516416,Jean Segura,0.2835,0.2732,0.0518,0.0536,0.3075,94.5,0.1602,0.0665,0.1186
686746,Gabe Holt,0.0946,0.082,0.0149,0.0084,0.2733,71.6,0.1465,0.077,0.0816
657510,Andrew Bechtold,0.1012,0.0995,0.0059,0.0271,0.2727,72.4,0.3231,0.0842,0.1393
640492,José Azocar,0.3374,0.3202,0.1412,0.0551,0.2814,80.5,0.2352,0.0514,0.1167
687035,Bryan Arias,0.1204,0.1149,0.0178,0.0298,0.2674,69.5,0.3189,0.0809,0.1304
607054,Jace Peterson,0.3782,0.3414,0.0919,0.0708,0.2967,88.3,0.2404,0.1051,0.1249
595956,Cam Gallagher,0.2437,0.232,0.0205,0.0441,0.2635,64.6,0.2473,0.0695,0.1078
641929,Joseph Odom,0.089,0.0849,0.0093,0.0203,0.2432,52.9,0.3802,0.0754,0.1111
657253,Chris Rabago,0.089,0.0798,0.013,0.0152,0.2482,55.2,0.3017,0.0817,0.0971
665779,Carlos Rincon,0.1115,0.1182,0.0101,0.037,0.2947,87.3,0.2938,0.0685,0.1749
656627,Mark Kolozsvary,0.1759,0.1686,0.0129,0.0452,0.2606,60.8,0.3372,0.0784,0.1291
623182,Patrick Kivlehan,0.1105,0.1173,0.0117,0.0374,0.2915,84.7,0.2948,0.0709,0.1721
644374,Yu Chang,0.2705,0.2825,0.0247,0.078,0.2897,84.3,0.2761,0.0672,0.1571
687659,Kaden Polcovich,0.0948,0.0856,0.0175,0.0179,0.2633,72.2,0.2781,0.0857,0.1104
671272,David García,0.0872,0.0827,0.0058,0.0156,0.2477,55.0,0.2782,0.0653,0.0955
645801,Mike Ford,0.2823,0.2957,0.0105,0.0962,0.3023,95.6,0.2617,0.1006,0.1744
814435,Jacob Sharp,0.0905,0.0898,0.0093,0.0212,0.2458,57.5,0.1868,0.0549,0.1054
680552,Travis Swaggerty,0.2757,0.2647,0.0501,0.0631,0.2966,86.5,0.2674,0.0915,0.1414
672504,Luis Yanel Diaz,0.095,0.099,0.02,0.0266,0.2493,56.7,0.3218,0.0495,0.1276
687783,Matthew Wood,0.1098,0.0943,0.0074,0.0143,0.2508,56.5,0.2086,0.095,0.0755
668842,Michael Berglund,0.0822,0.0733,0.0081,0.0146,0.2282,43.1,0.3494,0.0835,0.0844
801039,John Garcia,0.0858,0.0781,0.0101,0.0146,0.2341,46.6,0.3043,0.0629,0.0856
543281,Josh Harrison,0.2794,0.2587,0.0332,0.0486,0.296,87.4,0.1745,0.0524,0.1156
602074,Yonathan Daza,0.2703,0.2451,0.025,0.0307,0.3042,81.9,0.1772,0.0594,0.1025
685091,Parker Chavers,0.0858,0.0847,0.0186,0.0181,0.2377,49.9,0.2828,0.0517,0.097
678681,Luis Toribio,0.1106,0.1083,0.0064,0.0295,0.2485,56.9,0.332,0.0831,0.1184
650700,Luis Carpio,0.096,0.088,0.0144,0.015,0.272,71.5,0.2442,0.0745,0.1057
694484,Max Wagner,0.0994,0.0924,0.0197,0.02,0.2706,72.9,0.2892,0.0768,0.1183
623507,Josh Lester,0.1503,0.1623,0.0076,0.0517,0.2939,87.5,0.2626,0.0654,0.1819
666213,Colton Welker,0.1954,0.1923,0.016,0.0494,0.2927,81.4,0.2563,0.0861,0.1359
656807,Josh Ockimey,0.1137,0.1077,0.0073,0.0343,0.3018,91.0,0.3225,0.1263,0.1664
591720,Ronald Torreyes,0.1731,0.1725,0.0169,0.031,0.2752,72.9,0.1519,0.0568,0.1053
684543,Daniel Cope,0.1023,0.0987,0.0088,0.0234,0.2834,64.4,0.2713,0.0743,0.1281
665227,Nash Knight,0.095,0.0842,0.0085,0.0187,0.2641,66.1,0.3329,0.1013,0.1103
593643,Hanser Alberto,0.3429,0.349,0.0353,0.0544,0.2915,84.8,0.1454,0.0311,0.1161
687882,Hill Alexander,0.1032,0.1056,0.0135,0.0301,0.2774,76.5,0.3194,0.0677,0.1462
687084,Joshua Mears,0.1057,0.1133,0.0144,0.0399,0.256,63.6,0.416,0.0678,0.161
702726,Luke Adams,0.1573,0.1326,0.037,0.033,0.2532,58.2,0.3131,0.1055,0.1006
676616,Olivier Basabe,0.0983,0.0965,0.0124,0.0228,0.2688,70.0,0.2455,0.0676,0.1227
547173,Christian Lopes,0.0957,0.086,0.0131,0.017,0.2714,72.3,0.2898,0.0909,0.1112
670919,Luis Santana,0.1169,0.1132,0.0131,0.0228,0.2763,75.6,0.2178,0.0585,0.1179
689134,Wyatt Hendrie,0.0811,0.0763,0.0113,0.0138,0.2298,40.4,0.3053,0.0625,0.0839
671271,Jeisson Rosario,0.1013,0.088,0.0165,0.0184,0.2827,82.3,0.2752,0.1093,0.1112
678706,Reivaj Garcia,0.0957,0.0905,0.0139,0.0108,0.2651,67.4,0.2192,0.0485,0.0901
678926,Carlos De La Cruz,0.1724,0.178,0.0123,0.0487,0.2667,66.3,0.3232,0.0569,0.1392
690429,Dylan Harris,0.0955,0.0878,0.0141,0.0211,0.2631,65.0,0.3124,0.0915,0.1159
665154,Ford Proctor,0.0997,0.0876,0.0087,0.0186,0.2805,78.8,0.2841,0.1115,0.1101
663714,Matt Kroon,0.127,0.1233,0.0265,0.0293,0.2955,84.9,0.2669,0.0697,0.1423
519306,Steven Souza Jr.,0.1869,0.1838,0.0211,0.0558,0.2885,84.0,0.326,0.0999,0.1539
800683,Blake Rambusch,0.0893,0.0734,0.0296,0.0087,0.2569,68.6,0.2621,0.0847,0.0734
656388,Joe Dunand,0.1032,0.098,0.0084,0.0227,0.2695,68.8,0.3037,0.072,0.1248
679602,Drew Ehrhard,0.1139,0.1199,0.0122,0.0349,0.3027,92.6,0.2728,0.0589,0.1728
545350,Jake Marisnick,0.2647,0.2645,0.0555,0.0666,0.2848,78.9,0.3065,0.0605,0.1475
663708,Gabriel Cancel,0.1089,0.1078,0.0181,0.0284,0.2752,72.7,0.31,0.0703,0.1442
680244,Ross Adolph,0.103,0.0968,0.0122,0.0256,0.2756,74.8,0.3646,0.0899,0.1383
800232,Luis Baez,0.088,0.0923,0.0104,0.0235,0.233,46.7,0.3163,0.0423,0.1131
623912,Harold Ramírez,0.4658,0.4987,0.0482,0.1008,0.3203,108.5,0.1848,0.0485,0.1405
680881,Niko Hulsizer,0.1091,0.1094,0.0132,0.0347,0.2874,84.5,0.3719,0.0926,0.1673
615699,Jacob Robson,0.1027,0.0887,0.0268,0.0194,0.2881,83.6,0.3457,0.111,0.1248
446334,Evan Longoria,0.3866,0.4198,0.0137,0.1263,0.3041,92.9,0.2749,0.0845,0.1699
570560,Yolmer Sánchez,0.1181,0.0999,0.0118,0.017,0.2764,73.3,0.2619,0.1042,0.1002
664104,Tyler Neslony,0.1284,0.1235,0.0224,0.0306,0.2956,88.0,0.2563,0.0812,0.1443
695653,Noah Miller,0.1549,0.1355,0.0191,0.0175,0.2361,47.4,0.2413,0.0768,0.0694
682204,Logan Brown,0.0881,0.0854,0.0086,0.0159,0.2408,49.3,0.2643,0.0494,0.095
656371,Isan Díaz,0.1858,0.1801,0.019,0.0498,0.2882,82.1,0.2831,0.0956,0.1493
578570,Juniel Querecuto,0.0963,0.093,0.0135,0.0169,0.2716,72.3,0.2235,0.0612,0.1069
641513,Travis Demeritte,0.2125,0.22,0.0218,0.0728,0.298,88.0,0.3382,0.0869,0.1764
683344,Homer Bush Jr.,0.0888,0.082,0.0307,0.0154,0.2444,56.4,0.2398,0.0578,0.0842
703151,William Bergolla Jr.,0.0834,0.0719,0.0177,0.0062,0.2463,53.0,0.1513,0.0683,0.058
806005,Ryan McCarty,0.0914,0.0877,0.0124,0.0187,0.251,58.4,0.2878,0.0646,0.1062
680932,Pedro Martinez,0.0856,0.0787,0.0225,0.0129,0.2382,48.8,0.2891,0.0599,0.0852
666178,Michael Amditis,0.0866,0.0809,0.0092,0.0177,0.2379,49.1,0.2962,0.0783,0.0987
806464,Connor Charping,0.0806,0.0695,0.0145,0.0105,0.2335,54.9,0.2593,0.0765,0.0696
690702,Roby Enriquez,0.1024,0.0973,0.0129,0.0183,0.2916,84.8,0.2172,0.0647,0.1172
643348,Caleb Hamilton,0.0974,0.0889,0.0081,0.0239,0.2589,61.6,0.3433,0.1061,0.1265
656495,Dalton Guthrie,0.1886,0.1734,0.0374,0.0354,0.2851,78.8,0.2372,0.0621,0.1209
660681,Leandro Cedeño,0.1092,0.1157,0.007,0.0322,0.2981,88.7,0.2671,0.0547,0.1576
647255,Tanner Kirwer,0.0982,0.0889,0.031,0.0204,0.2669,70.8,0.3007,0.0831,0.1112
682011,Tyler Miller,0.09,0.0907,0.0138,0.0194,0.2452,49.6,0.2677,0.0461,0.107
663628,John Aiello,0.1032,0.1006,0.0111,0.0248,0.2826,78.1,0.2837,0.0719,0.1323
686759,TJ Hopkins,0.1046,0.1035,0.0088,0.026,0.2928,82.6,0.2841,0.0775,0.1441
657108,Evan White,0.3666,0.3993,0.0322,0.1335,0.293,89.0,0.2897,0.0728,0.1791
642165,Josh VanMeter,0.2027,0.1849,0.0252,0.0488,0.2971,87.8,0.2632,0.1188,0.1436
695312,Aaron Palensky,0.1248,0.1178,0.0211,0.0317,0.2908,85.8,0.3017,0.0937,0.1504
688457,Gavin Cross,0.2041,0.1948,0.0476,0.0483,0.2556,58.2,0.2883,0.0695,0.1191
672826,Kenneth Betancourt,0.0889,0.0839,0.0122,0.0096,0.2523,58.8,0.2027,0.0455,0.0812
571918,Deven Marrero,0.0971,0.0912,0.0128,0.0213,0.2658,66.7,0.2811,0.081,0.117
679972,Arturo De Freitas,0.0777,0.0764,0.0081,0.0161,0.2115,29.4,0.3076,0.0506,0.0845
676053,Casey Opitz,0.1052,0.0966,0.0104,0.0208,0.2426,53.2,0.3269,0.0855,0.0966
806964,Sebastian Walcott,0.0918,0.0833,0.0231,0.0158,0.2502,61.4,0.2901,0.0665,0.1022
676426,Chris Sharpe,0.1032,0.0926,0.0155,0.0208,0.2736,70.4,0.3155,0.0927,0.1275
514917,César Hernández,0.3198,0.2413,0.0314,0.0496,0.293,84.9,0.2102,0.0859,0.1069
641786,Kyle Lewis,0.4015,0.4168,0.0238,0.1281,0.3148,101.3,0.2776,0.0964,0.1718
681400,Danny Serretti,0.0884,0.0775,0.0121,0.0112,0.2607,65.4,0.2383,0.0826,0.0875
675528,Victor Nova,0.0955,0.0879,0.0138,0.0182,0.2653,67.5,0.2856,0.0835,0.1123
667493,Zach Davis,0.0959,0.0819,0.0397,0.0128,0.2649,66.9,0.2828,0.0779,0.0894
622682,Victor Reyes,0.2764,0.2584,0.0458,0.0518,0.2949,87.4,0.235,0.0519,0.1291
684922,Dalton Shuffield,0.0969,0.09,0.0203,0.0178,0.268,68.8,0.3032,0.0737,0.1145
607249,Jason Krizan,0.1051,0.1037,0.007,0.0234,0.2969,89.4,0.1966,0.0761,0.1388
669675,Mitch Longo,0.1074,0.1067,0.0196,0.0254,0.2913,83.8,0.2523,0.0647,0.1424
666164,Blake Rutherford,0.1019,0.1045,0.0125,0.0232,0.2877,81.3,0.2324,0.0481,0.1366
676782,Mickey McDonald,0.0935,0.0791,0.0176,0.0107,0.2757,76.5,0.2629,0.0914,0.087
663799,Curtis Terry,0.1145,0.1174,0.0076,0.0342,0.3079,96.5,0.236,0.0762,0.174
660620,Jonathan Araúz,0.2225,0.2114,0.0147,0.049,0.285,79.5,0.2129,0.0811,0.1302
680976,Devin Foyle,0.1021,0.0972,0.0114,0.0229,0.284,80.9,0.2493,0.0819,0.1315
672600,Claudio Finol,0.084,0.078,0.014,0.011,0.2387,47.5,0.2341,0.0563,0.0814
688327,Yorvis Torrealba,0.0982,0.0935,0.0224,0.0186,0.2721,67.6,0.236,0.0619,0.1125
621011,Max Schrock,0.1912,0.1874,0.0187,0.0423,0.2912,83.4,0.2022,0.0614,0.1309
695692,Cooper Kinney,0.0852,0.0832,0.008,0.0146,0.2416,55.1,0.2497,0.0508,0.0879
664058,David Fletcher,0.455,0.3568,0.0687,0.0349,0.2909,83.0,0.1077,0.0572,0.0852
683145,Colin Barber,0.1069,0.1024,0.0116,0.0256,0.278,78.2,0.2864,0.0793,0.1299
699130,Jadher Areinamo,0.0949,0.0901,0.0188,0.0107,0.2269,40.5,0.1958,0.0406,0.0631
807742,Colton Ledbetter,0.0957,0.0961,0.0277,0.0255,0.2549,67.1,0.3099,0.055,0.1238
670113,Jim Haley,0.1604,0.1602,0.0324,0.0415,0.2704,70.7,0.3009,0.0587,0.143
687554,DJ Gladney,0.0984,0.1057,0.009,0.0324,0.2545,60.1,0.3473,0.0523,0.1411
641323,Luis Aviles Jr.,0.0989,0.0988,0.022,0.0224,0.2646,67.0,0.2698,0.0522,0.1277
675649,Brian Miller,0.0987,0.0878,0.0315,0.0114,0.2787,74.7,0.2167,0.0679,0.0984
681488,Logan Cerny,0.0936,0.0934,0.0225,0.026,0.2423,53.3,0.3532,0.0626,0.1207
693850,Kala'i Rosario,0.1127,0.1106,0.0081,0.0283,0.2527,59.3,0.334,0.0714,0.1207
572008,Chris Owings,0.2415,0.2277,0.0448,0.0521,0.27,68.8,0.3024,0.0839,0.1251
681852,Sean Roby,0.1052,0.1137,0.0058,0.0364,0.271,71.0,0.3349,0.0615,0.1579
801442,Jack Pineda,0.088,0.0753,0.0178,0.0093,0.2499,54.0,0.2607,0.077,0.0792
701618,Damon Keith,0.1397,0.1377,0.0157,0.0374,0.2658,67.8,0.3201,0.0792,0.1284
692366,Onil Perez,0.1014,0.0901,0.0219,0.0127,0.2338,46.8,0.2179,0.0683,0.0718
666783,Yusniel Díaz,0.1839,0.181,0.0197,0.0501,0.2851,80.6,0.2747,0.0888,0.1388
800406,Aron Estrada,0.0819,0.074,0.0189,0.011,0.2313,47.9,0.2319,0.0581,0.07
681580,Michael Turconi,0.1506,0.1283,0.0165,0.0178,0.2565,63.1,0.2525,0.0846,0.0853
670548,Jose Mena,0.0832,0.0839,0.0073,0.0165,0.2301,44.6,0.2624,0.0436,0.0929
605504,Dillon Thomas,0.1051,0.0996,0.0129,0.0257,0.2877,81.9,0.3208,0.0841,0.1364
687626,Simon Whiteman,0.0895,0.0737,0.0236,0.0084,0.2553,60.9,0.2848,0.0891,0.078
695031,Josh Zamora,0.093,0.0915,0.0059,0.0168,0.271,68.0,0.1967,0.0537,0.1084
676286,Jan Mercado,0.0838,0.0826,0.0084,0.0186,0.2339,44.0,0.3699,0.0577,0.1022
687349,Jimmy Govern,0.1007,0.1023,0.0104,0.0238,0.2779,73.7,0.2232,0.0509,0.1366
663519,Kekai Rios,0.0955,0.0904,0.0084,0.0182,0.2379,49.1,0.2936,0.0663,0.0945
686981,Brenden Dixon,0.1392,0.1356,0.0157,0.0355,0.2447,50.5,0.3188,0.08,0.1104
687310,Will Simpson,0.0934,0.095,0.0091,0.0245,0.2603,68.2,0.2868,0.0615,0.1236
664120,Max McDowell,0.0918,0.0795,0.0086,0.015,0.2545,60.2,0.2844,0.0884,0.0942
675662,Matt Whatley,0.0888,0.0812,0.0149,0.0166,0.2437,53.2,0.2872,0.0764,0.0964
676991,Davis Bradshaw,0.0927,0.0868,0.0133,0.012,0.2713,69.3,0.2049,0.053,0.0898
572041,AJ Pollock,0.2963,0.3191,0.0293,0.0957,0.3113,100.1,0.2134,0.0644,0.1724
682119,Levi Jordan,0.1855,0.1745,0.025,0.0376,0.2829,76.1,0.2402,0.0707,0.1199
677690,Diosbel Arias,0.0939,0.086,0.0068,0.013,0.27,71.6,0.2518,0.0678,0.0966
686251,Brady Lindsly,0.0953,0.0914,0.0077,0.0198,0.26,62.1,0.2934,0.0733,0.1106
674029,Brhet Bewley,0.0935,0.0886,0.0114,0.016,0.2644,65.4,0.2526,0.0635,0.1052
663369,Jeremy Eierman,0.1016,0.1046,0.0125,0.0285,0.2449,57.5,0.3394,0.0532,0.1263
679631,Terrin Vavra,0.1988,0.1736,0.0238,0.0281,0.3033,94.8,0.224,0.0969,0.1144
643524,Frank Schwindel,0.2218,0.2513,0.0103,0.078,0.3113,97.6,0.2051,0.0584,0.1805
622668,Ivan Castillo,0.1687,0.1549,0.0286,0.0183,0.2736,72.0,0.1756,0.0662,0.0915
666561,Jae-Gyun Hwang,0.0975,0.0954,0.0118,0.0182,0.2763,74.1,0.2391,0.058,0.1079
800957,Brendan Jones,0.099,0.0897,0.03,0.0251,0.2572,66.1,0.3003,0.094,0.1164
670462,Hunter Owen,0.1091,0.1158,0.0097,0.0378,0.2892,82.2,0.3368,0.0679,0.172
670106,Cole Freeman,0.0969,0.0875,0.0252,0.0105,0.2748,72.7,0.1543,0.0557,0.0886
656766,Josh Morgan,0.0981,0.0948,0.0084,0.0229,0.2711,73.8,0.2522,0.0761,0.1241
642461,Michael Beltre,0.1085,0.0995,0.0341,0.0245,0.2866,82.1,0.2898,0.0931,0.1366
685716,Nelson Quiroz,0.0896,0.0843,0.0075,0.0145,0.2448,54.7,0.1687,0.0592,0.083
657144,Justin Yurchak,0.1093,0.1029,0.0063,0.021,0.305,94.0,0.2115,0.0856,0.1241
687867,Clay Dungan,0.2479,0.2179,0.0562,0.0321,0.2752,73.1,0.2148,0.077,0.0982
669069,Cam Cannon,0.0982,0.0946,0.0123,0.0162,0.2747,71.6,0.1835,0.0522,0.1123
681114,Michael Trautwein,0.0877,0.0849,0.009,0.0201,0.242,45.3,0.3324,0.0687,0.1068
693459,Kyler Fedko,0.095,0.0858,0.0122,0.0173,0.2664,68.9,0.2429,0.0884,0.1044
687518,Patrick Frick,0.0911,0.0804,0.0087,0.0107,0.265,69.6,0.2443,0.0746,0.0853
691385,Ronald Rosario,0.0863,0.0811,0.006,0.0141,0.2405,46.2,0.2827,0.0646,0.0886
702693,Jaison Chourio,0.0813,0.0705,0.0183,0.0126,0.2266,42.6,0.2953,0.0874,0.0719
681831,Willie Joe Garry Jr.,0.0893,0.0837,0.0234,0.018,0.2394,49.9,0.3321,0.0661,0.1058
519058,Mike Moustakas,0.2995,0.3298,0.012,0.101,0.3022,86.4,0.2398,0.076,0.1678
680683,Jameson Hannah,0.1036,0.0956,0.0175,0.0164,0.2919,73.6,0.248,0.0703,0.1146
543829,Dee Strange-Gordon,0.2389,0.2253,0.0583,0.0254,0.2723,71.1,0.1681,0.0434,0.0876
813833,Cole Conn,0.0829,0.0738,0.0113,0.0148,0.2336,52.1,0.2706,0.0769,0.0814
621008,Alex De Goti,0.1709,0.153,0.0184,0.0263,0.27,71.0,0.2489,0.0935,0.0983
673945,Freuddy Batista,0.0792,0.0797,0.0071,0.0174,0.222,44.7,0.3071,0.0458,0.0923
802506,Dylan O'Rae,0.3383,0.2508,0.1605,0.0217,0.2625,66.8,0.26,0.1078,0.0666
700824,Freylin Minyety,0.0885,0.0774,0.0122,0.0088,0.2571,61.5,0.2133,0.0704,0.077
621002,Daniel Robertson,0.0966,0.0842,0.0074,0.0156,0.2698,71.5,0.2545,0.0921,0.1023
656185,Greg Allen,0.1847,0.1604,0.0718,0.0274,0.2888,81.4,0.2605,0.0772,0.1137
593528,Jorge Bonifacio,0.105,0.1022,0.0087,0.0272,0.2859,79.2,0.2759,0.0883,0.1444
641505,Jonathan Davis,0.3282,0.2852,0.0944,0.0587,0.2809,76.9,0.2763,0.0929,0.1145
669002,Connor Scott,0.0978,0.0957,0.0157,0.0182,0.2731,69.5,0.2297,0.0594,0.1216
701177,Nick Cimillo,0.1455,0.1443,0.0099,0.0396,0.2715,67.9,0.2736,0.0824,0.1327
641569,Xavier Fernández,0.1048,0.1042,0.0066,0.0257,0.2915,85.0,0.2014,0.0711,0.1353
641938,Arden Pabst,0.0923,0.0945,0.0085,0.025,0.2435,50.9,0.3293,0.0555,0.1257
493114,Norichika Aoki,0.1029,0.0935,0.0083,0.0169,0.294,87.2,0.1664,0.086,0.1091
676761,Irving Lopez,0.0951,0.0867,0.0073,0.0136,0.269,69.9,0.2222,0.0689,0.1011
687553,Kamren James,0.0851,0.0871,0.0101,0.0219,0.2314,47.9,0.3248,0.0483,0.1052
592261,Delino DeShields,0.0983,0.0764,0.0339,0.0115,0.2765,75.5,0.2882,0.123,0.0855
675966,Jesse Franklin V,0.1116,0.1151,0.0195,0.0357,0.2833,77.5,0.3054,0.0642,0.1664
689880,Myles Emmerson,0.0772,0.07,0.0078,0.0104,0.2184,34.2,0.2958,0.0632,0.0693
542992,Andy Burns,0.1045,0.0952,0.0158,0.0229,0.2816,77.8,0.2816,0.1071,0.1264
699043,Yamal Encarnacion,0.0795,0.0725,0.0211,0.0108,0.2145,33.0,0.2484,0.0519,0.0684
681862,Matt Pita,0.1022,0.1018,0.021,0.0253,0.2709,71.5,0.2711,0.059,0.1361
691437,Adrian Pinto,0.0885,0.0754,0.0266,0.0104,0.2415,51.0,0.2125,0.073,0.0734
669439,Drew Swift,0.0794,0.0684,0.0188,0.0078,0.236,51.5,0.2761,0.0709,0.0699
676443,Demetrius Sims,0.0886,0.08,0.0181,0.0135,0.2493,55.5,0.3433,0.0697,0.0937
688226,Anthony Mulrine,0.0906,0.0826,0.0071,0.0161,0.2503,55.8,0.2763,0.0749,0.0989
665650,Lucius Fox,0.1748,0.1522,0.0525,0.0254,0.2639,65.4,0.2694,0.0843,0.0989
805082,Ronny Hernandez,0.074,0.0699,0.0065,0.0141,0.2119,32.3,0.2704,0.0648,0.0712
621006,Richie Martin Jr.,0.1667,0.1477,0.0498,0.0245,0.2678,66.4,0.2554,0.0745,0.0991
682187,Nick Ward,0.0975,0.0829,0.0165,0.0131,0.2681,67.8,0.2643,0.0875,0.0889
642721,Kelvin Gutiérrez,0.1766,0.1747,0.0183,0.0398,0.2812,77.4,0.2551,0.0717,0.12
687394,Jack Brannigan,0.097,0.0969,0.0166,0.0277,0.2615,61.1,0.3087,0.0763,0.1292
642720,Ray-Patrick Didder,0.1509,0.1296,0.0453,0.0244,0.2619,64.6,0.2836,0.0812,0.1013
435559,Kurt Suzuki,0.1816,0.1887,0.0103,0.0469,0.2807,77.1,0.2102,0.0657,0.1269
703155,Lazaro Montes,0.0821,0.0818,0.007,0.0227,0.2246,46.4,0.3807,0.0676,0.1029
682266,Brett Auerbach,0.1068,0.1047,0.0228,0.026,0.2646,67.9,0.2893,0.0696,0.1271
699144,Luis Ravelo,0.076,0.0706,0.0079,0.0096,0.2125,26.2,0.2592,0.051,0.0655
681679,Stanley Consuegra,0.0974,0.1,0.0114,0.0257,0.246,56.2,0.3047,0.0544,0.1209
663446,Garrett Wolforth,0.0889,0.0905,0.0083,0.023,0.2395,47.3,0.3482,0.057,0.1197
686863,Daniel Mateo,0.0938,0.0947,0.029,0.0206,0.2401,50.4,0.2696,0.0372,0.1011
547957,Hyun Soo Kim,0.104,0.1008,0.0052,0.0199,0.2945,86.5,0.1477,0.0692,0.1157
542921,Tim Beckham,0.1925,0.1967,0.0161,0.0515,0.2952,87.8,0.2593,0.0635,0.1441
668845,Aaron Schunk,0.2572,0.2522,0.0424,0.0506,0.2808,62.7,0.2437,0.0493,0.1278
676667,Justin Connell,0.0998,0.0944,0.0176,0.0206,0.2778,74.8,0.2532,0.0759,0.1168
657010,Madison Stokes,0.095,0.0917,0.0101,0.0218,0.2579,60.8,0.3256,0.0736,0.1218
811965,Joshua Kuroda-Grauer,0.0832,0.0745,0.0138,0.0092,0.243,58.7,0.1717,0.0519,0.0673
501659,Abraham Almonte,0.1153,0.1085,0.0122,0.0309,0.3117,99.2,0.2699,0.1259,0.1607
664753,Marty Costes,0.1069,0.0944,0.017,0.0181,0.2961,88.3,0.2248,0.0922,0.1182
596748,Maikel Franco,0.1885,0.2105,0.0072,0.0581,0.2846,79.2,0.1946,0.0527,0.1484
642021,Errol Robinson,0.089,0.0748,0.0206,0.0098,0.2501,57.7,0.2971,0.086,0.0771
687071,Shane Sasaki,0.1143,0.1066,0.0304,0.021,0.2661,70.1,0.2824,0.0692,0.1052
657088,Forrest Wall,0.2742,0.2227,0.1415,0.0359,0.2773,75.9,0.2831,0.0799,0.1014
672656,Abiezel Ramirez,0.087,0.0831,0.0142,0.0176,0.2391,51.3,0.3277,0.0661,0.1003
571976,Wil Myers,0.294,0.3101,0.0364,0.0898,0.3059,93.3,0.2939,0.0883,0.1645
668965,Freddy Zamora,0.1155,0.1033,0.0178,0.0158,0.2638,65.0,0.2391,0.0762,0.0902
621005,Tim Lopes,0.1884,0.1771,0.044,0.0345,0.279,72.6,0.2637,0.0741,0.1225
542255,Ender Inciarte,0.1775,0.1616,0.0282,0.0312,0.2779,76.1,0.221,0.0788,0.1101
685121,Beau Philip,0.0867,0.0773,0.0125,0.0146,0.2332,43.9,0.3342,0.0752,0.0872
677223,Jack Larsen,0.1052,0.0983,0.01,0.0239,0.2909,87.4,0.2798,0.0973,0.1347
688392,Terence Doston,0.0999,0.0967,0.0199,0.0206,0.2794,76.7,0.2479,0.0641,0.1173
677599,Miguel Hiraldo,0.094,0.0905,0.0227,0.0173,0.2475,54.6,0.2805,0.0506,0.1036
547989,José Abreu,0.4333,0.4756,0.0061,0.1288,0.3291,111.9,0.2139,0.0784,0.1736
608597,Ronald Guzmán,0.1101,0.1144,0.0086,0.035,0.2961,89.6,0.3003,0.0833,0.1687
665908,Eduardo Torrealba,0.0888,0.0803,0.0155,0.01,0.2508,57.7,0.1863,0.0585,0.0763
687019,Andrés Alvarez,0.1128,0.1064,0.0183,0.0227,0.2609,61.8,0.2734,0.0761,0.1114
641512,Ben DeLuzio,0.0994,0.0912,0.0282,0.0163,0.2761,74.7,0.2802,0.069,0.1145
672760,Nerio Rodriguez,0.0874,0.0834,0.0087,0.0186,0.2352,47.5,0.2918,0.0682,0.0958
664690,AJ Graffanino,0.0875,0.0785,0.0144,0.0097,0.2525,57.8,0.2099,0.0637,0.0805
677928,LJ Hatch,0.0901,0.0849,0.0117,0.0154,0.2522,53.9,0.3191,0.0608,0.1
534606,Ryan LaMarre,0.1068,0.0986,0.0227,0.0222,0.2913,85.8,0.2962,0.0813,0.1294
673983,Josh Bissonette,0.0892,0.0767,0.0088,0.0073,0.2617,62.8,0.2164,0.0808,0.0784
657129,Marcus Wilson,0.1083,0.1013,0.0193,0.0297,0.2873,82.0,0.372,0.1098,0.1546
621514,Christin Stewart,0.1122,0.1128,0.0098,0.0357,0.2974,87.4,0.3239,0.0957,0.1721
808206,Geisel Cepeda,0.0966,0.0903,0.014,0.0163,0.2706,71.4,0.1768,0.0653,0.0977
690841,Matt O'Neill,0.0803,0.0703,0.0063,0.015,0.218,37.8,0.3883,0.0932,0.0827
699126,Gregory Barrios,0.0745,0.0674,0.0222,0.0057,0.2101,30.5,0.1926,0.0423,0.0524
641796,Tim Locastro,0.3639,0.3187,0.1295,0.0655,0.281,80.2,0.2378,0.0584,0.123
664332,Moisés Gómez,0.1102,0.1186,0.0092,0.0394,0.2864,82.4,0.3435,0.0685,0.1784
669256,Nick Solak,0.3647,0.3504,0.0506,0.0826,0.3045,93.0,0.2159,0.0813,0.1302
642220,Jantzen Witte,0.1024,0.1023,0.0105,0.0248,0.2791,76.7,0.2538,0.0673,0.1304
675628,Darius Hill,0.1751,0.1658,0.0166,0.0236,0.2966,88.4,0.1824,0.0597,0.1115
650528,Laz Rivera,0.0945,0.0898,0.0185,0.0161,0.2636,65.7,0.2532,0.0526,0.1051
689456,Austin Murr,0.0901,0.0818,0.0116,0.0138,0.2611,65.0,0.2054,0.0764,0.094
668794,Straton Podaras,0.089,0.0834,0.0122,0.0222,0.238,48.3,0.3176,0.0842,0.1075
695292,L.J. Jones,0.0953,0.0982,0.0064,0.0227,0.2606,64.6,0.2236,0.047,0.1202
665838,Reinaldo Ilarraza,0.0874,0.0755,0.0233,0.0101,0.2455,54.4,0.2844,0.0751,0.0792
519222,Austin Romine,0.1683,0.1765,0.0142,0.0414,0.2578,61.3,0.298,0.0484,0.1158
694368,Jimmy Glowenke,0.1611,0.152,0.0136,0.0312,0.2559,62.1,0.2677,0.0668,0.1081
650520,Micker Adolfo,0.2018,0.2183,0.0182,0.0737,0.2839,79.5,0.3486,0.0639,0.1731
572228,Luke Voit,0.3209,0.35,0.0081,0.1142,0.3169,101.9,0.3114,0.0984,0.1861
622100,Taylor Jones,0.2014,0.2021,0.0112,0.0564,0.2992,90.2,0.2769,0.0898,0.1542
668667,Daniel Cabrera,0.0975,0.0946,0.0094,0.0201,0.2766,75.7,0.2139,0.0707,0.1244
682040,Jordan Qsar,0.1037,0.1007,0.0146,0.03,0.2741,73.9,0.3711,0.0938,0.1505
670128,Taylor Kohlwey,0.1845,0.1658,0.0228,0.0289,0.2903,85.9,0.2364,0.0941,0.1115
672566,José Sánchez,0.0838,0.0756,0.0077,0.0103,0.2399,49.3,0.2313,0.0679,0.078
691269,Adrian Placencia,0.0892,0.0787,0.0152,0.0163,0.2465,53.9,0.3391,0.0906,0.0941
679741,Wilderd Patiño,0.1016,0.0943,0.0385,0.018,0.2401,48.6,0.3234,0.0522,0.0888
695770,Wes Kath,0.0893,0.0903,0.0067,0.0251,0.25,57.5,0.3819,0.0674,0.1223
663495,Jonah Davis,0.0967,0.095,0.0123,0.0293,0.2559,60.4,0.4322,0.0845,0.1418
669344,Vince Fernandez,0.1085,0.1108,0.009,0.0354,0.2893,84.5,0.3518,0.0799,0.1727
674330,Zac Cook,0.0995,0.1,0.0164,0.0295,0.2593,62.5,0.3687,0.0578,0.1413
674951,Nick Podkul,0.1029,0.0949,0.0092,0.0238,0.2811,76.2,0.2803,0.0968,0.1308
808277,Miguel Rodríguez,0.0767,0.0666,0.0106,0.0104,0.2142,33.6,0.2622,0.0723,0.0602
676629,Riley Delgado,0.0888,0.0783,0.0083,0.0064,0.2571,60.2,0.1633,0.057,0.0658
681668,Manny Rodriguez,0.0868,0.0853,0.0119,0.0165,0.2398,51.1,0.3269,0.0503,0.102
625510,Erick Mejia,0.097,0.0919,0.0193,0.0199,0.2721,72.0,0.2302,0.0767,0.1193
700931,Seth Stephenson,0.0886,0.0775,0.0445,0.0113,0.2481,55.5,0.2502,0.0547,0.0795
665913,Kelvin Melean,0.0918,0.0837,0.0112,0.0118,0.2582,65.0,0.2109,0.0664,0.0911
684081,Erick Brito,0.1048,0.0894,0.0263,0.0089,0.2297,40.9,0.2156,0.0659,0.0602
456715,Lorenzo Cain,0.2151,0.1875,0.0494,0.0405,0.2903,83.1,0.2208,0.0732,0.117
684222,Jorge Burgos,0.0893,0.0873,0.0081,0.0186,0.2507,59.2,0.2676,0.0642,0.1016
682621,Gabriel Rodriguez,0.0858,0.082,0.0077,0.0149,0.2423,52.8,0.2762,0.0603,0.0919
663834,Jonathan Engelmann,0.102,0.1007,0.0121,0.0267,0.2774,75.8,0.2944,0.0748,0.1396
667690,C.J. Stubbs,0.0939,0.0923,0.0139,0.0259,0.2451,54.0,0.3857,0.0725,0.1282
692478,Victor Arias,0.0761,0.0723,0.0132,0.0154,0.2024,23.9,0.3371,0.0561,0.0761
543068,C.J. Cron,0.3427,0.3936,0.0049,0.1258,0.3277,101.2,0.2506,0.081,0.2034
641741,Gosuke Katoh,0.1875,0.1677,0.0253,0.032,0.2853,79.7,0.2472,0.0926,0.1161
672832,Israel Pineda,0.1642,0.1721,0.0108,0.0469,0.2539,58.4,0.2636,0.0553,0.1278
657562,Patrick Dorrian,0.1034,0.1028,0.0077,0.0303,0.2735,71.8,0.3308,0.0872,0.1482
681370,Hudson Haskin,0.1,0.093,0.0173,0.0204,0.2787,77.8,0.2695,0.0693,0.1188
807740,Luke Shliger,0.0814,0.0689,0.0119,0.0103,0.236,50.6,0.2695,0.0848,0.0714
800060,Xavier Isaac,0.1431,0.1439,0.0156,0.0435,0.2815,83.0,0.3131,0.0845,0.1497
656514,Adam Haseley,0.2659,0.2602,0.0418,0.0607,0.2872,81.9,0.2085,0.0677,0.1257
571980,Tyler Naquin,0.3927,0.3953,0.0392,0.1088,0.299,88.6,0.2757,0.0629,0.1609
643599,Harrison Wenson,0.0901,0.0907,0.0123,0.0268,0.2375,47.7,0.3971,0.0707,0.1272
670767,Devin Hairston,0.0836,0.0774,0.0115,0.0119,0.2367,46.2,0.2985,0.0629,0.0878
687730,Caleb Cali,0.0878,0.084,0.0091,0.0216,0.2456,63.4,0.3318,0.0814,0.1082
666140,Brandon McIlwain,0.0939,0.0888,0.0151,0.0193,0.2582,64.4,0.3063,0.069,0.1094
665975,Lolo Sanchez,0.1026,0.0936,0.0185,0.02,0.2824,76.8,0.1978,0.0912,0.1152
682625,Antonio Gomez,0.0811,0.0786,0.0064,0.0151,0.223,39.6,0.3068,0.0528,0.0828
680571,Greyson Jenista,0.1088,0.1115,0.0102,0.0371,0.2805,75.7,0.3625,0.0849,0.1676
690991,Mac Horvath,0.0931,0.089,0.0284,0.0229,0.2467,61.3,0.3006,0.069,0.1132
656953,Colton Shaver,0.105,0.1049,0.0104,0.0352,0.2747,73.0,0.3813,0.095,0.1613
672701,José Devers,0.171,0.1585,0.0176,0.0199,0.273,69.5,0.1886,0.0547,0.0993
703804,Romeo Sanabria,0.1251,0.115,0.008,0.0251,0.2868,86.1,0.2775,0.0928,0.1195
666196,Thomas Jones,0.0936,0.0894,0.0159,0.0224,0.2537,58.5,0.3439,0.0737,0.1197
687588,Micah Pries,0.1861,0.1878,0.0274,0.0478,0.2821,81.0,0.2692,0.0641,0.1425
676566,Shawn Ross,0.0894,0.0903,0.0092,0.0293,0.2347,43.1,0.3846,0.0834,0.1267
681377,Josh Hood,0.0866,0.084,0.0137,0.0175,0.2435,59.1,0.2644,0.061,0.0946
669336,Joe Gray Jr.,0.0927,0.0932,0.015,0.0247,0.2476,53.4,0.3107,0.0621,0.1236
702920,Konner Piotto,0.0811,0.0731,0.0104,0.0123,0.2244,40.6,0.2843,0.0626,0.0736
596847,Ji Man Choi,0.3182,0.3098,0.0071,0.0876,0.3199,105.0,0.2812,0.1255,0.17
680971,Jake Anchia,0.0879,0.0903,0.0057,0.0225,0.2406,55.0,0.3021,0.0524,0.1169
669413,Frainyer Chavez,0.1334,0.1127,0.0254,0.0125,0.2564,62.4,0.2352,0.0776,0.0737
695358,Jonny Butler,0.0911,0.0869,0.0166,0.0192,0.2588,67.7,0.276,0.0689,0.1139
689328,Ashton Creal,0.0863,0.082,0.0186,0.018,0.2367,44.3,0.3419,0.0635,0.0996
691938,Willy Vasquez,0.1806,0.1796,0.0351,0.0396,0.238,53.2,0.2847,0.0508,0.1007
592567,Colin Moran,0.1923,0.2068,0.0074,0.0599,0.2935,90.0,0.2752,0.0847,0.1434
665914,Daniel Montano,0.1015,0.0953,0.01,0.0203,0.281,70.1,0.282,0.0826,0.1244
688832,Carter Williams,0.0946,0.0967,0.0113,0.0224,0.2614,65.3,0.2459,0.0501,0.1191
643271,Narciso Crook,0.11,0.1066,0.0167,0.0302,0.2924,83.8,0.3311,0.0819,0.1582
669702,Armani Smith,0.0985,0.0957,0.0102,0.022,0.2747,74.2,0.2922,0.0722,0.121
671113,Zach Daniels,0.0988,0.0968,0.0208,0.0263,0.2589,63.9,0.3504,0.0722,0.1258
669377,Michael Gigliotti,0.097,0.0844,0.0229,0.0168,0.2679,69.6,0.2811,0.0962,0.1059
667727,Steele Walker,0.1041,0.1035,0.0147,0.0256,0.2867,82.2,0.2168,0.0681,0.1389
657017,Cole Sturgeon,0.1004,0.0965,0.0144,0.02,0.2788,76.6,0.2244,0.0652,0.1188
671246,Fabricio Macias,0.1003,0.1019,0.0168,0.0217,0.2823,75.2,0.2428,0.0491,0.1265
699393,Pedro Ramírez,0.0823,0.0771,0.0141,0.0092,0.2384,49.6,0.206,0.0462,0.0699
669738,Jake Noll,0.1042,0.1077,0.0076,0.0249,0.2902,83.0,0.2077,0.0492,0.1387
676762,Frankie Tostado,0.1063,0.1117,0.0069,0.03,0.292,85.3,0.2236,0.0574,0.1523
680695,Brennen Davis,0.1113,0.1091,0.0116,0.032,0.2994,90.9,0.2858,0.0875,0.1597
607461,Matt Beaty,0.2693,0.26,0.021,0.0568,0.2997,90.0,0.2065,0.0724,0.127
666206,Delvin Pérez,0.0914,0.0816,0.0261,0.0112,0.2563,61.0,0.2611,0.0628,0.0853
572816,Corey Dickerson,0.3718,0.3911,0.0321,0.0857,0.3045,93.3,0.1968,0.0568,0.1433
665912,Miguel Hernandez,0.0913,0.0878,0.0091,0.0126,0.2641,61.2,0.2164,0.0498,0.0943
800473,Jefferson Rojas,0.0781,0.0735,0.0161,0.0105,0.223,39.9,0.2211,0.047,0.0667
702457,Colby Smelley,0.0791,0.0727,0.0054,0.0121,0.2331,45.6,0.2782,0.065,0.0748
668789,Zach Watson,0.0972,0.1018,0.0178,0.0281,0.2599,64.5,0.3022,0.0469,0.1392
455139,Robinson Chirinos,0.2515,0.2445,0.019,0.0682,0.2739,72.4,0.3066,0.0837,0.1348
541650,Hernán Pérez,0.1017,0.1002,0.0191,0.0227,0.2784,74.5,0.2443,0.061,0.126
691001,Robert Moore,0.1869,0.1709,0.046,0.0298,0.2394,47.8,0.2324,0.059,0.088
670399,Jeffry Parra,0.0853,0.0825,0.0087,0.0186,0.2346,47.8,0.2867,0.0619,0.0968
681375,Matt Hogan,0.0905,0.0852,0.0235,0.023,0.2518,60.9,0.379,0.0844,0.118
680785,J.D. Orr,0.1002,0.0839,0.0369,0.0116,0.282,76.7,0.2374,0.092,0.0947
701778,Jace Avina,0.0865,0.0871,0.0093,0.0235,0.2309,44.9,0.3493,0.0598,0.109
694689,Dominic Pitelli,0.1484,0.1291,0.0632,0.0187,0.2549,56.2,0.2803,0.0655,0.0893
681468,Corey Rosier,0.1162,0.1045,0.0389,0.019,0.2731,70.4,0.2436,0.0744,0.1107
676803,Connor Hoover,0.091,0.0846,0.0126,0.0198,0.2486,58.3,0.3048,0.0849,0.111
686887,Chris Givin,0.0887,0.0803,0.0097,0.0117,0.2511,58.0,0.2308,0.0698,0.0879
614177,Franmil Reyes,0.3244,0.3778,0.017,0.133,0.3205,104.5,0.3041,0.083,0.2044
672823,Sebastian Espino,0.0913,0.0923,0.0101,0.0214,0.2446,52.6,0.3416,0.0501,0.1192
666452,Eduardo Diaz,0.1052,0.1099,0.0162,0.0294,0.2821,77.5,0.2721,0.0512,0.1522
688495,Mariano Ricciardi,0.0813,0.0731,0.0111,0.0086,0.2383,50.2,0.2408,0.0626,0.0729
695744,Ian Moller,0.0795,0.0684,0.013,0.0137,0.2181,36.3,0.3232,0.0882,0.0746
677049,Josh Hatcher,0.2025,0.2023,0.0357,0.0493,0.2775,77.7,0.2938,0.053,0.1344
691183,Kevin Made,0.0813,0.0766,0.0085,0.0111,0.2348,46.3,0.2357,0.0541,0.0809
640461,Chad Pinder,0.2774,0.3,0.015,0.0889,0.2949,88.3,0.2778,0.0589,0.1625
814408,Jackson Hornung,0.0814,0.0755,0.0047,0.0124,0.2309,47.0,0.283,0.0609,0.0785
594838,Phil Gosselin,0.1867,0.1794,0.0173,0.0308,0.281,76.6,0.2378,0.0644,0.1082
694754,Sabin Ceballos,0.088,0.0822,0.0106,0.0154,0.2543,62.9,0.2493,0.0658,0.0933
660634,Yonny Hernández,0.2856,0.1892,0.1352,0.0173,0.2788,76.9,0.2161,0.1163,0.0721
686601,Drew Campbell,0.0984,0.0993,0.0158,0.0236,0.2641,64.9,0.2569,0.0497,0.1223
641385,Bret Boswell,0.1039,0.1028,0.0112,0.0271,0.2801,69.1,0.3103,0.0751,0.1418
673451,Shogo Akiyama,0.1017,0.093,0.0141,0.0158,0.2887,82.5,0.2246,0.0708,0.1064
682648,Juan Guerrero,0.1335,0.1304,0.0233,0.0244,0.2785,62.1,0.1807,0.0457,0.1114
640460,Dustin Peterson,0.1052,0.1046,0.0072,0.0264,0.2894,81.4,0.2412,0.0757,0.139
668698,Todd Lott,0.0976,0.1005,0.0102,0.0257,0.2649,67.1,0.3077,0.0502,0.1329
665989,Shervyen Newton,0.0822,0.08,0.0067,0.0175,0.2277,40.5,0.3476,0.0601,0.0968
695000,Poncho Ruiz,0.0815,0.0734,0.0075,0.0117,0.2321,46.5,0.2489,0.0702,0.078
681286,JT Schwartz,0.1698,0.1574,0.0146,0.0299,0.2749,76.3,0.2246,0.0726,0.1089
691792,Roc Riggio,0.0929,0.0796,0.0219,0.0162,0.249,60.3,0.2509,0.092,0.0951
683610,Leandro Pineda,0.0899,0.0855,0.0081,0.0179,0.2469,52.8,0.2739,0.0672,0.104
543482,Drew Maggi,0.1665,0.1474,0.0375,0.0278,0.2654,65.5,0.2956,0.0807,0.1078
696020,Raudelis Martinez,0.0736,0.0696,0.0104,0.0135,0.2007,27.1,0.2604,0.0588,0.0698
701544,Andy Blake,0.0915,0.0871,0.0193,0.0189,0.2522,60.2,0.2495,0.0631,0.1063
700164,Bryant Betancourt,0.0847,0.0812,0.0089,0.0166,0.2349,31.9,0.2234,0.0583,0.0869
641525,Brandon Dixon,0.197,0.2126,0.0243,0.064,0.29,85.2,0.3177,0.0621,0.1701
656847,DJ Peters,0.1066,0.1145,0.0106,0.036,0.2842,80.6,0.3231,0.0697,0.17
663516,Dillon Paulson,0.1099,0.1098,0.0101,0.03,0.2973,91.4,0.2564,0.0816,0.1552
801187,Chase Adkison,0.0817,0.077,0.008,0.0131,0.2325,48.0,0.2455,0.0574,0.078
663725,Cole Daily,0.0887,0.0765,0.0158,0.0081,0.2544,58.8,0.2615,0.0762,0.0777
681868,Ezequiel Pagan,0.097,0.0946,0.0129,0.0186,0.256,61.1,0.2123,0.0529,0.098
689216,Jalen Battles,0.0862,0.0809,0.0128,0.0121,0.2461,58.1,0.2834,0.0549,0.0873
691476,Luis Encarnacion,0.0839,0.085,0.0112,0.0184,0.2252,40.9,0.2524,0.0414,0.091
694185,Danny De Andrade,0.0788,0.0722,0.0126,0.0105,0.2202,36.1,0.2431,0.0535,0.071
672696,Francisco Acuna,0.0836,0.0756,0.0129,0.0106,0.2378,46.9,0.2348,0.0632,0.08
547172,Tony Wolters,0.2285,0.1928,0.019,0.0278,0.2588,62.8,0.2689,0.0913,0.0829
685474,Felix Stevens,0.0932,0.0981,0.007,0.0296,0.251,58.8,0.3561,0.062,0.1353
681234,Charlie Welch,0.0846,0.0781,0.0091,0.0203,0.2304,45.7,0.3623,0.0902,0.0998
622046,Chris Shaw,0.108,0.1105,0.0097,0.0367,0.2834,78.9,0.3613,0.0878,0.1685
702068,Cole Gabrielson,0.0979,0.0859,0.0201,0.0166,0.2679,73.6,0.3009,0.08,0.1072
658677,Gilbert Lara,0.0883,0.0891,0.0069,0.0163,0.2483,55.2,0.2543,0.0412,0.1019
641336,Nick Banks,0.0999,0.0992,0.0084,0.0239,0.2738,72.0,0.3076,0.0679,0.1306
608715,Eric Stamets,0.0898,0.0816,0.0142,0.0159,0.2442,51.5,0.2918,0.0736,0.1003
683006,Chris Newell,0.1194,0.1212,0.0219,0.039,0.2684,68.2,0.3495,0.0817,0.1541
672653,Diego Infante,0.1002,0.1004,0.0144,0.0248,0.2761,76.2,0.3043,0.0651,0.1294
692633,Manuel Palencia,0.0736,0.0685,0.0097,0.009,0.2033,25.9,0.2243,0.0467,0.0549
678768,Victor Planchart,0.0795,0.0741,0.0089,0.0117,0.2249,40.1,0.2715,0.0592,0.0749
675986,Canaan Smith-Njigba,0.3444,0.3214,0.0646,0.0659,0.3076,93.0,0.2706,0.1094,0.1368
806956,Ethan Salas,0.0817,0.0782,0.0107,0.0164,0.225,42.2,0.2838,0.0621,0.0882
691283,Sheng-Ping Chen,0.0811,0.0766,0.0106,0.0125,0.2281,40.5,0.2856,0.0572,0.0827
641689,Jacob Heyward,0.1052,0.1015,0.0099,0.0301,0.2829,79.1,0.33,0.0987,0.1487
690107,Jackson Glenn,0.0862,0.0808,0.0104,0.0111,0.2493,53.2,0.2426,0.0585,0.0874
689984,Zach Arnold,0.0923,0.0873,0.0108,0.0162,0.2576,61.2,0.2741,0.0603,0.1006
663911,Nick Plummer,0.1087,0.1003,0.0164,0.0261,0.2949,87.5,0.3136,0.0978,0.1441
664041,Jaylin Davis,0.1969,0.1987,0.0205,0.0615,0.2845,80.8,0.3305,0.0881,0.1523
621458,Edwin Rios,0.3724,0.4019,0.0185,0.1354,0.2991,88.6,0.3338,0.0794,0.1866
680518,Zavier Warren,0.1224,0.1212,0.011,0.0309,0.2665,66.8,0.2588,0.0749,0.1272
800198,Cristofer Torin,0.0798,0.0675,0.0155,0.0063,0.2289,40.7,0.2298,0.0733,0.0543
671748,Casey Yamauchi,0.0829,0.0711,0.0216,0.0056,0.243,58.7,0.1431,0.0489,0.0573
680421,Ben Norman,0.0956,0.0967,0.0154,0.029,0.2582,62.7,0.3452,0.071,0.1337
680938,Andrew Moritz,0.0969,0.086,0.0132,0.012,0.2673,66.3,0.2318,0.0677,0.0861
642221,Kean Wong,0.0963,0.0845,0.0283,0.0121,0.2704,71.7,0.2418,0.0742,0.0899
682075,Ian Dawkins,0.0983,0.096,0.0163,0.0199,0.2717,71.1,0.2484,0.0569,0.1164
543333,Eric Hosmer,0.2869,0.3055,0.0191,0.0745,0.3144,101.3,0.1922,0.0773,0.143
698937,Aneudis Mordán,0.0659,0.0642,0.0089,0.0126,0.1814,10.2,0.3357,0.0452,0.0627
689688,Ethan Workinger,0.1097,0.1055,0.0098,0.022,0.2607,62.0,0.2625,0.0619,0.1108
668929,Noah Campbell,0.0954,0.0863,0.0123,0.017,0.2676,67.9,0.2982,0.0897,0.1076
692333,Jorge Puerta,0.0853,0.0818,0.0083,0.0189,0.2268,41.3,0.2645,0.0677,0.0896
686677,Landon Stephens,0.1024,0.1032,0.0077,0.0331,0.2629,63.8,0.3716,0.0799,0.1497
663544,LJ Talley,0.1031,0.096,0.0113,0.0193,0.2824,78.3,0.2206,0.079,0.1195
669442,Alerick Soularie,0.0915,0.0831,0.0248,0.017,0.249,56.5,0.2847,0.0743,0.0994
650506,Jose Gomez,0.088,0.0826,0.0133,0.0118,0.249,55.1,0.2609,0.0523,0.0872
700648,Josue Gonzalez,0.079,0.0695,0.0099,0.0139,0.2125,32.1,0.31,0.0794,0.0722
677605,Luis Verdugo,0.1612,0.1535,0.0143,0.0258,0.2483,55.5,0.2275,0.0559,0.0961
700081,Jake Thompson,0.0976,0.0964,0.0082,0.0237,0.2765,72.1,0.2662,0.0716,0.1279
672361,Agustin Ruiz,0.1029,0.1047,0.0066,0.0294,0.2757,75.4,0.2948,0.0715,0.1461
642002,Michael Reed,0.1679,0.1608,0.0317,0.0397,0.2607,65.9,0.3368,0.0767,0.12
702679,Demetrio Crisantes,0.0907,0.081,0.0172,0.0109,0.2549,60.0,0.2274,0.066,0.0758
518586,Charlie Culberson,0.2476,0.2483,0.0485,0.0518,0.2728,72.1,0.2687,0.053,0.1214
686758,Dylan Shockley,0.082,0.0757,0.009,0.0135,0.2292,40.2,0.3278,0.0652,0.0865
621545,Zach Remillard,0.2409,0.2117,0.0532,0.0389,0.2708,70.8,0.2639,0.0786,0.1048
622700,Santiago Chávez,0.0807,0.0762,0.0071,0.0134,0.2299,41.1,0.3032,0.0598,0.0871
807751,Ethan O'Donnell,0.0967,0.0938,0.0231,0.0241,0.2595,59.3,0.3007,0.0635,0.1166
685712,Geovanny Planchart,0.0791,0.0697,0.0078,0.0107,0.2267,37.8,0.277,0.0814,0.0695
676627,Tyreque Reed,0.1106,0.1112,0.0094,0.0323,0.2927,81.6,0.3127,0.0806,0.162
592743,Andrelton Simmons,0.236,0.2123,0.0347,0.0279,0.2685,68.6,0.1707,0.0644,0.0817
682276,Jose Cordova,0.0818,0.0767,0.0162,0.0128,0.2279,27.3,0.2604,0.0462,0.0779
623323,Braden Bishop,0.104,0.1008,0.0179,0.0219,0.2873,81.1,0.2509,0.0707,0.1304
800543,Josue De Paula,0.0899,0.0811,0.0143,0.0152,0.2437,52.7,0.2692,0.0767,0.0834
622110,Matt Duffy,0.3299,0.3027,0.0359,0.0418,0.2945,85.7,0.2048,0.0717,0.0931
667428,Grant Koch,0.122,0.1178,0.0096,0.0254,0.248,52.9,0.2729,0.0697,0.1086
805301,Jordan Dissin,0.0804,0.0752,0.0075,0.016,0.2204,33.8,0.3252,0.0683,0.0821
681098,Bill Knight,0.0869,0.0826,0.0238,0.0192,0.2375,55.0,0.3117,0.059,0.0978
806988,Welbyn Francisca,0.0739,0.069,0.013,0.0098,0.2118,31.7,0.2826,0.0519,0.0619
695780,Jake Fox,0.0846,0.0757,0.0115,0.011,0.2423,53.6,0.251,0.0756,0.0779
683593,Dariel Lopez,0.0876,0.0898,0.009,0.0188,0.2482,54.2,0.2486,0.0428,0.1004
677356,Carter Young,0.082,0.0745,0.0141,0.0094,0.232,46.0,0.2868,0.0569,0.0739
803385,Jay Harry,0.0839,0.0789,0.0113,0.0124,0.2353,46.7,0.2105,0.0519,0.0807
623515,Drew Jackson,0.1001,0.089,0.0234,0.022,0.2742,74.2,0.3284,0.1052,0.122
702544,Jacob Reimer,0.0892,0.0795,0.0077,0.0162,0.2473,56.7,0.2747,0.0859,0.0874
680710,Grant Witherspoon,0.1013,0.1003,0.0151,0.0266,0.2726,76.3,0.2881,0.0765,0.1365
592714,Josh Sale,0.1004,0.0962,0.0111,0.0269,0.2742,73.9,0.3451,0.0913,0.1357
696272,Maxwell Costes,0.1049,0.1031,0.01,0.0264,0.2866,82.5,0.2405,0.0737,0.1372
692446,Miguel Villarroel,0.0807,0.0789,0.0156,0.0133,0.2266,41.4,0.2301,0.0407,0.0756
687125,Dilan Rosario,0.0757,0.0701,0.0119,0.01,0.2176,36.1,0.302,0.0548,0.0689
656289,Michael Cantu,0.0861,0.0807,0.0077,0.0183,0.2336,47.0,0.3647,0.0797,0.0988
664762,Andy Atwood,0.0856,0.0807,0.0148,0.0125,0.2425,51.7,0.2612,0.0507,0.0876
668756,Ben Ramirez,0.0813,0.0811,0.0075,0.0169,0.2309,50.9,0.2934,0.0491,0.0904
808265,Franklin Arias,0.0803,0.0731,0.0132,0.0096,0.2254,35.7,0.2286,0.0551,0.0648
665780,Franklin Labour,0.0993,0.0959,0.0128,0.0265,0.2672,68.6,0.3489,0.0884,0.1371
675430,CJ Rodriguez,0.073,0.0654,0.0054,0.0094,0.2161,37.8,0.245,0.0686,0.0635
681927,Jacob Rhinesmith,0.1012,0.0945,0.0126,0.0191,0.2797,75.9,0.2369,0.0799,0.1198
700936,Collin Burns,0.1454,0.1339,0.031,0.0202,0.246,56.5,0.2146,0.0539,0.0829
677673,Imanol Vargas,0.102,0.1023,0.0052,0.03,0.2713,70.6,0.343,0.0868,0.142
641856,Billy McKinney,0.3571,0.3565,0.0247,0.103,0.2973,89.9,0.2777,0.099,0.1628
698933,Ronald Hernandez,0.0764,0.0696,0.0084,0.0133,0.2087,29.9,0.3038,0.0694,0.0713
665715,Jose Sibrian,0.0781,0.077,0.0077,0.0147,0.2185,34.8,0.2507,0.0457,0.0807
641716,Torii Hunter Jr.,0.0958,0.09,0.0228,0.0187,0.2627,64.8,0.3222,0.0692,0.1116
493193,Dae-Ho Lee,0.1041,0.108,0.0049,0.0253,0.2921,84.9,0.1729,0.0495,0.1241
656508,K.J. Harrison,0.1067,0.1107,0.0086,0.0318,0.2849,79.4,0.294,0.0674,0.1581
677338,GJ Hill,0.0784,0.0753,0.0155,0.0157,0.2154,28.9,0.3438,0.0534,0.0846
642134,Robbie Tenerowicz,0.1081,0.1031,0.0077,0.0253,0.283,80.8,0.2614,0.0731,0.1303
685300,Grant Richardson,0.1696,0.1737,0.0296,0.0516,0.2629,67.5,0.3396,0.0618,0.1445
690903,Lucas Dunn,0.0847,0.0777,0.0121,0.0152,0.2319,47.6,0.3204,0.0733,0.0889
657212,Evan Edwards,0.1015,0.1003,0.0115,0.0308,0.2701,72.6,0.3631,0.0904,0.1448
687346,Gabe Matthews,0.1036,0.0989,0.0069,0.0273,0.2787,75.5,0.3179,0.0936,0.1386
702270,Malcolm Moore,0.083,0.0814,0.0136,0.02,0.2228,42.1,0.308,0.0504,0.0976
808129,Juan Flores,0.0757,0.0753,0.0079,0.0158,0.2086,27.0,0.2783,0.0427,0.0797
573131,Darin Ruf,0.4056,0.4044,0.0213,0.1185,0.3136,99.9,0.2819,0.1092,0.1648
689822,Matt Rudick,0.2045,0.1753,0.0322,0.034,0.2753,76.5,0.2392,0.0963,0.1061
669649,Ty Duvall,0.0789,0.0703,0.0085,0.0141,0.2206,40.9,0.3307,0.0811,0.077
687398,J.D. Mundy,0.1047,0.1066,0.0081,0.0311,0.2824,78.2,0.2944,0.0737,0.1521
666177,Carter Aldrete,0.0971,0.0997,0.0088,0.0257,0.2663,69.9,0.2749,0.0586,0.1306
672358,Justin Lopez,0.086,0.0854,0.009,0.0172,0.2354,48.2,0.2582,0.0515,0.0959
700361,Shawn Goosenberg,0.0873,0.0829,0.0197,0.0176,0.2483,56.2,0.2917,0.064,0.0986
815755,Kevin Bruggeman,0.0805,0.0732,0.0176,0.013,0.226,41.7,0.2878,0.0611,0.0764
641521,Edwin Díaz,0.0958,0.0971,0.008,0.0266,0.2515,54.8,0.3538,0.0672,0.1383
682252,Shane Selman,0.096,0.0967,0.0098,0.027,0.2611,65.3,0.3215,0.0694,0.134
656462,Isiah Gilliam,0.1093,0.1069,0.0224,0.0322,0.2898,85.3,0.3504,0.0923,0.1594
687714,Jackson Cluff,0.0896,0.0811,0.0173,0.0146,0.2522,56.9,0.2959,0.0742,0.1004
673062,Jarryd Dale,0.0829,0.0739,0.0184,0.0107,0.23,45.5,0.2767,0.0677,0.0741
695735,Creed Willems,0.0871,0.089,0.0061,0.0233,0.2352,48.9,0.2816,0.0549,0.1117
670860,Lazaro Armenteros,0.1825,0.1745,0.044,0.0495,0.2588,66.0,0.3942,0.0804,0.1267
814791,Jared Sundstrom,0.0916,0.085,0.0183,0.0204,0.2556,70.5,0.2958,0.0834,0.1074
670895,Alfredo Rodriguez,0.0863,0.0792,0.0104,0.0078,0.2523,56.3,0.2293,0.0493,0.0751
698927,Edward Duran,0.0738,0.0663,0.0101,0.0087,0.2059,27.6,0.2534,0.0579,0.0586
694977,Nate Nankil,0.0913,0.0864,0.0068,0.0188,0.2609,71.3,0.2544,0.0649,0.1007
676378,Cody Bohanek,0.0899,0.076,0.0182,0.0135,0.2477,55.5,0.3292,0.09,0.0935
678663,Ramses Malave,0.082,0.081,0.0095,0.0195,0.2232,37.4,0.3453,0.0607,0.0989
680589,Felix Valerio,0.0992,0.0922,0.0215,0.0179,0.2743,72.1,0.2029,0.0748,0.1125
675980,Matt Winaker,0.1003,0.0866,0.0103,0.0173,0.2795,77.1,0.2597,0.1043,0.1109
683061,Alexander Vargas,0.1005,0.0969,0.0287,0.0171,0.2208,38.0,0.2723,0.0431,0.085
689374,Jake Means,0.092,0.0884,0.01,0.0222,0.2511,55.4,0.305,0.0775,0.1182
641531,Hunter Dozier,0.2741,0.2841,0.0296,0.075,0.292,83.4,0.2787,0.078,0.1563
677060,Chad Stevens,0.1025,0.0975,0.0179,0.0197,0.2259,41.1,0.3413,0.0565,0.0923
692334,Carlos Rojas,0.0766,0.0689,0.0078,0.0105,0.2067,27.9,0.2461,0.0632,0.0598
802531,Trent Farquhar,0.0898,0.0701,0.0264,0.007,0.252,57.4,0.2397,0.0924,0.0639
664011,Trey Amburgey,0.1047,0.108,0.0089,0.03,0.282,76.3,0.3073,0.0681,0.1545
671082,Ashton McGee,0.0985,0.0946,0.0087,0.0246,0.269,68.9,0.348,0.0874,0.1286
677581,Cesar Idrogo,0.0931,0.0924,0.0117,0.0205,0.2586,63.9,0.2567,0.058,0.1108
640449,Clint Frazier,0.2766,0.2698,0.0285,0.0776,0.2931,85.4,0.3088,0.1054,0.1489
672905,José Alvarez,0.0887,0.0825,0.0121,0.0125,0.2514,58.1,0.2519,0.0589,0.0857
688610,Toby Welk,0.0987,0.0966,0.0102,0.0234,0.2735,72.7,0.2735,0.0701,0.1293
592637,D.J. Peterson,0.1071,0.1103,0.0097,0.0331,0.2841,75.4,0.3031,0.0703,0.1589
691116,Jesus Ordonez,0.0868,0.0833,0.0099,0.0154,0.2467,39.6,0.2289,0.0509,0.0917
677647,Eddy Diaz,0.0923,0.0801,0.0339,0.0083,0.26,52.2,0.2136,0.0552,0.0794
703152,Anthony Gutierrez,0.0867,0.079,0.0348,0.0132,0.234,47.3,0.27,0.0495,0.0802
805810,Blake Mitchell,0.0852,0.0776,0.0163,0.0193,0.2277,41.1,0.3466,0.0849,0.0939
660530,Omar Meregildo,0.1027,0.1067,0.0079,0.0325,0.2751,73.0,0.3177,0.0709,0.1517
665776,Pedro Castellanos,0.1058,0.1088,0.0067,0.0257,0.2893,83.2,0.2175,0.0492,0.1382
676811,Quincy Nieporte,0.1083,0.114,0.0072,0.0334,0.2973,90.6,0.2094,0.0628,0.1626
703070,Loidel Chapelli,0.0826,0.0767,0.0168,0.0152,0.2357,47.3,0.2658,0.0681,0.0844
592444,JaCoby Jones,0.0965,0.0965,0.0124,0.0249,0.2629,64.3,0.3542,0.0665,0.132
665173,Alex McKenna,0.0984,0.0924,0.0144,0.0214,0.2676,69.3,0.3426,0.0807,0.1205
689959,Caeden Trenkle,0.087,0.0855,0.0115,0.0186,0.2501,61.6,0.2923,0.0566,0.1037
665138,Dalton Kelly,0.1926,0.1859,0.0306,0.0582,0.2858,82.6,0.3271,0.1002,0.1525
506702,Sandy León,0.1541,0.1437,0.0093,0.0318,0.2522,57.6,0.2927,0.0885,0.1014
668882,Mikey Perez,0.0905,0.0823,0.0326,0.017,0.2444,53.5,0.2631,0.0659,0.0961
683532,Christopher Familia,0.0914,0.0953,0.0089,0.0266,0.2389,50.7,0.2794,0.052,0.1175
678742,Rainer Nunez,0.2057,0.2113,0.0081,0.0526,0.2746,75.8,0.2424,0.0512,0.129
815039,Dustin Dickerson,0.0825,0.0708,0.0101,0.0082,0.2382,45.7,0.2356,0.0746,0.0639
806953,Eduardo Tait,0.0773,0.079,0.0078,0.0174,0.2099,26.8,0.2958,0.0392,0.0842
702906,Wilfredo Lara,0.0809,0.0799,0.0125,0.0186,0.2207,37.7,0.2981,0.0564,0.0917
677319,Cameron Barstad,0.0752,0.073,0.0064,0.0158,0.209,27.6,0.3681,0.0594,0.0846
694183,Cristian Hernández,0.0786,0.0726,0.0198,0.012,0.2174,34.6,0.285,0.059,0.0699
680814,Peyton Burdick,0.1848,0.1805,0.0229,0.0534,0.2904,83.0,0.3422,0.1006,0.1638
677068,Tyler Osik,0.0982,0.0967,0.0095,0.0237,0.2694,69.8,0.2872,0.0657,0.1251
595373,Jack Reinheimer,0.0873,0.077,0.0207,0.01,0.2462,53.6,0.2574,0.0668,0.08
678285,Fabian Pertuz,0.0862,0.0844,0.0133,0.0146,0.2283,42.6,0.2759,0.0434,0.0858
683001,Ethan Hearn,0.0778,0.0782,0.0095,0.0196,0.2099,30.5,0.3684,0.055,0.0957
624507,Ryder Jones,0.0992,0.1012,0.0087,0.0262,0.2658,66.6,0.302,0.0561,0.1347
800305,Jesús  Báez,0.0729,0.0728,0.0108,0.015,0.1969,23.6,0.2823,0.0434,0.073
691941,Calvin Harris,0.0752,0.071,0.0075,0.0134,0.2197,35.6,0.2663,0.0635,0.0739
695481,Jay Allen II,0.0881,0.0788,0.0322,0.0166,0.2399,44.0,0.3066,0.0731,0.0906
676646,Zach Reks,0.1928,0.1912,0.0123,0.0552,0.2934,86.8,0.3181,0.0905,0.1477
695612,Alex Mooney,0.0874,0.0783,0.0318,0.0145,0.2392,53.5,0.2528,0.0665,0.0876
671217,Sam Praytor,0.0765,0.074,0.0082,0.0151,0.2175,32.1,0.2868,0.0578,0.0829
700658,Chris Rotondo,0.0926,0.085,0.0141,0.0162,0.2576,62.5,0.3072,0.0741,0.0994
703861,Victor Ortega,0.0736,0.0615,0.0093,0.0093,0.2136,29.5,0.2741,0.091,0.0565
656666,Drew Lugbauer,0.1077,0.1133,0.0041,0.0404,0.2774,76.2,0.3941,0.0827,0.1792
642162,Pat Valaika,0.0949,0.095,0.0071,0.0212,0.2625,64.1,0.2564,0.0607,0.1151
694281,Tomas Frick,0.0804,0.0744,0.009,0.0143,0.2205,40.3,0.2548,0.061,0.0771
703198,Kenni Gomez,0.0787,0.0771,0.0166,0.0163,0.212,33.7,0.3285,0.047,0.0841
694884,Jalen Vasquez,0.0845,0.0684,0.0336,0.0097,0.2288,46.4,0.3004,0.0842,0.0689
803679,Sammy Hernandez,0.0776,0.0746,0.0076,0.0138,0.2147,33.7,0.2615,0.0544,0.0753
805842,Brett Johnson,0.0863,0.0768,0.0144,0.0154,0.2382,47.7,0.3287,0.0869,0.0929
676678,PK Morris,0.0975,0.093,0.0071,0.0242,0.2603,63.1,0.3176,0.0862,0.1248
687833,Shayne Fontana,0.1018,0.0932,0.0159,0.0213,0.2834,80.2,0.267,0.0896,0.1237
665560,Jhailyn Ortiz,0.1087,0.1129,0.0079,0.0356,0.2876,80.8,0.3198,0.0746,0.1643
678534,Rixon Wingrove,0.0949,0.0999,0.0066,0.0293,0.2524,57.5,0.3227,0.0568,0.1352
700358,Narbe Cruz,0.0835,0.0797,0.0092,0.0128,0.2314,44.7,0.2561,0.046,0.0783
676073,Scott Schreiber,0.1079,0.1113,0.0127,0.0305,0.2864,82.3,0.2759,0.0594,0.154
700939,Bennett Lee,0.0776,0.0683,0.0078,0.0127,0.2224,40.2,0.2885,0.0815,0.0754
694034,Mario Gomez,0.0772,0.0714,0.0086,0.0151,0.2165,40.0,0.303,0.0659,0.0772
687426,Glenn Santiago,0.087,0.0827,0.0108,0.0158,0.2404,51.2,0.2699,0.0603,0.0937
543768,Travis Shaw,0.2012,0.2023,0.0117,0.0584,0.2914,80.7,0.2729,0.0915,0.1543
672750,Ricardo Méndez,0.0882,0.0867,0.0157,0.0166,0.2459,53.2,0.2523,0.0494,0.0979
664009,Brantley Bell,0.0903,0.0813,0.0193,0.0117,0.2489,56.3,0.2574,0.0661,0.0905
681466,James Parker,0.0826,0.0817,0.0086,0.0189,0.2281,46.1,0.3225,0.0581,0.0974
677610,D'Shawn Knowles,0.0879,0.0816,0.0212,0.0138,0.2424,50.4,0.2867,0.0606,0.089
690957,Jace Bohrofen,0.0961,0.0911,0.01,0.0225,0.2618,68.7,0.2866,0.0798,0.1168
594694,Wilmer Difo,0.1818,0.1639,0.0251,0.0259,0.2746,72.8,0.2177,0.0771,0.0961
682109,Justin Toerner,0.0991,0.0889,0.0117,0.0214,0.2709,70.9,0.3146,0.1001,0.1181
671276,Yasel Antuna,0.0941,0.0848,0.0145,0.0168,0.2606,63.2,0.251,0.0898,0.1046
800188,Dario Laverde,0.0731,0.0663,0.0094,0.0096,0.2059,27.0,0.2696,0.0562,0.0593
664789,Ka'ai Tom,0.1034,0.0997,0.0119,0.0261,0.2826,79.0,0.2959,0.0882,0.1416
696487,Matt Higgins,0.0914,0.087,0.01,0.0177,0.2612,65.2,0.2818,0.0685,0.1035
814816,Johnny Tincher,0.0777,0.0697,0.008,0.0136,0.2196,39.6,0.3111,0.0786,0.0755
681898,Drew Mount,0.1058,0.1108,0.0121,0.0311,0.2876,76.9,0.2937,0.0574,0.1517
676004,Walking Cabrera,0.0836,0.0831,0.0094,0.018,0.233,47.3,0.2904,0.0524,0.0953
670210,Branden Fryman,0.0794,0.0772,0.0159,0.0113,0.2209,38.4,0.2463,0.0393,0.0783
689931,Peyton Graham,0.075,0.068,0.0153,0.0093,0.2193,36.5,0.258,0.057,0.0653
803288,Andrew Kachel,0.0899,0.0841,0.0121,0.0162,0.2569,62.3,0.2974,0.0709,0.1002
699213,Gleider Figuereo,0.0768,0.0756,0.0082,0.0173,0.2093,29.5,0.3095,0.0527,0.0831
501571,Juan Lagares,0.1782,0.1838,0.0177,0.0378,0.2776,75.0,0.2485,0.0505,0.1271
688002,Javier Valdes,0.1009,0.0927,0.0078,0.0212,0.27,68.9,0.2461,0.0809,0.1173
680996,Luke Mann,0.085,0.0846,0.0056,0.0213,0.2367,54.3,0.2958,0.0549,0.1025
669363,Jacob Gonzalez,0.0943,0.0944,0.0066,0.0202,0.2646,65.0,0.2046,0.0529,0.112
659359,Zac Fascia,0.0784,0.076,0.007,0.0142,0.2201,36.4,0.2973,0.0542,0.0813
672357,Jordy Barley,0.0861,0.0805,0.0354,0.0161,0.2333,44.5,0.3153,0.0588,0.0938
685460,Andrew Miller,0.0751,0.0736,0.0071,0.0156,0.2102,35.9,0.3406,0.0544,0.0816
656260,Quinn Brodey,0.0954,0.0945,0.023,0.0238,0.2526,59.7,0.3411,0.0631,0.1277
690448,Mike Jarvis,0.089,0.0854,0.0262,0.0162,0.2447,50.4,0.2437,0.0543,0.1012
696287,Ryan Higgins,0.0829,0.0813,0.0123,0.0179,0.2285,43.4,0.326,0.0528,0.0972
672882,Ismael Alcantara,0.0981,0.0989,0.0176,0.0247,0.2615,64.8,0.2967,0.0572,0.1251
680763,Eric De La Rosa,0.0957,0.0904,0.0228,0.0189,0.2666,68.3,0.3307,0.0623,0.1193
685087,Jordan Nwogu,0.0958,0.097,0.0189,0.0265,0.2574,62.3,0.3131,0.0617,0.1279
806611,Jancel Villarroel,0.0773,0.0714,0.0097,0.0136,0.2092,29.2,0.3125,0.0599,0.0718
680719,Niko Decolati,0.1037,0.0953,0.0192,0.0204,0.283,67.7,0.2679,0.0802,0.1187
596451,Roman Quinn,0.1834,0.1595,0.0691,0.033,0.2796,69.2,0.3282,0.087,0.1232
676016,Bryant Quijada,0.0832,0.0748,0.01,0.013,0.2306,35.9,0.2351,0.0724,0.0774
687625,Kai Murphy,0.0848,0.0803,0.0121,0.0155,0.2369,50.2,0.2868,0.0612,0.0888
813841,Jonah Cox,0.0807,0.076,0.028,0.0147,0.2235,39.9,0.3277,0.0529,0.0827
669741,Bryant Packard,0.1004,0.1015,0.0188,0.025,0.2768,75.4,0.2343,0.0526,0.1327
681260,Grant Williams,0.0895,0.0812,0.0183,0.0068,0.2577,60.2,0.1665,0.0472,0.0776
687521,Eric Brown Jr.,0.2265,0.1984,0.0833,0.0301,0.2472,54.1,0.2237,0.0697,0.0817
687463,Luis Guerrero,0.0875,0.082,0.0154,0.0166,0.2385,49.4,0.3368,0.0669,0.0966
620439,Franklin Barreto,0.1026,0.1038,0.0183,0.0307,0.2708,72.7,0.3263,0.0709,0.1496
543105,Alex Dickerson,0.2145,0.2268,0.0099,0.0705,0.3059,93.3,0.2491,0.0729,0.1726
669451,Chris Seise,0.083,0.0783,0.014,0.0135,0.2346,46.4,0.3294,0.0572,0.0883
641999,Corey Ray,0.1888,0.1986,0.0215,0.0586,0.2758,73.4,0.3219,0.0602,0.1583
659435,Max Wright,0.0808,0.0755,0.0083,0.0165,0.223,39.0,0.3162,0.0705,0.0872
801406,Jared Dickey,0.0877,0.0831,0.0111,0.0158,0.2486,56.5,0.2278,0.0571,0.0901
688403,Michael Sandle,0.0937,0.0936,0.0156,0.0218,0.2517,58.5,0.2752,0.0525,0.1155
687526,Marcus Smith,0.0799,0.0697,0.0239,0.0155,0.2157,34.6,0.4279,0.0811,0.0816
805234,Tyler Robertson,0.0877,0.0866,0.021,0.0197,0.2395,51.9,0.3063,0.0491,0.1008
694292,Jeffrey Wehler,0.0861,0.0808,0.0192,0.0142,0.2403,50.1,0.2779,0.0587,0.0864
664060,Kyle Holder,0.0906,0.0822,0.0104,0.0123,0.256,56.2,0.2502,0.0683,0.0921
605486,Cory Spangenberg,0.0953,0.0918,0.0208,0.0181,0.2638,65.8,0.3259,0.0578,0.1128
687192,Cade Hunter,0.0886,0.0865,0.0089,0.0236,0.2379,42.3,0.3281,0.074,0.1066
694214,Samuel Zavala,0.0888,0.0842,0.014,0.0209,0.2428,53.9,0.2979,0.0819,0.1039
542583,Jesús Aguilar,0.3027,0.3313,0.0065,0.1025,0.3085,96.6,0.228,0.0829,0.1675
675925,Cullen Large,0.1007,0.0913,0.0103,0.0174,0.2794,75.6,0.2818,0.0856,0.1174
800316,Alexander Albertus,0.076,0.067,0.01,0.011,0.2132,32.6,0.2771,0.0745,0.0607
669245,Jacob Pearson,0.1002,0.0933,0.0184,0.0209,0.2675,67.0,0.2668,0.0797,0.1222
676466,Jack Winkler,0.1738,0.1571,0.0392,0.023,0.2514,60.0,0.2306,0.0639,0.088
678173,David McCabe,0.0949,0.0881,0.0094,0.0194,0.2534,57.7,0.2845,0.078,0.1028
679628,Jacob Teter,0.0949,0.094,0.0079,0.0225,0.2637,67.1,0.2886,0.0666,0.1204
694991,Mitch Jebb,0.0841,0.0747,0.0235,0.0086,0.2402,46.8,0.189,0.0627,0.0682
621500,Wyatt Mathisen,0.1038,0.1006,0.0082,0.0296,0.2785,76.1,0.318,0.0927,0.1461
699061,Rayne Doncon,0.0808,0.0803,0.0089,0.0168,0.2172,34.2,0.2664,0.0486,0.0878
815589,Bo Davidson,0.0865,0.0841,0.0112,0.0205,0.242,54.7,0.3109,0.0658,0.104
700685,Paul Witt,0.0964,0.098,0.0097,0.0216,0.2318,43.4,0.2343,0.0444,0.0984
692027,Jose Sanabria,0.0714,0.0641,0.0118,0.0068,0.2021,27.6,0.2895,0.0526,0.053
641945,Preston Palmeiro,0.0983,0.0969,0.0083,0.0228,0.2672,67.6,0.2429,0.0693,0.1244
673516,Victor Mesa,0.0919,0.0854,0.0261,0.0142,0.2609,61.3,0.1969,0.0595,0.0931
686196,Peter Burns,0.079,0.0739,0.0124,0.0145,0.2205,37.9,0.2688,0.0571,0.0788
655996,Cristian Santana,0.1033,0.1072,0.0075,0.0252,0.2884,79.2,0.2482,0.0485,0.1327
815268,Patrick Lee,0.0875,0.0789,0.0426,0.0172,0.2367,50.2,0.307,0.0664,0.0937
678636,Orlando Martinez,0.1769,0.1737,0.018,0.0389,0.2861,80.5,0.2409,0.0653,0.1401
685301,Matt Gorski,0.157,0.1624,0.0355,0.0461,0.2713,68.1,0.2918,0.0628,0.1463
805126,Charlie Szykowny,0.0833,0.0802,0.0079,0.0136,0.2422,54.8,0.2558,0.0479,0.0891
685127,Alex McGarry,0.1027,0.1112,0.0131,0.0336,0.2731,67.4,0.3225,0.0507,0.1571
621433,Brett Phillips,0.2696,0.2496,0.0827,0.0762,0.2693,70.7,0.3803,0.103,0.1463
815734,Dylan Jasso,0.0871,0.0843,0.0055,0.0185,0.2388,53.1,0.2842,0.059,0.0992
802407,Joe Lampe,0.2391,0.2175,0.0518,0.037,0.2591,64.7,0.2408,0.0745,0.0939
694209,Robert Lopez,0.0737,0.0722,0.0077,0.0154,0.2031,25.8,0.3082,0.0552,0.0767
687020,Mason Auer,0.1354,0.1272,0.0533,0.0289,0.2587,67.7,0.3056,0.0663,0.1188
694194,Miguel Bleis,0.0856,0.0859,0.0216,0.0204,0.2245,34.2,0.2823,0.0457,0.0986
605244,Aramis Garcia,0.2167,0.2293,0.0197,0.0645,0.2646,63.2,0.3046,0.0481,0.1392
641553,Adam Engel,0.2688,0.2609,0.0825,0.0603,0.2712,71.6,0.3019,0.0626,0.1282
681142,Justice Thompson,0.0923,0.0873,0.015,0.0205,0.2547,54.0,0.349,0.0782,0.1084
628338,Guillermo Heredia,0.1816,0.1676,0.0122,0.0357,0.2778,74.5,0.276,0.0802,0.1292
814431,Jackson Castillo,0.0958,0.0875,0.0169,0.021,0.2573,66.1,0.2675,0.086,0.1069
657029,McCarthy Tatum,0.0949,0.094,0.0115,0.0224,0.2573,60.6,0.3033,0.0583,0.1229
694170,Dyan Jorge,0.0811,0.0742,0.0174,0.008,0.2365,33.6,0.2211,0.0444,0.0642
702889,Andy Lugo,0.0772,0.0756,0.0148,0.0119,0.215,28.5,0.2619,0.0344,0.0711
664334,Aaron Whitefield,0.097,0.0907,0.0331,0.0189,0.2615,63.7,0.3037,0.0696,0.1132
800419,Jeral Perez,0.0766,0.0757,0.0084,0.0161,0.2104,30.7,0.2769,0.0515,0.0789
643549,Taylor Snyder,0.0997,0.1013,0.0155,0.0285,0.2635,61.2,0.3205,0.0669,0.1411
678912,Jommer Hernandez,0.0769,0.0707,0.0081,0.012,0.212,30.3,0.3087,0.0599,0.0704
702690,Cutter Coffey,0.0861,0.0789,0.0144,0.0154,0.2343,44.3,0.271,0.0716,0.0879
686798,Yordys Valdes,0.1404,0.1292,0.0295,0.017,0.2178,36.4,0.2679,0.0486,0.0627
686912,Maxwell Romero Jr.,0.0795,0.0757,0.0064,0.018,0.2237,37.6,0.3355,0.0724,0.0904
694211,Manuel Pena,0.0795,0.075,0.0145,0.0102,0.2237,37.1,0.2636,0.0487,0.0715
805782,Ryan Lasko,0.0827,0.0716,0.0188,0.0129,0.2327,51.5,0.2981,0.0769,0.0775
805672,Collin Price,0.0951,0.0886,0.0083,0.0215,0.2541,60.6,0.2944,0.0864,0.113
622053,Jameson Fisher,0.1027,0.099,0.0106,0.024,0.2811,77.6,0.2865,0.0799,0.1321
543592,Austin Nola,0.3477,0.3309,0.0197,0.0626,0.3034,89.9,0.1826,0.0847,0.1194
686546,Matthew Dyer,0.0899,0.0903,0.0121,0.0231,0.2428,54.9,0.3456,0.0601,0.1171
595375,JT Riddle,0.0943,0.0977,0.0082,0.0219,0.2585,60.4,0.2207,0.045,0.1242
677593,Luis García,0.0842,0.0757,0.0128,0.015,0.2335,45.0,0.2867,0.0813,0.0856
702750,Edinson Duran,0.075,0.0768,0.0095,0.0186,0.197,22.4,0.31,0.0406,0.084
607430,John Andreoli,0.1004,0.0859,0.0187,0.0221,0.2684,68.3,0.3814,0.1263,0.1221
809945,Jonah Advincula,0.0914,0.0789,0.0265,0.0155,0.2551,64.6,0.2643,0.0906,0.088
683493,William Lugo,0.0864,0.0819,0.0069,0.0166,0.2385,51.8,0.2735,0.0682,0.0932
701655,Reed Trimble,0.0864,0.0818,0.019,0.0171,0.2368,50.0,0.2676,0.0618,0.091
808104,Andruw Musett,0.0767,0.0694,0.0077,0.0126,0.2112,25.7,0.2927,0.0707,0.0682
687340,Kiko Romero,0.0844,0.0813,0.0102,0.021,0.2227,39.2,0.3508,0.0709,0.0984
688714,Ryan Cermak,0.085,0.0846,0.0155,0.021,0.2293,46.4,0.3168,0.0558,0.101
813386,Justin Johnson,0.0826,0.0718,0.015,0.0075,0.2365,44.6,0.2282,0.0627,0.067
683612,Ronaldo Flores,0.0798,0.0817,0.0084,0.017,0.2199,35.4,0.2671,0.0371,0.0872
694444,Tavian Josenberger,0.0959,0.0797,0.0504,0.0141,0.2516,62.4,0.2136,0.0832,0.0858
695603,Benny Montgomery,0.0989,0.0972,0.0143,0.0222,0.2767,60.9,0.2867,0.0574,0.1225
692021,Oswaldo Linares,0.0736,0.0649,0.0077,0.0123,0.2018,27.3,0.3129,0.0783,0.0628
679734,Julio Carreras,0.2481,0.23,0.0558,0.0358,0.2747,58.7,0.2434,0.0517,0.1134
694815,Jack Hurley,0.0884,0.0868,0.016,0.0176,0.2406,48.0,0.3062,0.0509,0.0998
666560,ByungHo Park,0.1035,0.1093,0.0062,0.035,0.2762,74.2,0.3706,0.065,0.1536
621453,Steven Duggar,0.1762,0.1662,0.0358,0.0349,0.2692,70.0,0.3498,0.0865,0.1232
678729,Nelson Medina,0.0838,0.0795,0.015,0.0173,0.2229,38.9,0.342,0.0651,0.0926
804858,Bryan Rincon,0.0882,0.0757,0.0214,0.0134,0.2406,47.3,0.2593,0.0868,0.0818
600303,Tommy La Stella,0.3043,0.266,0.0151,0.0595,0.3058,96.5,0.1515,0.0782,0.1273
668752,Duke Ellis,0.1619,0.1405,0.0901,0.0313,0.246,54.3,0.295,0.0656,0.0987
682685,Cristian Gonzalez,0.0792,0.0779,0.009,0.0139,0.2159,34.4,0.2844,0.0415,0.079
694749,Dylan Campbell,0.0915,0.0845,0.0301,0.0179,0.2432,51.5,0.2625,0.0643,0.095
656509,Monte Harrison,0.1036,0.0991,0.036,0.0285,0.2678,68.0,0.3913,0.0771,0.1376
665091,Delvin Zinn,0.088,0.0775,0.0334,0.0095,0.2438,52.0,0.2374,0.0605,0.0799
676628,Mark Contreras,0.1476,0.1414,0.0365,0.0366,0.279,76.3,0.3155,0.073,0.1485
806314,Beau Brewer,0.0859,0.0752,0.0094,0.0099,0.2429,52.2,0.1876,0.0765,0.0672
676613,Tyler Esplin,0.0917,0.0848,0.0091,0.0151,0.2553,57.3,0.2788,0.0709,0.1027
687382,Chad Bell,0.1066,0.1108,0.0081,0.0351,0.2767,76.7,0.3462,0.0768,0.1567
682775,Kervin Pichardo,0.1608,0.1544,0.02,0.0317,0.2476,56.8,0.2973,0.0707,0.1006
682934,Dionmy Salon,0.0731,0.0664,0.0097,0.0099,0.2054,22.4,0.2674,0.0568,0.0607
643418,Shed Long Jr.,0.1869,0.1835,0.0249,0.0483,0.2851,80.0,0.267,0.081,0.1352
695372,Jake Gelof,0.089,0.0886,0.0133,0.0229,0.2289,41.6,0.3077,0.0625,0.1069
656494,Taylor Gushue,0.0996,0.0953,0.0075,0.0243,0.2696,69.1,0.3072,0.0897,0.1292
800643,Ty Hanchey,0.0766,0.0708,0.0087,0.0132,0.2182,38.6,0.2634,0.0648,0.0736
800208,Axiel Plaz,0.0831,0.0845,0.0074,0.0239,0.2243,38.5,0.3227,0.0645,0.1078
680698,Charles Mack,0.0817,0.0783,0.0091,0.0184,0.2212,37.3,0.3213,0.0672,0.0927
682799,Elio Prado,0.0851,0.0785,0.014,0.0155,0.2362,47.9,0.2622,0.0685,0.0855
807726,John Peck,0.0791,0.0697,0.0295,0.0087,0.2255,42.3,0.2714,0.0553,0.0681
699115,Carlos Jorge,0.0898,0.0863,0.0241,0.0187,0.2412,44.2,0.2807,0.0573,0.1007
814362,Alberto Rios,0.079,0.0771,0.0135,0.017,0.2153,31.6,0.3061,0.0521,0.0857
687036,Zach Zubia,0.0929,0.0847,0.0053,0.0218,0.2632,63.4,0.3276,0.1083,0.1113
623508,Trent Giambrone,0.0915,0.0845,0.0165,0.017,0.2524,57.8,0.2833,0.0795,0.104
683318,Ryan Leitch,0.08,0.0837,0.0082,0.022,0.2141,30.7,0.3311,0.0431,0.099
678021,Nicholas Northcut,0.1528,0.17,0.0069,0.0569,0.2669,63.5,0.3268,0.0528,0.1685
694188,Jesus Galiz,0.0783,0.0785,0.0074,0.0155,0.2062,26.9,0.2822,0.0406,0.0796
815151,Mac McCroskey,0.0856,0.0758,0.012,0.0104,0.2455,52.6,0.3241,0.0707,0.0813
695758,Hector Nieves,0.0856,0.078,0.0158,0.0142,0.239,51.2,0.3413,0.07,0.0926
800285,Enmanuel Tejeda,0.0787,0.0676,0.0208,0.0094,0.2169,36.8,0.2615,0.0678,0.0596
605346,Jack López,0.1583,0.1534,0.0346,0.0302,0.2506,58.6,0.2938,0.0475,0.1056
692222,Jose Izarra,0.0819,0.0768,0.0109,0.0135,0.2198,35.5,0.3395,0.0556,0.0814
678648,Herard Gonzalez,0.0829,0.0732,0.0127,0.0112,0.2365,45.4,0.2806,0.0765,0.0762
805015,Daniel Pena,0.0706,0.0666,0.0085,0.0116,0.1985,23.2,0.2833,0.0492,0.0634
673145,Geraldi Diaz,0.0805,0.0748,0.0087,0.0145,0.2258,39.4,0.2841,0.068,0.084
805075,Erick Torres,0.0737,0.0695,0.0143,0.0118,0.2068,24.0,0.2692,0.049,0.0651
694230,Hendry Mendez,0.0896,0.082,0.0075,0.0149,0.2522,56.5,0.2145,0.0781,0.0866
682793,Bryan Gonzalez,0.0895,0.09,0.0154,0.0215,0.2424,48.1,0.3245,0.0524,0.1089
682090,Gionti Turner,0.0812,0.0733,0.0172,0.0092,0.2313,46.9,0.2742,0.0552,0.0731
692044,Luis Suisbel,0.0686,0.0684,0.0067,0.0154,0.1897,21.3,0.3687,0.0453,0.073
686744,Jake Snider,0.0896,0.0787,0.016,0.0143,0.2509,50.9,0.2699,0.0817,0.0868
669714,Brady Whalen,0.1009,0.1014,0.0088,0.024,0.2782,76.2,0.2231,0.0612,0.1322
594988,Scott Schebler,0.0952,0.0962,0.0094,0.0252,0.2573,57.1,0.3228,0.06,0.1299
685084,Jordan Brewer,0.0961,0.0918,0.0167,0.0213,0.2565,62.2,0.3035,0.0682,0.114
690443,Mike Antico,0.181,0.173,0.0624,0.0409,0.2688,70.2,0.2611,0.0641,0.1243
683324,Nicolas Deschamps,0.0755,0.0671,0.0089,0.0134,0.2071,27.7,0.3619,0.0781,0.0723
800299,Diomedes Hernandez,0.0783,0.0742,0.0115,0.0148,0.2132,35.1,0.2749,0.053,0.0769
664097,Braxton Martinez,0.1019,0.097,0.0081,0.0245,0.2777,75.0,0.278,0.0907,0.1308
687431,Hudson Head,0.0879,0.0859,0.0105,0.0211,0.2423,48.4,0.3303,0.0699,0.1086
702140,Ruben Ibarra,0.0977,0.1011,0.0058,0.0302,0.2639,60.2,0.2944,0.067,0.1366
600902,Wilson Garcia,0.1082,0.1194,0.0053,0.0341,0.2936,84.9,0.201,0.0408,0.1616
543543,Brad Miller,0.289,0.2936,0.0262,0.0928,0.302,92.4,0.2772,0.0973,0.1635
656821,Kevin Padlo,0.1998,0.2075,0.023,0.0668,0.2856,81.6,0.3046,0.0871,0.163
681132,Max Ferguson,0.0895,0.0733,0.0285,0.0104,0.2438,48.7,0.291,0.0934,0.0819
680740,Kyle Hess,0.0864,0.0848,0.0174,0.0186,0.236,49.2,0.2768,0.0498,0.1014
695467,Juan Montero,0.0797,0.0718,0.0097,0.0117,0.2208,35.0,0.3075,0.0649,0.0768
695068,Landon Wallace,0.0928,0.0868,0.0125,0.0177,0.2582,64.4,0.3374,0.07,0.1153
663618,Josh Stowers,0.1028,0.1014,0.0227,0.0285,0.2699,70.3,0.318,0.0754,0.1437
623205,Andrew Velazquez,0.3314,0.3078,0.1446,0.0704,0.2635,65.2,0.3191,0.0682,0.1214
678849,Rolando Espinosa,0.0895,0.0828,0.0241,0.0191,0.2352,46.5,0.3768,0.0755,0.1011
686404,Wuilfredo Antunez,0.0879,0.086,0.0151,0.0173,0.2453,55.0,0.2513,0.0574,0.0974
668776,Devin Ortiz,0.0785,0.0705,0.0094,0.0116,0.2234,41.1,0.2895,0.0692,0.0677
702708,Emaarion Boyd,0.0843,0.0746,0.0373,0.0104,0.2369,45.0,0.2303,0.0545,0.071
814194,Quinn McDaniel,0.0847,0.0747,0.0265,0.015,0.2357,50.4,0.3451,0.0788,0.0877
800332,Victor Rodrigues,0.0737,0.071,0.0095,0.0132,0.1968,21.1,0.2718,0.0485,0.0661
669471,Devin Mann,0.1348,0.1276,0.0092,0.0309,0.2922,85.0,0.2644,0.0888,0.1439
703190,Johanfran Garcia,0.0737,0.0708,0.0092,0.0126,0.2032,20.1,0.3022,0.0484,0.0701
668993,Justin Farmer,0.0908,0.0813,0.02,0.0168,0.2473,56.2,0.3325,0.0869,0.0974
686445,Sammy Siani,0.1666,0.1555,0.0325,0.033,0.2488,52.8,0.3065,0.082,0.102
692039,Carlos Jimenez,0.0712,0.0697,0.0124,0.0176,0.1925,23.2,0.3749,0.0589,0.0783
656369,Alex Destino,0.0983,0.0964,0.0074,0.0262,0.2665,67.6,0.3291,0.0819,0.1296
678099,Gavin Logan,0.0813,0.0706,0.01,0.0134,0.2213,35.0,0.3453,0.0884,0.0795
656364,Greg Deichmann,0.098,0.093,0.018,0.0221,0.27,70.9,0.3167,0.0876,0.1267
805268,Peyton Williams,0.0906,0.0904,0.0066,0.0232,0.2447,54.9,0.2893,0.0642,0.1104
680722,Nick Meyer,0.095,0.0848,0.0168,0.016,0.2638,68.5,0.2349,0.0881,0.0972
686958,Jose Torres,0.0897,0.0882,0.019,0.019,0.2495,47.6,0.2843,0.052,0.1058
687072,Jamari Baylor,0.0814,0.0719,0.017,0.0143,0.2252,39.6,0.3441,0.0777,0.0802
678220,Yeison Santana,0.0803,0.0709,0.0186,0.0082,0.23,43.5,0.2419,0.0629,0.0633
691708,Junior Tilien,0.0822,0.0809,0.0065,0.0156,0.2312,46.2,0.2389,0.0532,0.0874
808234,Eduardo Quintero,0.0855,0.0791,0.0152,0.0166,0.2254,39.3,0.3149,0.068,0.0849
605548,Bradley Zimmer,0.2607,0.2325,0.0797,0.0571,0.2658,68.1,0.3689,0.0781,0.1169
672775,Ghordy Santos,0.0834,0.08,0.0132,0.0152,0.2336,46.3,0.3015,0.0571,0.0884
806273,Adam Retzbach,0.0765,0.0701,0.0089,0.0145,0.2091,30.0,0.3861,0.0704,0.0796
800448,Echedry Vargas,0.0745,0.074,0.0163,0.0127,0.2091,28.5,0.2387,0.0322,0.0733
807511,Nelly Taylor,0.0885,0.0807,0.0234,0.0152,0.2392,48.0,0.297,0.0689,0.0931
696501,Mark Coley II,0.0824,0.0792,0.0183,0.0182,0.229,39.8,0.3391,0.0607,0.097
671956,Noah Myers,0.0904,0.0787,0.0265,0.0169,0.2471,61.7,0.3157,0.091,0.0907
681540,Dylan Neuse,0.0838,0.0761,0.0146,0.0145,0.2336,45.9,0.2821,0.0741,0.0837
657672,Scott Manea,0.1011,0.0927,0.0084,0.0224,0.2774,75.4,0.2829,0.0982,0.1229
808337,Adriander Mejía,0.0707,0.0643,0.0076,0.0094,0.1973,21.8,0.2606,0.0575,0.0534
650958,Michael De León,0.0915,0.0882,0.0069,0.0148,0.2602,61.7,0.2351,0.056,0.0986
672903,Wilmer Perez,0.0763,0.0755,0.0095,0.0138,0.2126,30.7,0.2472,0.0414,0.0762
800765,Carter Howell,0.2393,0.2197,0.0339,0.0317,0.2697,70.9,0.2434,0.0655,0.101
691775,Ryan Clifford,0.2692,0.2526,0.0165,0.0746,0.2767,76.4,0.3355,0.0976,0.1417
669157,Tristen Lutz,0.1041,0.1048,0.0089,0.0296,0.2814,77.0,0.3283,0.0773,0.1481
691601,Brenny Escanio,0.076,0.0692,0.0158,0.012,0.2035,25.9,0.3095,0.061,0.0667
678362,Gilberto Jimenez,0.0867,0.0855,0.0176,0.0142,0.2427,48.8,0.2617,0.0357,0.0891
804588,Bubba Alleyne,0.0887,0.0865,0.0206,0.019,0.232,44.9,0.302,0.0537,0.1
666386,Archer Brookman,0.0747,0.0677,0.0077,0.013,0.2133,33.8,0.2856,0.0724,0.0727
679545,Joe Suozzi,0.0902,0.0875,0.0124,0.0199,0.2446,55.0,0.3359,0.0609,0.1046
682801,Noelberth Romero,0.0902,0.0882,0.0164,0.0155,0.2339,48.0,0.233,0.044,0.0868
690985,Colby Halter,0.0793,0.0666,0.0184,0.0085,0.2277,47.9,0.3171,0.0729,0.0647
672628,Alexander Campos,0.0788,0.0702,0.0097,0.0106,0.2334,48.4,0.2579,0.0729,0.0707
700341,Kenny Castillo,0.0751,0.0734,0.0081,0.0108,0.2096,27.2,0.2615,0.0383,0.0682
669352,Bubba Thompson,0.3407,0.3142,0.1864,0.0653,0.2829,77.7,0.2755,0.0515,0.1352
692046,Axel Sanchez,0.0733,0.0704,0.0144,0.0126,0.2057,32.5,0.3136,0.0465,0.0722
692650,Carlos Amaya,0.0765,0.0737,0.0092,0.0126,0.2152,34.8,0.2678,0.047,0.0759
677342,Brock Jones,0.0928,0.0927,0.0208,0.0285,0.2417,55.1,0.3778,0.0764,0.129
657027,Nick Tanielu,0.098,0.0948,0.0077,0.0218,0.2706,70.7,0.2435,0.0727,0.1256
663561,Gage Canning,0.0956,0.0941,0.0119,0.0198,0.2644,65.5,0.3016,0.0582,0.1178
680860,Malcom Quintero,0.0751,0.0704,0.0107,0.0134,0.2099,30.3,0.3142,0.0606,0.0721
683152,Michael Curialle,0.0821,0.0761,0.0093,0.012,0.2319,45.2,0.2964,0.0578,0.0775
671495,Channy Ortiz,0.0778,0.0698,0.0117,0.0075,0.2251,39.3,0.2488,0.0573,0.064
683609,Victor Duarte,0.0754,0.0707,0.0093,0.0133,0.2062,30.3,0.2813,0.0591,0.0715
800503,Enderson Delgado,0.0659,0.0618,0.008,0.01,0.1872,17.1,0.3081,0.0505,0.0574
685388,Colin Simpson,0.1029,0.1047,0.0084,0.0278,0.2788,65.1,0.2751,0.0646,0.1401
811287,Carson Roccaforte,0.0838,0.0767,0.0239,0.0142,0.2286,39.1,0.2944,0.0631,0.0843
688556,Brandon Parker,0.0948,0.0917,0.0113,0.0237,0.2489,54.4,0.3368,0.069,0.1187
691276,Luis Caicuto,0.0784,0.0705,0.0084,0.01,0.2199,35.8,0.239,0.0583,0.0666
686499,Clark Elliott,0.0839,0.0742,0.0117,0.0138,0.2427,55.8,0.261,0.08,0.0814
806223,Aidan Smith,0.0904,0.0833,0.025,0.0188,0.2458,60.7,0.3023,0.074,0.0984
678866,Richard Paz,0.0761,0.0704,0.0088,0.0118,0.2143,33.3,0.2682,0.0614,0.0686
687930,Tyresse Turner,0.0775,0.0697,0.0261,0.0103,0.2176,35.7,0.318,0.0584,0.0659
678428,Joshwan Wright,0.0766,0.0715,0.009,0.0077,0.231,46.8,0.1949,0.0467,0.0663
660857,Yorman Rodriguez,0.1018,0.1047,0.0093,0.0236,0.2787,78.0,0.1924,0.0489,0.1265
685337,Sergio Tapia,0.0757,0.0719,0.0104,0.0141,0.2126,30.7,0.2592,0.0592,0.0766
674466,Julio Meza,0.0722,0.0718,0.0098,0.0128,0.2004,24.8,0.2924,0.0367,0.0705
805052,Jesus Lopez,0.0713,0.0673,0.0095,0.0131,0.1981,23.7,0.3003,0.053,0.0684
803142,Tommy Hawke,0.0816,0.0697,0.0267,0.0104,0.2292,46.4,0.2777,0.0765,0.0671
678828,Dereck Salom,0.0687,0.0601,0.0096,0.0063,0.2053,30.2,0.2367,0.0626,0.0498
805796,Arjun Nimmala,0.083,0.0844,0.0103,0.0222,0.2212,40.2,0.329,0.0519,0.1045
671925,Matt Coutney,0.0917,0.0909,0.0045,0.0226,0.2534,58.3,0.3342,0.0647,0.1133
691449,Roberto Campos,0.0837,0.081,0.0086,0.0139,0.2441,53.8,0.2486,0.0536,0.0916
677341,Osiris Johnson,0.0806,0.0799,0.0129,0.0154,0.2262,38.8,0.2611,0.0455,0.0845
695023,Eddie Park,0.0839,0.0745,0.0149,0.0116,0.2523,61.2,0.2085,0.0804,0.0708
687679,Angel Galarraga,0.0732,0.0691,0.01,0.0132,0.2015,24.9,0.3186,0.0568,0.0718
703149,Roderick Arias,0.0707,0.065,0.0168,0.0127,0.1896,17.5,0.3721,0.0577,0.0662
802991,E.J. Exposito,0.083,0.0753,0.0168,0.0135,0.22,35.2,0.2957,0.0606,0.0779
676021,Luis Santos,0.0843,0.0734,0.0168,0.011,0.231,44.6,0.2359,0.0739,0.0713
660294,Yoshi Tsutsugo,0.2929,0.2985,0.0097,0.0883,0.296,87.0,0.2941,0.1119,0.1537
665888,Cristopher Navarro,0.0827,0.0761,0.0091,0.0081,0.2378,37.3,0.2334,0.0481,0.0737
689763,Kyler Castillo,0.0879,0.0791,0.0094,0.0123,0.2573,60.2,0.2504,0.0746,0.08
687731,Trevor Werner,0.0895,0.0875,0.0163,0.0217,0.2409,47.6,0.3203,0.0641,0.1092
687823,Aaron Shackelford,0.0968,0.0978,0.0092,0.0263,0.2612,62.0,0.305,0.07,0.136
630034,David Rodríguez,0.1006,0.0987,0.0099,0.0252,0.2739,74.0,0.2818,0.0772,0.1327
676847,Shane Matheny,0.0954,0.0858,0.0106,0.0188,0.2654,67.8,0.3311,0.0992,0.112
800959,Nick Goodwin,0.0785,0.0745,0.0107,0.013,0.2172,34.8,0.2675,0.0506,0.0764
698941,Angel Tejada,0.0747,0.0707,0.0189,0.0088,0.2102,29.5,0.243,0.0328,0.0625
692348,Aeverson Arteaga,0.0886,0.0874,0.0097,0.0165,0.2342,47.7,0.2783,0.0491,0.0923
683149,Julian Brock,0.0755,0.0723,0.0101,0.0137,0.2082,31.9,0.3131,0.0453,0.0752
800306,Jansel Luis,0.0776,0.0746,0.0133,0.0092,0.2211,35.4,0.2337,0.0363,0.0657
681023,Brian Rey,0.102,0.0997,0.0129,0.0196,0.2881,78.7,0.1871,0.0537,0.1207
701209,Colton Bender,0.076,0.0697,0.0087,0.0129,0.2106,32.2,0.3188,0.0679,0.0716
676722,Marcus Chiu,0.0974,0.1008,0.0084,0.0284,0.2628,64.7,0.3215,0.056,0.1379
669327,Tanner Allen,0.102,0.1002,0.0119,0.0205,0.2468,52.7,0.2198,0.0545,0.1023
692497,Estiven Machado,0.0768,0.0677,0.0105,0.0065,0.2195,36.8,0.2605,0.058,0.0593
678854,Viandel Pena,0.0793,0.0699,0.017,0.0085,0.2291,41.6,0.2669,0.069,0.0688
598265,Jackie Bradley Jr.,0.323,0.3101,0.0457,0.0679,0.2717,69.0,0.2561,0.07,0.1248
690469,Kyle Hayes,0.0762,0.07,0.0104,0.0134,0.2095,25.7,0.3207,0.0627,0.0758
814440,Weston Eberly,0.0733,0.071,0.0086,0.0158,0.2105,31.8,0.3163,0.0593,0.0801
699157,Ahbram Liendo,0.0763,0.0664,0.0195,0.0075,0.2107,24.8,0.29,0.0598,0.0598
703477,Brooks Brannon,0.08,0.0805,0.0097,0.0187,0.2161,31.7,0.3197,0.0489,0.0905
692694,Albertson Asigen,0.0782,0.0723,0.0147,0.0128,0.2207,33.7,0.3075,0.0616,0.0721
702250,Jared Carr,0.0843,0.0784,0.0166,0.0158,0.2315,43.2,0.3075,0.0653,0.0859
811312,Justin Riemer,0.0838,0.0708,0.0155,0.0081,0.2367,46.2,0.245,0.0729,0.0658
803745,Adrian Santana,0.0764,0.0658,0.0372,0.0047,0.2126,37.4,0.2036,0.044,0.0502
806071,Jonny Farmelo,0.0795,0.0735,0.0181,0.0165,0.2206,45.8,0.3256,0.0715,0.0824
677047,D.J. Stewart,0.0933,0.0948,0.0132,0.0235,0.2495,54.0,0.2494,0.0521,0.1154
687331,Quincy McAfee,0.1189,0.1093,0.0148,0.0239,0.278,68.9,0.2484,0.0859,0.1198
675994,Devonte Brown,0.203,0.1903,0.0322,0.0515,0.28,78.6,0.3411,0.0971,0.1387
673461,Yoelqui Céspedes,0.1008,0.1004,0.0233,0.0253,0.2767,75.1,0.3069,0.0539,0.1351
669233,Tony Bullard,0.0811,0.0767,0.0146,0.0134,0.2378,48.1,0.2588,0.0549,0.082
684576,Alex Isola,0.1705,0.1659,0.0125,0.0428,0.2821,79.4,0.24,0.0826,0.1364
815697,Arturo Disla,0.0964,0.0993,0.0074,0.0281,0.2601,68.4,0.2578,0.0534,0.1276
649810,Dariel Gomez,0.0943,0.0951,0.0059,0.0279,0.2506,60.0,0.3857,0.0769,0.1328
703202,Leandro Arias,0.0702,0.0627,0.0118,0.008,0.1991,25.2,0.2748,0.0556,0.0536
800345,Juan Baez,0.0702,0.0673,0.0149,0.0079,0.2006,23.2,0.2168,0.0367,0.0541
572039,Stephen Piscotty,0.1774,0.1886,0.0128,0.0539,0.2806,80.1,0.2738,0.0696,0.141
663478,Brendon Davis,0.1916,0.1857,0.0255,0.0515,0.2976,89.0,0.2643,0.085,0.1616
678584,Jose Acosta,0.0851,0.0826,0.0204,0.0161,0.2349,46.0,0.2832,0.0498,0.0933
694974,Colby Shade,0.0828,0.0777,0.0264,0.0155,0.2361,47.0,0.3221,0.0549,0.0884
806077,Kendall George,0.0864,0.0733,0.0263,0.0102,0.2339,47.3,0.2742,0.073,0.0633
805704,Keaton Anthony,0.0964,0.0916,0.006,0.0189,0.2701,69.6,0.216,0.0683,0.102
518618,Derek Dietrich,0.1004,0.0957,0.0078,0.0252,0.2743,72.8,0.3076,0.0773,0.1339
676423,Dylan Rock,0.0963,0.0937,0.0141,0.0237,0.2609,64.4,0.328,0.0722,0.125
673045,Josue Huma,0.0822,0.0764,0.0112,0.0111,0.2336,45.8,0.218,0.0576,0.0755
676024,Donta' Williams,0.109,0.0936,0.0295,0.0184,0.2593,64.4,0.2931,0.0973,0.1004
663807,Nick Dalesandro,0.089,0.0768,0.0345,0.0096,0.2491,54.6,0.2752,0.0702,0.0771
801075,Walker Janek,0.0762,0.0753,0.0102,0.0151,0.208,30.9,0.3,0.0409,0.0825
702110,Matt Suggs,0.0784,0.0784,0.0083,0.0189,0.2187,34.3,0.3456,0.053,0.0956
814299,Pascanel Ferreras,0.2225,0.2044,0.0331,0.0344,0.2266,41.4,0.2902,0.0529,0.0806
696521,Garrett Spain,0.1886,0.1867,0.0279,0.0478,0.245,54.3,0.3004,0.0677,0.1117
682424,Nate Soria,0.0722,0.07,0.0082,0.0126,0.2029,28.7,0.352,0.0464,0.0713
672537,Dalvy Rosario,0.0875,0.0835,0.0224,0.0127,0.2364,45.1,0.2575,0.0461,0.0837
702258,Druw Jones,0.0832,0.0755,0.0135,0.0139,0.2293,40.4,0.3285,0.0744,0.0786
676733,Mason Martin,0.2072,0.2251,0.0142,0.0793,0.2902,81.9,0.3534,0.0815,0.186
692221,Sammy Infante,0.0817,0.0807,0.015,0.0189,0.2274,41.3,0.3068,0.0535,0.0967
682662,Rafael Morel,0.081,0.0761,0.0129,0.0143,0.2284,42.5,0.2972,0.0616,0.0772
806263,Brandon Winokur,0.0807,0.0803,0.0171,0.0183,0.2199,37.9,0.3104,0.0448,0.0924
691948,Jordan Thompson,0.0888,0.0855,0.0171,0.0189,0.2336,47.1,0.2972,0.0553,0.0975
690914,Brody Moore,0.0769,0.0694,0.0178,0.0069,0.2184,36.8,0.2433,0.05,0.0577
691410,Jose Devers,0.0811,0.0766,0.0192,0.0133,0.2271,42.2,0.2596,0.0574,0.0789
668787,Bryce Ball,0.1003,0.0953,0.005,0.0235,0.2755,73.4,0.2861,0.0937,0.1305
669282,Tanner Murphy,0.0862,0.0831,0.0134,0.0193,0.2329,46.6,0.3663,0.0651,0.1031
680690,Korey Holland,0.0899,0.0896,0.0143,0.0219,0.2453,54.8,0.3496,0.0612,0.1156
682073,David Hensley,0.3412,0.2991,0.063,0.0538,0.2895,85.3,0.2808,0.1005,0.1185
687918,Braylen Wimmer,0.0897,0.086,0.0185,0.0175,0.254,46.9,0.2306,0.0489,0.0949
679788,Jack Rogers,0.0904,0.0921,0.0108,0.0247,0.2465,48.5,0.3744,0.0603,0.122
700369,Adrian De Leon,0.0783,0.0674,0.0082,0.0119,0.2152,33.3,0.3368,0.081,0.0677
806965,Starlyn Caba,0.0738,0.0605,0.0221,0.0058,0.21,27.0,0.2362,0.0755,0.0456
689440,Christian Sepulveda,0.0849,0.0855,0.0138,0.0182,0.232,44.1,0.2794,0.0384,0.0988
823787,Rainiel Rodriguez,0.0787,0.0775,0.0079,0.02,0.2103,33.0,0.2907,0.0634,0.0887
691605,Miguel Briceno,0.0731,0.0703,0.0143,0.0095,0.2053,26.6,0.2012,0.0381,0.0617
682452,Cesar Berbesi,0.076,0.0648,0.0151,0.0079,0.2138,33.5,0.3203,0.0736,0.0601
681866,Keegan Fish,0.0761,0.0732,0.0093,0.0165,0.2085,28.2,0.3471,0.0597,0.083
679821,Rowdey Jordan,0.1611,0.1441,0.0376,0.0272,0.2523,60.9,0.2796,0.0771,0.1003
663979,Kyle Datres,0.1233,0.1167,0.025,0.0303,0.2923,74.6,0.2698,0.0845,0.1441
688815,Anthony Quirion,0.0763,0.0743,0.009,0.0173,0.2084,28.1,0.3563,0.0547,0.0858
682218,Tyler Reichenborn,0.0909,0.0861,0.0149,0.0191,0.2487,56.1,0.2597,0.0693,0.1011
668860,Kale Emshoff,0.0872,0.0859,0.0061,0.0206,0.2411,47.4,0.3328,0.0616,0.1083
476704,Jed Lowrie,0.1908,0.19,0.0083,0.0437,0.2902,85.1,0.2204,0.0787,0.126
641924,Jacob Nottingham,0.1735,0.1786,0.0198,0.0567,0.264,69.3,0.3317,0.0698,0.1466
701324,Oliver Carrillo,0.0838,0.0805,0.0066,0.0224,0.2189,37.7,0.3768,0.0782,0.0987
683481,Nerwilian Cedeño,0.0811,0.0753,0.0153,0.0131,0.2235,42.0,0.2911,0.0608,0.0794
683550,Marcos Cabrera,0.0838,0.084,0.0138,0.0222,0.2216,37.9,0.3635,0.0601,0.103
691863,Carlos Franco,0.0704,0.0682,0.008,0.0118,0.203,27.9,0.2623,0.0446,0.0654
519303,Elliot Soto,0.0885,0.0749,0.0151,0.0081,0.2513,58.1,0.2662,0.0787,0.081
694399,Elijah Nunez,0.0834,0.0699,0.0306,0.0129,0.2317,45.4,0.295,0.09,0.074
607468,Alex Blandino,0.0949,0.0753,0.0137,0.0117,0.2682,67.7,0.3151,0.1162,0.0911
695521,Gavin Conticello,0.0834,0.0822,0.011,0.017,0.2285,40.4,0.2899,0.0529,0.0938
680799,Seth Gray,0.0916,0.087,0.0116,0.0212,0.2508,57.7,0.3392,0.0727,0.1085
680643,Juan Mora,0.0804,0.0783,0.0127,0.0139,0.2257,41.1,0.233,0.0448,0.079
687201,Kevin Kilpatrick Jr.,0.1006,0.0855,0.0291,0.0124,0.2387,47.2,0.2967,0.0724,0.0787
694271,R.J. Yeager,0.2599,0.259,0.0301,0.0589,0.2783,76.4,0.1862,0.0603,0.1194
684519,Omar De Los Santos,0.0846,0.082,0.0408,0.0184,0.2188,38.3,0.3445,0.0436,0.0937
676205,Tyler Hardman,0.0969,0.1031,0.0127,0.0321,0.2492,57.8,0.3541,0.0575,0.1396
690992,Ed Howard,0.0761,0.0742,0.01,0.0108,0.2179,35.9,0.2804,0.0398,0.0715
800607,Kehden Hettiger,0.079,0.0687,0.0088,0.0143,0.2149,32.5,0.3105,0.0884,0.0742
682707,Jeremy De La Rosa,0.0922,0.091,0.0196,0.0207,0.2405,49.3,0.3204,0.0576,0.1049
686792,Sal Gozzo,0.0814,0.0733,0.0107,0.009,0.2301,42.3,0.2928,0.0601,0.0769
684491,Frank Rodriguez,0.0828,0.0831,0.0084,0.0184,0.2168,33.5,0.2691,0.0467,0.0914
592348,Niko Goodrum,0.3521,0.3062,0.0706,0.07,0.2833,79.6,0.3103,0.1055,0.1247
670868,Abrahan Gutierrez,0.0937,0.0867,0.0072,0.0159,0.2675,65.4,0.2209,0.0803,0.1015
702208,Dillon Tatum,0.0734,0.0657,0.0077,0.0135,0.202,24.0,0.375,0.076,0.0728
814436,Ryan Galanie,0.0859,0.089,0.0087,0.024,0.2419,51.2,0.2675,0.0523,0.1107
699052,Manuel Mejias,0.0719,0.0694,0.008,0.0124,0.201,24.2,0.2629,0.0516,0.067
676748,Dylan Rosa,0.0971,0.1008,0.0117,0.0297,0.2597,63.0,0.3756,0.0613,0.1437
677731,Francisco Hernandez,0.0799,0.0736,0.0154,0.0119,0.2225,38.4,0.3116,0.0595,0.0769
815104,Graysen Tarlow,0.0785,0.0717,0.0098,0.0129,0.22,39.6,0.2758,0.0683,0.074
684541,Sahid Valenzuela,0.0894,0.0828,0.01,0.0097,0.2341,50.3,0.2271,0.0502,0.0736
691497,Lizandro Rodriguez,0.0825,0.0777,0.017,0.0144,0.2299,39.6,0.2403,0.0555,0.0815
677329,Matthew Clayton,0.0756,0.0728,0.0096,0.0154,0.2089,30.5,0.3096,0.05,0.0774
691789,Izaac Pacheco,0.0815,0.0794,0.009,0.0164,0.233,46.1,0.2918,0.0599,0.0941
689909,Jadiel Sanchez,0.0896,0.0898,0.0084,0.02,0.2466,54.0,0.2224,0.0518,0.1029
694184,Cristian Santana,0.0836,0.0774,0.0109,0.0205,0.2311,44.2,0.3171,0.0862,0.0975
691416,Esteban González,0.0795,0.0754,0.0236,0.0143,0.2187,38.0,0.3026,0.0487,0.0814
681804,Chris Bec,0.0952,0.083,0.0222,0.0161,0.2595,62.0,0.2739,0.0928,0.0997
703430,Anthony Scull,0.0808,0.0769,0.0145,0.0141,0.2285,43.5,0.265,0.0461,0.0788
408234,Miguel Cabrera,0.2666,0.284,0.0064,0.0659,0.2958,88.4,0.2355,0.073,0.1171
683341,David Calabrese,0.1413,0.1336,0.0245,0.0341,0.2506,56.7,0.3096,0.0773,0.1123
690956,Werner Blakely,0.0824,0.0737,0.0177,0.0151,0.2255,39.2,0.3655,0.0769,0.0836
682633,Eduardo Garcia,0.0788,0.0802,0.0115,0.0158,0.2219,37.6,0.3367,0.0364,0.0879
804645,Caden Connor,0.0868,0.0833,0.0074,0.0161,0.259,65.9,0.2278,0.0663,0.0932
683511,Jose Colmenares,0.0689,0.0664,0.0082,0.0118,0.1924,17.8,0.2552,0.0473,0.0628
691392,Johnny Ascanio,0.0775,0.0712,0.0129,0.0097,0.221,31.0,0.2465,0.0537,0.0645
672850,Jorge Caballero,0.0832,0.0772,0.0081,0.0125,0.2435,50.8,0.2966,0.0646,0.0778
702662,Dylan Dreiling,0.0902,0.0827,0.0184,0.0195,0.244,57.1,0.2793,0.0756,0.0987
682196,Miguel Pabon,0.0723,0.067,0.0068,0.0096,0.2066,27.9,0.2835,0.056,0.0611
692228,Caleb Pendleton,0.0745,0.0737,0.0116,0.0151,0.207,28.4,0.3346,0.0421,0.0805
681495,Cade Fergus,0.094,0.093,0.0169,0.0266,0.2279,39.9,0.4005,0.0645,0.1128
681068,Jayce Easley,0.0874,0.0676,0.0336,0.0091,0.2416,51.4,0.2682,0.1032,0.0656
800231,Won-Bin Cho,0.0837,0.0759,0.0188,0.0128,0.2331,46.0,0.2957,0.0687,0.0757
700321,Andy Perez,0.0769,0.0731,0.0157,0.0067,0.2223,23.4,0.1812,0.0272,0.0584
803009,Jack Alexander,0.0749,0.0718,0.0083,0.0121,0.2103,27.5,0.2934,0.0483,0.0736
800685,Sonny DiChiara,0.0953,0.09,0.0065,0.023,0.2614,64.4,0.3653,0.0843,0.1196
684715,Nic Kent,0.1503,0.1398,0.0227,0.0204,0.2597,49.3,0.2119,0.0492,0.0899
686438,Rubel Cespedes,0.0844,0.0828,0.0066,0.0149,0.2399,50.4,0.2381,0.0487,0.0884
701852,Drew Cavanaugh,0.0719,0.0644,0.0073,0.0104,0.2076,31.5,0.3169,0.0658,0.0623
676473,Lamar Sparks,0.1441,0.1378,0.0277,0.0317,0.2575,61.2,0.3248,0.0727,0.1138
683588,Jose Caguana,0.0658,0.0656,0.0089,0.0153,0.1793,14.7,0.3903,0.0479,0.0708
800414,Alfredo Velásquez,0.0711,0.0669,0.0153,0.0078,0.2017,25.4,0.213,0.0361,0.0531
694187,Daniel Vazquez,0.0696,0.0617,0.0141,0.0059,0.1999,18.8,0.2692,0.0526,0.0491
699114,Leo Balcazar,0.0816,0.0824,0.0126,0.0176,0.2225,31.7,0.2807,0.0418,0.0889
805168,Alejandro Nunez,0.0734,0.0668,0.0143,0.0082,0.2013,24.5,0.2677,0.0466,0.0562
679754,Alberto Rodriguez,0.1689,0.1619,0.0207,0.0323,0.2651,71.6,0.2768,0.0662,0.1119
670199,Quin Cotton,0.0924,0.0933,0.0191,0.0235,0.2486,53.9,0.3312,0.0547,0.1192
676002,Juan Carlos Negret,0.0921,0.097,0.0063,0.031,0.2427,49.1,0.3166,0.0626,0.1351
683301,Bryce Arnold,0.0789,0.0709,0.011,0.0115,0.2192,36.2,0.2797,0.0675,0.0709
666141,Drew Mendoza,0.0961,0.0932,0.0092,0.0225,0.2619,63.9,0.3098,0.0744,0.1204
620442,Wendell Rijo,0.1068,0.1045,0.0177,0.0267,0.2855,78.8,0.249,0.0741,0.1421
694387,Christian Knapczyk,0.0772,0.0652,0.0155,0.0069,0.2241,42.8,0.245,0.0715,0.0565
810053,Caleb Ketchup,0.0834,0.0687,0.0482,0.0104,0.2233,39.9,0.3121,0.0721,0.0711
672623,Esney Chacon,0.0787,0.0746,0.0123,0.0127,0.2255,40.2,0.2772,0.0543,0.075
681357,Cody Morissette,0.1089,0.1082,0.0138,0.0232,0.2386,46.6,0.2542,0.0535,0.0999
687206,Tres Gonzalez,0.2419,0.2137,0.0496,0.0319,0.2785,72.5,0.2235,0.087,0.0913
806983,Yophery Rodriguez,0.0774,0.0739,0.0099,0.0162,0.2134,31.4,0.3267,0.0682,0.0826
457708,Justin Upton,0.2113,0.2162,0.0186,0.0732,0.2887,82.5,0.3136,0.09,0.1635
694266,D'Andre Smith,0.0796,0.0745,0.0138,0.011,0.2213,39.3,0.2859,0.046,0.074
683414,Freddy Guilamo,0.0731,0.0746,0.0092,0.0186,0.1946,19.2,0.375,0.0467,0.0865
683408,Darryl Collins,0.0887,0.079,0.0129,0.0138,0.2518,55.8,0.228,0.0807,0.0854
689531,Brett Squires,0.0906,0.0859,0.0179,0.02,0.2477,52.4,0.3146,0.0681,0.1016
686541,Drew Compton,0.0905,0.085,0.0079,0.0173,0.2415,49.1,0.2667,0.0639,0.0918
672831,Nicolas Torres,0.0808,0.0747,0.0145,0.0087,0.2307,42.7,0.2442,0.0483,0.0674
699232,Anderdson Rojas,0.0744,0.0718,0.0152,0.0089,0.2089,27.2,0.2279,0.0337,0.0633
677577,Ynmanol Mariñez,0.0783,0.0765,0.0067,0.0115,0.2262,38.8,0.2786,0.0423,0.0776
701587,Rodney Green Jr.,0.0801,0.0789,0.0164,0.0195,0.2184,41.4,0.3186,0.0489,0.0918
801228,Sandro Gaston,0.0739,0.0749,0.009,0.0166,0.1995,22.7,0.324,0.0433,0.082
810891,Jay Beshears,0.0736,0.0688,0.0093,0.0086,0.2154,33.2,0.2596,0.0486,0.0642
689047,Jacob Wetzel,0.087,0.0827,0.0121,0.0188,0.2378,49.3,0.2847,0.0707,0.0976
805891,Taylor Young,0.1922,0.1574,0.0675,0.021,0.2467,54.8,0.2654,0.0812,0.0767
813880,Devin Saltiban,0.0872,0.0858,0.0151,0.0224,0.2317,43.7,0.2902,0.0613,0.1023
696145,Lonnie White Jr.,0.086,0.0846,0.0159,0.0225,0.2317,41.1,0.3407,0.0683,0.1064
691285,Junior Franco,0.0871,0.0853,0.0214,0.017,0.238,46.9,0.2636,0.0506,0.0933
694943,Juan Gonzalez,0.0719,0.067,0.0105,0.0131,0.2074,27.0,0.3146,0.0604,0.0697
682867,Luis Pineda,0.0705,0.0726,0.0083,0.0169,0.1945,17.8,0.3228,0.0403,0.0785
689577,Aaron Antonini,0.0978,0.0928,0.0091,0.0228,0.2654,67.6,0.2651,0.0772,0.1207
694202,Manuel Beltre,0.0769,0.0685,0.0114,0.0102,0.21,29.1,0.2467,0.0613,0.0636
673901,Vaun Brown,0.118,0.1169,0.0313,0.0298,0.2731,74.1,0.3428,0.0591,0.1349
698945,Anderson De Los Santos,0.0785,0.0766,0.0125,0.0157,0.2158,33.2,0.2815,0.0499,0.0816
691408,Maick Collado,0.0808,0.0737,0.0087,0.0136,0.2275,42.7,0.2516,0.0757,0.0752
800440,Narciso Polanco,0.0667,0.0602,0.0133,0.0078,0.1874,17.8,0.3186,0.0538,0.051
694229,Enderso Lira,0.0759,0.0698,0.008,0.0101,0.2097,23.9,0.2572,0.0557,0.0648
700731,Keiner Delgado,0.0785,0.0662,0.0203,0.0096,0.216,33.2,0.2665,0.0784,0.06
679751,Danny Bautista Jr.,0.0794,0.0743,0.0138,0.0114,0.233,49.4,0.2116,0.0537,0.0771
805366,Cole Urman,0.073,0.0679,0.0108,0.0128,0.2005,26.5,0.3378,0.0564,0.0683
813859,Nick Schwartz,0.07,0.0639,0.0079,0.0119,0.1976,26.7,0.3342,0.0609,0.0633
640458,Óscar Mercado,0.3179,0.3054,0.0927,0.0734,0.292,85.8,0.2096,0.0742,0.1423
698916,Rosman Verdugo,0.0758,0.0685,0.0115,0.0099,0.213,34.1,0.3085,0.0607,0.0696
677628,Luis Rodriguez,0.0722,0.0715,0.0085,0.0123,0.2,23.8,0.2965,0.0384,0.0686
684855,Jared Dupere,0.0837,0.0867,0.0103,0.0223,0.2297,44.2,0.3596,0.0495,0.1084
670867,Kevin Maitan,0.0918,0.0913,0.0067,0.0208,0.2533,58.3,0.3134,0.0591,0.1111
503556,Marwin Gonzalez,0.1845,0.1819,0.0195,0.0442,0.2745,73.8,0.2509,0.0665,0.1212
806230,Sammy Stafura,0.082,0.0723,0.0193,0.013,0.2255,36.4,0.3051,0.0726,0.0739
800348,Edwin Amparo,0.069,0.0629,0.0174,0.0089,0.1915,18.3,0.2839,0.0493,0.0537
687284,Thomas Gavello,0.0811,0.0763,0.0093,0.0169,0.2272,42.3,0.3509,0.0629,0.089
667351,Brandon Leyton,0.0859,0.0894,0.01,0.018,0.2366,41.3,0.2152,0.0294,0.1042
691378,Lyonell James,0.077,0.0739,0.0095,0.0123,0.2143,29.1,0.2356,0.0465,0.0703
682637,Eduardo Lopez,0.087,0.0803,0.012,0.0155,0.2387,44.4,0.2906,0.0707,0.09
808767,Jared Wegner,0.2692,0.252,0.0421,0.0611,0.2662,72.4,0.3239,0.079,0.1229
678006,Nick Decker,0.0891,0.0857,0.0125,0.0217,0.237,43.8,0.372,0.0731,0.1134
669671,Justin Lavey,0.0784,0.0743,0.014,0.0129,0.2204,38.9,0.32,0.0537,0.0775
666179,Seth Beer,0.2283,0.2341,0.0063,0.0683,0.3094,94.5,0.2372,0.0793,0.1587
681941,Jaylen Palmer,0.0922,0.0851,0.022,0.0207,0.2338,47.8,0.3938,0.0817,0.1027
683228,Jared Thomas,0.077,0.071,0.0111,0.0139,0.2098,29.0,0.2787,0.0633,0.0718
693822,Murphy Stehly,0.0824,0.0788,0.0111,0.0139,0.2394,48.1,0.2666,0.0496,0.0844
804614,Marco Vargas,0.0719,0.0619,0.0148,0.0069,0.2036,26.1,0.2741,0.0656,0.0501
674671,Robbie Glendinning,0.1004,0.095,0.0103,0.023,0.2792,73.9,0.3298,0.0848,0.1291
661541,Donovan Casey,0.1792,0.1832,0.0301,0.0464,0.2618,63.7,0.3331,0.0584,0.1258
666784,Omar Estévez,0.0964,0.0912,0.0093,0.0183,0.2647,66.6,0.2484,0.0731,0.1123
682864,Aiverson Rodriguez,0.0805,0.075,0.0119,0.0112,0.2273,36.9,0.2401,0.0536,0.0749
815044,Sam Mongelli,0.0848,0.077,0.0208,0.0132,0.2265,42.3,0.291,0.0592,0.0762
703183,Jose De Jesus,0.0723,0.0685,0.0153,0.0125,0.1985,22.6,0.3131,0.0471,0.0648
692484,Jean Arnaez,0.0782,0.0775,0.0095,0.0129,0.2205,36.4,0.2395,0.0376,0.0752
680642,Darlin Moquete,0.0864,0.0882,0.0145,0.0216,0.2321,45.7,0.2603,0.0491,0.1008
804241,Zach Levenson,0.0877,0.0894,0.0112,0.0224,0.2365,48.3,0.2767,0.0549,0.1054
650883,Dennis Ortega,0.0907,0.0853,0.0103,0.0162,0.2529,58.8,0.2898,0.0657,0.102
694206,Daniel Guilarte,0.0743,0.0631,0.0244,0.0059,0.2129,31.1,0.2985,0.0652,0.0499
813852,Trey Paige,0.0783,0.0716,0.0084,0.0103,0.2254,43.2,0.2863,0.0624,0.0689
664966,Jonathan Morales,0.0978,0.0948,0.0059,0.0192,0.2736,61.3,0.1939,0.0628,0.1132
805957,Caleb Farmer,0.0747,0.0731,0.0077,0.0164,0.2095,28.1,0.3268,0.056,0.0846
702253,Cam Collier,0.0908,0.0883,0.006,0.0223,0.2479,49.1,0.2965,0.0741,0.1077
800051,Austin Charles,0.0782,0.0725,0.0171,0.0102,0.2181,31.7,0.2685,0.0473,0.0708
681538,Christian Molfetta,0.0739,0.0674,0.0093,0.0109,0.2078,27.3,0.3231,0.0615,0.0683
678803,Anthony Garcia,0.0888,0.0838,0.0136,0.025,0.2353,46.9,0.406,0.0949,0.1117
703150,Ricky Cabrera,0.0691,0.0659,0.0121,0.0101,0.1951,13.7,0.3011,0.0391,0.0596
681879,Nick Lucky,0.0775,0.0717,0.0176,0.0148,0.2128,32.9,0.3565,0.06,0.0798
691191,Jose Salas,0.0801,0.074,0.0193,0.0109,0.2244,38.9,0.2568,0.0499,0.0739
666593,Jose King,0.0779,0.0766,0.0119,0.0125,0.2194,35.5,0.2808,0.0383,0.0801
800056,Jace Grady,0.0888,0.083,0.0167,0.0175,0.2324,43.0,0.2809,0.0634,0.0904
680960,Caleb Bartolero,0.0812,0.0835,0.0082,0.02,0.224,40.4,0.2829,0.0401,0.0979
687480,Oscar Santos,0.0732,0.0736,0.0094,0.0177,0.1987,21.2,0.367,0.0507,0.0839
701594,Chris Brito,0.0918,0.0796,0.0114,0.0147,0.2579,62.3,0.2398,0.0938,0.0877
661733,Max Burt,0.1147,0.1122,0.0256,0.0266,0.2559,61.7,0.2914,0.0588,0.1188
800421,Marvin Alcantara,0.0736,0.0673,0.012,0.0071,0.2095,24.6,0.2637,0.0464,0.0551
666695,Jonathan Guzmán,0.0807,0.0755,0.0156,0.0106,0.2264,39.1,0.2527,0.0526,0.0783
686845,Tommy Jew,0.0826,0.0788,0.0197,0.0177,0.2219,37.9,0.3388,0.0611,0.0914
676155,Will Frizzell,0.0975,0.0974,0.0068,0.0273,0.2712,71.1,0.3033,0.0757,0.1338
806191,Tai Peete,0.074,0.068,0.0234,0.0102,0.2107,38.9,0.3406,0.0526,0.066
695772,Daniel McElveny,0.075,0.065,0.0099,0.0106,0.2066,25.1,0.3231,0.0749,0.0648
666127,Luis Curbelo,0.0927,0.0975,0.0082,0.0279,0.2451,52.9,0.3589,0.0541,0.1356
691284,Juan Corniel,0.0758,0.0697,0.0128,0.0058,0.219,34.0,0.2189,0.0443,0.0567
686984,Marcus Lee Sang,0.202,0.1972,0.0351,0.0476,0.2636,64.0,0.3064,0.0668,0.1195
683665,Alexander Suarez,0.0804,0.0827,0.0155,0.0187,0.2231,40.3,0.304,0.0364,0.095
682695,Yohander Martinez,0.0797,0.0676,0.0113,0.0086,0.2266,40.8,0.2593,0.076,0.0596
678739,Wilfri Castro,0.0736,0.0695,0.0098,0.0147,0.2028,26.3,0.3327,0.06,0.0742
800357,Ricardo Gonzalez,0.0677,0.0623,0.0139,0.0075,0.1914,22.2,0.2633,0.0463,0.0501
802541,Bryan Broecker,0.0703,0.0615,0.014,0.011,0.194,24.3,0.3517,0.071,0.0596
694218,Yeison Morrobel,0.0798,0.0738,0.013,0.0137,0.2212,37.8,0.2706,0.0608,0.0756
815448,Anthony Sherwin,0.08,0.071,0.0095,0.0146,0.2204,39.6,0.3758,0.0799,0.0798
702042,Trendon Craig,0.084,0.0764,0.0199,0.0132,0.2365,49.0,0.3013,0.0664,0.0794
680703,Cory Acton,0.0795,0.0687,0.0212,0.0096,0.2238,38.2,0.3087,0.0715,0.0645
681323,Alex Binelas,0.1586,0.1603,0.0199,0.0455,0.2732,68.3,0.3051,0.0701,0.1561
699816,Jackson Loftin,0.083,0.0727,0.0322,0.0124,0.2189,35.3,0.2758,0.064,0.0738
699478,Justin Bench,0.077,0.0707,0.0106,0.0081,0.2235,40.5,0.256,0.044,0.0632
687545,Blake Robertson,0.0894,0.0872,0.0075,0.0208,0.2477,59.3,0.3188,0.0695,0.105
691584,Yeremi Villahermosa,0.072,0.0648,0.0125,0.0118,0.2011,24.3,0.316,0.0641,0.0628
693746,Frank Hernandez,0.0753,0.0724,0.0115,0.0129,0.2112,31.0,0.271,0.0486,0.07
800621,Logun Clark,0.0711,0.0701,0.0101,0.015,0.1977,24.2,0.3512,0.0473,0.0745
689256,Patrick Romeri,0.0886,0.0894,0.0109,0.0225,0.24,50.1,0.3113,0.0568,0.1092
700681,Nick Lorusso,0.0943,0.0887,0.0131,0.0214,0.2522,62.4,0.2639,0.0789,0.1089
683031,Jean Ramirez,0.0866,0.0795,0.0285,0.015,0.2403,46.8,0.2604,0.0636,0.0838
692390,Jose Cordoba,0.0754,0.0759,0.0127,0.0157,0.2051,28.2,0.2704,0.0376,0.0784
805339,Nick Clarno,0.0757,0.0676,0.01,0.0127,0.1979,19.8,0.3453,0.0664,0.069
694762,Jake MacKenzie,0.0817,0.0751,0.0133,0.0115,0.2305,42.9,0.2593,0.0575,0.0751
803139,Pierce Bennett,0.0892,0.0778,0.0129,0.0128,0.2481,54.8,0.223,0.0804,0.0812
663731,Connor Kaiser,0.1304,0.1181,0.0202,0.0233,0.2647,58.1,0.2879,0.0828,0.1139
702333,Haydn McGeary,0.1523,0.1477,0.0126,0.0397,0.2908,84.4,0.2895,0.0928,0.1414
696141,Ryan Wrobleski,0.088,0.0853,0.0152,0.0168,0.2372,48.7,0.2859,0.047,0.0968
678232,Jesus Valdez,0.0996,0.102,0.0129,0.0233,0.272,69.6,0.2571,0.0485,0.1303
694294,Colton Vincent,0.0709,0.066,0.0086,0.0106,0.1992,27.2,0.3087,0.0499,0.064
670622,Gabriel Maciel,0.0876,0.0808,0.0166,0.0135,0.2503,57.9,0.2223,0.0647,0.0847
824028,Gage Miller,0.0757,0.0717,0.0122,0.0083,0.2276,41.3,0.2174,0.041,0.0671
683169,Sean McLain,0.0798,0.0732,0.0103,0.0126,0.215,34.6,0.3144,0.0563,0.0746
687242,Justin Miknis,0.0742,0.0675,0.0092,0.013,0.2074,27.1,0.3077,0.0735,0.0699
688394,Jordan Sprinkle,0.0722,0.066,0.0192,0.0088,0.2112,29.7,0.2611,0.0523,0.0604
684260,José  Estrada,0.0711,0.0697,0.011,0.0127,0.1989,22.1,0.2809,0.0433,0.0702
812470,Joe Redfield,0.0855,0.0794,0.0206,0.0138,0.2408,52.2,0.2363,0.0561,0.0818
691600,Blayberg Diaz,0.0708,0.0693,0.0078,0.01,0.2026,24.1,0.265,0.0389,0.0612
674630,AJ Lewis,0.0957,0.0891,0.0105,0.0208,0.2635,51.0,0.2892,0.0772,0.1139
693309,Isaiah Greene,0.0836,0.0722,0.0177,0.0136,0.2329,47.0,0.3269,0.0938,0.0799
680713,P.J. Hilson,0.0882,0.0932,0.0143,0.0225,0.2409,47.3,0.2394,0.0384,0.1097
681974,Onix Vega,0.0873,0.0775,0.0081,0.0125,0.2491,55.8,0.2299,0.0793,0.083
702214,Harry Owen,0.0764,0.0732,0.008,0.0137,0.2049,26.8,0.2736,0.0469,0.0722
693832,Tre Richardson III,0.0778,0.0664,0.0205,0.0063,0.2211,40.3,0.271,0.0624,0.0601
687811,Chris Lanzilli,0.086,0.0827,0.0101,0.0185,0.2433,51.7,0.2922,0.0648,0.0959
687608,Liam Spence,0.0774,0.0701,0.0109,0.0107,0.2213,38.5,0.2785,0.0651,0.0685
663682,Mike Salvatore,0.0755,0.0704,0.0094,0.0123,0.2115,34.6,0.2661,0.06,0.0716
703160,Yasser Mercedes,0.0765,0.0733,0.0232,0.015,0.2076,29.5,0.3238,0.0482,0.0786
689302,Karson Simas,0.0769,0.0694,0.0166,0.0076,0.2163,29.4,0.3091,0.0494,0.0659
702416,Leosdany Molina,0.0736,0.0694,0.016,0.0095,0.2035,25.4,0.252,0.0412,0.0591
699031,Anyelo Encarnación,0.0678,0.0604,0.0121,0.0077,0.1894,17.0,0.3323,0.0575,0.0507
672479,Aldenis Sanchez,0.0883,0.0804,0.0255,0.0142,0.2383,50.1,0.2971,0.0636,0.0823
685297,Cole Barr,0.0798,0.0708,0.0157,0.0161,0.2182,37.3,0.3671,0.0816,0.083
808269,Gerardo Rodriguez,0.0742,0.0738,0.0094,0.0132,0.2036,20.4,0.2417,0.0386,0.068
805117,Jean Carlos Sio,0.0705,0.0627,0.0138,0.0089,0.2004,26.3,0.2692,0.0616,0.0574
687315,Christian Pregent,0.0718,0.0658,0.0074,0.0123,0.2009,25.0,0.3569,0.064,0.0683
702488,Logan Wagner,0.086,0.0835,0.0103,0.0219,0.2236,40.4,0.3329,0.0661,0.0999
691645,Jefrey De Los Santos,0.0744,0.0687,0.0098,0.0114,0.2045,28.2,0.3158,0.0584,0.0682
811210,Kade Kretzschmar,0.0839,0.0761,0.0105,0.0119,0.2411,53.8,0.2597,0.0673,0.0754
800433,Elis Cuevas,0.0731,0.0681,0.0178,0.013,0.1994,23.8,0.3307,0.0549,0.0671
678832,Yunior Garcia,0.0915,0.0963,0.0065,0.0245,0.2461,54.6,0.2762,0.044,0.1152
570481,Erik González,0.1748,0.1676,0.0214,0.0216,0.2653,64.9,0.2307,0.0487,0.0912
808535,John Gil,0.0756,0.0645,0.0175,0.0081,0.2012,22.0,0.306,0.0619,0.0535
694829,Connor Burns,0.0781,0.077,0.007,0.0198,0.2101,26.0,0.3771,0.0625,0.0942
683500,Maikol Escotto,0.0819,0.0802,0.0164,0.0158,0.2284,39.2,0.2919,0.0526,0.0893
703177,Jhonny Severino,0.0677,0.0679,0.0115,0.0116,0.1895,13.9,0.3076,0.0343,0.0641
680910,Robby Martin Jr.,0.0885,0.088,0.0141,0.0179,0.2462,45.1,0.2656,0.0463,0.1012
692397,Maikel Hernandez,0.0654,0.0616,0.0089,0.0096,0.1803,11.0,0.3103,0.0483,0.0535
691949,Jake Vogel,0.0824,0.0753,0.0157,0.0119,0.2205,37.0,0.3021,0.0584,0.0752
668577,Osmy Gregorio,0.0783,0.0736,0.0139,0.0097,0.2198,34.6,0.2559,0.0456,0.0696
695565,Casey Saucke,0.0838,0.0873,0.0133,0.0224,0.2382,51.3,0.2931,0.0452,0.1053
814154,Scott Bandura,0.0849,0.0765,0.0207,0.015,0.2391,52.7,0.3011,0.0728,0.0881
694939,Marcus Brown,0.0748,0.0698,0.011,0.0088,0.2192,34.5,0.2133,0.0471,0.0654
676625,Rylan Bannon,0.3495,0.3258,0.046,0.0934,0.2822,79.3,0.2761,0.1058,0.1421
680874,Tim Borden II,0.0803,0.0793,0.009,0.0172,0.2235,38.0,0.3707,0.0445,0.0891
800294,Waner Luciano,0.0739,0.0708,0.0093,0.0158,0.1953,20.4,0.3288,0.0573,0.075
694661,Riley Tirotta,0.151,0.1405,0.0221,0.0342,0.2517,58.2,0.3155,0.0775,0.1113
672635,Luis Mieses,0.1218,0.1284,0.0058,0.031,0.2727,73.3,0.2122,0.0385,0.1353
690189,Trent Tingelstad,0.0847,0.0749,0.0076,0.0149,0.2381,51.1,0.3018,0.0915,0.0837
702311,Angel Zarate,0.0831,0.0769,0.0151,0.0134,0.2339,45.9,0.2494,0.0642,0.0781
695720,Tommy White,0.0767,0.0771,0.0092,0.0177,0.2125,37.2,0.2703,0.041,0.084
684872,Jose Hernandez,0.0745,0.0697,0.0113,0.0162,0.2013,24.3,0.3829,0.0672,0.079
668888,Hudson Potts,0.1018,0.107,0.0061,0.0317,0.2674,66.5,0.3359,0.0613,0.1543
641552,Karl Ellison,0.073,0.0681,0.0091,0.0124,0.1995,22.7,0.337,0.0595,0.073
691252,Jhon Diaz,0.0716,0.0698,0.0138,0.0146,0.1938,22.2,0.3477,0.051,0.0741
687285,Troy Schreffler Jr.,0.0916,0.0862,0.0266,0.0208,0.2412,50.2,0.3075,0.0704,0.1038
687436,Victor Torres,0.0753,0.0791,0.009,0.0186,0.2045,25.1,0.2726,0.0327,0.0871
683176,Nate Rombach,0.0715,0.0715,0.0082,0.0147,0.2016,25.1,0.3123,0.0425,0.0756
688273,Joshua Day,0.0789,0.0743,0.0099,0.0119,0.2214,35.9,0.2845,0.0509,0.0748
815896,Emil Morales,0.083,0.085,0.0095,0.0256,0.2119,32.5,0.3537,0.0602,0.1033
691913,Jesus Castillo,0.0738,0.0592,0.0195,0.0048,0.2125,28.3,0.252,0.0816,0.0436
665834,Jeison Guzmán,0.094,0.0894,0.0151,0.0162,0.2643,63.7,0.2823,0.0596,0.1107
519390,Stephen Vogt,0.1762,0.1788,0.0111,0.0492,0.2777,76.6,0.2559,0.0842,0.1416
806252,Ralphy Velazquez,0.0893,0.086,0.009,0.0215,0.2467,58.7,0.2774,0.0785,0.1067
687208,Nathan Hickey,0.1764,0.1644,0.011,0.0432,0.2822,75.5,0.2997,0.1001,0.1419
702686,Everett Cooper III,0.0753,0.0636,0.0152,0.0055,0.2221,38.9,0.2172,0.0683,0.0512
801248,Erick Alvarez,0.0774,0.0763,0.0121,0.015,0.2138,33.3,0.2705,0.0411,0.0787
814413,Ian Petrutz,0.0849,0.0788,0.0132,0.015,0.2389,52.3,0.236,0.0644,0.0812
821795,Javier Sanchez,0.0704,0.0595,0.0084,0.0096,0.1938,21.7,0.2979,0.0715,0.0534
804710,Brennan Orf,0.084,0.075,0.0078,0.0154,0.2318,45.0,0.3219,0.0866,0.086
688632,Matt Chamberlain,0.086,0.0794,0.0132,0.018,0.2367,47.6,0.3349,0.0788,0.0931
675974,Kevin Kendall,0.0774,0.0718,0.0145,0.0092,0.2185,36.6,0.2645,0.0496,0.066
691292,Angel Ortiz,0.0879,0.0845,0.0096,0.0156,0.2437,52.4,0.2507,0.056,0.0906
800203,Kevyn Castillo,0.0801,0.0748,0.0137,0.0148,0.2235,37.4,0.3205,0.0627,0.0775
806985,Yoeilin Cespedes,0.0777,0.0785,0.0086,0.0139,0.2143,27.8,0.2286,0.0335,0.0758
678807,Carlos Santiago,0.0756,0.077,0.0107,0.015,0.2114,29.0,0.2761,0.0368,0.0818
678823,Enrique Valdez,0.0755,0.0729,0.0146,0.0115,0.2133,29.4,0.3035,0.0395,0.0743
683770,Will Robertson,0.1643,0.1657,0.0138,0.0449,0.2666,68.4,0.304,0.0631,0.1406
694182,Armando Cruz,0.0684,0.0655,0.0131,0.008,0.1959,19.3,0.2126,0.0372,0.0545
821599,Daniel Flames,0.0714,0.0517,0.01,0.0041,0.2048,29.5,0.3203,0.0987,0.0356
682003,Garrett Martin,0.089,0.086,0.0163,0.0226,0.2339,49.6,0.3313,0.062,0.1098
686781,Brandon Lewis,0.1069,0.12,0.0048,0.0407,0.272,71.5,0.3273,0.0539,0.1728
657669,Riley Mahan,0.0924,0.0924,0.0095,0.0208,0.2541,59.4,0.3306,0.0561,0.1204
814307,Zyhir Hope,0.0918,0.0889,0.0117,0.0234,0.2408,52.0,0.3158,0.0711,0.1068
665850,Cristian Inoa,0.089,0.0868,0.01,0.0162,0.2497,56.3,0.2052,0.052,0.0963
691464,Fernando Caldera,0.0713,0.0657,0.0089,0.0135,0.1942,21.2,0.3945,0.0629,0.072
694310,Bryson Ware,0.0824,0.0794,0.013,0.0162,0.2236,38.3,0.282,0.0522,0.0894
815931,Yolfran Castillo,0.0715,0.0589,0.0119,0.0056,0.2041,29.0,0.2413,0.0665,0.0417
814172,Chase Jaworsky,0.0778,0.0694,0.0234,0.0096,0.2137,34.9,0.2608,0.0489,0.0658
701701,Quincy Scott,0.0823,0.0707,0.0119,0.0104,0.2339,50.0,0.2891,0.0705,0.0689
695554,Tayden Hall,0.0847,0.0746,0.0088,0.0128,0.2401,49.4,0.2657,0.0869,0.0783
656967,Evan Skoug,0.0959,0.0916,0.008,0.0258,0.2547,59.6,0.318,0.0885,0.1287
682655,Fernando Villalobos,0.0731,0.0645,0.0091,0.0137,0.1981,23.4,0.3711,0.0835,0.0683
691588,Ian Lewis Jr.,0.0762,0.0704,0.0197,0.0089,0.2206,34.6,0.2383,0.0497,0.066
800068,Isaac Pena,0.0734,0.0653,0.0122,0.0098,0.2078,29.7,0.277,0.0635,0.0598
696045,Yosy Galan,0.0899,0.0937,0.0197,0.0293,0.2321,46.1,0.3671,0.0542,0.1282
699167,Samuel Escudero,0.0673,0.0617,0.0089,0.0087,0.1907,14.0,0.2679,0.0574,0.0523
691710,Vincent Perozo,0.0733,0.07,0.0068,0.0141,0.1993,24.4,0.3437,0.0532,0.0747
669318,Cole Turney,0.0837,0.0801,0.0108,0.0182,0.2358,49.6,0.3359,0.0653,0.0984
699077,Jose Perez,0.07,0.0614,0.0102,0.0095,0.1944,22.7,0.3092,0.0701,0.056
808696,Stiven Flores,0.069,0.0663,0.0093,0.011,0.2025,23.6,0.2399,0.0473,0.0581
805332,Justin Janas,0.0923,0.0849,0.0088,0.0137,0.2516,55.9,0.2273,0.0539,0.0843
821270,Luis Peña,0.074,0.0674,0.0301,0.0069,0.2075,29.8,0.2169,0.0383,0.053
815464,Lisbel Diaz,0.0838,0.0846,0.0118,0.0185,0.2371,51.3,0.2485,0.0419,0.0949
800516,Alberto Hernandez,0.0689,0.0641,0.0111,0.0087,0.1874,14.8,0.2614,0.044,0.0525
686833,Danny Oriente,0.0837,0.077,0.0128,0.013,0.2366,46.9,0.2453,0.0647,0.0771
695222,Wally Soto,0.0723,0.0694,0.0101,0.0149,0.1955,20.1,0.3388,0.0559,0.074
815908,Jesús Made,0.0753,0.0692,0.0159,0.0129,0.2089,30.8,0.2806,0.0655,0.0675
800510,Samuel Gil,0.0657,0.0605,0.0096,0.0068,0.1938,18.6,0.2653,0.048,0.05
691268,Yiddi Cappe,0.0747,0.0729,0.0149,0.0093,0.2161,31.5,0.2156,0.0344,0.0674
683616,Rodolfo Nolasco,0.0845,0.0838,0.0102,0.0222,0.2314,42.9,0.3637,0.0693,0.1074
683534,Efrenyer Narvaez,0.0722,0.0717,0.0106,0.0144,0.1983,21.9,0.3055,0.0403,0.0739
686490,Cam Eden,0.1533,0.1352,0.0666,0.0287,0.2625,65.7,0.2947,0.0701,0.1109
805950,Antonis Macias,0.07,0.062,0.0111,0.0081,0.196,20.9,0.3361,0.0535,0.0527
806884,Luis Escudero,0.0723,0.0609,0.0138,0.0083,0.1968,21.1,0.2877,0.0724,0.0496
694193,Victor Acosta,0.0781,0.0709,0.0155,0.0119,0.2146,29.1,0.2847,0.061,0.0716
808237,Yirer Garcia,0.0668,0.0598,0.0087,0.0091,0.1863,16.4,0.2808,0.0624,0.0501
680771,Mateo Gil,0.0884,0.089,0.0094,0.0182,0.2424,48.8,0.2606,0.047,0.1045
689141,Anthony Hall,0.0897,0.0861,0.0096,0.0208,0.2384,50.1,0.304,0.0729,0.1023
683539,Cristopher Barete,0.0734,0.0702,0.0164,0.0125,0.2018,26.6,0.3109,0.0485,0.0691
694742,Josh Moylan,0.0895,0.0829,0.0074,0.0194,0.2444,57.1,0.3005,0.08,0.0978
686793,J.T. Arruda,0.1304,0.1115,0.0275,0.0144,0.2449,52.2,0.2617,0.082,0.0797
672749,Angel Aponte,0.0873,0.0855,0.0197,0.0192,0.2389,49.1,0.2748,0.0524,0.099
703178,Braylin Tavera,0.0698,0.0615,0.0173,0.0107,0.193,20.9,0.3496,0.066,0.0571
813883,Ryan Ignoffo,0.0886,0.0838,0.0172,0.0124,0.2622,64.6,0.1682,0.0549,0.0892
699471,Ivan Melendez,0.2136,0.2297,0.0132,0.0707,0.2869,79.1,0.3358,0.0569,0.1675
681201,Tanner O'Tremba,0.0846,0.0787,0.0136,0.0164,0.2357,47.3,0.3128,0.0635,0.0907
703205,Fraymi De Leon,0.0664,0.0597,0.0173,0.0071,0.184,6.8,0.3343,0.0464,0.0484
699111,Diego Omana,0.0693,0.067,0.0093,0.012,0.1963,15.8,0.2997,0.0466,0.0634
694227,Danyer Cueva,0.0692,0.0654,0.0111,0.0081,0.1964,20.6,0.2979,0.0361,0.0558
692615,Jhonny Perdomo,0.0695,0.0632,0.0179,0.0065,0.1977,17.2,0.2539,0.0406,0.0503
801740,Karell Paz,0.0846,0.0812,0.0167,0.0175,0.2311,44.7,0.2994,0.0551,0.0921
801225,Angel Diaz,0.0732,0.0722,0.0081,0.0147,0.1946,19.6,0.3072,0.0445,0.0713
701010,Roque Salinas,0.0821,0.0811,0.0077,0.0124,0.2316,45.7,0.1865,0.0333,0.0766
814297,Edgleen Perez,0.0674,0.0585,0.0083,0.0085,0.184,12.2,0.3242,0.0665,0.0477
821009,Cesar Hernandez,0.0776,0.0712,0.0245,0.0114,0.2116,33.4,0.2821,0.0459,0.0693
692408,Edwin Barragan,0.0742,0.0695,0.0155,0.0101,0.2076,29.6,0.238,0.046,0.0597
702478,Justin Guerrera,0.0778,0.0762,0.0106,0.0181,0.2092,32.0,0.3722,0.0583,0.0881
694180,Wilman Diaz,0.0789,0.0804,0.012,0.0164,0.2089,28.1,0.3372,0.0355,0.0841
814430,Brett Callahan,0.0828,0.0789,0.0196,0.0165,0.2331,47.7,0.2627,0.0553,0.088
815089,Coby Morales,0.0848,0.0759,0.0201,0.0152,0.2312,47.8,0.3372,0.071,0.081
681812,Edison Mora,0.076,0.0734,0.0114,0.0124,0.212,30.9,0.2973,0.0453,0.0753
800185,Ruben Santana,0.0723,0.0662,0.0108,0.0101,0.2034,24.9,0.3277,0.058,0.0608
692503,Victor Mesia,0.0709,0.069,0.01,0.0133,0.1928,18.0,0.3127,0.0459,0.0698
805931,Caleb Hobson,0.0855,0.0757,0.0255,0.0155,0.2375,35.8,0.3158,0.0725,0.0842
800194,Capri Ortiz,0.0662,0.0622,0.0152,0.0079,0.1851,10.9,0.3107,0.0375,0.0515
681171,Gavin Dugas,0.0755,0.0681,0.0121,0.0103,0.2189,36.8,0.3243,0.0515,0.0693
800463,Jean Joseph,0.0693,0.0664,0.0103,0.0121,0.1878,15.1,0.3015,0.0462,0.062
682844,Lazaro Benitez,0.081,0.0801,0.0099,0.015,0.2319,45.0,0.2544,0.0448,0.0889
682714,Yoander Rivero,0.0717,0.0633,0.0127,0.0077,0.2105,29.7,0.295,0.0636,0.06
800393,Yeremy Cabrera,0.0771,0.0718,0.0125,0.0158,0.2095,30.3,0.3115,0.0649,0.077
801600,Bryce Willits,0.0854,0.0822,0.0077,0.0183,0.2491,56.2,0.2572,0.0719,0.0928
683172,Joe Naranjo,0.0983,0.0917,0.0068,0.02,0.257,62.6,0.2878,0.0841,0.1025
671250,Jorge Ona,0.0998,0.1032,0.0093,0.029,0.2671,69.4,0.3507,0.0631,0.1414
808289,Julio Zayas,0.0724,0.0732,0.0075,0.0163,0.1937,20.7,0.2798,0.0415,0.0746
702461,Kay-Lan Nicasia,0.0792,0.0758,0.0206,0.0176,0.2135,31.5,0.3539,0.0647,0.0877
686638,Hunter Fitz-Gerald,0.0825,0.0829,0.0079,0.0188,0.2348,55.8,0.3076,0.0536,0.0957
696513,Andy Garriola,0.0852,0.0903,0.0107,0.0232,0.2297,43.4,0.2745,0.0397,0.1094
814458,Fenwick Trimble,0.077,0.0768,0.0246,0.0147,0.2185,35.2,0.2492,0.035,0.0799
671155,Ivan Johnson,0.1507,0.1473,0.0254,0.0356,0.2685,62.7,0.3115,0.0636,0.1295
680852,Wilfredo Flores,0.0773,0.074,0.0128,0.0075,0.2231,37.8,0.2062,0.0318,0.0604
681172,Tyler Tolve,0.0983,0.0984,0.0081,0.0245,0.2576,60.6,0.3222,0.058,0.1256
691571,Johan Macias,0.0742,0.0688,0.0087,0.0082,0.2131,30.1,0.2465,0.0442,0.0601
684712,Wilber Sanchez,0.0731,0.0663,0.0229,0.0107,0.2036,24.4,0.2939,0.0576,0.0646
811289,Spencer Nivens,0.0902,0.0869,0.0139,0.0215,0.2442,50.0,0.2751,0.0726,0.1063
694065,Arxy Hernandez,0.0653,0.0634,0.0082,0.0105,0.1891,14.8,0.3102,0.0416,0.058
815586,Joe Olsavsky,0.0812,0.0718,0.0114,0.013,0.2184,35.9,0.3345,0.0699,0.0757
823866,Eduardo Ponce,0.0655,0.0623,0.0082,0.0132,0.1817,18.5,0.3124,0.0576,0.0623
672858,Edwin Mateo,0.0863,0.0817,0.0138,0.0152,0.2375,48.1,0.2657,0.0584,0.0877
692568,Miguel Ugueto,0.0851,0.0852,0.0189,0.0153,0.2342,44.1,0.2477,0.0359,0.0916
682732,Gabriel Moncada,0.0784,0.0756,0.0069,0.0172,0.219,41.6,0.3415,0.0639,0.0861
703154,Yordany De Los Santos,0.0696,0.0622,0.0161,0.0069,0.1995,19.9,0.3029,0.0557,0.0529
694222,Ambioris Tavarez,0.0748,0.0665,0.0185,0.0103,0.1978,19.8,0.4105,0.0519,0.0654
701206,Willy Montero,0.0721,0.069,0.0108,0.0134,0.1955,20.4,0.3453,0.0501,0.0671
699235,David Leon,0.0652,0.0562,0.0094,0.0082,0.1832,12.2,0.3381,0.0719,0.047
800540,Hector Osorio,0.077,0.0629,0.0113,0.0106,0.2128,32.5,0.3099,0.0903,0.0574
692453,Roismar Quintana,0.0788,0.0748,0.0064,0.0144,0.2285,40.9,0.3051,0.0629,0.0803
687069,Josh Rivera,0.2117,0.1937,0.0322,0.0312,0.2326,45.6,0.2748,0.0577,0.0844
701152,Devin Hurdle,0.0748,0.0692,0.0138,0.0085,0.214,34.0,0.2805,0.044,0.0633
692364,Cesar Quintas,0.0788,0.0782,0.0067,0.0181,0.2224,47.1,0.2963,0.0526,0.0894
692374,Jose Ramos,0.0711,0.0658,0.0167,0.0095,0.2003,24.9,0.2763,0.051,0.0619
691467,Yeudi Advincola,0.0673,0.0632,0.015,0.0068,0.1937,16.2,0.2758,0.0341,0.0521
691867,Joseph Rodriguez,0.0659,0.0607,0.0099,0.0119,0.1885,20.0,0.3786,0.0619,0.0619
672013,T.J. Schofield-Sam,0.0777,0.0763,0.0074,0.0135,0.2272,45.3,0.2402,0.042,0.083
806014,Keduar Trujillo,0.0726,0.0732,0.0092,0.0175,0.1892,15.2,0.3285,0.0464,0.0777
821666,Santiago Camacho,0.0673,0.0596,0.0086,0.0098,0.1922,21.1,0.3214,0.0658,0.0552
702217,Will McGillis,0.0767,0.0729,0.0098,0.0136,0.2139,33.9,0.3062,0.054,0.0783
703194,Randy De Jesus,0.0757,0.078,0.0086,0.0191,0.2046,24.6,0.3384,0.0412,0.0876
669386,Trevor Hauver,0.1633,0.1459,0.0082,0.0357,0.2826,80.6,0.3111,0.1097,0.1253
806978,Robert Calaz,0.0858,0.0871,0.0101,0.0229,0.2355,32.1,0.3267,0.051,0.1068
808267,Jose Monzon,0.0697,0.0638,0.0099,0.0103,0.1948,22.4,0.2818,0.0603,0.0554
647228,Adam Hall,0.0892,0.0773,0.023,0.0094,0.258,62.1,0.2753,0.0643,0.0796
685722,Michael Mantecón,0.0686,0.0674,0.01,0.0117,0.1915,17.2,0.3052,0.0396,0.0644
692412,Elis Barreat,0.0702,0.0659,0.0115,0.0088,0.1995,25.7,0.2532,0.0423,0.0567
675440,Mike Peabody,0.0861,0.0842,0.0131,0.0203,0.2333,45.0,0.3096,0.0574,0.1001
694215,Hans Montero,0.0647,0.0578,0.013,0.008,0.175,6.3,0.3533,0.0528,0.047
682182,J.C. Correa,0.1085,0.1032,0.0109,0.0167,0.2686,70.5,0.1544,0.0577,0.0986
679663,Stephen Scott,0.1454,0.1355,0.0149,0.0327,0.2896,80.5,0.2394,0.098,0.1401
802398,Sebastian Baquera,0.0692,0.0633,0.0092,0.0135,0.1875,17.3,0.3352,0.0594,0.0635
809772,Luis Puello,0.0661,0.0634,0.0086,0.0119,0.1778,7.8,0.3598,0.0444,0.0577
808396,Jhocsuanth Vargas,0.0689,0.0677,0.0093,0.0137,0.1854,13.3,0.2913,0.0399,0.065
692564,Johnfrank Salazar,0.0795,0.0766,0.0086,0.0116,0.2231,36.0,0.2102,0.0444,0.0717
800508,Franyerber Montilla,0.0656,0.0592,0.0144,0.009,0.1874,14.1,0.33,0.058,0.0548
682618,Misael Urbina,0.0831,0.0757,0.0137,0.0141,0.2277,41.7,0.2713,0.071,0.0869
669219,Je'Von Ward,0.0877,0.0856,0.013,0.0182,0.2411,50.2,0.3013,0.0602,0.1003
686956,Adam Crampton,0.0692,0.0623,0.0143,0.0056,0.1957,20.6,0.2684,0.0441,0.0483
683582,Rayner Santana,0.0717,0.0726,0.0102,0.0172,0.1948,19.7,0.3712,0.0461,0.0811
827281,Carlos Renzullo,0.0796,0.0675,0.0134,0.0063,0.2357,34.7,0.1772,0.0647,0.051
692640,Jorge Mendez,0.0687,0.064,0.0118,0.01,0.193,19.1,0.2611,0.0445,0.0553
802459,Ryan Johnson,0.0762,0.0747,0.0097,0.0163,0.2038,25.4,0.3691,0.0489,0.0811
807967,Jesus Fernandez,0.0655,0.0605,0.0106,0.0049,0.1955,22.8,0.1819,0.036,0.0407
691184,Dauri Lorenzo,0.0744,0.07,0.0088,0.0096,0.2117,29.9,0.2466,0.0475,0.0613
815304,Josh Adamczewski,0.0759,0.0699,0.0124,0.0115,0.2144,34.4,0.3006,0.0614,0.0695
808090,José Mejía,0.0745,0.0644,0.0216,0.0076,0.207,31.1,0.2259,0.0564,0.0493
695342,Colin Davis,0.0827,0.0817,0.0125,0.0188,0.2281,47.8,0.2787,0.056,0.0951
687667,Luis Valdez,0.0831,0.0706,0.0585,0.0073,0.225,41.7,0.2688,0.0486,0.0608
702409,Jorge Ruiz,0.0791,0.0752,0.0153,0.0134,0.2178,33.3,0.2541,0.0493,0.0736
694369,Cole Foster,0.0736,0.0705,0.0101,0.0112,0.212,34.4,0.2935,0.0419,0.0725
683546,Albert Fabian,0.091,0.0945,0.008,0.0254,0.2432,55.3,0.2872,0.0544,0.1201
700385,Gabriel Silva,0.0719,0.0707,0.0095,0.0171,0.1932,14.8,0.3532,0.0541,0.0798
683469,Warren Saunders,0.0824,0.0814,0.0078,0.015,0.2302,44.7,0.273,0.0466,0.0873
815584,Alcides Hernandez,0.0671,0.0549,0.0096,0.0074,0.1889,20.2,0.3087,0.0788,0.0432
691261,Jose Pastrano,0.0744,0.0645,0.0117,0.0076,0.2123,31.1,0.2535,0.0717,0.0556
803241,Jose Escobar,0.0743,0.0716,0.0136,0.0121,0.2105,33.2,0.2648,0.0452,0.0698
701295,Benjamin Blackwell,0.0749,0.0664,0.0238,0.0076,0.2111,32.0,0.2917,0.052,0.0584
680854,Junior Gonzalez,0.0657,0.0636,0.0098,0.0126,0.1792,10.9,0.345,0.0479,0.063
701437,Jaden Rudd,0.08,0.067,0.0135,0.011,0.2222,38.3,0.3274,0.0861,0.0686
695223,Javier Francisco,0.0732,0.0727,0.009,0.0163,0.2005,25.9,0.307,0.0494,0.0809
698956,Ramon Peralta,0.0672,0.0628,0.0105,0.0105,0.1882,16.7,0.3206,0.0538,0.0591
800506,Luis Sanchez,0.0757,0.0664,0.014,0.0086,0.2075,28.2,0.2458,0.057,0.0541
800449,Thomas Sosa,0.0723,0.0698,0.0159,0.0144,0.1978,24.3,0.3407,0.0477,0.0725
676075,Abdiel Layer,0.0767,0.0794,0.0107,0.0185,0.2085,29.3,0.3257,0.0406,0.0912
800354,Esteban Mejia,0.069,0.0648,0.0148,0.0095,0.1938,20.6,0.2765,0.0399,0.0588
685298,Cade Bunnell,0.0954,0.0856,0.0077,0.0219,0.2492,54.2,0.4028,0.1006,0.116
699698,Ricardo Cova,0.0681,0.0678,0.011,0.0136,0.1906,22.7,0.3399,0.0396,0.0672
688780,Luke Gold,0.0857,0.083,0.0091,0.0168,0.2442,52.7,0.2518,0.0562,0.0963
692944,Kevin Villavicencio,0.0741,0.0697,0.0173,0.0078,0.2069,30.4,0.2306,0.038,0.0588
685376,Max Hewitt,0.0744,0.0648,0.011,0.0077,0.212,30.1,0.3245,0.0655,0.0608
691797,Ryan Spikes,0.077,0.0757,0.0159,0.0154,0.2117,34.9,0.3293,0.0468,0.0819
806368,Maddux Houghton,0.0757,0.0695,0.0159,0.0127,0.209,27.7,0.3549,0.0615,0.0741
691685,Jean Perez,0.0809,0.0796,0.0138,0.0123,0.2325,30.1,0.2503,0.0304,0.0794
664068,Scott Kingery,0.2483,0.2295,0.052,0.0533,0.2666,66.3,0.3147,0.0794,0.1272
690904,Cameron Masterman,0.0912,0.0915,0.009,0.0225,0.2565,62.9,0.3523,0.0605,0.1215
684109,Jesus Bugarin,0.0858,0.0883,0.0141,0.0193,0.2377,33.6,0.2538,0.0324,0.0942
694896,Caden Rose,0.0873,0.0884,0.0115,0.0221,0.2347,44.8,0.3253,0.0499,0.1081
699082,Yhoangel Aponte,0.0732,0.0678,0.0114,0.0137,0.1934,17.1,0.3637,0.0578,0.0714
690944,Curtis Washington Jr.,0.0712,0.0664,0.0189,0.0121,0.198,27.4,0.3348,0.0534,0.0647
693486,Erik Stock,0.0839,0.0788,0.017,0.0156,0.2312,43.2,0.2809,0.062,0.0864
800201,Rafael Ramirez Jr.,0.0679,0.0617,0.0123,0.0089,0.1924,19.1,0.3165,0.0574,0.0558
806083,J.D. Gonzalez,0.0651,0.0597,0.0071,0.0098,0.1821,15.9,0.3603,0.057,0.055
808232,Alirio Ferrebus,0.0724,0.0704,0.0107,0.0149,0.195,19.0,0.2842,0.0462,0.0697
690214,Jarrod Watkins,0.0831,0.0785,0.0133,0.0137,0.2338,45.2,0.2636,0.055,0.0848
493141,Hiroyuki Nakajima,0.0958,0.0943,0.0112,0.0205,0.2675,68.1,0.2972,0.0585,0.115
701682,Braedon Karpathios,0.0783,0.0661,0.0086,0.0124,0.2195,38.5,0.3662,0.0964,0.0713
802504,Myles Naylor,0.0709,0.0688,0.0079,0.0154,0.1994,25.5,0.3612,0.0565,0.0764
678986,Jesus Moreno,0.0689,0.066,0.0095,0.0132,0.1898,17.4,0.3545,0.051,0.0674
667803,Ernesto Martinez Jr.,0.1839,0.1828,0.0361,0.0479,0.2725,70.8,0.2838,0.0701,0.1378
682830,Ilvin Fernandez,0.0702,0.0677,0.0119,0.0097,0.2023,22.5,0.2681,0.0389,0.0613
821523,Victor Leal,0.0689,0.0636,0.0098,0.0121,0.1881,15.5,0.2694,0.0579,0.0599
680631,Oneill Manzueta,0.0794,0.0771,0.0086,0.0175,0.2176,36.6,0.3526,0.0624,0.0886
702472,Austin Callahan,0.0978,0.0987,0.0093,0.0225,0.2504,51.1,0.2954,0.0536,0.1156
677620,Adanson Cruz,0.0737,0.0719,0.0105,0.0141,0.2031,25.3,0.3449,0.0477,0.0759
699305,Diego Mosquera,0.0706,0.063,0.0094,0.0061,0.1997,25.0,0.2526,0.0502,0.0478
686982,Jared McKenzie,0.0809,0.0794,0.0135,0.015,0.2319,43.1,0.2947,0.0451,0.0884
668792,Pat DeMarco,0.0873,0.09,0.0107,0.0214,0.2357,47.2,0.2875,0.0457,0.1076
680959,Kevin Strohschein,0.0867,0.0901,0.0091,0.0205,0.2373,47.1,0.2451,0.0422,0.1018
808270,Jose Tovar,0.0606,0.0558,0.0071,0.009,0.1682,3.8,0.3846,0.0523,0.0483
687799,Cade Marlowe,0.328,0.3164,0.1114,0.0844,0.2694,76.6,0.3269,0.0758,0.1372
691397,Juan Garcia,0.0684,0.0652,0.01,0.012,0.1889,16.7,0.3305,0.048,0.065
687942,Torin Montgomery,0.0833,0.0803,0.0071,0.0169,0.2397,47.4,0.2987,0.0643,0.0914
683529,Milkar Perez,0.0739,0.0669,0.0071,0.0117,0.2101,35.5,0.3155,0.0698,0.0667
663579,Willie Carter,0.0861,0.0834,0.0125,0.0192,0.2336,44.5,0.3314,0.0579,0.0955
692562,Alexis Hernandez,0.0828,0.0803,0.015,0.0181,0.2213,35.1,0.2726,0.057,0.0882
801523,Chris Suero,0.0737,0.0652,0.0135,0.012,0.1995,26.8,0.3315,0.0712,0.0656
813771,Robert Hipwell,0.0757,0.0739,0.0091,0.0184,0.2093,32.6,0.3462,0.0588,0.0878
806959,Joendry Vargas,0.0777,0.0753,0.0132,0.0153,0.2046,25.2,0.286,0.0501,0.0733
605196,Kevin Cron,0.1068,0.118,0.0084,0.04,0.2805,77.9,0.3311,0.057,0.1794
808060,Yoiber Ocopio,0.0672,0.056,0.0075,0.0086,0.1881,17.4,0.3489,0.0762,0.0491
691926,Jeral Toledo,0.0704,0.0618,0.0132,0.0068,0.2022,22.5,0.2432,0.0627,0.051
701864,Griffin Doersching,0.0897,0.0897,0.006,0.0255,0.2416,52.0,0.3306,0.0738,0.1177
698929,Jesus Hernandez,0.0682,0.0609,0.0148,0.0063,0.1983,20.5,0.2387,0.0545,0.0465
678841,Brandol Mezquita,0.0821,0.0773,0.012,0.0138,0.2294,42.3,0.3205,0.0557,0.0814
686960,Nate Baez,0.082,0.0787,0.0069,0.0183,0.226,39.6,0.334,0.0682,0.093
692378,Elian Rayo,0.0724,0.0696,0.0071,0.0145,0.2015,26.5,0.335,0.0574,0.074
694320,Jack Costello,0.0925,0.0948,0.0116,0.0268,0.248,60.0,0.2258,0.0569,0.1181
800177,Cesar Gonzalez,0.0641,0.0578,0.0083,0.0103,0.1821,13.4,0.3171,0.0615,0.0528
815929,Jhonny Level,0.0722,0.0705,0.0146,0.016,0.1983,25.2,0.2879,0.0499,0.0748
696083,Leonel Espinoza,0.0795,0.0821,0.0135,0.0218,0.2127,32.3,0.3137,0.0467,0.0957
808287,Luis Guevara,0.0676,0.0569,0.0134,0.0048,0.192,18.0,0.2816,0.0619,0.0378
806984,Arnaldo Lantigua,0.08,0.0842,0.0088,0.0257,0.2054,23.2,0.35,0.0538,0.1025
682643,Alexander Ramirez,0.0782,0.0779,0.0141,0.0168,0.2122,30.9,0.3631,0.0441,0.0884
695514,Tyler Collins,0.0756,0.0687,0.0249,0.011,0.2063,26.3,0.2968,0.056,0.0661
821073,Jirvin Morillo,0.0727,0.0627,0.0096,0.0124,0.1983,18.1,0.318,0.0827,0.0636
682632,Adinso Reyes,0.0744,0.076,0.01,0.0166,0.209,29.2,0.3172,0.0395,0.084
660650,Dérmis Garcia,0.2257,0.2458,0.0174,0.0863,0.2869,83.8,0.3554,0.0797,0.1873
808368,Juan Sulbaran,0.068,0.0618,0.0091,0.0092,0.1874,14.7,0.2817,0.0504,0.0515
821065,Queni Pineda,0.069,0.0625,0.0091,0.0144,0.1838,14.4,0.3776,0.07,0.0652
801507,Jake Cunningham,0.0823,0.0752,0.0254,0.0146,0.2228,42.2,0.3303,0.0594,0.0792
800176,Carlos Sanchez,0.0712,0.0616,0.0121,0.0095,0.2021,18.5,0.3334,0.0735,0.0539
800597,Nik McClaughry,0.0697,0.0609,0.0108,0.0072,0.1964,25.2,0.3127,0.0569,0.0577
691616,Hedbert Perez,0.082,0.0874,0.0107,0.0233,0.2205,36.7,0.3207,0.0437,0.108
678689,Neyfy Castillo,0.1212,0.1218,0.0227,0.0337,0.2577,60.3,0.3519,0.0674,0.1306
691561,Jose Meza,0.0775,0.0774,0.0096,0.0178,0.2031,25.5,0.3296,0.0491,0.082
808684,Javier Mogollon,0.0732,0.0741,0.011,0.0192,0.2037,24.4,0.3105,0.0533,0.0842
695013,Kalae Harrison,0.0744,0.0669,0.0148,0.0085,0.2142,31.7,0.2796,0.0594,0.0619
800190,Jose Cedeno,0.0672,0.0612,0.0082,0.0099,0.1891,17.8,0.302,0.0601,0.0532
804879,Elvis Rijo,0.0646,0.0586,0.0094,0.0059,0.1927,21.4,0.2567,0.0447,0.0472
700720,Luis Pino,0.0753,0.0776,0.0091,0.0206,0.201,25.4,0.362,0.0456,0.0893
683058,Isaac Bellony,0.081,0.08,0.0077,0.0189,0.2243,40.0,0.3843,0.0586,0.0976
682656,Sergio Campana,0.0756,0.0683,0.0216,0.0123,0.2085,26.4,0.3676,0.0662,0.072
702995,Antonio Anderson,0.0768,0.0687,0.0077,0.0119,0.2126,29.3,0.3089,0.0719,0.07
703175,Freili Encarnacion,0.0673,0.066,0.0124,0.0101,0.1857,8.0,0.3217,0.0314,0.059
692585,Yanquiel Fernández,0.1852,0.1923,0.009,0.0495,0.2807,62.6,0.2302,0.0483,0.14
808118,Félix Amparo,0.0667,0.0642,0.0129,0.0077,0.1873,14.8,0.2485,0.0277,0.0484
806994,Luis Guanipa,0.0759,0.0716,0.0146,0.0141,0.1977,19.7,0.3278,0.0479,0.0708
678690,Carlos Aguiar,0.084,0.0902,0.0123,0.0264,0.2223,38.1,0.3591,0.0431,0.1176
672355,Alison Quintero,0.0691,0.0669,0.0104,0.0119,0.1874,15.8,0.3162,0.0449,0.065
680915,David Hollie,0.0811,0.0814,0.0149,0.0213,0.2191,34.2,0.3743,0.0528,0.1008
808818,David Smith,0.0793,0.0639,0.0193,0.0109,0.2254,42.3,0.3006,0.0996,0.0671
699017,Wesley Zapata,0.0663,0.0599,0.0112,0.0059,0.19,14.1,0.268,0.0505,0.0464
808503,Jeremy Almonte,0.0653,0.0625,0.0075,0.0097,0.1922,17.4,0.2627,0.044,0.0542
676288,Baron Radcliff,0.0931,0.0924,0.0075,0.0282,0.2463,52.7,0.399,0.0854,0.1283
691435,Juan Castillo,0.0699,0.0689,0.0102,0.0114,0.1951,5.2,0.2825,0.0321,0.0623
687470,Chandler Redmond,0.1304,0.1332,0.0076,0.0405,0.2784,76.2,0.34,0.0787,0.1536
821130,Avinson Pinto,0.0711,0.0648,0.0124,0.0064,0.2016,21.5,0.2163,0.0429,0.0469
808099,Yoiber Ruiz,0.0661,0.0552,0.009,0.0047,0.1865,8.4,0.3014,0.0656,0.0379
699709,Marco Soto,0.067,0.0615,0.0109,0.0056,0.1922,16.6,0.2534,0.04,0.046
681044,EJ Andrews Jr.,0.0872,0.0865,0.0122,0.0206,0.2397,35.9,0.3023,0.0555,0.1058
800444,Nikau Pouaka-Grego,0.0767,0.0701,0.0095,0.0109,0.2133,31.4,0.2584,0.0563,0.0672
701661,Cristian Garcia,0.0753,0.0703,0.0107,0.0147,0.2034,24.4,0.3224,0.0659,0.0744
691177,Luis Rodriguez,0.0834,0.0808,0.0075,0.0173,0.2251,40.3,0.3438,0.0603,0.0873
683170,Kadon Morton,0.084,0.0797,0.0132,0.0189,0.22,35.3,0.3755,0.0636,0.0925
699002,Angel Arevalo,0.0671,0.0576,0.014,0.0083,0.1894,21.0,0.3735,0.0639,0.0542
800126,Alain Camou,0.0719,0.0658,0.0107,0.0067,0.2049,28.4,0.2224,0.0478,0.0509
687493,Luke Brown,0.0844,0.0814,0.0152,0.0175,0.2344,43.6,0.3013,0.0635,0.0948
702596,Yeniel Laboy,0.0736,0.0686,0.009,0.0131,0.2085,29.7,0.3013,0.063,0.0709
814842,Neurelin Montero,0.0661,0.0523,0.0085,0.0083,0.1821,13.5,0.3656,0.0826,0.0458
801460,Maykel Minoso,0.0663,0.0604,0.0084,0.0078,0.1855,12.6,0.2558,0.0526,0.0465
673064,Alex Hall,0.0793,0.0767,0.008,0.0162,0.2174,33.8,0.3205,0.0607,0.0877
693763,Alvaro Aguero,0.0699,0.0713,0.0172,0.0157,0.1869,13.7,0.3464,0.0318,0.0745
687543,Andrew Jenkins,0.0811,0.0787,0.0065,0.0137,0.2365,47.4,0.2915,0.0502,0.0814
800384,Nicandro Aybar,0.0673,0.0599,0.0113,0.0066,0.1916,20.7,0.2728,0.0565,0.0459
680994,Nick Biddison,0.0866,0.0853,0.0121,0.0205,0.2286,42.7,0.3257,0.057,0.0982
801698,Ryan Wilson,0.0798,0.0691,0.0078,0.0118,0.2252,44.6,0.2474,0.0778,0.0686
642451,Luis Liberato,0.1244,0.1208,0.0153,0.0299,0.2821,79.4,0.2834,0.0822,0.1415
682191,Dawson Dimon,0.0685,0.0604,0.0089,0.0096,0.1847,11.2,0.3858,0.063,0.0572
682728,Luis Chevalier,0.0781,0.0701,0.0126,0.0125,0.2171,30.7,0.2898,0.0686,0.0698
691623,Alexander Perez,0.0698,0.0658,0.0117,0.009,0.1949,18.3,0.2753,0.0435,0.0576
815889,Paulino Santana,0.0722,0.0579,0.011,0.0083,0.2026,28.0,0.3285,0.0826,0.0494
677597,Roberto Chirinos,0.0765,0.0751,0.0122,0.0127,0.2102,29.7,0.2759,0.0387,0.0739
687136,Spencer Henson,0.0897,0.0927,0.0073,0.0262,0.2373,48.9,0.3263,0.0575,0.1186
802018,Ryan Burrowes,0.0649,0.0593,0.014,0.0082,0.1877,15.2,0.3181,0.0487,0.0502
800370,Eduardo Guerrero,0.0704,0.0641,0.0092,0.0067,0.1952,20.1,0.2631,0.0475,0.047
684976,Johnathon Thomas,0.0771,0.069,0.041,0.0122,0.2112,29.2,0.3152,0.05,0.071
670863,Kevin Richards,0.0806,0.0812,0.0104,0.0179,0.2278,44.7,0.2801,0.0464,0.0939
678010,Nick Schnell,0.1344,0.1362,0.0178,0.0364,0.2349,49.1,0.3528,0.0632,0.1136
808116,Pedro Dalmagro,0.0641,0.0624,0.0085,0.0098,0.1812,12.7,0.3111,0.0383,0.055
806237,Andrews Sosa,0.0673,0.0614,0.0099,0.0103,0.1811,9.5,0.3149,0.055,0.0529
670208,Matt Fraizer,0.153,0.1461,0.0286,0.0291,0.2864,77.8,0.2418,0.0714,0.1282
694336,Dom Johnson,0.0811,0.076,0.0192,0.0149,0.2249,39.0,0.3155,0.0585,0.0834
686941,Brett Barrera,0.0727,0.0701,0.0108,0.0084,0.2065,26.4,0.2123,0.0335,0.0606
692591,Luis Mendez,0.0767,0.0716,0.0137,0.0109,0.215,18.4,0.2521,0.0483,0.0676
673036,Miguel Perez,0.074,0.0722,0.0127,0.0181,0.1978,21.7,0.4135,0.0602,0.086
695370,Thomas Francisco,0.0884,0.0884,0.0082,0.0185,0.2441,52.8,0.2059,0.0481,0.0991
680396,Joe Stewart,0.0815,0.0763,0.0212,0.013,0.2255,39.3,0.3104,0.0498,0.078
702283,Tucker Toman,0.0724,0.0653,0.0074,0.0088,0.204,25.5,0.3146,0.0596,0.061
683536,Jose Escorche,0.0696,0.0653,0.015,0.0069,0.2042,26.8,0.2615,0.0386,0.0547
814414,Kyle DeBarge,0.0734,0.067,0.0252,0.0091,0.203,26.0,0.2704,0.0438,0.0623
687852,Zac Ching,0.0858,0.0866,0.0122,0.0198,0.2308,43.9,0.3304,0.0479,0.1003
691988,Marcos De La Rosa,0.0762,0.072,0.0218,0.0168,0.2014,26.3,0.3993,0.0569,0.0832
683884,Rafael Escalante,0.0693,0.0637,0.0109,0.0116,0.1913,15.6,0.2946,0.0599,0.0608
806238,Gabriel Gomes,0.071,0.0639,0.0092,0.0127,0.1949,15.8,0.3227,0.0675,0.0614
701833,Jordan Viars,0.0828,0.0824,0.0083,0.0203,0.2225,35.2,0.3362,0.0552,0.0977
815325,B.Y. Choi,0.0687,0.0613,0.0102,0.009,0.1933,23.2,0.3425,0.0579,0.0568
805319,Dervy Ventura,0.0646,0.0576,0.0093,0.0065,0.1866,19.8,0.2867,0.0554,0.0444
691265,Junior Sanchez,0.0717,0.0637,0.0139,0.0061,0.2056,28.2,0.249,0.051,0.0521
691411,Luis Durango,0.0804,0.0733,0.0232,0.0128,0.2208,38.5,0.2518,0.0594,0.071
682039,Jacen Roberson,0.082,0.0763,0.0125,0.0183,0.2235,38.2,0.3647,0.0793,0.092
694070,Yhoswar Garcia,0.0816,0.0752,0.0456,0.0139,0.2162,32.9,0.2796,0.0481,0.0759
800256,Natanael Yuten,0.0762,0.0745,0.0114,0.0118,0.2127,26.8,0.2997,0.038,0.073
702550,Chandler Pollard,0.0729,0.0632,0.0289,0.0085,0.1988,25.3,0.3503,0.0484,0.0578
702869,Jose Aular,0.0629,0.0592,0.0083,0.0088,0.1728,7.4,0.3057,0.0435,0.0482
699127,Luis Castillo,0.0779,0.0785,0.0088,0.0179,0.2139,31.7,0.3005,0.0515,0.0858
702391,Demetrio Nadal,0.0679,0.0596,0.0196,0.0074,0.1907,16.5,0.2883,0.0559,0.0472
684997,MacKenzie Mueller,0.0818,0.0777,0.0125,0.017,0.2195,35.1,0.3419,0.0618,0.0887
800387,Fernando Peguero,0.0673,0.0604,0.0184,0.0058,0.1905,17.5,0.2536,0.0443,0.0436
800362,Daniel Bruzual,0.0613,0.0597,0.0081,0.0077,0.1716,3.8,0.2923,0.0286,0.0479
807720,Garret Forrester,0.0709,0.0618,0.008,0.0093,0.2103,29.6,0.3349,0.0739,0.0605
696486,James Tibbs III,0.0796,0.0801,0.0095,0.0182,0.2243,42.7,0.3168,0.0469,0.093
805816,Darwin De Leon,0.0734,0.0706,0.012,0.0138,0.197,21.5,0.2805,0.0476,0.0659
687982,Carson Jones,0.0775,0.0771,0.0217,0.0191,0.2114,39.3,0.3591,0.0496,0.0894
690997,Nolan McLean,0.0946,0.0992,0.01,0.0323,0.2439,56.8,0.4428,0.0646,0.1442
694191,Pedro Pineda,0.068,0.0657,0.0142,0.0137,0.193,21.6,0.3891,0.0496,0.0715
689731,Cole Roberts,0.0756,0.0672,0.0181,0.0085,0.2093,28.7,0.2503,0.0542,0.059
696264,Tyler Whitaker,0.08,0.0768,0.0121,0.0173,0.213,32.7,0.363,0.0583,0.0872
815195,Wilder Dalis,0.0717,0.0659,0.0129,0.0101,0.2028,10.2,0.2784,0.051,0.0579
805692,Ricson Gonzalez,0.0649,0.0601,0.0075,0.0081,0.1827,7.0,0.2956,0.0452,0.0491
694808,Zach Kokoska,0.1751,0.1765,0.0322,0.0511,0.276,60.3,0.2655,0.06,0.1405
806210,Alfonsin Rosario,0.0808,0.0792,0.0138,0.0208,0.2199,39.9,0.3739,0.0634,0.0975
683364,Carlos Dominguez,0.0828,0.0866,0.014,0.0248,0.2197,37.3,0.3855,0.0484,0.1082
682627,Jose De La Cruz,0.078,0.0805,0.0088,0.0212,0.2159,33.6,0.3688,0.0488,0.0985
678863,Carlos Arroyo,0.077,0.0703,0.0166,0.0099,0.2101,29.0,0.2616,0.0484,0.0623
694420,Tatem Levins,0.084,0.0835,0.0059,0.0191,0.2321,48.4,0.2779,0.0588,0.0958
651016,Matt Lloyd,0.1884,0.1883,0.0229,0.0528,0.289,81.4,0.2966,0.0772,0.1588
815067,Aidan Longwell,0.0894,0.0849,0.0092,0.0163,0.2588,50.2,0.2081,0.0558,0.0904
703153,Samuel Munoz,0.0774,0.0734,0.0092,0.0122,0.2114,32.7,0.2828,0.0511,0.0696
692556,Kelvin Diaz,0.0722,0.0716,0.0167,0.015,0.1916,11.5,0.347,0.039,0.0754
800547,Ricardo Pena,0.0653,0.0641,0.0088,0.0123,0.1788,6.6,0.3276,0.0422,0.061
686766,William Simoneit,0.0905,0.0856,0.008,0.0187,0.2575,63.6,0.2987,0.0748,0.1087
811633,Yosweld Vasquez,0.0663,0.0639,0.0093,0.012,0.1797,11.0,0.2909,0.0419,0.0605
688500,Stephen Paolini,0.0806,0.0719,0.0134,0.0136,0.213,30.0,0.3718,0.0692,0.0766
676203,Marcos Castañon,0.1624,0.1612,0.0075,0.0412,0.2661,70.7,0.2797,0.0723,0.1262
669015,Caberea Weaver,0.0812,0.0819,0.0187,0.0196,0.218,34.3,0.3569,0.0447,0.0958
821112,Anderson Fermin,0.0739,0.0647,0.011,0.0085,0.2078,25.9,0.2582,0.0649,0.0524
808342,Anyelo Gonzalez,0.065,0.0629,0.0078,0.0104,0.1816,10.5,0.295,0.043,0.0551
808096,Reiner Herrera,0.0634,0.059,0.0075,0.0099,0.1788,11.0,0.3314,0.0534,0.0515
680775,Jacob Campbell,0.0808,0.078,0.0114,0.0177,0.2209,41.8,0.3074,0.0559,0.09
680711,Cole Roederer,0.1477,0.1411,0.0207,0.0346,0.2717,71.7,0.2893,0.078,0.1278
822619,Christian Gonzalez,0.0688,0.0617,0.0132,0.0102,0.2014,25.4,0.2599,0.0673,0.0536
572365,Ryan Goins,0.0878,0.0804,0.0084,0.011,0.2499,54.6,0.2668,0.0598,0.0852
808148,Eliesbert Alejos,0.0661,0.0612,0.0091,0.0046,0.1871,12.1,0.2326,0.0359,0.0394
683577,Charlis Aquino,0.0719,0.0676,0.0175,0.0089,0.1997,25.0,0.2837,0.0407,0.058
691398,Yerlin Confidan,0.0827,0.0815,0.0113,0.0186,0.2235,32.6,0.3061,0.0565,0.0957
687601,Wendell Marrero,0.0808,0.0799,0.0089,0.0193,0.221,32.2,0.3528,0.0586,0.094
693515,Gaige Howard,0.0821,0.0757,0.0121,0.0152,0.2259,40.9,0.2764,0.0715,0.0801
806012,Taishi Nakawake,0.067,0.0615,0.0105,0.0066,0.1965,19.4,0.3106,0.0442,0.0518
800329,Alexander Martinez,0.0669,0.0649,0.0085,0.0104,0.1804,9.9,0.3045,0.0355,0.0575
821657,Gabriel Rodriguez,0.0669,0.0543,0.0102,0.0075,0.1892,18.3,0.3362,0.0816,0.0447
815897,Robert Arias,0.0712,0.0632,0.0222,0.0096,0.1976,24.2,0.2584,0.0594,0.0546
805956,Kai Roberts,0.0804,0.078,0.0188,0.0169,0.2194,40.8,0.3088,0.0489,0.0847
666638,J.V. Martinez,0.0899,0.09,0.0082,0.0205,0.2466,52.4,0.2714,0.0543,0.1098
683013,Alan Mejia,0.079,0.0803,0.0135,0.0202,0.2094,29.3,0.3552,0.0498,0.0926
680935,Connor Pavolony,0.0865,0.0779,0.0084,0.0165,0.2399,52.2,0.3209,0.0864,0.0948
806987,Daiverson Gutierrez,0.0638,0.0582,0.0072,0.0096,0.1732,6.9,0.3139,0.0517,0.0501
681075,Jack Herman,0.0884,0.0919,0.0106,0.0241,0.2402,47.6,0.3091,0.0531,0.1151
690971,Chase Davis,0.0833,0.0782,0.0103,0.0159,0.2293,43.5,0.3007,0.0697,0.0851
814546,Eriandys Ramon,0.0661,0.0622,0.0105,0.0075,0.1873,14.9,0.2859,0.0412,0.0525
695078,Jean Walters,0.0832,0.0787,0.0124,0.0074,0.2189,33.9,0.2231,0.037,0.0634
808239,Gabriel Terrero,0.0731,0.0707,0.0132,0.0146,0.1943,19.3,0.312,0.0489,0.069
800170,Luis Rodriguez,0.071,0.0658,0.0117,0.0098,0.2016,24.6,0.2903,0.0481,0.0613
677572,Alvaro Gonzalez,0.0722,0.0664,0.0089,0.0103,0.2073,27.5,0.2869,0.0569,0.0652
675992,Shane Muntz,0.0838,0.0816,0.0086,0.0186,0.2314,43.6,0.2974,0.0613,0.0961
809944,Elijah Hainline,0.0774,0.0689,0.0154,0.0127,0.204,27.2,0.3039,0.0671,0.0678
678865,Christopher De La Cruz,0.0775,0.0724,0.0142,0.0139,0.2141,31.9,0.2765,0.0612,0.0748
682853,Francisco Floyd,0.0723,0.0663,0.0144,0.011,0.1991,21.6,0.3602,0.056,0.0634
678247,Leandro Emiliani,0.0868,0.0899,0.0071,0.0245,0.2341,45.3,0.3084,0.0556,0.1143
805297,Alec Sayre,0.0799,0.071,0.0123,0.0138,0.2222,36.9,0.3206,0.0807,0.075
694976,Osvaldo Tovalin,0.0851,0.086,0.0086,0.0168,0.2354,47.5,0.2187,0.0381,0.0913
806992,Enrique Jimenez,0.0639,0.0585,0.0089,0.0088,0.1795,7.6,0.3193,0.0552,0.0526
800438,Andrés Nolaya,0.0617,0.0562,0.0117,0.0081,0.1705,3.5,0.339,0.0503,0.0456
682631,Eduarqui Fernandez,0.0792,0.0782,0.0157,0.0186,0.2164,33.8,0.3821,0.0564,0.0923
669347,David Avitia,0.0649,0.0605,0.0083,0.0108,0.1811,13.0,0.4163,0.0536,0.0609
821770,Andres Torres,0.0623,0.0582,0.0107,0.0092,0.1725,9.2,0.3267,0.047,0.0491
702292,Chase Luttrell,0.0814,0.0811,0.0111,0.017,0.2241,37.5,0.2734,0.0488,0.0927
692417,Willmer De La Cruz,0.0671,0.0591,0.0166,0.0076,0.1869,16.9,0.3306,0.0578,0.05
688808,David Martin,0.0892,0.0772,0.007,0.0103,0.2542,57.1,0.2019,0.0813,0.073
692377,Anthony Rodriguez,0.0698,0.0686,0.0109,0.0111,0.197,21.1,0.3223,0.0375,0.0663
800193,Kelvin Hidalgo,0.0771,0.0755,0.0125,0.0148,0.2139,18.5,0.2777,0.0431,0.077
691418,Lexer Saduy,0.075,0.071,0.0125,0.0131,0.2089,29.7,0.3116,0.0555,0.0716
690994,Ethan Long,0.0842,0.0825,0.0077,0.0212,0.2304,48.1,0.3493,0.0658,0.101
801276,Juan Matheus,0.0707,0.0618,0.0156,0.011,0.1893,16.0,0.3421,0.0701,0.0577
690804,Ryan Nicholson,0.085,0.0866,0.0092,0.0231,0.2318,45.9,0.2802,0.0521,0.1048
811602,Yimy Tovar,0.0676,0.0574,0.0114,0.0079,0.1888,20.1,0.2981,0.0678,0.0484
691281,Diosfran Cabeza,0.0713,0.0681,0.0115,0.011,0.1957,18.9,0.2589,0.0455,0.0608
800424,Oswaldo Osorio,0.0712,0.0641,0.0102,0.0112,0.1916,19.3,0.348,0.0619,0.0612
693790,Estanlin Cassiani,0.072,0.0694,0.0127,0.0092,0.2071,28.9,0.2426,0.0371,0.0571
805775,Lennyn Nunez,0.0646,0.0566,0.0102,0.0084,0.1802,10.7,0.3133,0.058,0.0473
808261,Marcos Terrero,0.0659,0.0587,0.0101,0.0091,0.178,12.5,0.3188,0.0584,0.0508
800254,Abrahan Ramirez,0.0699,0.0599,0.0118,0.0066,0.2005,22.0,0.2863,0.0679,0.0456
808143,Sebastian De Andrade,0.061,0.0604,0.0078,0.0115,0.169,7.1,0.339,0.0391,0.0552
689235,Yassel Pino,0.0839,0.0849,0.0084,0.0208,0.23,39.2,0.2674,0.0558,0.0996
669090,Jack Stronach,0.0842,0.0796,0.0099,0.017,0.2315,44.8,0.2932,0.0673,0.0916
693819,Kyle Nevin,0.0872,0.0861,0.0116,0.0186,0.2311,43.1,0.3069,0.0526,0.0948
682725,Cristhian Rodriguez,0.0694,0.0644,0.0096,0.0085,0.1996,21.0,0.3411,0.0514,0.0617
694201,Abel Bastidas,0.0664,0.0621,0.0104,0.0087,0.1901,15.7,0.2769,0.0475,0.0561
808302,Juan Ortega,0.0643,0.0575,0.0112,0.01,0.1747,8.3,0.3586,0.0525,0.0514
680998,Branden Boissiere,0.0806,0.0758,0.0056,0.0149,0.2344,45.8,0.2802,0.0685,0.0841
703742,Edrick Felix,0.0677,0.0638,0.0103,0.0111,0.1985,23.3,0.3285,0.0522,0.0628
694049,Nomar Fana,0.0683,0.0669,0.0114,0.014,0.19,15.7,0.3452,0.0491,0.0707
692036,Andres Mesa,0.069,0.0682,0.0135,0.0129,0.1895,14.9,0.3152,0.0391,0.0674
807994,Jeremy Ciriaco,0.0702,0.0639,0.0119,0.0069,0.2039,10.9,0.2458,0.0451,0.0494
694204,Maikol Hernández,0.0656,0.0587,0.0112,0.0067,0.1859,13.3,0.2862,0.0487,0.0478
699076,Juan Alonso,0.0762,0.074,0.011,0.0156,0.2038,26.0,0.3657,0.0522,0.078
694783,Casey Dana,0.073,0.0728,0.0097,0.0159,0.199,21.2,0.3635,0.0455,0.0807
808041,Abraham Nunez,0.071,0.0664,0.0141,0.0138,0.2024,23.5,0.303,0.063,0.066
672861,Carlos Luis,0.0852,0.0833,0.0065,0.0145,0.238,50.2,0.2442,0.0507,0.087
703199,Adan Sanchez,0.0636,0.0583,0.0093,0.0083,0.1816,13.7,0.3157,0.0518,0.0472
702685,Brenner Cox,0.0712,0.0663,0.0191,0.0149,0.1953,18.6,0.4024,0.0625,0.0741
806441,Nehomar Ochoa Jr.,0.0807,0.0794,0.0142,0.0198,0.2163,36.7,0.3417,0.0529,0.0926
813985,Aldalay Kolokie,0.0765,0.0701,0.0117,0.0121,0.2175,20.0,0.2581,0.0563,0.0657
815909,Luis Cova,0.0722,0.0642,0.0238,0.0118,0.2036,25.1,0.2656,0.0669,0.0619
665827,Harvin Mendoza,0.0882,0.0857,0.0072,0.0183,0.2419,50.7,0.2276,0.0601,0.0964
682265,Wes Clarke,0.2063,0.2006,0.0118,0.0627,0.2837,79.3,0.3291,0.1088,0.1495
692023,Adrian Perez,0.0717,0.0694,0.009,0.0146,0.1935,20.0,0.3309,0.0544,0.0695
808153,Luis Merejo,0.076,0.0738,0.0084,0.0161,0.2107,30.9,0.3281,0.0574,0.0795
821790,Ronald Ramirez,0.0637,0.0573,0.01,0.0061,0.1879,15.9,0.2877,0.0483,0.043
694552,Jack Payton,0.0802,0.0729,0.0075,0.013,0.2309,47.2,0.2704,0.0688,0.08
695426,Spencer Bramwell,0.064,0.061,0.0104,0.0109,0.1833,11.5,0.3623,0.05,0.0621
691905,Ricardo Rosario,0.0761,0.0736,0.0164,0.0148,0.2056,25.3,0.284,0.0476,0.0749
686673,Will Bartlett,0.0818,0.0759,0.008,0.0178,0.2241,40.1,0.3376,0.0814,0.0909
808307,Kleyver Salazar,0.0674,0.0618,0.0081,0.0102,0.1836,6.4,0.3172,0.0571,0.0559
808223,Javier Herrera,0.0711,0.0648,0.0104,0.0118,0.1874,13.7,0.335,0.061,0.0599
808121,Daniel Campos,0.065,0.0638,0.0082,0.0122,0.1788,11.5,0.2988,0.0447,0.0589
683847,Brandon Hernandez,0.0681,0.0612,0.0096,0.0063,0.1947,19.5,0.3092,0.0517,0.0496
800399,Miguel Dominguez,0.0662,0.0624,0.0082,0.0129,0.1763,7.1,0.3625,0.0565,0.0603
808226,Omar Urbina,0.0635,0.059,0.008,0.0089,0.1739,7.8,0.2955,0.0436,0.0471
691939,Jake DeLeo,0.0782,0.0769,0.0164,0.0157,0.2207,34.3,0.3051,0.0493,0.0854
686634,Chase Estep,0.0831,0.0801,0.0102,0.0157,0.2309,43.0,0.282,0.0575,0.0889
691190,Ismael Mena,0.0787,0.078,0.0167,0.0149,0.2183,35.7,0.2768,0.0436,0.0804
687260,Brian Kalmer,0.0897,0.0963,0.007,0.0289,0.2398,50.2,0.3293,0.0521,0.1256
800385,Robert Gonzalez,0.0714,0.0669,0.013,0.0115,0.1896,14.7,0.344,0.0463,0.0615
663845,Alfonso Rivas III,0.4308,0.3942,0.0403,0.0788,0.3008,91.5,0.2741,0.0993,0.1232
805951,Boston Baro,0.0844,0.0753,0.0096,0.009,0.2388,53.4,0.2296,0.0625,0.071
800200,Jonathan Linares,0.0642,0.0581,0.0101,0.0094,0.1769,6.5,0.3265,0.0542,0.0496
685776,Stiven Acevedo,0.078,0.0775,0.0199,0.0173,0.212,31.9,0.327,0.0465,0.0857
678800,Enmanuel Pire,0.0643,0.0592,0.0097,0.0099,0.1781,9.3,0.3056,0.053,0.0506
678317,Starlin Gill,0.073,0.068,0.0136,0.0095,0.2025,22.8,0.2664,0.0454,0.0605
683007,Darius Perry,0.0717,0.0684,0.0074,0.0144,0.2009,11.2,0.3521,0.0519,0.0752
699206,Keiderson Pavon,0.0679,0.0593,0.015,0.0056,0.1935,17.7,0.2261,0.0547,0.0414
807011,Felix Morrobel,0.0661,0.0629,0.0135,0.006,0.1886,13.0,0.2036,0.0291,0.0429
691370,Juan Chacon,0.078,0.0715,0.0161,0.0113,0.2141,27.1,0.2952,0.0563,0.0694
808530,Francisco Caldera,0.0647,0.0609,0.0093,0.0113,0.1743,7.2,0.3213,0.0479,0.0557
808285,Alberth Palma,0.0636,0.0573,0.0146,0.0051,0.1804,14.8,0.2331,0.041,0.0375
666197,Grae Kessinger,0.2645,0.2331,0.0402,0.0497,0.2633,66.2,0.2607,0.0797,0.1105
808157,Oswaldo Patino,0.0683,0.0585,0.0109,0.0059,0.1981,22.2,0.2584,0.0601,0.0407
687628,Justin Boyd,0.0787,0.0751,0.0121,0.0159,0.218,35.9,0.3434,0.0655,0.0848
800171,Angel Mata,0.0679,0.0627,0.0091,0.0093,0.1848,9.9,0.2735,0.0506,0.053
682647,Omar Florentino,0.0706,0.0629,0.0172,0.007,0.2008,21.6,0.2697,0.0518,0.054
800169,Aroon Escobar,0.0705,0.0625,0.0128,0.0095,0.1946,17.5,0.2577,0.0598,0.053
676038,Skyler Messinger,0.0928,0.0943,0.0092,0.0257,0.254,44.5,0.2991,0.0573,0.1222
808687,Angelo Hernandez,0.0617,0.0592,0.0098,0.0122,0.1752,7.0,0.3384,0.0512,0.0576
808132,Pablo Arosemena,0.0622,0.0566,0.0088,0.0087,0.1733,4.7,0.3257,0.0568,0.0481
693808,Daury Arias,0.0836,0.082,0.0102,0.0205,0.2212,37.6,0.2863,0.0648,0.0927
692657,Omar Alfonzo,0.08,0.0749,0.0074,0.0163,0.2226,35.0,0.309,0.0768,0.0828
698973,Jose Astudillo,0.068,0.0629,0.0127,0.0052,0.1991,23.4,0.1956,0.0379,0.0455
691927,Enmanuel Terrero,0.08,0.075,0.0143,0.0153,0.2226,34.8,0.2945,0.0691,0.0798
681326,Cole Moore,0.0852,0.0835,0.0096,0.0202,0.2313,42.3,0.3215,0.0651,0.1009
802135,Braden Barry,0.0721,0.0675,0.0155,0.0144,0.1945,21.4,0.386,0.0569,0.0714
808142,Jose Urbina,0.0646,0.0611,0.0079,0.009,0.1778,5.8,0.3211,0.0434,0.0508
699027,José Suárez,0.071,0.0718,0.0091,0.0158,0.1923,18.9,0.3516,0.0427,0.0745
807641,Angelo Mora,0.0679,0.0666,0.0079,0.0124,0.1875,10.8,0.3017,0.0383,0.0617
815306,Rio Foster,0.0783,0.0756,0.012,0.0169,0.2174,35.7,0.3483,0.0551,0.0844
808245,Starlyn Nunez,0.0741,0.0713,0.0103,0.01,0.2051,21.4,0.2439,0.0386,0.0618
800569,Alberto Barriga,0.0657,0.0601,0.014,0.0085,0.181,9.8,0.3054,0.051,0.0517
821591,Steven Madero,0.062,0.0608,0.0082,0.0114,0.1751,6.9,0.324,0.0422,0.0565
678652,Jesus Chirinos,0.0838,0.0806,0.0055,0.0198,0.2332,45.3,0.3581,0.0779,0.0961
800132,Oliver Cedeno,0.0667,0.0582,0.0101,0.0059,0.1897,16.7,0.2238,0.0557,0.0417
703157,Javier Osorio,0.0584,0.0561,0.0123,0.0088,0.1654,-1.3,0.3803,0.0383,0.0497
808011,Wilian Trinidad,0.0633,0.0546,0.0128,0.0049,0.1805,12.3,0.3315,0.0564,0.0381
690350,Kyle Battle,0.0812,0.0766,0.0223,0.0166,0.2152,33.6,0.3359,0.0591,0.0861
806124,Colin Houck,0.0677,0.0603,0.0088,0.0083,0.1865,18.2,0.3836,0.0553,0.0548
688449,TT Bowens,0.1339,0.1349,0.0104,0.0365,0.2591,64.0,0.3162,0.0666,0.1297
694199,Fran Alduey,0.0682,0.0657,0.0192,0.0105,0.1888,17.1,0.3178,0.0356,0.0615
678850,Norkis Marcos,0.0702,0.0646,0.0161,0.0094,0.1973,19.4,0.3269,0.0529,0.0597
806991,Carlos Silva,0.062,0.0572,0.0082,0.0091,0.171,1.1,0.3364,0.0524,0.0506
821818,Luis Corobo,0.0661,0.0673,0.0121,0.0149,0.1783,10.1,0.3004,0.0383,0.0662
696291,Jordan McCants,0.069,0.0618,0.0211,0.0056,0.2016,21.5,0.2938,0.0488,0.0507
680918,Brady Allen,0.1483,0.1427,0.0148,0.032,0.2501,56.6,0.2983,0.0714,0.1039
701327,Elijah Green,0.0719,0.0683,0.021,0.0159,0.1978,20.2,0.4344,0.0595,0.0787
815842,JT Mabry,0.0705,0.068,0.0126,0.0106,0.1977,22.8,0.2776,0.038,0.0627
700170,Felix Tena,0.0791,0.0811,0.0124,0.017,0.2183,20.7,0.2828,0.0292,0.0857
821751,Elvin Garcia,0.0659,0.0576,0.012,0.007,0.183,14.2,0.307,0.0554,0.0462
807004,Maikol Orozco,0.0652,0.058,0.0106,0.0071,0.1895,14.5,0.2988,0.0563,0.0457
815907,Curley Martha,0.0663,0.0618,0.0108,0.0106,0.1829,14.1,0.3387,0.0433,0.0559
692371,Lizandro Espinoza,0.0717,0.0663,0.0137,0.0089,0.1964,21.0,0.2756,0.0463,0.058
703715,Wyatt Hoffman,0.0683,0.0599,0.0163,0.007,0.1897,19.2,0.3359,0.0551,0.0511
691278,Moises Alcala,0.0657,0.0644,0.0096,0.0118,0.1797,7.5,0.3254,0.0423,0.0592
680586,Reidy Mercado,0.0798,0.0786,0.0236,0.0158,0.2193,35.8,0.3074,0.043,0.0835
691405,Juan Benjamin,0.0774,0.0694,0.0179,0.0071,0.2254,41.0,0.2491,0.0574,0.0573
703305,Jesus D. Castro,0.0661,0.0633,0.0088,0.0139,0.179,11.2,0.3515,0.0563,0.0641
815097,Mikey Kane,0.077,0.0751,0.0089,0.0147,0.2266,43.1,0.2535,0.0532,0.0784
807977,Adrian Meza,0.0671,0.0569,0.0101,0.0048,0.1922,16.9,0.2419,0.0606,0.0374
684263,Yorberto Mejicano,0.0819,0.0808,0.0108,0.0161,0.2272,39.5,0.2429,0.048,0.0853
695048,Garret Guillemette,0.0823,0.081,0.0079,0.0179,0.2204,37.0,0.2772,0.052,0.0893
821759,Johan Rodriguez,0.0641,0.0593,0.0096,0.0075,0.1831,14.0,0.2781,0.0473,0.0476
699020,Adari Grant,0.064,0.0593,0.0125,0.0072,0.1779,10.2,0.3107,0.0402,0.0475
699166,Edgardo Ordonez,0.0641,0.0613,0.0086,0.0113,0.1778,7.8,0.3605,0.0511,0.0582
800281,Roynier Hernandez,0.0724,0.0615,0.0097,0.0046,0.2134,18.1,0.2349,0.0623,0.042
699321,Diego Guzman,0.0716,0.0695,0.0133,0.0106,0.1986,20.6,0.2915,0.0349,0.0675
686236,Tanner Tredaway,0.0795,0.0739,0.0123,0.0155,0.2178,34.1,0.2861,0.068,0.0789
807007,Jeremy Rodriguez,0.0712,0.064,0.015,0.0093,0.1943,21.1,0.2827,0.0557,0.0549
693805,Kliubert Avila,0.063,0.0602,0.0102,0.0109,0.173,3.9,0.3586,0.046,0.0558
694200,Ariel Almonte,0.0805,0.0813,0.0091,0.0223,0.2136,25.7,0.3718,0.06,0.0985
805058,Luis Marquez,0.0683,0.0653,0.0105,0.0115,0.1882,15.4,0.2842,0.0424,0.0592
691446,Samuel Rojas,0.061,0.0573,0.0083,0.0081,0.1741,4.9,0.3079,0.0436,0.0484
679733,Raimfer Salinas,0.0789,0.0789,0.0106,0.0187,0.2145,32.6,0.3383,0.0501,0.0889
701100,Ben McCabe,0.0702,0.0669,0.0084,0.0124,0.1986,9.6,0.3363,0.0411,0.0698
676419,Randy Bednar,0.0759,0.0769,0.0098,0.0177,0.2083,30.3,0.3535,0.0434,0.0881
693798,Anderson Suriel,0.0748,0.0732,0.0147,0.0125,0.2064,28.9,0.2673,0.0398,0.0724
808233,Alfredo Rodriguez,0.0593,0.0566,0.008,0.0097,0.163,0.2,0.3817,0.0443,0.0494
699293,Yohairo Cuevas,0.0705,0.0647,0.0114,0.0115,0.1921,20.5,0.3589,0.0601,0.0629
820989,Kyle Sinzza,0.0686,0.061,0.0105,0.0067,0.1909,16.9,0.2709,0.053,0.0438
682860,Jauri Custodio,0.0761,0.0773,0.0137,0.0171,0.2094,28.0,0.2916,0.0413,0.0827
699069,Elio Campos,0.0724,0.0638,0.0136,0.0056,0.2,23.1,0.2289,0.0509,0.0411
821637,Deinys Gonzalez,0.0614,0.0588,0.0088,0.0114,0.1673,5.5,0.3545,0.044,0.0546
821075,Merphy Hernandez,0.0712,0.0654,0.0217,0.0122,0.1936,19.4,0.317,0.0539,0.0627
821049,Feldi Tavarez,0.0647,0.0647,0.0113,0.0138,0.1778,9.1,0.2943,0.0406,0.0638
691264,Rikelbin De Castro,0.0681,0.0637,0.0113,0.0088,0.1893,15.8,0.3074,0.0443,0.0567
702977,Dillon Head,0.0772,0.076,0.0163,0.0157,0.2205,36.5,0.2861,0.048,0.084
693770,Lewis Castillo,0.0685,0.0637,0.0111,0.0078,0.1943,19.9,0.2468,0.0447,0.0487
805737,Bjay Cooke,0.0621,0.0551,0.0115,0.0066,0.1818,13.2,0.3786,0.0535,0.0459
808014,Sandro Pereira,0.0668,0.0577,0.0089,0.0055,0.1862,13.1,0.323,0.051,0.0417
802544,Brock Vradenburg,0.0788,0.0747,0.0126,0.0167,0.2218,35.0,0.3262,0.0692,0.0855
821379,Juan Mateo,0.0697,0.0624,0.0126,0.007,0.1894,16.4,0.2315,0.0459,0.0458
815916,Emilio Sanchez,0.0654,0.0509,0.0153,0.005,0.1809,12.7,0.3214,0.0782,0.0351
821180,Ilan Fernandez,0.0675,0.0618,0.0099,0.0069,0.1896,13.1,0.2564,0.0419,0.0469
669470,Paxton Wallace,0.0824,0.079,0.0125,0.0158,0.2282,41.2,0.3014,0.057,0.0869
800456,Ludwin Tejada,0.0635,0.0592,0.0103,0.01,0.1748,7.0,0.306,0.049,0.0514
677600,Adrian Hernandez,0.0795,0.0806,0.0126,0.0195,0.2147,32.0,0.339,0.0475,0.0939
700283,Derlin Figueroa,0.0724,0.0697,0.0107,0.0136,0.1935,17.7,0.3026,0.0511,0.0681
815911,Edgar Montero,0.0631,0.0544,0.0093,0.0081,0.1781,13.0,0.3496,0.0649,0.0467
703144,Ryan Reckley,0.0681,0.0614,0.0098,0.0098,0.1953,23.2,0.361,0.0598,0.0594
800303,Leiker Figueroa,0.0653,0.058,0.0172,0.0051,0.1777,8.0,0.2944,0.0385,0.0416
675982,Kevin Watson Jr,0.0818,0.0773,0.0111,0.0165,0.2236,37.7,0.307,0.0665,0.0844
821113,Cesar Lugo,0.0704,0.0629,0.0133,0.0107,0.1957,22.9,0.3118,0.0665,0.0584
807951,Rafhlmil Torres,0.0673,0.0591,0.011,0.0063,0.189,9.5,0.2619,0.0555,0.0437
800087,Claudio Simon,0.0667,0.0621,0.0226,0.0083,0.1839,9.4,0.3308,0.0383,0.053
801176,Cam Fisher,0.0854,0.0839,0.0119,0.0241,0.2213,37.6,0.4069,0.0709,0.1086
682646,Jairo Pomares,0.163,0.1727,0.0171,0.0469,0.2698,71.3,0.2925,0.0488,0.1411
800627,Christopher Paciolla,0.07,0.0718,0.0093,0.0131,0.1956,22.8,0.3026,0.0308,0.0702
821171,Dauri Fernandez,0.0659,0.0617,0.0093,0.0064,0.1912,19.7,0.2287,0.0393,0.0462
814261,Carlos Caro,0.0688,0.065,0.0117,0.0103,0.194,15.8,0.2973,0.0486,0.0575
805804,George Wolkow,0.0762,0.0779,0.0088,0.0226,0.2131,33.6,0.4252,0.0603,0.099
808007,Angel Perez,0.0666,0.0646,0.0081,0.0137,0.1829,8.3,0.3551,0.0551,0.0655
683649,Angeudis Santos,0.073,0.0642,0.0131,0.0083,0.2072,26.4,0.286,0.0661,0.0578
692043,Edryn Rodriguez,0.0689,0.0657,0.0111,0.0108,0.1916,19.6,0.3352,0.0458,0.0639
678844,Eliezel Stevens,0.0793,0.0759,0.0108,0.0117,0.2258,39.6,0.3025,0.045,0.0758
815898,Yovanny Rodriguez,0.0641,0.0581,0.0087,0.0101,0.1718,8.3,0.3408,0.0574,0.0521
800396,Estiven Giron,0.0617,0.0561,0.0075,0.0096,0.1705,3.7,0.361,0.0582,0.0498
808314,Liosward Marin,0.0649,0.059,0.0085,0.0083,0.1773,4.4,0.3066,0.0509,0.0489
683104,Trey Faltine,0.0727,0.066,0.0154,0.0132,0.1971,14.9,0.4163,0.0634,0.0712
703813,Wooyeoul Shin,0.08,0.0742,0.0198,0.0166,0.2168,40.4,0.3193,0.067,0.0819
815906,Angel Feliz,0.0665,0.0639,0.0199,0.0101,0.1864,14.9,0.2819,0.0366,0.056
821108,Santiago Ustariz,0.0608,0.0586,0.0087,0.0103,0.1692,4.2,0.3198,0.0433,0.0513
801938,Avery Owusu-Asiedu,0.0753,0.074,0.014,0.0184,0.1993,21.9,0.38,0.0532,0.0854
808113,Anyelo Marquez,0.0651,0.0576,0.0124,0.006,0.1839,9.7,0.2796,0.0527,0.0425
821262,José Anderson,0.073,0.074,0.0114,0.0195,0.196,22.1,0.3529,0.0524,0.0834
806773,Williams Wong,0.0662,0.0551,0.0087,0.0052,0.1865,14.2,0.3128,0.0651,0.0396
683459,Dayro Perez,0.0704,0.0671,0.0175,0.012,0.188,14.8,0.3614,0.0442,0.0649
801726,Santiago Gomez,0.0676,0.059,0.0154,0.0088,0.1832,11.7,0.3421,0.0584,0.0493
592696,Eddie Rosario,0.4876,0.5098,0.0648,0.1516,0.3085,94.0,0.2056,0.0614,0.1728
678781,Angel Basabe,0.0797,0.0789,0.014,0.0165,0.2211,37.3,0.278,0.0489,0.0879
808159,Jonathan Martinez,0.0634,0.0565,0.0124,0.0076,0.1775,7.6,0.3412,0.0574,0.0457
800197,Richard Ramirez,0.062,0.0614,0.008,0.0118,0.1711,0.8,0.3507,0.0446,0.0583
801822,Jackson Feltner,0.0846,0.082,0.0071,0.0192,0.2301,43.3,0.3557,0.066,0.0958
684495,Dyron Campos,0.0748,0.077,0.0108,0.0169,0.2027,26.1,0.3095,0.0381,0.0822
684852,Geraldo Quintero,0.1913,0.1593,0.0712,0.019,0.255,58.9,0.2237,0.0703,0.0802
702328,Wade Stauss,0.0817,0.075,0.008,0.0153,0.2259,41.8,0.3804,0.0687,0.0866
678825,Eduardo Salazar,0.0814,0.0811,0.0099,0.0174,0.2236,38.1,0.3071,0.048,0.091
808717,Erick Lara,0.0622,0.0576,0.0093,0.0074,0.175,8.5,0.3352,0.0463,0.0457
808890,Michael Guzman,0.0685,0.063,0.009,0.0123,0.1863,14.0,0.3618,0.059,0.0599
701062,Alec Makarewicz,0.0785,0.0827,0.0101,0.0209,0.2229,40.5,0.2844,0.0402,0.0966
688658,Ernny Ordonez,0.0844,0.0892,0.0084,0.0228,0.2285,40.4,0.3016,0.0435,0.1093
683102,Garrett Frechette,0.0752,0.0772,0.0075,0.0145,0.2125,32.6,0.2888,0.0335,0.0801
669190,Cuba Bess,0.0814,0.0828,0.0106,0.0214,0.2192,31.4,0.3416,0.0517,0.1001
804884,Ryan McCarthy,0.0786,0.075,0.0121,0.0148,0.2166,33.2,0.3048,0.0555,0.0809
807404,Jose Torrez,0.0674,0.0642,0.0087,0.0134,0.1748,7.6,0.3212,0.0503,0.0617
815915,Joswa Lugo,0.0659,0.0649,0.0124,0.0115,0.1826,11.3,0.323,0.033,0.0595
820988,Jose Dickson,0.0623,0.0542,0.0136,0.0049,0.1813,11.3,0.2841,0.0523,0.0397
698902,Diego Benitez,0.0663,0.0591,0.009,0.0082,0.1798,9.4,0.3336,0.052,0.0496
801525,Wady Mendez,0.0716,0.0692,0.015,0.014,0.1949,20.1,0.3618,0.0451,0.0707
687548,J.D. McLaughlin,0.0773,0.0723,0.0146,0.0148,0.2136,31.2,0.31,0.063,0.0784
684580,Jake Guenther,0.0862,0.0825,0.0107,0.018,0.2389,48.8,0.2777,0.0628,0.0934
800412,Jose Rodriguez,0.0751,0.0799,0.0084,0.0215,0.2008,23.0,0.3474,0.0393,0.0955
821236,Efren Teran,0.0669,0.0605,0.0106,0.0058,0.1871,11.4,0.2069,0.0449,0.0433
694186,Shalin Polanco,0.0796,0.0819,0.0144,0.0206,0.2136,28.9,0.3182,0.0499,0.0969
821762,Oliver Tejada,0.069,0.0676,0.0122,0.0141,0.1926,21.3,0.3282,0.0439,0.0695
682630,Alvin Guzman,0.0744,0.0726,0.0186,0.0139,0.2032,23.4,0.3668,0.0449,0.0762
820886,Justin Capellan,0.0621,0.0578,0.0107,0.0095,0.1678,3.1,0.3472,0.042,0.0505
805763,Drake Logan,0.0697,0.0675,0.0105,0.0152,0.1995,21.6,0.4263,0.0559,0.0748
806306,Cameron Decker,0.0878,0.089,0.0076,0.0256,0.2267,42.5,0.3771,0.0642,0.1152
805964,Stanley Tucker,0.0807,0.0735,0.0238,0.0145,0.2154,31.2,0.2989,0.0649,0.0777
683389,Danyer Sanabria,0.0768,0.0776,0.0097,0.0161,0.2122,30.0,0.3149,0.0426,0.0853
699712,Raylin Heredia,0.0747,0.0757,0.0108,0.016,0.2034,23.4,0.3429,0.0381,0.0828
691403,Michel Triana,0.0825,0.0854,0.0106,0.0219,0.2229,34.9,0.3228,0.0469,0.105
674976,Griffin Lockwood-Powell,0.1494,0.1469,0.009,0.039,0.2511,57.8,0.2916,0.0753,0.1188
807983,Ramon Landaeta,0.0594,0.0569,0.0077,0.0115,0.1642,3.2,0.3972,0.045,0.0537
808264,Kleiver Chauran,0.0616,0.0551,0.0085,0.006,0.1743,8.1,0.3364,0.0523,0.0415
827294,Edgar Alvarez,0.0819,0.0804,0.0105,0.0188,0.2245,42.3,0.3439,0.0596,0.0936
699228,Jakey Josepha,0.0682,0.0647,0.0106,0.0107,0.1898,14.4,0.3427,0.0486,0.0583
821099,Wuinder Torres,0.0592,0.0579,0.0089,0.008,0.1677,3.1,0.3086,0.0312,0.046
691273,Roger Leyton,0.076,0.0743,0.0124,0.0147,0.21,28.8,0.3072,0.0455,0.0767
702444,Eric Martinez,0.0634,0.0625,0.0078,0.0126,0.1742,5.3,0.3545,0.0454,0.0605
702908,Guillermo Williamson,0.0691,0.0698,0.0073,0.0166,0.1906,18.3,0.3726,0.0487,0.0779
800333,Alessandro Duran,0.057,0.0544,0.0082,0.0075,0.1608,-1.8,0.3269,0.0404,0.0432
801178,Gilberto Rojas,0.0635,0.0624,0.0085,0.0115,0.1732,1.2,0.3285,0.0406,0.0566
691922,Javier Rivas,0.0606,0.0598,0.0093,0.0077,0.1716,1.2,0.319,0.0301,0.0499
691621,Jheremy Vargas,0.0775,0.068,0.0159,0.0097,0.2198,36.1,0.271,0.0724,0.0641
805102,Byron Chourio,0.0724,0.0676,0.0153,0.0106,0.2041,25.3,0.2943,0.0488,0.0606
815011,Henniel Alcala,0.0627,0.06,0.008,0.0106,0.1721,7.0,0.3176,0.0457,0.0523
808665,Angel Acosta,0.0679,0.063,0.0094,0.0074,0.1928,14.0,0.2495,0.0418,0.0495
800106,Marcos Torres,0.076,0.0737,0.0138,0.017,0.2058,27.7,0.3505,0.0528,0.0818
679350,Felix Negueis,0.0748,0.0716,0.0118,0.0152,0.2017,23.9,0.3522,0.056,0.0754
800522,Josue Briceño,0.072,0.0702,0.0087,0.0134,0.2042,25.8,0.2757,0.0493,0.0734
809846,Wyatt Crenshaw,0.077,0.0742,0.012,0.0157,0.2125,33.0,0.3441,0.053,0.0817
682722,Isaac De León,0.0783,0.0689,0.0098,0.011,0.2225,39.3,0.3332,0.0753,0.0722
800029,Modeifi Marte,0.0774,0.0781,0.0108,0.0166,0.2116,29.1,0.2668,0.0426,0.0804
806982,Esmil Valencia,0.0704,0.0684,0.0127,0.0119,0.1892,15.2,0.2939,0.0379,0.0618
689651,Phillip Sikes,0.1989,0.1857,0.0563,0.0422,0.2634,62.4,0.3146,0.0731,0.1243
698984,Carlos Pelegrin,0.0765,0.076,0.0114,0.0172,0.2107,29.2,0.3409,0.0506,0.0852
687992,Joe Vranesh,0.0884,0.0886,0.0144,0.0231,0.2349,46.2,0.3553,0.0599,0.1109
812747,Railin Familia,0.0646,0.0623,0.0085,0.0126,0.1686,1.1,0.3842,0.0472,0.0578
821696,Kendrick Herrera,0.0651,0.0579,0.0104,0.0062,0.1881,14.2,0.269,0.0564,0.0437
679881,J.P. Martínez,0.2659,0.236,0.106,0.0522,0.2782,75.6,0.3289,0.0895,0.1293
808024,Carlos Virahonda,0.0653,0.0626,0.0085,0.0087,0.1794,6.9,0.2908,0.0334,0.0533
801522,Carlos Sanchez,0.0625,0.0614,0.0092,0.0114,0.176,5.7,0.3044,0.0439,0.0564
807728,Carter Graham,0.0873,0.0891,0.0118,0.0239,0.2332,41.6,0.3119,0.0494,0.1111
678637,Luis Baez,0.0772,0.0718,0.0181,0.0142,0.2126,31.5,0.3284,0.0603,0.0751
800257,Yonatan Henriquez,0.0689,0.0623,0.0132,0.0098,0.1891,19.9,0.3264,0.0575,0.055
815017,Josueth Quinonez,0.0712,0.0662,0.0113,0.01,0.1974,20.7,0.251,0.0452,0.0561
693049,Oscar Colás,0.414,0.4428,0.0434,0.1223,0.3013,93.4,0.2517,0.063,0.1519
801430,Brayden Jobert,0.0807,0.0748,0.0137,0.0159,0.2228,41.5,0.3169,0.0673,0.0825
808706,Asbel Gonzalez,0.07,0.0641,0.0189,0.0101,0.192,13.5,0.2999,0.0492,0.058
692649,Oscar Silverio,0.0639,0.0606,0.0101,0.0116,0.1712,2.9,0.3551,0.0514,0.056
703902,Luis Ogando,0.0699,0.0675,0.0139,0.0126,0.1897,15.8,0.325,0.0437,0.0627
671913,Damiano Palmegiani,0.212,0.2125,0.0115,0.0639,0.2791,79.0,0.2825,0.0796,0.152
800428,Josnaider Orellana,0.066,0.0598,0.0082,0.0076,0.1767,5.6,0.3232,0.0444,0.045
808538,Luis Parababire,0.0662,0.0613,0.009,0.0108,0.1727,2.8,0.358,0.0479,0.0554
698911,Jair Casanova,0.0804,0.0784,0.0093,0.0186,0.2126,30.2,0.3404,0.0565,0.0878
698972,Javier Castillo,0.0618,0.0597,0.0086,0.009,0.1735,7.0,0.2972,0.0392,0.0508
801260,Jairo Diaz,0.0595,0.0576,0.0093,0.0086,0.1671,3.8,0.3158,0.0378,0.047
694062,Javier Mora,0.0646,0.0588,0.0103,0.007,0.1829,9.8,0.3097,0.0472,0.0481
821045,Diorland Zambrano,0.0745,0.0737,0.0098,0.0172,0.2017,20.4,0.2749,0.0494,0.0756
678808,Iverson Leonardo,0.0775,0.0751,0.0125,0.0174,0.2113,32.1,0.3421,0.057,0.0853
807746,Kade Kern,0.0816,0.0785,0.0195,0.0167,0.214,33.0,0.3285,0.0479,0.0853
693809,Dilan Granadillo,0.0613,0.0587,0.0095,0.0101,0.1662,1.5,0.3266,0.0453,0.0515
677571,Fadriel Cruz,0.0773,0.0701,0.0196,0.0112,0.2125,22.2,0.2794,0.0567,0.0651
808525,Jorge Ramirez,0.0602,0.0578,0.0085,0.0105,0.1696,5.9,0.3691,0.0439,0.0527
692596,Layant Tapia,0.0655,0.0598,0.013,0.0089,0.1802,8.3,0.3392,0.0514,0.0533
608336,Joey Gallo,0.5113,0.5292,0.0329,0.2068,0.3194,104.7,0.3644,0.146,0.2184
685392,Trevor Boone,0.1094,0.1155,0.0143,0.0343,0.2534,44.3,0.3847,0.0488,0.144
702114,John Michael Faile,0.088,0.0957,0.0093,0.0295,0.2323,40.9,0.3618,0.0413,0.1257
808248,Freider Rojas,0.062,0.0532,0.01,0.0083,0.1718,5.8,0.3545,0.0715,0.0446
690902,Ben Metzinger,0.0803,0.0764,0.0074,0.017,0.2244,39.3,0.3519,0.0698,0.0867
691726,Kevin Sim,0.0813,0.0815,0.01,0.0167,0.222,35.5,0.2975,0.0444,0.0884
702673,Omari Daniel,0.0675,0.0655,0.0136,0.0134,0.1883,16.2,0.3687,0.0463,0.0703
815793,Carter Johnson,0.0666,0.0657,0.0112,0.0099,0.1956,19.7,0.2983,0.034,0.0611
821673,Jurdrick Profar,0.0613,0.0572,0.0106,0.0091,0.1787,9.5,0.3336,0.0512,0.0498
692386,Javier Bolivar,0.0702,0.0672,0.0121,0.0153,0.1907,18.0,0.3941,0.056,0.0733
806963,Brando Mayea,0.0713,0.0679,0.017,0.0134,0.1883,15.1,0.3286,0.0479,0.0639
808257,Elias Medina,0.0738,0.0741,0.0137,0.0154,0.1925,17.1,0.3096,0.0374,0.0721
669013,Gary Mattis,0.0843,0.0858,0.0129,0.019,0.2332,44.8,0.3061,0.042,0.0997
687279,Logan Glass,0.0741,0.0785,0.0102,0.0227,0.2019,23.7,0.4091,0.0422,0.0987
821791,Angel Brachi,0.061,0.0556,0.0134,0.0049,0.1722,8.9,0.272,0.033,0.0359
800253,Jeffrey Mercedes,0.0654,0.0645,0.0094,0.0105,0.1828,13.4,0.2836,0.0364,0.0572
821672,Eduardo Rojas,0.0645,0.0547,0.0095,0.008,0.1716,5.4,0.3612,0.0661,0.0442
674913,Chad Castillo,0.0851,0.0895,0.0089,0.0246,0.2266,39.1,0.2976,0.0445,0.1095
814278,Jorge Lara,0.0717,0.0655,0.0137,0.0089,0.1986,19.7,0.2653,0.0504,0.0541
814131,Derik Alcantara,0.0738,0.0699,0.0119,0.0114,0.207,28.1,0.2296,0.0511,0.0632
808126,Sebastian Cadiz,0.0603,0.0602,0.0084,0.0121,0.164,-1.8,0.3675,0.0412,0.0575
808040,Miguel Rodriguez,0.0687,0.0639,0.0116,0.0095,0.1959,19.4,0.2584,0.0514,0.0541
691586,Renny Hidalgo,0.0716,0.0679,0.0148,0.0126,0.1958,19.9,0.3274,0.0495,0.0692
821765,Jesus Pinto,0.0672,0.0637,0.0135,0.0132,0.1877,15.8,0.3479,0.0533,0.0649
678604,Ronny Rojas,0.0802,0.0822,0.0095,0.0243,0.208,28.2,0.3759,0.0606,0.1027
703890,Enzo Paulino,0.0691,0.0687,0.0093,0.0128,0.1908,20.2,0.3105,0.0403,0.0664
691020,Carson Tucker,0.0658,0.0613,0.0108,0.0086,0.185,12.9,0.352,0.049,0.0555
821018,Alexi Quiroz,0.0608,0.052,0.009,0.0083,0.1656,1.0,0.378,0.0659,0.045
815917,Angel Guzman,0.0622,0.0565,0.0084,0.0047,0.1769,9.0,0.272,0.0409,0.0385
692428,Roylems Rangel,0.062,0.0598,0.0097,0.0095,0.1692,3.2,0.3106,0.0405,0.0514
813982,Bairon Ledesma,0.0748,0.0691,0.0129,0.0083,0.2175,20.0,0.2217,0.0446,0.0562
700338,Anderson Colmenarez,0.0666,0.0578,0.0103,0.0053,0.191,15.5,0.2776,0.0583,0.0407
808089,Julian Hernandez,0.0634,0.0593,0.0094,0.013,0.1667,4.9,0.3917,0.0564,0.0585
807957,Yassel Soler,0.071,0.0692,0.0084,0.0123,0.1919,15.2,0.2843,0.043,0.0633
699066,Carlos Avila,0.0674,0.0643,0.0095,0.0108,0.1802,10.0,0.3053,0.0439,0.0548
688963,William Sullivan,0.0819,0.0818,0.0096,0.0185,0.2227,39.1,0.3056,0.0525,0.0906
806869,Pedro Catuy,0.0719,0.0721,0.0125,0.0139,0.1947,17.1,0.3051,0.0359,0.0688
808119,Yaikel Mijares,0.064,0.0598,0.0116,0.0097,0.1786,8.3,0.3476,0.0509,0.0527
693418,Solomon Maguire,0.0785,0.0779,0.0128,0.019,0.215,32.3,0.3119,0.0594,0.0905
800147,Henry Guerrero,0.0611,0.0596,0.009,0.0086,0.1696,1.1,0.287,0.0315,0.0471
679553,Johnabiell Laureano,0.0808,0.0783,0.01,0.0185,0.2187,34.2,0.3431,0.0622,0.0889
703195,Bryan Acuña,0.0619,0.0544,0.011,0.005,0.178,8.7,0.324,0.0488,0.0395
805452,Roiner Quintana,0.0693,0.0662,0.0122,0.0132,0.184,12.4,0.3259,0.0506,0.0624
805701,Angelo DiSpigna,0.0762,0.0718,0.0104,0.016,0.2096,31.0,0.362,0.065,0.081
801271,Daniel Castro,0.0624,0.0592,0.0096,0.011,0.1657,-0.6,0.3634,0.0453,0.0537
686683,Tevin Tucker,0.0741,0.0625,0.0138,0.0093,0.212,18.7,0.3389,0.0705,0.0615
703200,Yoffry Solano,0.0633,0.0599,0.0112,0.0059,0.1861,11.3,0.2563,0.0355,0.0445
692508,Robert Robertis,0.0739,0.0732,0.0104,0.0151,0.1989,21.1,0.3062,0.0432,0.074
821107,Yairo Padilla,0.0635,0.0581,0.0165,0.0063,0.1783,11.5,0.2872,0.0386,0.0424
668472,Nick Pratto,0.48,0.4716,0.044,0.1505,0.3103,95.2,0.3179,0.104,0.1848
811551,Isael Arias,0.0684,0.0643,0.0105,0.0125,0.1849,15.2,0.3186,0.049,0.0598
800271,Yidel Diaz,0.0606,0.0591,0.0085,0.0114,0.1667,1.9,0.3707,0.0451,0.055
682628,Junior Sanquintin,0.0804,0.0832,0.0077,0.0205,0.2172,34.9,0.3284,0.0452,0.0983
821419,Juarlin Soto,0.0621,0.0508,0.0074,0.0044,0.1762,8.5,0.3483,0.0678,0.0352
800377,Angel Mateo,0.0765,0.0743,0.0136,0.0163,0.2092,33.0,0.3228,0.0541,0.08
800531,Brayan Sanchez,0.0609,0.0529,0.009,0.0088,0.1614,-4.4,0.3999,0.064,0.0449
692419,Arison Jimenez,0.0656,0.064,0.0108,0.0135,0.1772,10.6,0.3621,0.048,0.0632
821684,Yojackson Laya,0.0666,0.0546,0.0097,0.0055,0.1813,11.9,0.3172,0.0671,0.0381
805080,Edwin Ramos,0.0609,0.0543,0.0093,0.0084,0.1679,-0.1,0.3599,0.0585,0.0449
806538,John McHenry,0.0749,0.0666,0.0136,0.0103,0.2135,31.0,0.2863,0.0663,0.0647
699615,Brandon Pimentel,0.0783,0.0796,0.0121,0.0159,0.2226,39.2,0.2738,0.0317,0.084
681111,Austin Schultz,0.0758,0.0729,0.0128,0.0155,0.2118,31.1,0.3353,0.0548,0.0796
692224,A.J. Shaver,0.0703,0.0696,0.0145,0.017,0.1883,16.3,0.3994,0.047,0.0781
695604,T.J. White,0.0831,0.0827,0.0072,0.0216,0.2326,44.6,0.3357,0.0662,0.1049
682658,Estanli Castillo,0.0753,0.0732,0.0105,0.015,0.208,27.4,0.3398,0.0515,0.0773
687981,John Rhodes,0.2067,0.2,0.0206,0.0486,0.2772,77.1,0.2581,0.0797,0.1284
815904,Leonardo Pineda,0.0655,0.0618,0.0106,0.0118,0.1805,14.8,0.3622,0.052,0.058
691483,Luis Perez,0.0784,0.0755,0.0159,0.0178,0.2085,29.2,0.3324,0.0574,0.0823
687858,Brett Rodriguez,0.0715,0.063,0.0171,0.0105,0.1996,24.6,0.3905,0.0645,0.0618
686338,Jefferson Valladares,0.0725,0.0683,0.0097,0.012,0.1978,21.8,0.3094,0.0481,0.0641
800266,Yordalin Peña,0.0675,0.0674,0.0099,0.0119,0.1854,14.5,0.3116,0.0359,0.0621
805801,Nazzan Zanetello,0.0669,0.0622,0.0085,0.0117,0.1822,7.9,0.4237,0.0559,0.0644
695461,Harrison Spohn,0.1652,0.1572,0.0238,0.0296,0.2301,40.6,0.2972,0.0617,0.0863
800149,Carlos Pacheco,0.0615,0.0549,0.0138,0.0093,0.1759,9.7,0.3638,0.0606,0.0492
821763,Hector Campusano,0.0671,0.0586,0.0133,0.0083,0.1835,14.6,0.3021,0.0584,0.0472
683485,Nelson Beltran,0.0622,0.0585,0.0111,0.0103,0.1785,11.6,0.3788,0.0482,0.0565
699065,Luis Guerra,0.0737,0.0691,0.0095,0.0083,0.2044,26.4,0.2524,0.0436,0.0558
820986,Hayden Alvarez,0.0681,0.0617,0.0207,0.0106,0.1863,13.9,0.3165,0.0531,0.0564
683887,Darlyn Montero,0.0652,0.0631,0.0098,0.0109,0.1881,19.3,0.3102,0.0429,0.0605
807759,Estarling Mercado,0.0822,0.0798,0.0088,0.021,0.2176,39.1,0.3749,0.0666,0.0988
699105,Luis Reyes,0.0831,0.0812,0.01,0.0181,0.2295,39.1,0.2902,0.0544,0.0893
800411,Jean Mata,0.0663,0.061,0.011,0.0089,0.1876,15.0,0.3033,0.0511,0.05
699015,Miguel Sosa,0.0726,0.0655,0.0098,0.0121,0.2054,25.4,0.3137,0.0739,0.0654
808939,Arnaldo Montano,0.0606,0.0567,0.0085,0.01,0.1673,1.8,0.3757,0.05,0.0503
800724,Eric Bitonti,0.0833,0.0849,0.0105,0.0253,0.221,38.9,0.3775,0.0675,0.1106
815903,Ashly Andujar,0.0682,0.061,0.0127,0.0052,0.2009,11.2,0.2362,0.0401,0.0435
687086,Jordan Brown,0.0769,0.0773,0.0108,0.0194,0.2064,26.3,0.3543,0.051,0.0905
689355,Brett Roberts,0.0807,0.0811,0.014,0.0154,0.2311,41.3,0.2599,0.0409,0.0869
682917,Jaswel De Los Santos,0.0744,0.0728,0.0135,0.0166,0.2053,25.5,0.3536,0.0512,0.0818
691438,Esneider Gomez,0.0728,0.0725,0.0087,0.0127,0.2011,15.9,0.2527,0.0318,0.0663
676425,Julio Carrion,0.0769,0.0765,0.008,0.0181,0.2096,29.7,0.3742,0.0529,0.0862
821692,Cristian Arguelles,0.0731,0.0672,0.0113,0.0098,0.2108,17.9,0.204,0.046,0.0563
815214,Orlando Pacheco,0.0605,0.0521,0.0092,0.0084,0.167,1.7,0.3867,0.065,0.045
805466,Cruzmel Arias,0.0692,0.0672,0.0096,0.0105,0.1964,6.7,0.2716,0.0346,0.0589
800195,Jorgelys Mota,0.0675,0.0665,0.013,0.0127,0.1904,17.6,0.3765,0.0376,0.0682
692422,Odalys Peguero,0.0708,0.0613,0.0162,0.0068,0.1988,24.5,0.278,0.0631,0.0503
812158,Dashyll Tejeda,0.0725,0.0614,0.0598,0.0114,0.1851,14.0,0.3344,0.0524,0.0582
695707,Brennon McNair,0.0748,0.0695,0.0152,0.0139,0.204,21.9,0.3734,0.0607,0.0764
694210,Jefferson Pena,0.0681,0.0649,0.0136,0.0098,0.1886,13.5,0.3196,0.0427,0.0568
700840,Christian Olivo,0.0727,0.0663,0.0165,0.0079,0.2073,30.7,0.2756,0.0496,0.056
683549,Alexander Mojica,0.0835,0.0832,0.0077,0.0209,0.2285,39.7,0.3101,0.064,0.1003
687113,Misael Gonzalez,0.076,0.0753,0.0117,0.0187,0.2032,24.1,0.3732,0.0527,0.0873
676545,Anthony Servideo,0.1643,0.142,0.0284,0.0235,0.2253,41.3,0.3719,0.0783,0.0775
808381,Enyervert Perez,0.0696,0.0685,0.0078,0.0117,0.1921,17.7,0.3396,0.037,0.0634
808339,Harold Gonzalez,0.0702,0.0578,0.0104,0.006,0.1905,15.8,0.2894,0.0719,0.0404
821813,Luis Aguilera,0.0636,0.0579,0.0107,0.0068,0.1853,14.1,0.2674,0.0483,0.0446
806061,Isaiah Drake,0.0728,0.0647,0.0229,0.0117,0.1896,16.6,0.3891,0.0579,0.0646
827504,Hector Salas,0.0658,0.0574,0.0132,0.0065,0.1837,13.8,0.2999,0.0539,0.045
694930,Carson Taylor,0.1814,0.1717,0.0102,0.0411,0.2765,73.5,0.2413,0.0811,0.1209
814269,Kevin Verde,0.0675,0.0672,0.0119,0.0106,0.1817,10.5,0.2586,0.0284,0.0574
703181,Juan Olmos,0.0601,0.0566,0.008,0.011,0.1621,-7.3,0.4156,0.0507,0.054
805077,Jerson Florentino,0.0653,0.0577,0.0118,0.0052,0.1839,10.3,0.2486,0.0485,0.0404
821716,Jhonayker Ugarte,0.0677,0.0619,0.011,0.0096,0.189,13.8,0.3341,0.0529,0.0541
692852,Beycker Barroso,0.0755,0.0691,0.0128,0.012,0.208,29.3,0.2543,0.0559,0.0668
702467,Tommy Specht,0.076,0.0705,0.0105,0.0127,0.2091,29.9,0.3213,0.0565,0.0704
806981,Luis Almeyda,0.0637,0.0591,0.013,0.0102,0.1722,6.6,0.3254,0.0475,0.0506
808282,Victor Cardoza,0.068,0.0685,0.0111,0.0146,0.1816,7.7,0.3619,0.0371,0.0691
812430,Heriberto Caraballo,0.0616,0.06,0.0079,0.0089,0.1691,3.0,0.2928,0.0366,0.0484
692594,Oswal Rada,0.0652,0.0655,0.0089,0.0117,0.1766,-0.7,0.2961,0.031,0.0597
689750,Jacob Buchberger,0.1446,0.1377,0.0225,0.0278,0.2611,65.0,0.2437,0.0649,0.1034
808067,Branny De Oleo,0.0688,0.0651,0.0093,0.009,0.1906,18.6,0.2506,0.0384,0.0537
690969,Kellum Clark,0.0774,0.0658,0.0086,0.0114,0.2187,37.2,0.3729,0.087,0.0686
695686,Cam Magee,0.0718,0.0656,0.0207,0.0094,0.1915,15.8,0.323,0.0429,0.0585
699806,Emerson Purroy,0.0607,0.054,0.0104,0.006,0.1704,3.1,0.3201,0.053,0.0402
821151,Yeiferth Castillo,0.0704,0.0658,0.0078,0.0099,0.2029,27.9,0.2462,0.0524,0.0555
800465,Neifi Vasquez,0.0622,0.0627,0.0094,0.012,0.1697,5.3,0.3526,0.035,0.0591
807000,Darling Fernandez,0.0708,0.0639,0.0106,0.0113,0.1988,27.6,0.2733,0.0609,0.0599
806973,Ismael Javier,0.0698,0.0692,0.0098,0.0147,0.1904,18.9,0.3025,0.0457,0.0691
605119,Brian Anderson,0.3441,0.3475,0.0219,0.0901,0.2993,88.9,0.2747,0.0917,0.1449
808281,Braylin Morel,0.0753,0.0765,0.0091,0.0184,0.2014,24.5,0.3574,0.0423,0.0864
823727,Carlos  Garces,0.0652,0.0614,0.0113,0.0102,0.1822,13.4,0.2946,0.0483,0.0545
703161,Alexis Hernandez,0.0639,0.0598,0.0132,0.0085,0.1807,13.1,0.3239,0.0457,0.0507
691770,Braylon Bishop,0.0767,0.0723,0.0188,0.0156,0.2112,29.7,0.3446,0.0615,0.0798
815902,Yandel Ricardo,0.0647,0.0584,0.0131,0.0067,0.1781,6.2,0.2782,0.0459,0.0471
808162,Joshua Liranzo,0.0675,0.0648,0.0087,0.0143,0.1821,11.1,0.3749,0.054,0.0649
699090,Luis Garcia,0.0672,0.0608,0.014,0.0062,0.1843,10.3,0.2644,0.0399,0.0452
691338,Rolphy Cruz,0.074,0.0718,0.0141,0.0125,0.2062,28.6,0.2836,0.041,0.0709
808094,Jhorvic Abreus,0.0644,0.0629,0.0121,0.0094,0.1802,9.5,0.2773,0.0378,0.0531
594777,Kole Calhoun,0.3766,0.3883,0.0246,0.1152,0.295,87.2,0.2659,0.0798,0.1605
681348,Hayden Jones,0.0832,0.0891,0.009,0.0242,0.2254,36.0,0.3046,0.0413,0.1085
806299,Milo Rushford,0.0759,0.0685,0.0145,0.0126,0.2077,27.0,0.3347,0.0649,0.073
672501,Jhoneiker Betancourt,0.0764,0.075,0.0088,0.0165,0.2063,25.8,0.2926,0.0504,0.0806
808326,Pablo Guerrero,0.0745,0.0742,0.0079,0.0181,0.1989,22.8,0.3489,0.049,0.082
808677,Alexander Requena,0.058,0.0543,0.0077,0.0074,0.1699,2.4,0.3398,0.045,0.0444
821618,Winder Linares,0.0665,0.0614,0.0107,0.0119,0.1813,12.9,0.3464,0.0524,0.0578
808380,Yosneiker Rivas,0.0608,0.052,0.0087,0.0059,0.1756,9.9,0.3367,0.0628,0.0406
807008,Cristian Perez,0.064,0.0613,0.0075,0.0112,0.184,13.2,0.371,0.0483,0.0573
698966,Jhosward Camacho,0.0677,0.0662,0.0099,0.0118,0.1887,16.0,0.3052,0.0438,0.0605
808334,Keiver Garcia,0.0617,0.0523,0.0114,0.0048,0.1717,5.9,0.3314,0.0568,0.0353
808516,Andres Valor,0.0677,0.0672,0.0175,0.013,0.1894,13.2,0.3461,0.0378,0.0666
800617,Reece Walling,0.0748,0.0702,0.0068,0.0154,0.2079,30.1,0.3669,0.0715,0.0785
808298,Heriberto Rincon,0.0666,0.0622,0.0117,0.01,0.1828,13.3,0.3293,0.047,0.053
699318,Manuel Guance,0.0606,0.056,0.0118,0.0077,0.1686,2.3,0.3673,0.0461,0.0445
691968,Zion Bannister,0.0743,0.0694,0.0197,0.0137,0.2019,23.2,0.3632,0.0565,0.0734
808395,Keiberg Camacaro,0.0603,0.0556,0.0094,0.0081,0.1699,3.8,0.3695,0.048,0.0484
800251,Jeffry Rosa,0.0689,0.0725,0.0077,0.0202,0.1799,12.1,0.4263,0.0407,0.0851
821240,Moises Bolivar,0.0714,0.0709,0.0084,0.0152,0.1876,16.2,0.313,0.0434,0.0696
698931,Kevin Guerrero,0.0699,0.0661,0.0137,0.0118,0.1941,18.9,0.3233,0.0473,0.0629
801230,Luis Torres,0.0805,0.0827,0.0093,0.0199,0.2182,34.3,0.3098,0.0428,0.0942
813860,Charlie Pagliarini,0.0726,0.0672,0.0074,0.0154,0.2044,34.5,0.4293,0.0735,0.079
806304,Noah Williams,0.0745,0.0722,0.0115,0.0154,0.205,27.8,0.3337,0.052,0.0774
801736,Raimel Medina,0.0691,0.0659,0.0117,0.0114,0.1933,14.5,0.2946,0.045,0.061
808145,Bracewell Taveras,0.0648,0.0669,0.0078,0.0102,0.1796,10.1,0.2521,0.0233,0.055
675656,Kevin Smith,0.2873,0.3024,0.0497,0.0912,0.2849,83.2,0.2969,0.0658,0.1636
663744,Nick Shumpert,0.0744,0.0698,0.0141,0.0127,0.2054,25.6,0.3413,0.0555,0.0723
691456,Manuel Sequera,0.0798,0.0844,0.0085,0.0201,0.2233,39.2,0.2461,0.0343,0.0998
808387,Miguel Blanco,0.0653,0.0636,0.0088,0.0116,0.1835,13.0,0.3148,0.0454,0.0588
700162,Jorluis Guerra,0.0701,0.0704,0.0085,0.0132,0.1953,10.4,0.2848,0.0348,0.0667
700332,Ezequiel Surun,0.0618,0.0597,0.011,0.0069,0.174,3.7,0.3055,0.029,0.0443
808702,Jorge Hernandez,0.066,0.0638,0.0085,0.0095,0.1859,9.2,0.3089,0.0357,0.0539
683504,Deivis Nadal,0.0752,0.0677,0.0198,0.0099,0.2095,26.5,0.3229,0.0583,0.0687
697779,Jose Robledo,0.0605,0.0569,0.0102,0.0057,0.1667,0.2,0.3161,0.0316,0.0399
821789,Darian Castillo,0.0642,0.0563,0.0112,0.0061,0.1822,15.7,0.2883,0.0519,0.0409
808141,Jose Pirela,0.0683,0.0687,0.0096,0.0167,0.1839,12.0,0.3774,0.0493,0.0743
821200,Dariel Arias,0.0597,0.0563,0.0095,0.0063,0.1705,5.2,0.2726,0.0363,0.0406
692031,George Feliz,0.0677,0.0697,0.0103,0.0171,0.1839,17.8,0.3643,0.0407,0.0756
687557,Blaine McIntosh,0.0737,0.0685,0.0128,0.0139,0.1993,24.4,0.3674,0.0604,0.0714
692025,Carlos Rodriguez,0.0649,0.0612,0.0089,0.0127,0.1724,8.6,0.3632,0.0564,0.0596
692118,Nathaniel Ochoa Leyva,0.0652,0.0603,0.0118,0.0082,0.1872,15.4,0.358,0.0465,0.0542
821592,Yeisy Celesten,0.0658,0.0594,0.0097,0.011,0.18,12.0,0.3566,0.0564,0.0557
800160,Alberto Mendez,0.0623,0.0574,0.0094,0.0089,0.1749,7.8,0.3545,0.054,0.0482
820991,Christofer Reyes,0.0619,0.0565,0.0158,0.0067,0.1698,4.6,0.3224,0.036,0.0412
682763,Daniel Torres,0.0741,0.0714,0.0134,0.0147,0.2042,27.2,0.3391,0.05,0.0745
821754,Cleudis Valenzuela,0.0648,0.0549,0.0135,0.0061,0.1795,11.7,0.2917,0.0604,0.039
808082,Vladi Gomez,0.0645,0.0563,0.0132,0.0078,0.1758,8.7,0.3398,0.0588,0.0459
691450,Raudy De Los Santos,0.0663,0.0594,0.0169,0.0055,0.1882,14.8,0.2387,0.0437,0.0425
820984,Israfell Bautista,0.0637,0.057,0.0331,0.0056,0.1736,10.0,0.2868,0.033,0.0383
808037,Juan Hernandez,0.0633,0.0578,0.0093,0.0065,0.1837,10.5,0.2913,0.0477,0.045
809329,Paulo Asprilla,0.0583,0.0547,0.0083,0.0079,0.1629,1.2,0.353,0.0436,0.0425
691513,Roilan Machandy,0.0753,0.0736,0.0174,0.0171,0.2036,26.8,0.3595,0.049,0.0818
808545,Mario Baez,0.0723,0.0661,0.0149,0.0082,0.1934,16.7,0.2552,0.0404,0.0502
669010,Elijah Cabell,0.0758,0.0726,0.009,0.02,0.2025,24.8,0.4579,0.0712,0.0903
678893,Jefferson Encarnacion,0.0753,0.0728,0.0092,0.0153,0.2088,28.7,0.3521,0.0563,0.0786
699810,Miguel Lopez,0.066,0.0636,0.0112,0.0097,0.1846,13.7,0.2849,0.0372,0.0541
692577,Moises Paiva,0.0655,0.06,0.0128,0.0066,0.1855,12.0,0.2712,0.0435,0.0437
808091,Jose Marcano,0.0596,0.0563,0.0085,0.0049,0.1705,2.8,0.269,0.0357,0.0388
806919,Jose Gonzalez,0.0684,0.0629,0.01,0.0126,0.1779,7.4,0.3729,0.0606,0.0594
815893,Daiber De Los Santos,0.062,0.0606,0.0122,0.0105,0.1722,4.4,0.3809,0.0336,0.0552
694228,Yeferson Tineo,0.0618,0.0547,0.0121,0.006,0.1717,3.0,0.3251,0.0503,0.0416
801258,Wilton Lara,0.0625,0.0607,0.0138,0.0092,0.1674,0.8,0.3354,0.0306,0.0511
691557,Darol Garcia,0.0668,0.0613,0.0131,0.0077,0.182,11.2,0.3124,0.0465,0.0465
800174,Romel Mendez,0.0683,0.0644,0.0108,0.0121,0.1859,11.5,0.3108,0.0526,0.0606
823719,Ramiro Dominguez,0.0648,0.0621,0.009,0.0081,0.1825,11.6,0.2559,0.0345,0.0499
821654,Alexander Rincon,0.0652,0.0644,0.0123,0.011,0.1788,11.2,0.3161,0.0307,0.0558
703158,Jonathan Mejía,0.0657,0.0605,0.0103,0.0091,0.1813,11.7,0.3272,0.0517,0.052
808286,Cristian Jauregui,0.0662,0.0616,0.0125,0.0114,0.1835,8.7,0.3668,0.0566,0.0572
621311,David Dahl,0.4269,0.4337,0.0366,0.1052,0.2919,84.4,0.2548,0.064,0.1463
698999,Anderson Machado,0.0608,0.0583,0.0086,0.0092,0.1765,10.1,0.3144,0.0407,0.0505
820999,Domingo Batista,0.0621,0.0568,0.0085,0.0081,0.1758,11.5,0.3598,0.051,0.0456
694217,Willy Fanas,0.0676,0.066,0.0112,0.0114,0.185,17.1,0.3275,0.0407,0.0605
677004,Steven Rivas,0.0835,0.088,0.0092,0.0219,0.2263,40.2,0.3306,0.0387,0.1055
800206,Yerald Nin,0.063,0.0581,0.0141,0.0071,0.1763,6.6,0.3134,0.0435,0.0448
813844,Will Bush,0.0778,0.0735,0.008,0.0165,0.2113,33.2,0.3251,0.0629,0.0827
698915,Bryant Mendez,0.06,0.0585,0.011,0.0103,0.1667,5.9,0.3513,0.0385,0.0519
692851,Victor Valera,0.0648,0.0621,0.0144,0.008,0.1815,11.1,0.2524,0.0349,0.0478
800143,Leny Carela,0.0632,0.0565,0.0138,0.0054,0.1791,7.6,0.2857,0.046,0.0396
699203,Gedionne Marlin,0.0641,0.0592,0.0104,0.0068,0.1807,9.3,0.2875,0.042,0.0467
821691,Darison Garcia,0.0654,0.0569,0.0131,0.0049,0.1847,10.8,0.2714,0.0509,0.0412
821126,Humberto Tiberi,0.0578,0.056,0.0092,0.0089,0.161,-3.9,0.3592,0.034,0.0473
699097,Yeuni Munoz,0.0692,0.0669,0.0098,0.0136,0.1839,11.6,0.3799,0.0458,0.0688
800179,Nolan Beltran,0.0668,0.0584,0.0097,0.0062,0.1883,13.3,0.2559,0.0571,0.0432
668769,Cam Williams,0.0833,0.0867,0.0105,0.0276,0.2172,34.4,0.4369,0.0617,0.1201
691628,Luis Watter,0.0642,0.0614,0.0112,0.0098,0.1785,7.5,0.341,0.0427,0.0519
821772,Jorge Rodriguez,0.0604,0.0587,0.0102,0.0088,0.165,-4.2,0.3343,0.0319,0.0475
699019,Samil De La Rosa,0.0666,0.062,0.0111,0.0083,0.1858,14.2,0.2785,0.0413,0.0511
821697,Reyli Mariano,0.0654,0.0551,0.0124,0.007,0.1748,7.5,0.3456,0.0642,0.0419
800346,Juanfel Peguero,0.0615,0.0542,0.0131,0.0048,0.1742,7.9,0.3023,0.0493,0.0362
800476,John Cruz,0.0695,0.0655,0.0106,0.0144,0.1889,14.6,0.3786,0.0621,0.0682
821260,Christopher Alvarado,0.0663,0.0585,0.0144,0.0054,0.1859,10.5,0.2749,0.0469,0.0408
821128,Eriel Dihigo,0.0722,0.0658,0.0125,0.0105,0.2053,14.2,0.2839,0.051,0.0598
699142,Karim Ayubi,0.0679,0.0616,0.0104,0.0103,0.1871,8.9,0.3842,0.0571,0.0586
800192,Roinny Aguiar,0.065,0.0559,0.0147,0.0059,0.1859,10.8,0.3258,0.0632,0.0424
703191,Yilber Herrera,0.062,0.0529,0.0129,0.0063,0.1728,3.4,0.3511,0.0623,0.0433
684008,Jarrod Belbin,0.0777,0.0757,0.0114,0.0167,0.2136,33.7,0.3093,0.053,0.083
800327,Juan Perez,0.0566,0.0556,0.0075,0.0093,0.1599,-1.1,0.3744,0.0356,0.0477
800402,Edrei Campos,0.0611,0.0594,0.0112,0.0078,0.17,3.2,0.2825,0.0311,0.0471
678746,Diego Hernandez,0.1655,0.1568,0.0448,0.026,0.2641,63.5,0.2387,0.0532,0.0953
821413,Pascual Archila,0.0656,0.06,0.0084,0.0116,0.179,10.5,0.3756,0.0589,0.0566
699014,Eddy Rodriguez,0.0743,0.0731,0.0103,0.0172,0.2034,22.4,0.322,0.0575,0.0799
806187,Griffin Cheney,0.0765,0.071,0.014,0.0123,0.2128,30.7,0.3295,0.058,0.0734
691492,Aldrin Lucas,0.0669,0.0638,0.0094,0.0122,0.1848,8.3,0.312,0.0493,0.0609
821819,Miguel Rivera,0.0605,0.0577,0.0087,0.0089,0.1645,-4.5,0.3197,0.0399,0.0475
808015,John Santana,0.0646,0.0663,0.0089,0.0149,0.174,10.3,0.3742,0.036,0.0674
683427,Omar Hernandez,0.0751,0.0702,0.0155,0.0103,0.2107,26.2,0.2414,0.0481,0.0679
683330,J.C. Masson,0.072,0.0676,0.0095,0.0141,0.1983,20.8,0.3946,0.0625,0.0718
808344,Martin Tamara,0.0573,0.0554,0.0079,0.0099,0.1587,-4.6,0.3588,0.0402,0.0513
820847,Jordan Sanchez,0.0747,0.0747,0.0094,0.0188,0.1971,24.1,0.3357,0.0496,0.0825
682751,Jeferson Espinal,0.0765,0.0746,0.0141,0.0154,0.2127,31.6,0.3491,0.0495,0.0805
823014,Leandro Morgado,0.066,0.0662,0.0131,0.0123,0.178,9.8,0.2878,0.0279,0.0616
800145,Pedro Hernandez,0.0605,0.0526,0.0092,0.0049,0.1725,4.3,0.3257,0.0564,0.0354
800272,Manolfi Jimenez,0.0685,0.0684,0.0099,0.0126,0.1867,12.2,0.2784,0.0354,0.0641
807649,Yeycol Soriano,0.0704,0.0679,0.0105,0.0139,0.1909,10.7,0.3301,0.0509,0.0672
681453,Daneurys De La Cruz,0.0709,0.066,0.0093,0.0125,0.2032,25.2,0.3514,0.0622,0.07
815894,Jorge Quintana,0.0619,0.0563,0.0157,0.007,0.173,6.6,0.3378,0.0473,0.0452
821199,Moises Polanco,0.0648,0.0543,0.0169,0.0052,0.1829,13.2,0.2996,0.0635,0.0393
805054,Cristian Gonzalez,0.065,0.0646,0.0098,0.0097,0.1827,10.6,0.2575,0.0291,0.0549
683844,Matheus Silva,0.0573,0.0532,0.0089,0.0077,0.1619,-1.8,0.3251,0.0466,0.043
680963,Cody Wilson,0.0877,0.0805,0.0282,0.0167,0.2389,48.2,0.3376,0.0692,0.1002
683563,Juan Jerez,0.0773,0.0754,0.0175,0.0155,0.2124,29.5,0.3215,0.0508,0.0827
800367,Sandy Sanchez,0.0621,0.056,0.0124,0.0053,0.1777,8.9,0.2913,0.0459,0.04
821100,Justin Gonzales,0.0793,0.0799,0.0104,0.0169,0.2161,31.7,0.249,0.0419,0.0825
800140,Kendry Chirinos,0.063,0.0572,0.0085,0.0107,0.1699,2.5,0.3929,0.0592,0.0535
691186,Arol Vera,0.1035,0.0946,0.0157,0.0112,0.2183,34.1,0.2829,0.0502,0.0641
821197,Juan Martinez,0.0637,0.0582,0.0116,0.0051,0.1828,13.2,0.2531,0.0423,0.0408
821695,Estivel Morillo,0.0635,0.0561,0.0113,0.0091,0.1767,9.5,0.3715,0.0644,0.0495
807737,TJayy Walton,0.0776,0.0751,0.0156,0.0183,0.2056,26.2,0.3609,0.0552,0.0861
808698,Pedro Roque,0.0662,0.0592,0.0117,0.0074,0.1852,8.7,0.2758,0.0527,0.0465
808689,Jose Guerra,0.0651,0.0626,0.0105,0.0107,0.1825,-1.1,0.2743,0.0372,0.0566
681184,Kevin Graham,0.1714,0.1618,0.0209,0.0293,0.2502,54.4,0.292,0.0634,0.0991
692644,Jose Leanez,0.0673,0.0638,0.0166,0.0098,0.1853,11.9,0.3154,0.0378,0.0545
800401,Aneudi Escanio,0.0642,0.0625,0.0099,0.0114,0.1748,4.9,0.3414,0.0431,0.0596
703143,Cristhian Vaquero,0.0719,0.0665,0.017,0.0125,0.2023,24.1,0.3241,0.0599,0.0685
812749,Raynier Ramirez,0.0707,0.0688,0.0081,0.0157,0.1836,11.1,0.3698,0.0541,0.0709
692610,Jose Chacon,0.066,0.0614,0.0101,0.0107,0.1835,8.8,0.3148,0.0519,0.0561
692019,Jose Cordero,0.0656,0.0633,0.0108,0.0137,0.1751,7.6,0.4167,0.0519,0.0636
800139,Reylin Perez,0.0635,0.0597,0.0116,0.0112,0.1811,11.4,0.3632,0.0533,0.0595
807999,David Guzman,0.0721,0.0665,0.0086,0.0107,0.2001,22.8,0.2785,0.0561,0.059
823348,Jehancarlos Mendez,0.0572,0.0567,0.009,0.0078,0.1685,2.2,0.3007,0.0291,0.0443
688507,Frank Nigro,0.0584,0.0523,0.0111,0.0087,0.1593,-3.6,0.3826,0.055,0.0445
699720,Leonardo Rondon,0.0657,0.063,0.0111,0.0095,0.183,10.2,0.2821,0.038,0.0535
815913,Stiven Martinez,0.0662,0.0628,0.0082,0.0141,0.1759,9.2,0.416,0.0545,0.0642
701424,JoJo Blackmon,0.0769,0.0728,0.0205,0.0171,0.2029,24.7,0.4044,0.0619,0.0845
698971,Samuel Rodriguez,0.0636,0.0579,0.0137,0.0065,0.1798,9.9,0.2994,0.0466,0.0441
821752,Amauri Ramirez,0.0649,0.0621,0.0097,0.0113,0.1769,9.0,0.3307,0.0439,0.0579
808544,Joseph Tailor,0.0617,0.0607,0.0102,0.01,0.1761,4.3,0.3448,0.0343,0.054
808166,Junior Aybar,0.0631,0.0602,0.0116,0.011,0.171,3.4,0.378,0.0461,0.0546
691466,Juan Santander,0.0771,0.075,0.0112,0.0161,0.2115,32.2,0.2828,0.054,0.0795
800520,Lisandro Bonifacio,0.0567,0.0512,0.0105,0.0055,0.1636,-3.9,0.3419,0.048,0.0376
807817,Jhon Diaz,0.0642,0.0578,0.009,0.0066,0.1782,7.2,0.3117,0.046,0.0425
690983,Hunter Haas,0.076,0.0695,0.013,0.0111,0.213,37.6,0.2925,0.058,0.0703
821614,Andry Batista,0.0651,0.0583,0.0092,0.0123,0.1754,8.8,0.4259,0.0645,0.0585
678413,Alexfri Planez,0.1709,0.1893,0.0156,0.0545,0.2562,62.3,0.2833,0.0341,0.141
699273,Denyerbe Gervis,0.0624,0.0561,0.0127,0.0058,0.1767,6.6,0.3113,0.0465,0.0418
800382,Josias Ramirez,0.0636,0.0612,0.0094,0.0137,0.1708,3.8,0.4099,0.0546,0.0634
699219,Duncan Garcia,0.0673,0.0672,0.0154,0.0152,0.1793,8.0,0.3831,0.0434,0.0698
672562,Yenci Pena,0.0755,0.0705,0.0123,0.0118,0.2112,29.9,0.2799,0.0549,0.0702
815924,Eduardo Beltre,0.0744,0.0759,0.0098,0.0218,0.1982,22.7,0.3844,0.0529,0.0906
815010,Junior Garcia,0.0727,0.0653,0.01,0.0115,0.1926,16.2,0.3659,0.0604,0.061
703924,David Beckles,0.07,0.0652,0.0084,0.0133,0.1884,15.2,0.3627,0.0617,0.0628
681334,Justin Williams,0.0784,0.0787,0.0095,0.0181,0.2109,30.4,0.3616,0.0489,0.0911
821279,Edgardo De Leon,0.0658,0.0635,0.0085,0.0144,0.18,12.3,0.3958,0.0556,0.0643
821002,Franchely Silverio,0.0597,0.0567,0.009,0.0067,0.1662,1.5,0.3003,0.0319,0.0426
801881,Jacob Jenkins-Cowart,0.072,0.073,0.013,0.0162,0.204,25.4,0.3246,0.042,0.0803
808500,Fabian Lopez,0.0615,0.0606,0.0137,0.0085,0.1757,4.0,0.3127,0.0309,0.0512
678837,Bladimir Restituyo,0.1715,0.1752,0.0468,0.0357,0.2694,58.5,0.2108,0.0307,0.1148
806212,Stone Russell,0.0644,0.0599,0.0108,0.0069,0.1812,8.4,0.2794,0.0379,0.0456
804521,Rabel Colon,0.0685,0.0661,0.0133,0.0128,0.183,11.4,0.3831,0.0453,0.066
821676,Claudiel Lantigua,0.0615,0.055,0.0097,0.0053,0.1749,8.5,0.3158,0.0403,0.0383
691701,Yeral Martinez,0.0765,0.078,0.0122,0.0192,0.2114,28.0,0.3492,0.0473,0.0925
801263,Luis Frias,0.0637,0.0611,0.0151,0.0101,0.1789,10.4,0.361,0.0407,0.0551
821012,Rafael Flores,0.0625,0.0552,0.0125,0.0052,0.1758,8.3,0.308,0.0439,0.0387
808685,Jose Paulino,0.0623,0.0577,0.0107,0.0095,0.1721,-0.3,0.3919,0.0492,0.051
691279,Juan Aparicio,0.064,0.0579,0.0109,0.007,0.1807,9.4,0.287,0.0503,0.045
821645,Anthony Marquez,0.0616,0.0559,0.0104,0.006,0.1788,12.1,0.2903,0.0439,0.0421
800380,Raynerd Ortega,0.0653,0.0597,0.0087,0.008,0.1769,7.7,0.317,0.0485,0.0459
694838,Joe Vetrano,0.082,0.0815,0.0084,0.0186,0.2159,32.9,0.3209,0.0527,0.0876
821187,Juan Ortuno,0.0722,0.0676,0.0142,0.0133,0.2007,25.2,0.3224,0.0584,0.0647
800496,Yohander Linarez,0.0645,0.062,0.0077,0.0055,0.1838,6.6,0.267,0.0284,0.0461
800011,Jerffson Pena,0.0645,0.0622,0.0146,0.0122,0.1739,4.0,0.3953,0.043,0.0603
692670,Jhonson Pena,0.0653,0.0604,0.0126,0.0097,0.183,8.8,0.3308,0.0547,0.0533
693073,Clayton Campbell,0.0736,0.0679,0.0078,0.0125,0.2085,30.4,0.2902,0.0643,0.0725
821775,Aaron Pinero,0.06,0.0554,0.0089,0.0054,0.1713,8.3,0.2868,0.038,0.0379
821090,Enyel Rosario,0.0589,0.0561,0.0103,0.0052,0.1694,5.2,0.3032,0.0308,0.0376
800307,Daje Morales,0.0629,0.0544,0.0132,0.0058,0.1772,5.5,0.322,0.0609,0.0422
808106,Gabriel Lara,0.0736,0.0697,0.0138,0.0154,0.1941,19.1,0.3131,0.0569,0.0696
807970,Reinaldo De La Cruz,0.0573,0.0522,0.0099,0.0066,0.1651,1.6,0.3476,0.0455,0.0402
827285,Diwarys Encarnacion,0.0587,0.0556,0.0085,0.0058,0.1741,5.3,0.2749,0.036,0.0415
806921,Yannic Walther,0.0582,0.0544,0.0082,0.0095,0.1604,-4.2,0.3987,0.0521,0.0472
814256,Justin Ramirez,0.0685,0.0683,0.0081,0.0149,0.1831,13.6,0.3463,0.044,0.0697
806980,Angel Cepeda,0.0622,0.0571,0.0116,0.0072,0.1755,6.9,0.3373,0.0457,0.0447
807978,Jesus Superlano,0.0582,0.0588,0.0089,0.0106,0.1638,0.6,0.3538,0.0286,0.0541
807587,Angel Ramirez,0.071,0.0648,0.0113,0.0099,0.198,17.7,0.266,0.0546,0.0564
815928,Edward Lantigua,0.0654,0.0606,0.0097,0.0105,0.1769,11.7,0.3583,0.0471,0.055
691866,Erubiel Fuentes,0.0611,0.0536,0.0103,0.0052,0.1803,11.8,0.2526,0.0544,0.0379
806979,Gian Zapata,0.0691,0.0691,0.0096,0.0167,0.1825,8.9,0.3993,0.0485,0.0747
699108,Eddy Isturiz,0.0683,0.0664,0.0147,0.0139,0.1874,9.7,0.353,0.047,0.0691
820997,Samuel Gonzalez,0.0602,0.0482,0.0098,0.0052,0.1707,7.8,0.3371,0.0719,0.0348
800330,Albert Carpio,0.0619,0.0561,0.0112,0.005,0.176,5.3,0.2605,0.042,0.0385
667240,Jason Matthews,0.1153,0.1033,0.0153,0.0159,0.2208,36.9,0.34,0.0657,0.0729
699051,Yefri Rivera,0.0637,0.0595,0.0105,0.0063,0.1803,9.7,0.2607,0.0396,0.044
815299,Will Verdung,0.0771,0.0632,0.0134,0.0057,0.213,32.3,0.2687,0.0709,0.0486
820996,Dexters Peralta,0.061,0.0576,0.0156,0.0096,0.1633,0.0,0.3668,0.037,0.0491
808027,Juan Sierra,0.072,0.0711,0.0085,0.0177,0.1876,14.1,0.3487,0.0535,0.0763
693720,Erick Barria,0.0625,0.0562,0.0101,0.0055,0.1773,6.4,0.2904,0.0465,0.0402
703188,Anthuan Valencia,0.0617,0.055,0.0111,0.0064,0.1751,0.3,0.3201,0.0519,0.0402
821767,Albert Jimenez,0.0631,0.0633,0.0075,0.012,0.1776,11.3,0.333,0.0349,0.0613
809779,Anthony Tandron,0.0572,0.0528,0.0096,0.0048,0.1657,1.0,0.3327,0.0389,0.0365
807975,Yeiker Reyes,0.071,0.063,0.0176,0.0094,0.2013,9.1,0.321,0.0563,0.0546
694213,Yemal Flores,0.0709,0.0713,0.0101,0.0181,0.1861,13.3,0.4068,0.0486,0.0813
695457,Jason Hinchman,0.0748,0.0676,0.0097,0.0121,0.2094,30.8,0.3603,0.068,0.0708
801264,Alexander Orasma,0.0585,0.0543,0.0104,0.005,0.1673,-2.6,0.2862,0.0354,0.0373
692190,Donovan Antonia,0.0703,0.0643,0.0142,0.0093,0.1976,22.7,0.3122,0.05,0.0584
802560,Ichiro Cano,0.0686,0.0626,0.0103,0.0121,0.1879,11.0,0.3423,0.0615,0.0594
821246,Alejandro Blasco,0.0626,0.0621,0.0099,0.0114,0.1734,7.1,0.3107,0.0373,0.0565
686577,Keoni Cavaco,0.074,0.0735,0.0084,0.0133,0.2061,26.9,0.3403,0.0386,0.0774
800182,Bryan Andrade,0.0579,0.0554,0.0081,0.0079,0.1681,4.2,0.295,0.0387,0.0442
699269,Rafael Cruz,0.0732,0.0753,0.0086,0.0173,0.1971,20.6,0.3375,0.0381,0.0833
814806,Barrett Riebock,0.0771,0.0736,0.0143,0.0155,0.2142,35.9,0.2988,0.0574,0.0785
691396,Iverson Espinoza,0.0692,0.0649,0.0118,0.009,0.195,13.4,0.2624,0.0433,0.0544
802511,Sam Shaw,0.0714,0.0635,0.0143,0.0116,0.1936,20.8,0.2842,0.0658,0.0589
815105,Vicent Nunez,0.0564,0.051,0.0085,0.0072,0.1565,-5.6,0.3739,0.049,0.0397
692489,Angel Del Rosario,0.0765,0.0691,0.0333,0.0096,0.2084,28.5,0.29,0.0441,0.0629
821688,Jemone Nuel,0.0598,0.053,0.0126,0.0081,0.1623,-0.4,0.3985,0.0535,0.0444
808693,Daniel Lopez,0.0701,0.067,0.0104,0.0117,0.1949,15.5,0.3283,0.0467,0.0639
806962,Enmanuel Bonilla,0.0648,0.0635,0.0079,0.0121,0.178,7.4,0.3815,0.0426,0.0591
808372,Nelson Marin,0.0549,0.0528,0.0077,0.0094,0.1538,-8.1,0.39,0.0412,0.0465
700335,Alejandro Lóaiza,0.0557,0.0544,0.0085,0.0101,0.1503,-7.9,0.4061,0.0385,0.0483
676882,Chandler Seagle,0.0847,0.082,0.009,0.0148,0.2313,45.9,0.3067,0.0511,0.0944
699303,Samuel Camacaro,0.0609,0.0564,0.0102,0.0059,0.1708,4.5,0.288,0.0413,0.0393
800488,Harold Grant,0.0632,0.0609,0.0136,0.0092,0.1768,8.3,0.322,0.0352,0.0523
820962,Michell Ojeda,0.0634,0.0547,0.0109,0.0054,0.1826,10.4,0.287,0.0604,0.0401
696065,Jake Perez,0.0685,0.0665,0.0116,0.015,0.1832,11.8,0.3916,0.0523,0.0686
821687,Gabriel Guanchez,0.0513,0.0517,0.0071,0.0088,0.1436,-8.3,0.4193,0.0298,0.0445
808009,Gustavo Marquez,0.0623,0.056,0.0103,0.0104,0.1713,6.1,0.4076,0.0617,0.0511
699085,Nathanael Rodriguez,0.0621,0.0591,0.0095,0.0079,0.1725,6.4,0.2778,0.0399,0.0466
800129,Heison Sanchez,0.0592,0.0542,0.0088,0.006,0.1732,4.1,0.3391,0.0453,0.0437
692603,Moises Valero,0.0772,0.0811,0.0112,0.0201,0.2079,27.1,0.3135,0.0362,0.0933
691900,Jehisbert Sevilla,0.0642,0.0594,0.0109,0.006,0.1775,7.3,0.27,0.0366,0.0442
700286,Junior Marin,0.0806,0.085,0.0121,0.0241,0.2133,29.9,0.3067,0.0437,0.1016
820987,Emiliano Galan,0.0692,0.0721,0.0096,0.0164,0.1881,20.1,0.2887,0.033,0.0714
821495,Alonso Gallegos,0.0642,0.0577,0.0107,0.0053,0.1805,9.9,0.3041,0.045,0.039
821258,Robin Ortiz,0.0644,0.062,0.0109,0.0119,0.1762,9.8,0.3694,0.0467,0.0579
803367,Charles Nova,0.0613,0.0547,0.01,0.005,0.1758,3.3,0.2695,0.0467,0.0377
808273,Alfonzo Martinez,0.064,0.0609,0.01,0.0114,0.176,9.3,0.3766,0.0488,0.056
698998,Ray Garrett,0.059,0.0535,0.0103,0.0055,0.1738,6.9,0.3161,0.0463,0.0403
807972,Emil Turbi,0.0637,0.0583,0.0096,0.0096,0.177,9.9,0.3765,0.0542,0.0527
815459,Ross Friedrick,0.0748,0.0761,0.0066,0.0168,0.2072,31.0,0.2918,0.0436,0.08
808518,Hojans Hernandez,0.0602,0.0538,0.0122,0.0083,0.158,-4.8,0.3704,0.0489,0.0429
800548,Josi Novas,0.0591,0.0577,0.0106,0.0094,0.1644,-4.6,0.3815,0.0343,0.0531
806922,Yoerny Junco,0.0616,0.0578,0.0109,0.0062,0.1756,9.7,0.2995,0.0366,0.0421
687012,Tayler Aguilar,0.0789,0.0758,0.0111,0.0196,0.2094,22.0,0.3717,0.0672,0.0917
823785,Adrian Garcia,0.0658,0.062,0.0114,0.0082,0.181,9.6,0.2453,0.0372,0.0495
814285,Rafael Medina,0.0574,0.0558,0.0087,0.0115,0.1548,-6.8,0.4119,0.042,0.0527
808165,Mason Bolivar,0.069,0.0651,0.0097,0.0108,0.1947,19.6,0.2867,0.0533,0.0567
802098,Leandro Alsinois,0.0679,0.0652,0.0104,0.0133,0.1911,16.1,0.3207,0.0536,0.0651
691625,Gregory Duran,0.0762,0.0726,0.0088,0.0162,0.2084,27.2,0.3583,0.0636,0.0823
699152,Armando Sierra,0.0754,0.074,0.0081,0.0143,0.2077,23.7,0.2888,0.0458,0.0732
691909,Santiago Torres,0.0652,0.0643,0.0114,0.0116,0.1769,6.3,0.3176,0.0368,0.0595
703204,Esmith Pineda,0.083,0.08,0.0093,0.0189,0.227,37.4,0.3226,0.0655,0.0929
808704,Darvin Cruz,0.0638,0.057,0.0107,0.0079,0.1775,3.4,0.3372,0.0562,0.0471
681159,Ethan Wilson,0.1641,0.1662,0.0298,0.0397,0.2555,59.0,0.2492,0.0498,0.1216
800523,Abel De Leon,0.0566,0.0542,0.0084,0.0093,0.1558,-6.3,0.4206,0.0432,0.047
821154,Givian Sirvania,0.0644,0.0552,0.0159,0.0051,0.1786,5.3,0.3041,0.0509,0.0392
815008,Yadimir Fuentes,0.06,0.0559,0.0093,0.0092,0.1595,-4.9,0.3196,0.0452,0.047
808401,Angel Guzman,0.0711,0.0664,0.0094,0.0142,0.197,22.1,0.3458,0.0665,0.0699
808306,Carlos De Sousa,0.053,0.0512,0.0082,0.0077,0.145,-12.4,0.4187,0.0357,0.0416
694810,Garrett McGowan,0.0716,0.0703,0.009,0.0149,0.195,18.5,0.3434,0.048,0.0749
800526,Ivan Sosa,0.0584,0.0575,0.0095,0.0084,0.1627,-6.9,0.3351,0.0301,0.0485
800434,Jose Alpuria,0.0616,0.0583,0.0118,0.0094,0.1696,0.7,0.392,0.042,0.0501
691262,Reginald Preciado,0.0672,0.0655,0.0106,0.0088,0.192,19.1,0.3097,0.0335,0.0582
694380,Jack Moss,0.0807,0.076,0.0071,0.014,0.2268,37.3,0.2538,0.0595,0.0752
806957,Alfredo Duno,0.0792,0.0765,0.0082,0.0192,0.2133,25.8,0.3554,0.0669,0.0877
807987,Alessander De La Cruz,0.0746,0.0769,0.0088,0.0197,0.2034,10.5,0.3537,0.0416,0.0885
821631,Yorvin Morla,0.0614,0.0511,0.0148,0.005,0.1721,8.9,0.3323,0.0589,0.0354
808083,Kelvin Alcantara,0.0661,0.0613,0.0081,0.0118,0.1839,17.5,0.3462,0.0609,0.0573
683754,Junior Calderon,0.0751,0.0711,0.0124,0.0143,0.2072,25.1,0.2959,0.0586,0.0752
695991,Edward De La Cruz,0.0546,0.0507,0.0092,0.0079,0.1515,-10.5,0.4041,0.0456,0.0415
800199,Carlos Vasquez,0.0625,0.055,0.0099,0.0052,0.176,8.0,0.3066,0.0483,0.0381
820968,Alfredo Benzan,0.0651,0.0624,0.0122,0.0087,0.179,8.9,0.3219,0.036,0.0505
821158,Jonathan Rangel,0.0622,0.0579,0.0121,0.0065,0.1765,8.9,0.2812,0.0403,0.0424
698991,Winder Diaz,0.0627,0.0546,0.0101,0.0058,0.1796,8.4,0.3193,0.0588,0.0418
800426,Raylin Ramos,0.0695,0.0689,0.0115,0.0127,0.1925,19.0,0.2777,0.0374,0.0637
681296,Wilkin Grullon,0.0759,0.0743,0.0105,0.0161,0.2087,27.8,0.3118,0.052,0.0822
805062,Joan Delgado,0.0631,0.0643,0.0112,0.0129,0.1723,4.8,0.4103,0.0332,0.0643
694216,Malvin Valdez,0.0706,0.0678,0.0161,0.015,0.1902,10.3,0.3945,0.0547,0.073
693306,Aaron Sabato,0.1495,0.1459,0.0121,0.0442,0.2664,68.7,0.352,0.0916,0.1474
810981,Wagnel Luna,0.0585,0.0501,0.0093,0.0063,0.1666,-1.5,0.3623,0.0638,0.0393
821794,Brayan Cota,0.0604,0.055,0.009,0.0103,0.1668,5.1,0.3679,0.0539,0.0498
696282,Dakota Kotowski,0.077,0.0798,0.011,0.0222,0.2057,28.3,0.3905,0.046,0.0972
800578,Cherif Neymour,0.0582,0.0533,0.0186,0.005,0.167,-1.7,0.3456,0.0371,0.0395
800026,Luis Colon,0.0646,0.0565,0.0139,0.0053,0.1778,6.9,0.305,0.05,0.0405
682765,Albert Feliz,0.0809,0.0854,0.0072,0.0234,0.2126,25.8,0.3686,0.045,0.1039
691179,Erick Peña,0.0726,0.0703,0.0113,0.018,0.1944,15.3,0.4185,0.0638,0.0853
800546,Miguel Tamares,0.0636,0.0537,0.0168,0.0072,0.1743,7.3,0.3485,0.0673,0.0436
808084,Grenyerbert Velasquez,0.062,0.0548,0.0107,0.007,0.1742,6.6,0.3441,0.055,0.0431
693710,Andri Leon,0.0626,0.063,0.0101,0.0112,0.1769,6.8,0.3358,0.0309,0.0586
806966,Ariel Castro,0.0625,0.0619,0.0093,0.0139,0.1682,-0.9,0.4213,0.0443,0.0642
700160,Yosmi Fernandez,0.0556,0.0493,0.0111,0.005,0.1567,-9.6,0.3757,0.047,0.0351
691282,Riquelmin Cabral,0.0719,0.0698,0.0126,0.0121,0.1987,20.6,0.2881,0.0434,0.0675
809331,Brian Sanchez,0.0696,0.0656,0.0122,0.0123,0.1848,12.7,0.3365,0.051,0.0621
689537,Marc Filia,0.0754,0.0691,0.0104,0.0158,0.2047,25.8,0.3477,0.0752,0.0781
800378,Dennys Riera,0.0586,0.0568,0.0079,0.0076,0.1663,1.9,0.3152,0.0344,0.0468
805116,Lazaro Morales,0.0631,0.0615,0.0131,0.0104,0.1767,10.4,0.3356,0.0361,0.0563
692358,Wueslly Lespe,0.0601,0.0534,0.009,0.0079,0.1685,1.7,0.4011,0.0585,0.0449
815294,Pier-Olivier Boucher,0.0706,0.0655,0.0174,0.0126,0.1929,19.5,0.3765,0.054,0.0669
808519,Jancory De La Cruz,0.0636,0.0613,0.0088,0.0134,0.1767,4.7,0.4017,0.0552,0.0634
811593,Jason Hernandez,0.062,0.0586,0.0099,0.0097,0.171,8.2,0.3288,0.0419,0.0505
800276,Juan Villavicencio,0.0643,0.0601,0.011,0.0086,0.178,6.3,0.307,0.0438,0.0508
808220,Raimundo De Los Santos,0.0638,0.0587,0.0144,0.0093,0.1743,2.1,0.3616,0.0502,0.0497
806968,Ludwing Espinoza,0.0576,0.0535,0.0093,0.0058,0.1624,-1.8,0.3547,0.0402,0.0406
700285,Godwin Bennett,0.0732,0.0758,0.0107,0.0221,0.1902,15.2,0.3967,0.0499,0.0907
821773,Sandy Luciano,0.0705,0.0651,0.0104,0.0109,0.1951,18.1,0.2764,0.0549,0.0588
694812,Tyler McDonough,0.1382,0.1266,0.0297,0.0195,0.249,51.4,0.2865,0.061,0.0982
815757,Yunior Quezada,0.0684,0.0703,0.0086,0.0177,0.1753,7.9,0.3707,0.0385,0.0747
800167,Misael Mojica,0.0604,0.0554,0.009,0.0079,0.1751,5.7,0.3527,0.0503,0.0468
816339,Bohan Adderley,0.0593,0.052,0.0148,0.0058,0.1606,0.7,0.3656,0.0471,0.038
809770,Geyber Blanco,0.0619,0.0589,0.0085,0.0055,0.1735,4.2,0.3072,0.0294,0.0432
808120,Samil Dishmey,0.0688,0.0647,0.0105,0.0118,0.1907,14.5,0.3122,0.0526,0.0579
814188,Jayson Bass,0.0692,0.0652,0.0121,0.0108,0.1936,16.9,0.3081,0.0488,0.0578
691343,Roberto Martínez,0.0701,0.0672,0.0114,0.01,0.2002,25.0,0.3117,0.0389,0.0637
683106,Mahki Backstrom,0.0791,0.0773,0.0108,0.0205,0.2098,28.9,0.4032,0.0647,0.0964
805104,Jose Monserrate,0.0683,0.0653,0.014,0.0112,0.1945,17.0,0.3058,0.0467,0.0604
678812,Miguel Fabrizio,0.0731,0.0724,0.0116,0.0148,0.2016,24.6,0.3177,0.0453,0.0773
703180,Yendry Rojas,0.0637,0.0567,0.0134,0.0054,0.1769,12.1,0.2738,0.0474,0.039
703641,Adrian Rodriguez,0.0635,0.0575,0.0107,0.0059,0.1771,7.6,0.3031,0.044,0.0404
699475,Mitchell Daly,0.0775,0.076,0.0099,0.0179,0.2131,32.7,0.295,0.0551,0.0848
698940,Héctor Jiménez,0.0609,0.0561,0.0116,0.0088,0.1697,2.1,0.3728,0.0476,0.0476
692490,Cristian Feliz,0.0765,0.0791,0.007,0.022,0.1987,20.6,0.3961,0.0453,0.0939
808228,Roderick Flores,0.0584,0.0496,0.0094,0.0049,0.1666,-0.0,0.3981,0.0626,0.0356
820943,Danny Cancro,0.0692,0.0632,0.0138,0.0099,0.1951,7.3,0.283,0.048,0.0587
808137,Heribert Silva,0.0698,0.0692,0.0109,0.0142,0.191,17.0,0.3056,0.0463,0.0665
808240,Antonio Pimentel,0.0613,0.0558,0.0107,0.0058,0.1742,2.5,0.2819,0.047,0.0404
808263,Daniel Rojas,0.0612,0.0601,0.0095,0.0074,0.171,4.3,0.3062,0.0291,0.0455
808692,Edgar Mota,0.0561,0.0529,0.009,0.008,0.153,-11.5,0.3776,0.0399,0.0434
683619,Luis Castillo,0.0676,0.0622,0.0108,0.0107,0.1854,14.4,0.3574,0.0571,0.0595
800379,Luis Suarez,0.0606,0.0536,0.0146,0.006,0.166,-0.7,0.3531,0.0478,0.0398
821647,Eddson Martinez,0.0619,0.0555,0.011,0.01,0.1695,7.2,0.3898,0.0579,0.0498
808079,Esterling Rodriguez,0.0658,0.0616,0.0117,0.0118,0.1772,7.1,0.3623,0.0512,0.0581
800284,Gueile Borrome,0.0591,0.0539,0.0102,0.0049,0.1684,1.4,0.3178,0.0426,0.0368
691910,Randy Vasquez,0.0642,0.0617,0.0107,0.0111,0.173,4.3,0.3562,0.0431,0.0557
691188,Robert Puason,0.0615,0.0582,0.01,0.0073,0.1818,13.8,0.3481,0.0385,0.0512
700328,Yeison Vargas,0.061,0.0567,0.0107,0.0067,0.1735,1.9,0.3191,0.0403,0.0434
701660,Edgar Alfonso,0.0634,0.0595,0.0154,0.0079,0.1739,3.6,0.301,0.0381,0.0469
808635,Angel Nieblas,0.0657,0.0604,0.0108,0.0065,0.1764,5.4,0.2961,0.0355,0.0435
808321,Moises Lopez,0.0641,0.064,0.0092,0.0145,0.1729,2.8,0.4093,0.0444,0.0663
814293,Franco Willias,0.06,0.0588,0.0106,0.0083,0.1711,6.9,0.3141,0.0259,0.0498
699224,Ney Serrano,0.064,0.0593,0.0133,0.0077,0.1772,7.2,0.3143,0.0427,0.0475
821787,Guillermo Batista,0.0586,0.0521,0.0098,0.006,0.1696,3.1,0.345,0.0513,0.0405
815933,Leandro Romero,0.0551,0.0489,0.0089,0.0046,0.1598,3.1,0.3701,0.0487,0.0344
806707,Xavier Guillen,0.0646,0.0619,0.0113,0.0112,0.177,9.9,0.3829,0.0462,0.0582
805680,Greyber Altamirano,0.0622,0.0589,0.0097,0.0074,0.176,4.8,0.2794,0.0393,0.0463
821524,Nestor Urbina,0.061,0.0562,0.0114,0.0068,0.1717,4.9,0.3199,0.042,0.0431
808365,Dameury Pena,0.0729,0.0655,0.0129,0.0063,0.2099,28.2,0.2061,0.0488,0.0499
816344,Rashawn Pinder,0.068,0.0623,0.011,0.0116,0.1869,16.9,0.36,0.0524,0.059
683091,Logan Tanner,0.0789,0.0737,0.0067,0.0154,0.2161,27.7,0.3225,0.071,0.0827
696015,Juan Machado,0.0684,0.0583,0.0157,0.0095,0.1911,15.0,0.3707,0.0761,0.052
800250,Gabriel Araujo,0.0677,0.0643,0.011,0.01,0.1899,14.8,0.3036,0.0436,0.0559
703405,Edwin Sanchez,0.0748,0.0708,0.008,0.0171,0.1962,20.7,0.3662,0.0671,0.0761
677611,Jose Reyes,0.0792,0.0815,0.0096,0.0196,0.2125,30.0,0.3211,0.0443,0.0935
685580,Cristian More,0.0722,0.0696,0.017,0.0115,0.2008,24.0,0.2862,0.0416,0.0653
682850,Jose Dilone,0.0734,0.0688,0.0129,0.0141,0.2024,26.0,0.3583,0.058,0.0721
692551,Johan Benitez,0.0719,0.0689,0.0106,0.0106,0.2009,21.8,0.3108,0.0453,0.0643
800130,Eduardo Oviedo,0.0644,0.0652,0.0132,0.0142,0.1748,3.3,0.3753,0.0395,0.0654
808023,Joseph Sequera,0.0553,0.0535,0.0079,0.0081,0.1558,-7.6,0.4022,0.0363,0.0448
682882,Geury Estevez,0.0668,0.063,0.0076,0.0094,0.1936,18.4,0.2845,0.0472,0.0536
694181,Carlos Colmenarez,0.0667,0.0591,0.0137,0.0078,0.1868,17.1,0.3578,0.0574,0.0502
571745,Mitch Haniger,0.524,0.5362,0.0137,0.1779,0.3203,107.9,0.2568,0.0843,0.1885
808103,Edwardo Espinal,0.0618,0.0558,0.0118,0.0106,0.17,2.4,0.4083,0.0581,0.0522
801259,Jose Rivera,0.0579,0.0525,0.0116,0.0053,0.1647,-2.8,0.3269,0.0438,0.0371
809337,Jayden Felicia,0.0592,0.0502,0.0103,0.0044,0.173,2.2,0.3434,0.0617,0.0356
703726,Edward Vargas,0.0696,0.0693,0.0115,0.0113,0.1942,18.7,0.2625,0.0339,0.0612
807148,Kevin Ereu,0.059,0.0519,0.0092,0.0058,0.1657,-0.6,0.3472,0.0561,0.0383
808367,Jesus Mujica,0.0607,0.0592,0.009,0.0101,0.1634,-3.0,0.3831,0.036,0.0519
800492,Roni Cabrera,0.0672,0.0655,0.0102,0.013,0.1853,10.3,0.3394,0.0446,0.0649
815204,Justin Barry,0.0639,0.0615,0.0101,0.0096,0.1743,2.3,0.3176,0.0369,0.0535
691758,Erison Placencia,0.069,0.0644,0.0108,0.009,0.1972,21.1,0.3498,0.0479,0.0594
699026,Yancel Guerrero,0.0623,0.0592,0.01,0.0108,0.1703,4.3,0.4083,0.0467,0.0534
699055,Reyden Hidalgo,0.0667,0.0612,0.0115,0.0054,0.192,17.9,0.2083,0.0422,0.0416
808151,Sebastián De Los Santos,0.0604,0.05,0.0119,0.0049,0.1708,4.3,0.3673,0.064,0.0349
821786,Erny Orellana,0.0666,0.0657,0.0096,0.0143,0.1728,6.2,0.3497,0.0415,0.0641
800371,Larry Martinez,0.0668,0.0634,0.0096,0.009,0.1876,17.3,0.2575,0.0417,0.0519
699205,Edgar Basabe,0.0688,0.0647,0.0156,0.0132,0.1864,13.3,0.3507,0.0541,0.0633
809778,Rafael Martinez,0.0604,0.0563,0.0102,0.0056,0.1676,0.1,0.2974,0.0359,0.0389
699049,Carlos Gutierrez,0.0664,0.0624,0.0112,0.0101,0.1847,13.2,0.3176,0.05,0.0555
814545,Jose Perez,0.0604,0.0583,0.0107,0.0094,0.1655,-0.5,0.3575,0.0377,0.0473
800389,Roosbert Tapia,0.064,0.0625,0.0095,0.0099,0.1784,11.5,0.314,0.038,0.0544
820979,Yensi Rivas,0.0575,0.0515,0.0125,0.0047,0.158,-1.0,0.364,0.0379,0.0353
808278,Facundo Velásquez,0.0613,0.061,0.0074,0.0138,0.1643,-0.2,0.4479,0.0469,0.0616
814748,Dariel Ramon,0.0679,0.0578,0.0092,0.0084,0.187,16.1,0.3242,0.0688,0.0483
699068,Roger Lasso,0.0735,0.069,0.0079,0.0134,0.1944,19.5,0.3301,0.0589,0.0676
808377,Jesus Alexander,0.0701,0.0697,0.0067,0.0124,0.201,27.0,0.2706,0.0389,0.0678
808371,Lisandro Mejia,0.0579,0.052,0.0108,0.0063,0.159,-5.7,0.378,0.0463,0.0397
800269,Rafael Ramirez,0.0633,0.063,0.0099,0.0123,0.1679,0.9,0.3477,0.0377,0.058
800244,Kashon Conliffe,0.0637,0.0624,0.0125,0.0144,0.1686,4.9,0.4153,0.0494,0.064
808672,Jesus Abreu,0.0533,0.0493,0.0081,0.0071,0.1537,-8.5,0.402,0.046,0.0407
800205,Jancel Santana,0.0608,0.0557,0.01,0.0069,0.1693,-2.1,0.3521,0.0444,0.0444
821094,Frankeli Mesta,0.0612,0.0597,0.0086,0.0079,0.1756,5.7,0.3027,0.0343,0.0472
703203,Martin Gonzalez,0.0531,0.0487,0.0069,0.0068,0.151,-5.1,0.4503,0.0461,0.0386
805470,Jonatan Yan,0.0623,0.0606,0.0102,0.0119,0.1747,7.6,0.3232,0.0467,0.0582
808498,Carlos Cordero,0.0649,0.059,0.009,0.0069,0.174,3.7,0.312,0.0414,0.0428
820954,Gregori Arias,0.0565,0.0482,0.0126,0.0059,0.1643,-1.4,0.4156,0.0619,0.0383
821043,Richard Matic,0.0608,0.056,0.0086,0.0091,0.1654,1.5,0.3694,0.045,0.0477
820980,Jean Santana,0.0574,0.051,0.0101,0.0055,0.1613,1.3,0.3456,0.048,0.036
808691,Adrian Gil,0.0723,0.0688,0.0096,0.0161,0.2051,25.4,0.3209,0.0624,0.0742
691642,Jostyn Almonte,0.066,0.0627,0.0102,0.013,0.1802,11.3,0.3901,0.0545,0.061
814294,Dario Reynoso,0.0601,0.0535,0.01,0.0078,0.1706,4.2,0.3998,0.0589,0.0459
701786,Xavier Casserilla,0.0714,0.0681,0.0111,0.0111,0.2005,24.7,0.3179,0.041,0.0664
698928,Oscar Colina,0.0662,0.0592,0.0154,0.0091,0.1864,12.0,0.3284,0.0583,0.05
807714,Carter Trice,0.0778,0.0787,0.0092,0.0203,0.2106,32.9,0.3672,0.0566,0.0944
808029,Luis De Leon,0.0683,0.0542,0.0125,0.0052,0.195,21.9,0.3022,0.0818,0.0381
821101,Ezequiel Pena,0.0595,0.0565,0.013,0.0056,0.169,4.9,0.3147,0.0308,0.0402
800293,Helder Rosario,0.0535,0.0523,0.0096,0.01,0.1477,-13.4,0.4364,0.0401,0.0485
821604,Manuel Dos Passos,0.0575,0.0499,0.0099,0.0075,0.1514,-9.1,0.4168,0.0539,0.0398
808315,Antony Gomez,0.0621,0.056,0.0111,0.0105,0.1703,2.5,0.4053,0.0651,0.0522
683451,Jesus Parra,0.0745,0.0769,0.0098,0.0167,0.2034,24.3,0.3379,0.0345,0.0848
676896,Chris Roller,0.2468,0.2234,0.0468,0.0505,0.2686,70.2,0.302,0.0844,0.1174
800204,Derek Bernard,0.0741,0.0721,0.0122,0.0123,0.2105,16.1,0.3029,0.0395,0.0681
800356,Franyer Noria,0.0668,0.0601,0.0117,0.0054,0.1887,10.0,0.269,0.0447,0.0441
677339,Ryan Holgate,0.0771,0.0788,0.0105,0.0186,0.2085,28.8,0.3263,0.0427,0.0873
801250,Guillermo Rodriguez,0.0599,0.0572,0.0114,0.0066,0.1694,2.6,0.2868,0.0311,0.0419
609274,Elier Hernandez,0.1756,0.175,0.0236,0.0401,0.2716,72.1,0.2715,0.0558,0.1275
808294,Renair Manrique,0.0607,0.0546,0.0084,0.006,0.1706,1.1,0.3434,0.0471,0.0416
700272,German Tapia,0.0681,0.063,0.0104,0.0114,0.1843,13.3,0.3556,0.057,0.0575
806998,Hendry Chivilli,0.0568,0.0521,0.0151,0.0067,0.1565,-6.7,0.3703,0.0387,0.0409
695708,Satchell Norman,0.0721,0.0676,0.0158,0.0118,0.1991,23.7,0.3106,0.05,0.0669
815925,Adbiel Feliz,0.0569,0.0528,0.0096,0.0048,0.164,-2.1,0.3069,0.0383,0.0354
815910,Francisco Vilorio,0.0623,0.0629,0.0101,0.0149,0.1638,0.4,0.4139,0.036,0.0652
701800,Carlos Linarez,0.0736,0.0711,0.0085,0.0119,0.2053,27.3,0.3011,0.0479,0.0681
821162,Engel Paulino,0.0616,0.0594,0.011,0.0106,0.1698,4.4,0.3788,0.0443,0.055
814812,Edgar Lugo,0.0663,0.0657,0.0098,0.0135,0.1858,14.5,0.3155,0.0432,0.0665
821115,Edwin Brito,0.0721,0.0745,0.0076,0.0191,0.1916,14.5,0.3525,0.0419,0.0821
808123,Victor Rodriguez,0.0628,0.0644,0.0107,0.0142,0.1678,-1.6,0.383,0.0325,0.0652
692552,Ronny Polanco,0.0704,0.0679,0.0099,0.0101,0.1971,19.4,0.3038,0.0394,0.0626
806995,Filippo Di Turi,0.069,0.058,0.0104,0.0049,0.2003,22.6,0.2904,0.0717,0.0432
805870,Hyungchan Um,0.0762,0.0717,0.0082,0.0143,0.211,29.4,0.3179,0.0589,0.0754
823015,Esteban Romero,0.0666,0.063,0.0107,0.0099,0.1842,14.2,0.2971,0.0409,0.0543
800248,Arfeni Batista,0.0573,0.0558,0.008,0.008,0.1583,-3.8,0.384,0.0342,0.0445
809336,Rafael Castillo,0.0551,0.0464,0.0095,0.0046,0.1627,-2.4,0.4001,0.0629,0.0333
816145,Eduardo Acevedo,0.0656,0.062,0.0121,0.0108,0.1793,14.0,0.3144,0.046,0.056
806961,Derniche Valdez,0.0608,0.0627,0.0099,0.0134,0.1641,-0.7,0.3905,0.0328,0.0611
807600,Jose Subero,0.0563,0.0513,0.012,0.0053,0.1575,-4.9,0.3548,0.038,0.0371
808705,Adrian Bello,0.055,0.0534,0.0078,0.0082,0.156,-9.2,0.3882,0.0378,0.0457
800495,Audie Jimenez,0.0548,0.0527,0.0086,0.0053,0.155,-7.5,0.3213,0.0294,0.0361
807949,Daniel Perez,0.071,0.0689,0.0087,0.0144,0.1943,18.3,0.3608,0.0521,0.0724
807958,Jarold Montealto,0.0585,0.0531,0.0083,0.0059,0.1641,0.0,0.349,0.0439,0.0379
800066,Dariam Gutierrez,0.0671,0.0648,0.0119,0.0117,0.1846,11.9,0.3257,0.0427,0.0606
821041,Roldy Brito,0.0651,0.057,0.0143,0.0049,0.1898,3.8,0.2816,0.0441,0.0412
692583,Elisandro Alcantara,0.0689,0.0673,0.0096,0.0134,0.1885,10.4,0.3662,0.0447,0.0667
821663,Joaquin Arias Jr.,0.0663,0.0621,0.0103,0.0112,0.1823,13.6,0.3232,0.0463,0.0563
688551,Addison Kopack,0.0766,0.0784,0.0138,0.0202,0.205,31.0,0.3822,0.0429,0.0941
804966,Jesus Gamez,0.067,0.0707,0.0107,0.0168,0.1766,7.2,0.3718,0.0268,0.0749
800391,Darlyn De Leon,0.0635,0.0578,0.0144,0.0084,0.1771,9.0,0.3507,0.0514,0.049
691332,Luis González,0.0669,0.063,0.0093,0.0132,0.1817,9.4,0.4391,0.0575,0.0672
691897,Diego Gonzalez,0.0742,0.07,0.0115,0.0104,0.2032,23.7,0.2454,0.0447,0.0615
699021,Elias Reynoso,0.0587,0.0496,0.0103,0.0056,0.1626,-2.2,0.3839,0.0623,0.0373
682889,Wilmin Candelario,0.0681,0.0635,0.0162,0.0088,0.1922,15.7,0.3419,0.0431,0.0587
699006,Ruben Vizcaya,0.0652,0.0592,0.012,0.009,0.1814,8.2,0.3433,0.0579,0.0533
699000,German Ortiz,0.0619,0.0551,0.0085,0.0073,0.1824,14.2,0.3278,0.0589,0.0454
821079,Randy Soto,0.0697,0.0548,0.0077,0.0074,0.1948,21.7,0.3225,0.0888,0.0454
821597,Omar Mejia,0.0601,0.0541,0.0106,0.0062,0.1683,-0.7,0.3455,0.0459,0.0398
815006,Meylin De Leon,0.0626,0.0596,0.0083,0.0095,0.1719,3.5,0.3362,0.0402,0.0508
702601,Lamar King Jr.,0.0736,0.069,0.008,0.0129,0.2053,31.2,0.3181,0.0549,0.0712
805953,Anthony Huezo,0.0617,0.06,0.0119,0.0141,0.1625,-1.1,0.4287,0.0459,0.0626
800180,Douglas Glod,0.0642,0.0589,0.0095,0.0116,0.1697,2.6,0.4131,0.0555,0.0563
808496,Jaeden Calderon,0.0701,0.0668,0.0105,0.0145,0.1884,12.3,0.3694,0.0553,0.0687
800209,Estuar Suero,0.0629,0.0619,0.0119,0.0121,0.1701,4.6,0.3827,0.0431,0.058
801226,Erbin Jaque,0.0599,0.0591,0.016,0.0119,0.1619,-2.6,0.4174,0.035,0.0565
806161,Yahil Melendez,0.0597,0.0546,0.0123,0.0068,0.1662,3.0,0.357,0.0447,0.0426
821150,Enddy Azocar,0.0691,0.0641,0.0108,0.0108,0.1896,13.1,0.3035,0.0519,0.0567
807010,Anibal Salas,0.0673,0.0639,0.0094,0.0148,0.186,12.1,0.3827,0.0627,0.0673
800407,Anderson Nova,0.0677,0.0644,0.0091,0.0115,0.1901,17.6,0.3309,0.0483,0.0596
800451,Jose Contreras,0.0616,0.0599,0.0087,0.0117,0.1672,3.6,0.4003,0.0451,0.0574
820993,Carlos Matias,0.065,0.0656,0.0091,0.0137,0.1779,13.0,0.3453,0.036,0.0633
821263,Heudy Pena,0.062,0.0545,0.0097,0.0057,0.1682,3.1,0.3392,0.0493,0.0377
806355,Nick Gile,0.0696,0.0642,0.0084,0.0092,0.1975,22.6,0.3128,0.051,0.0586
807643,Alfredo Alcantara,0.067,0.0641,0.0085,0.0131,0.1814,4.4,0.3576,0.0514,0.0623
682770,Victor Diaz,0.0719,0.0728,0.0101,0.0159,0.1923,18.3,0.3157,0.0397,0.0759
821690,Randy Martinez,0.0535,0.05,0.0088,0.0052,0.1516,-8.2,0.3637,0.0363,0.0363
699100,Justin Rodriguez,0.0595,0.0582,0.0097,0.0085,0.1698,1.6,0.3671,0.0338,0.0507
803433,Antony Peguero,0.0683,0.0694,0.0107,0.0139,0.1903,14.7,0.3039,0.0348,0.0672
815892,Dawel Joseph,0.0503,0.0454,0.0084,0.0045,0.1437,-8.3,0.3897,0.0437,0.0312
821129,Browm Martinez,0.067,0.0626,0.0169,0.0111,0.1806,12.2,0.3313,0.042,0.0548
678655,Sergio Gutierrez,0.0709,0.0685,0.0097,0.0167,0.1905,15.5,0.4074,0.062,0.0795
823720,Samuel Brito,0.0582,0.0549,0.0112,0.0068,0.1618,-1.6,0.3479,0.0329,0.0408
800312,Isaac Paulino,0.0595,0.0567,0.0099,0.0096,0.1647,-3.0,0.3854,0.0448,0.0508
800155,Yosander Asencio,0.0676,0.059,0.0102,0.0087,0.1878,9.4,0.3927,0.0671,0.0532
687701,Kaden Hollow,0.0701,0.0631,0.0093,0.0116,0.1941,23.7,0.3568,0.0658,0.0641
702476,Noah Williamson,0.0689,0.0699,0.0122,0.0173,0.1848,13.9,0.4292,0.042,0.0802
694226,Martin Gimenez,0.0583,0.0556,0.0097,0.0066,0.16,-5.9,0.3437,0.0312,0.041
802066,Yaisel Ramos,0.0609,0.0569,0.0101,0.0101,0.1671,3.5,0.3959,0.0498,0.0505
805744,Athanael Duarte,0.071,0.0696,0.0108,0.0148,0.1919,15.6,0.3023,0.0475,0.0693
800196,Nomar Velasquez,0.0654,0.0592,0.0159,0.006,0.1868,14.7,0.2674,0.047,0.041
823875,Gabriel Lopez,0.0595,0.0563,0.0093,0.0092,0.1665,-11.9,0.3397,0.0382,0.0488
821000,Greylin De La Paz,0.0596,0.0565,0.0106,0.011,0.1638,-2.0,0.4012,0.0461,0.0516
676595,Jake Scheiner,0.1871,0.1887,0.0138,0.0566,0.2846,83.1,0.2972,0.0799,0.1602
692840,Kelvin Diaz,0.0609,0.0548,0.0135,0.0068,0.1711,1.4,0.3389,0.0514,0.0455
808529,Osvaldo Heredia,0.0608,0.0626,0.0118,0.0137,0.167,-1.8,0.3701,0.0308,0.0626
806873,Yael Romero,0.0715,0.0631,0.0074,0.0134,0.1952,13.7,0.373,0.0796,0.0645
820969,Yordani Martinez,0.0581,0.0515,0.0163,0.0048,0.1687,1.6,0.305,0.045,0.0379
827280,Joan Acevedo,0.0578,0.0554,0.0094,0.0053,0.1646,-0.0,0.2869,0.027,0.0376
815009,Cesar Mujica,0.0548,0.0513,0.0092,0.0075,0.1484,-12.3,0.3923,0.0372,0.0404
691559,Jose D. Hernandez,0.073,0.0697,0.01,0.0142,0.191,17.3,0.3237,0.0535,0.0681
806969,Camilo Diaz,0.0606,0.054,0.0101,0.0088,0.1609,-4.6,0.4205,0.0569,0.0462
808679,Angel Herrera,0.0675,0.0599,0.0145,0.0104,0.183,10.9,0.3502,0.0639,0.0553
684494,Jeremy Celedonio,0.0789,0.077,0.0108,0.0222,0.2013,21.9,0.4267,0.0655,0.0944
691729,Elias Petiyan,0.0675,0.0646,0.0115,0.0114,0.1864,14.5,0.3394,0.0466,0.0598
687073,Yan Contreras,0.0704,0.0625,0.0194,0.0094,0.1945,20.6,0.367,0.055,0.0613
703612,Nick Peoples,0.0687,0.0672,0.0099,0.0172,0.1869,15.2,0.4454,0.0554,0.0794
690898,Brad Cumbest,0.0671,0.067,0.008,0.0139,0.1842,13.5,0.3841,0.04,0.0718
821181,Juneiker Caceres,0.0711,0.0667,0.0098,0.0102,0.2009,26.5,0.2722,0.0503,0.06
821671,Ricardo Paez,0.0667,0.0647,0.0102,0.0139,0.1824,11.5,0.361,0.0488,0.0656
803127,Cristofher Paniagua,0.0678,0.0645,0.0102,0.0112,0.1874,11.1,0.3324,0.0472,0.058
687567,Jorel Ortega,0.24,0.2199,0.0434,0.0427,0.2574,61.5,0.279,0.0747,0.1058
821274,Deuri Castillo,0.0529,0.0468,0.0121,0.0048,0.1516,-2.7,0.4017,0.0467,0.0323
687210,Nathan Martorella,0.4285,0.4219,0.0297,0.1131,0.2943,86.2,0.2175,0.0884,0.1441
800164,Ronny Ugarte,0.078,0.0794,0.0084,0.0181,0.2152,19.4,0.2856,0.0404,0.0872
693795,Joel Mendez,0.0674,0.0674,0.0084,0.0167,0.1772,6.8,0.4336,0.0519,0.0741
699029,Marcelo Perez,0.0588,0.0526,0.0081,0.0071,0.1625,-2.2,0.3677,0.0524,0.0413
822177,Jose Cerice,0.0697,0.0683,0.0085,0.0099,0.1968,19.4,0.2502,0.0309,0.058
815918,Vladimir Asencio,0.0618,0.0574,0.0122,0.0097,0.1668,-2.9,0.3711,0.0459,0.05
808156,Joenelly Van Der Linden,0.058,0.0538,0.0104,0.0057,0.1636,-0.7,0.3122,0.036,0.0375
806311,Tommy Stevenson,0.0761,0.0785,0.0089,0.0208,0.2035,24.3,0.3735,0.049,0.0938
692376,Samuel Reyes,0.0698,0.0665,0.0117,0.0119,0.1935,20.4,0.3051,0.0477,0.0643
807239,Bernard Moon,0.062,0.0574,0.0118,0.0075,0.1733,1.3,0.3416,0.0373,0.0445
821036,Cristofer Lebrón,0.058,0.056,0.0101,0.0068,0.1631,1.3,0.3143,0.0297,0.0408
808030,Yohangel Moris,0.054,0.0512,0.0088,0.0085,0.1465,-11.3,0.4461,0.0417,0.0444
808297,Deward Tovar,0.0662,0.0642,0.0079,0.0132,0.1797,9.4,0.3895,0.0459,0.0627
808316,Abraham Cohen,0.0657,0.0566,0.0105,0.0104,0.1786,11.1,0.3779,0.0703,0.052
694757,Maui Ahuna,0.0708,0.0658,0.0128,0.01,0.2036,28.7,0.2937,0.0489,0.0617
808379,Willian Berti,0.0647,0.0609,0.0077,0.0113,0.1821,9.4,0.3525,0.0557,0.0584
821008,Eddy Marmolejos,0.0588,0.0573,0.0082,0.0099,0.166,1.2,0.3712,0.0386,0.0511
805043,Karniel Pratt,0.0643,0.0589,0.0128,0.0118,0.1705,2.9,0.4371,0.058,0.056
694045,Brayan Hernández,0.0727,0.0754,0.0086,0.0184,0.1965,21.2,0.3353,0.0405,0.0857
808025,Moises Moreno,0.0603,0.058,0.0092,0.0099,0.1659,2.1,0.3792,0.0438,0.0516
815014,Anderson Navas,0.0561,0.0562,0.0093,0.0109,0.1468,-13.4,0.4033,0.0301,0.0516
699098,Yimmy Diaz,0.0645,0.0604,0.0104,0.0092,0.1862,13.3,0.2864,0.0483,0.0518
800319,Moises De La Rosa,0.0675,0.0643,0.0082,0.0131,0.1867,13.9,0.3694,0.0545,0.0648
703192,Abdias De La Cruz,0.0625,0.0565,0.0106,0.0066,0.1749,4.3,0.3388,0.0506,0.044
800165,Brayan Guedez,0.062,0.0565,0.0131,0.0054,0.1755,6.3,0.2982,0.0436,0.0395
807005,Andy Acevedo,0.0592,0.0565,0.0174,0.011,0.1626,-3.4,0.3998,0.0446,0.0532
663536,Tristin English,0.1778,0.1787,0.0136,0.0427,0.2745,71.1,0.2592,0.0602,0.1269
808382,D'Angelo Tejada,0.0548,0.0527,0.0092,0.006,0.1612,-5.2,0.3379,0.0318,0.0387
809776,Dauwin Gonzalez,0.0658,0.0633,0.009,0.0126,0.1788,7.0,0.3571,0.0504,0.0599
808032,Kevin Hacen,0.0599,0.0568,0.0082,0.0113,0.163,0.5,0.3992,0.0492,0.0534
699030,Carlos Carmona,0.0656,0.0634,0.0105,0.0115,0.1792,9.1,0.328,0.0419,0.0581
808080,Juan Frances,0.0654,0.0653,0.0107,0.0101,0.1821,10.2,0.234,0.0316,0.0536
808336,Jorge Julio,0.0682,0.0614,0.0095,0.0096,0.1874,14.0,0.3099,0.0573,0.0545
541645,Avisaíl García,0.4464,0.4928,0.0492,0.1363,0.3017,89.2,0.27,0.0642,0.1543
703159,Simon Juan,0.0645,0.0638,0.0103,0.0124,0.173,7.5,0.3528,0.0397,0.06
806310,Spence Coffman,0.0651,0.0621,0.0131,0.0108,0.179,13.5,0.3082,0.0419,0.0543
815016,Santiago Prado,0.0602,0.0546,0.0099,0.0056,0.1671,0.3,0.294,0.0402,0.0376
694219,Ramiro Altagracia,0.063,0.0601,0.0096,0.0115,0.168,1.0,0.4151,0.0482,0.0554
800364,Jordany Oliver,0.0575,0.0561,0.0111,0.0095,0.1581,-5.1,0.4092,0.0369,0.0481
700175,Gabriel Terrero,0.0708,0.0699,0.01,0.0149,0.1921,6.4,0.3572,0.0446,0.0716
808355,Eduarlin Tejeda,0.0564,0.0505,0.0096,0.005,0.1591,0.2,0.3494,0.0419,0.0343
815220,Aldo Gaxiola,0.0705,0.0699,0.0082,0.0154,0.1895,17.9,0.3093,0.0439,0.0702
808251,Carlos Batista,0.0618,0.0583,0.0221,0.0125,0.1674,-0.2,0.4109,0.0506,0.0582
820972,Deshandro Tromp,0.0556,0.0506,0.0091,0.0063,0.1573,-6.6,0.3773,0.0463,0.0385
807836,Ovandy Frias,0.0556,0.0537,0.0099,0.0081,0.1508,-11.5,0.4192,0.0344,0.0434
807384,Rainer Reyes,0.0668,0.0659,0.0082,0.015,0.1818,11.8,0.3752,0.047,0.0685
808388,Adrian Hoyte,0.0634,0.0597,0.0107,0.0108,0.1792,9.8,0.3445,0.0493,0.0567
821138,Tavano Baker,0.0672,0.0664,0.0094,0.0107,0.1849,9.8,0.2867,0.0329,0.0589
808044,Andres Villafane,0.0661,0.0652,0.0102,0.0106,0.1869,13.4,0.2826,0.0373,0.0583
702106,Donovan McIntyre,0.0579,0.0548,0.0106,0.0105,0.1606,-0.2,0.413,0.0469,0.0515
800478,Kleimir Lemos,0.0676,0.07,0.0095,0.0148,0.1842,12.6,0.314,0.0286,0.069
821277,Jose Camacho,0.069,0.0635,0.0102,0.0128,0.1917,17.6,0.332,0.0571,0.0612
692491,Endri Garcia,0.0718,0.0709,0.011,0.0154,0.1903,14.3,0.3352,0.0419,0.0722
800360,Reminton Batista,0.0639,0.0619,0.0133,0.0103,0.1798,7.0,0.343,0.0415,0.0568
820975,Wilmeyber Penuela,0.0576,0.0527,0.0097,0.0068,0.1614,-2.2,0.3735,0.044,0.0408
815901,Eduardo Herrera,0.0553,0.0538,0.0077,0.0096,0.1591,-4.4,0.388,0.0422,0.048
815022,Diover De Aza,0.0545,0.0496,0.0083,0.0058,0.1493,-6.9,0.4159,0.041,0.0355
699053,Christopher Espinola,0.0687,0.0684,0.0101,0.0136,0.1901,17.0,0.3278,0.0435,0.0662
700998,Dayton Dooney,0.0683,0.0648,0.0083,0.0104,0.1918,16.9,0.3405,0.0487,0.0625
808038,Railin Tea,0.0641,0.0597,0.0145,0.0073,0.1788,9.3,0.3003,0.0392,0.0482
800309,Andres Hernandez,0.0593,0.0559,0.0096,0.0092,0.1616,-5.0,0.3723,0.0451,0.0478
808050,Luis Vicioso,0.0664,0.066,0.0084,0.0112,0.1837,11.4,0.3115,0.0348,0.059
815007,Jose Familia,0.0577,0.051,0.0087,0.0074,0.156,-7.2,0.4037,0.0542,0.0408
800287,Andy Encarnacion,0.0651,0.0624,0.0099,0.0094,0.1808,8.2,0.3237,0.0426,0.054
821139,Luis De La Cruz,0.0633,0.0631,0.0104,0.0123,0.176,9.0,0.3572,0.0383,0.0596
800131,Jesus Correa,0.0637,0.0595,0.0101,0.0085,0.1782,4.6,0.342,0.0456,0.048
821629,Anderson Garcia,0.0593,0.0566,0.0083,0.0103,0.1623,-4.9,0.421,0.0429,0.0518
700320,Fidel Montero,0.0655,0.0603,0.0171,0.0144,0.1682,1.4,0.4635,0.0626,0.0636
805656,Cesar D'Oleo,0.0657,0.0588,0.0099,0.0109,0.1807,8.7,0.3677,0.067,0.054
805108,Deivis Mosquera,0.0632,0.0607,0.0098,0.0107,0.1809,9.0,0.3407,0.0467,0.0559
808675,Ramon Ramirez,0.0763,0.0752,0.0093,0.0175,0.2068,23.8,0.2831,0.0532,0.0807
806867,Abel Lorenzo,0.0694,0.0655,0.011,0.0132,0.1805,9.1,0.3811,0.0527,0.0631
808004,Anielson Buten,0.0655,0.0653,0.01,0.0113,0.1812,4.2,0.3474,0.0328,0.0581
703906,Andry Javier,0.0688,0.0593,0.0124,0.007,0.1897,15.4,0.2669,0.064,0.0453
800298,Christopher Orelin,0.0577,0.0521,0.01,0.005,0.1621,-4.8,0.3208,0.0453,0.0364
810048,Joswuill Rondon,0.0674,0.0662,0.0105,0.0129,0.1825,10.6,0.3189,0.0382,0.0624
802082,Julio Henriquez,0.0662,0.0615,0.0139,0.0105,0.1873,13.4,0.318,0.0528,0.0564
702895,Geuri Lubo,0.0635,0.0617,0.012,0.0081,0.1781,9.2,0.267,0.0326,0.0486
815201,Yariell Almanzar,0.0539,0.0502,0.0093,0.0053,0.1496,-10.3,0.3582,0.034,0.0353
674677,Trey Harris,0.1155,0.1117,0.0124,0.0226,0.2784,74.4,0.2308,0.0568,0.1189
802100,Kendry Feliz,0.0661,0.0597,0.0114,0.0084,0.1873,12.6,0.3143,0.0567,0.0505
808105,Alex Acosta,0.0663,0.0645,0.0091,0.0132,0.1774,12.0,0.3473,0.0441,0.0616
821273,Edward Florentino,0.0712,0.066,0.0096,0.0144,0.1962,19.6,0.3446,0.0695,0.0696
808075,Daris Cordero,0.0561,0.0536,0.0076,0.0095,0.1537,-7.9,0.4379,0.042,0.0475
703727,Luis Barett,0.0677,0.0632,0.0095,0.0123,0.1808,10.2,0.3395,0.0562,0.059
820925,Fabian Alcantara,0.0587,0.0566,0.0095,0.0132,0.1565,-1.6,0.454,0.0489,0.0581
699112,Jose Serrano,0.0695,0.0656,0.0093,0.0094,0.1933,13.2,0.3284,0.043,0.0601
808320,Moises Semerite,0.0597,0.0567,0.0101,0.0102,0.162,-6.4,0.4298,0.0452,0.0531
668843,Conner Capel,0.267,0.2545,0.0615,0.0611,0.2972,87.9,0.236,0.0904,0.1438
821136,Handelfry Encarnacion,0.0663,0.0633,0.01,0.0137,0.1807,11.7,0.3529,0.0574,0.0638
692456,Eliesel Santana,0.0683,0.0659,0.0105,0.0119,0.1856,12.7,0.3209,0.0454,0.0604
808553,John Estevez,0.0704,0.0618,0.0093,0.0115,0.1839,10.4,0.3611,0.0684,0.0577
804695,Andres Tabares,0.0653,0.0594,0.011,0.0104,0.179,6.8,0.343,0.0591,0.0523
800133,Louis Pierre,0.058,0.0524,0.0111,0.009,0.1587,-4.1,0.4288,0.054,0.0462
815182,Haniel German,0.0664,0.0678,0.0088,0.0147,0.1767,11.5,0.3467,0.0338,0.0664
807956,Reynaldo De La Paz,0.0594,0.0544,0.0075,0.0087,0.1702,5.1,0.3904,0.052,0.0489
700027,Carlos Jimenez,0.0718,0.0735,0.0096,0.0175,0.1922,16.6,0.3049,0.0406,0.0777
808258,Jelson Coca,0.0564,0.0511,0.0099,0.0049,0.1586,-4.1,0.3324,0.041,0.0361
821192,Zeus Nunez,0.0529,0.0536,0.0077,0.0106,0.1464,-6.3,0.4337,0.0328,0.0491
694190,Jhonny Piron,0.0677,0.0656,0.0139,0.0138,0.1822,13.8,0.3496,0.0484,0.0661
806120,Kyle Henley,0.0627,0.06,0.0187,0.012,0.1673,-2.8,0.4139,0.0393,0.0567
821380,Pedro Blanco,0.0693,0.0712,0.0091,0.0167,0.1825,11.3,0.362,0.039,0.0742
694044,Carlos Vicioso,0.0657,0.0623,0.0165,0.0122,0.179,7.8,0.3453,0.0497,0.0605
821164,Yaxson Lucena,0.0647,0.0649,0.0086,0.013,0.178,11.3,0.3265,0.0376,0.0599
800342,Yirber Ruiz,0.0668,0.0636,0.0109,0.0137,0.1802,9.0,0.3657,0.0543,0.0639
808077,Jonathan Taveras,0.0565,0.0537,0.0121,0.0053,0.1587,-5.9,0.3298,0.0321,0.0378
672596,Robert Perez Jr.,0.1776,0.1758,0.0172,0.0475,0.2812,81.4,0.309,0.0676,0.1452
808504,Andru Arthur,0.064,0.059,0.0104,0.0103,0.1777,11.1,0.3631,0.0515,0.0519
682881,Angel Cruz,0.0652,0.0647,0.01,0.0095,0.188,14.5,0.2813,0.0296,0.0565
808140,Reniel Diaz,0.0595,0.059,0.0088,0.0135,0.1584,-4.8,0.4385,0.0429,0.0601
699721,Jorge Garcia,0.0658,0.0648,0.0101,0.0116,0.1823,9.8,0.3444,0.037,0.0603
821085,Jhoan Peguero,0.0662,0.0622,0.0105,0.0102,0.1814,7.3,0.343,0.0469,0.0554
692424,Santiago Millan,0.0672,0.0677,0.0105,0.015,0.1819,11.9,0.3585,0.0428,0.0674
800524,Toby Simmons,0.0639,0.0621,0.0166,0.0124,0.1773,5.3,0.3888,0.0457,0.0617
703201,Henry Ramos,0.064,0.0598,0.012,0.0092,0.1777,3.6,0.3337,0.0459,0.0524
813976,Yensi Reyes,0.0705,0.0701,0.0096,0.0162,0.1934,3.8,0.3559,0.0446,0.0754
701106,Chase Valentine,0.0663,0.0605,0.0098,0.0081,0.1877,17.1,0.3522,0.0511,0.0532
806997,Yerlin Luis,0.0636,0.0527,0.0108,0.0087,0.1778,7.8,0.4175,0.0826,0.0462
691865,Moises Gallardo,0.0624,0.0607,0.0086,0.0141,0.1738,5.7,0.4087,0.0543,0.0661
806823,Sheng-En Lin,0.0603,0.0544,0.0114,0.0075,0.1672,-2.9,0.3755,0.0484,0.0431
805129,Andres Lacruz,0.0649,0.0586,0.0121,0.011,0.1745,4.9,0.398,0.0615,0.0538
821147,Josue Brito,0.0676,0.0641,0.0112,0.014,0.1804,6.6,0.3743,0.0559,0.0649
821685,Alver Medina,0.0572,0.0556,0.0098,0.0097,0.1571,-5.1,0.4017,0.036,0.0484
808303,Danny Puerta,0.0636,0.0595,0.0099,0.0096,0.1772,8.7,0.3337,0.047,0.0518
698990,Enmanuel Ramirez,0.0657,0.067,0.0094,0.0138,0.181,9.4,0.305,0.0365,0.0666
692406,Felix Taveras,0.0728,0.0755,0.011,0.0196,0.1928,18.6,0.3484,0.0413,0.0852
692602,Jose Ochoa,0.0609,0.0587,0.0096,0.009,0.1737,4.6,0.3474,0.0395,0.0507
809683,Luis Quesada,0.0697,0.0679,0.0086,0.0175,0.1849,14.6,0.3742,0.0539,0.0754
691493,Jairo Mendez,0.0668,0.0663,0.0114,0.0136,0.184,8.4,0.36,0.0406,0.0671
800405,Railin Tejada,0.0631,0.0612,0.0076,0.0109,0.1732,4.0,0.3726,0.043,0.0552
808695,Enmanuel Santos,0.0662,0.0663,0.0104,0.0134,0.1799,5.0,0.3373,0.0367,0.0648
698969,Diego Villegas,0.0656,0.0593,0.0091,0.0093,0.1851,14.6,0.3338,0.0613,0.0528
821610,Juan Colorado,0.0549,0.0541,0.0075,0.0088,0.1563,-3.1,0.4206,0.0329,0.0465
820856,Alexander Mambel,0.0711,0.0759,0.0087,0.0164,0.1912,14.2,0.2609,0.021,0.0757
691496,Omar Nuel,0.0679,0.0703,0.0111,0.0163,0.184,10.0,0.3536,0.0338,0.0733
691420,Samuel Parra,0.063,0.0612,0.0094,0.0102,0.1752,6.2,0.3568,0.0416,0.0547
699176,Kevin Santos,0.0636,0.0613,0.0089,0.0133,0.1734,3.8,0.4144,0.0533,0.0622
821699,Manuel De Cesare,0.0576,0.0588,0.0075,0.0094,0.1645,6.4,0.3433,0.0258,0.0494
800138,Nestor Chevalier,0.0646,0.0607,0.0098,0.012,0.1766,5.9,0.378,0.0555,0.0573
698963,Mauricio Pierre,0.0697,0.0719,0.0115,0.0178,0.1863,15.1,0.3587,0.041,0.0779
698948,Victor Celedonio,0.0612,0.0589,0.0111,0.0084,0.1717,2.7,0.3049,0.0342,0.0484
691422,Kevin Rivas,0.0607,0.0539,0.0104,0.006,0.173,5.1,0.3852,0.0538,0.0419
821613,Luis Fragoza,0.0633,0.0573,0.0131,0.0104,0.1744,5.9,0.3911,0.0529,0.053
820990,Ismael Del Rosario,0.0546,0.0518,0.0097,0.0099,0.1479,-8.1,0.4581,0.045,0.0466
691454,Jesus Machado,0.0626,0.0582,0.0114,0.0095,0.1785,7.9,0.3639,0.0489,0.0508
702096,Raul Guzman,0.064,0.0608,0.0114,0.0105,0.1762,6.9,0.3518,0.0472,0.0551
815905,Belfi Rivera,0.0591,0.056,0.0086,0.009,0.1603,-3.7,0.4023,0.043,0.0476
801265,Robert Perez,0.0622,0.0634,0.0104,0.0138,0.1724,2.0,0.3918,0.0381,0.0645
699005,John Zorrilla,0.056,0.0518,0.0099,0.009,0.1542,-10.6,0.4405,0.0537,0.0464
693782,Luis Freitez,0.0605,0.0561,0.009,0.0105,0.1679,5.9,0.3905,0.0489,0.0524
803426,Carlos Cauro,0.0686,0.0654,0.0074,0.0137,0.1826,10.6,0.3688,0.0534,0.0645
808338,Pedro Ibarguen,0.0654,0.061,0.0107,0.0107,0.1824,10.6,0.3581,0.0546,0.0546
808393,Carlos Concepcion,0.0645,0.065,0.0085,0.0136,0.1798,10.5,0.369,0.04,0.0644
691919,Ewry Espinal,0.0644,0.0574,0.0099,0.0119,0.1755,4.3,0.4352,0.073,0.0586
800186,Moises Molero,0.0622,0.0587,0.0074,0.009,0.1741,5.4,0.3446,0.0476,0.0487
802091,Manuel German,0.0655,0.0664,0.0077,0.014,0.1788,4.3,0.3344,0.036,0.0667
821642,Manni Ramirez,0.0635,0.0639,0.0072,0.0146,0.1708,5.6,0.3885,0.0363,0.0654
698954,Eliam Sandoval,0.0682,0.0712,0.0103,0.0178,0.1836,13.9,0.3666,0.0381,0.0778
821143,Frandy Lafond,0.0653,0.0642,0.0128,0.0145,0.1766,9.0,0.3817,0.0463,0.0647
701648,Aaron Zavala,0.1993,0.1688,0.0254,0.0357,0.284,82.6,0.3151,0.1107,0.1157
699285,Junior Del Valle,0.0672,0.0663,0.0107,0.0125,0.1837,11.6,0.3134,0.0382,0.0626
823731,Edwin Darville,0.0575,0.0482,0.0097,0.0055,0.1584,-8.9,0.435,0.0609,0.0372
802016,Elian Cortorreal,0.0668,0.0558,0.0112,0.0066,0.1816,9.5,0.317,0.067,0.0424
814229,Moises Valdez,0.0601,0.0554,0.0093,0.0079,0.1682,4.0,0.3622,0.0477,0.0444
821034,Oscar Aponte,0.0639,0.0643,0.0136,0.0121,0.1742,6.6,0.3116,0.028,0.0586
808708,Marcelo Alcala,0.0608,0.0601,0.0093,0.0136,0.1708,1.5,0.4223,0.0453,0.0626
800268,Moises Febrillet,0.0559,0.0532,0.0125,0.009,0.1534,-7.0,0.4295,0.0421,0.0471
812461,Frandy Duran,0.0607,0.0586,0.0085,0.0109,0.1706,3.5,0.3576,0.0455,0.0533
692548,Lewin De La Cruz,0.0638,0.0574,0.0121,0.0079,0.1774,6.2,0.3272,0.0549,0.0474
821809,Saul Gomez,0.0657,0.0629,0.0085,0.0113,0.1811,12.9,0.3379,0.0426,0.0554
800264,Marco Marcelino,0.0637,0.0599,0.0096,0.0123,0.1694,1.1,0.4021,0.0535,0.0563
690958,Drew Bowser,0.0685,0.0685,0.0077,0.0169,0.1859,16.2,0.434,0.0526,0.0781
820851,Denilson Aguila,0.0551,0.0513,0.012,0.0058,0.154,-7.3,0.361,0.032,0.0362
821683,David Carrera,0.0628,0.0591,0.0115,0.0106,0.1696,4.4,0.3884,0.042,0.0542
800296,Junior Quezada,0.0621,0.0599,0.0099,0.0097,0.1774,7.2,0.3279,0.0412,0.0511
821028,Estivenzon Montero,0.0632,0.0611,0.0093,0.0125,0.1697,4.5,0.3878,0.043,0.0587
808711,Eyke Ugueto,0.0583,0.0519,0.01,0.0053,0.1674,-0.7,0.3337,0.0467,0.0377
692658,Isaias Dipre,0.0686,0.0671,0.0108,0.0132,0.1885,12.6,0.3441,0.0465,0.0675
821607,Jose Marcano,0.0687,0.0637,0.0077,0.011,0.1906,19.5,0.2768,0.0494,0.0566
800368,Gery Holguin,0.0622,0.0586,0.0088,0.0107,0.1724,4.1,0.3737,0.0542,0.0534
821076,Anderson Tovar,0.0684,0.0674,0.0135,0.01,0.1962,8.1,0.2542,0.0235,0.0579
821665,Angel Garcia,0.0629,0.0596,0.009,0.0118,0.169,4.3,0.3887,0.0466,0.0559
699165,Yeison Perez,0.0689,0.0711,0.0086,0.0154,0.1873,13.7,0.3482,0.0358,0.0745
679552,Arturo Guerrero,0.0644,0.0642,0.0112,0.0144,0.1735,6.1,0.3837,0.04,0.0658
692837,Jesus Ortega,0.0666,0.067,0.0126,0.0139,0.1777,6.6,0.3453,0.035,0.0645
700367,Randy Perea,0.0592,0.0562,0.0152,0.0093,0.1667,-0.3,0.4094,0.0422,0.0492
698978,Derwin Laya,0.0698,0.0695,0.0087,0.0151,0.1922,20.2,0.3123,0.0464,0.0711
801462,Ryan Castillo,0.065,0.066,0.0073,0.0147,0.181,8.7,0.3631,0.0402,0.0658
800134,Kevin Dume,0.0607,0.0569,0.0064,0.0123,0.1692,4.4,0.4232,0.059,0.0566
815900,Victor Hurtado,0.064,0.0641,0.0087,0.0137,0.1761,8.0,0.3343,0.0406,0.0634
692430,Jose Pena,0.0638,0.0628,0.0116,0.0146,0.1696,4.4,0.3903,0.048,0.0639
827326,Yorman Licourt,0.0625,0.0622,0.007,0.013,0.17,4.2,0.4029,0.0399,0.0603
699012,Rodolfo De La Cruz,0.0633,0.0617,0.0105,0.0143,0.1702,0.6,0.4232,0.0541,0.0655
677570,Aaron Bracho,0.1602,0.1556,0.0117,0.036,0.2462,55.1,0.278,0.0691,0.109
698935,Yasmil Bucce,0.0635,0.0593,0.0087,0.0103,0.1765,9.3,0.3247,0.0516,0.0525
820942,Jesmaylin Arias,0.0617,0.0605,0.0078,0.0109,0.1705,7.8,0.3613,0.0369,0.0551
821797,Juan Martinez,0.0552,0.051,0.008,0.0093,0.1505,-5.7,0.4493,0.0469,0.0457
692360,Oswaldo Ladera,0.0605,0.0593,0.009,0.0116,0.1673,1.7,0.4107,0.0411,0.0574
815004,Maylerson Casanova,0.0547,0.0509,0.011,0.0074,0.1479,-12.6,0.4102,0.0382,0.0402
692074,Luis Marinez,0.0649,0.0596,0.0094,0.0134,0.176,11.6,0.414,0.0609,0.0648
814259,Derek Cueto,0.0562,0.0522,0.0151,0.0094,0.1569,-6.3,0.4149,0.05,0.0486
800261,Angel Rodriguez,0.0628,0.0617,0.0089,0.0112,0.1732,2.7,0.3709,0.0393,0.0574
807645,Adolfo Sanchez,0.0607,0.0582,0.0096,0.013,0.1626,-6.0,0.4481,0.0504,0.0588
692598,Newremberg Rondon,0.0644,0.0634,0.0076,0.0102,0.1858,13.0,0.2875,0.0376,0.0572
805467,Angel Feliz,0.0641,0.0633,0.0085,0.0127,0.1764,-1.0,0.3757,0.0411,0.0609
682758,Luis Rubio,0.0643,0.0576,0.013,0.0058,0.1818,10.2,0.2756,0.0479,0.0416
699078,Luis Ariza,0.0641,0.0624,0.0092,0.0107,0.1766,10.1,0.3373,0.0411,0.0563
684226,Lizardo Ruiz,0.0651,0.0632,0.0107,0.0089,0.1827,11.4,0.2684,0.0357,0.0508
694048,Randel Mondesi,0.0643,0.0646,0.0103,0.0143,0.1738,4.2,0.3773,0.0404,0.0644
698950,Jediael Maduro,0.0686,0.0656,0.0093,0.013,0.1899,18.1,0.3197,0.0534,0.0636
802528,Agustin Acosta,0.0679,0.0644,0.011,0.0141,0.1772,7.9,0.3992,0.0563,0.064
699056,Ronald Pena,0.065,0.0622,0.0112,0.0108,0.1797,9.5,0.3401,0.047,0.0567
808683,Omar Reyes,0.0673,0.0554,0.0101,0.0053,0.1901,12.1,0.2858,0.0715,0.0411
808392,Santiago Pinto,0.0576,0.0571,0.0111,0.0112,0.1596,-6.3,0.418,0.0377,0.0543
691266,Brayan Altuve,0.0671,0.0706,0.0115,0.0179,0.1781,9.4,0.3628,0.0346,0.0763
808028,Daniel Mielcarek,0.0588,0.0538,0.0103,0.0097,0.1538,-6.6,0.4454,0.0493,0.0465
808322,Juan Uribe,0.0542,0.0454,0.009,0.0049,0.152,-8.7,0.4315,0.06,0.0322
801262,Carlos Gonzalez,0.0593,0.055,0.007,0.0106,0.1639,4.0,0.4063,0.0557,0.0517
823850,Robinson Chacon,0.0625,0.0602,0.0093,0.0094,0.1735,2.9,0.3343,0.0369,0.0504
700330,Jhoan Contreras,0.067,0.0662,0.009,0.0127,0.1848,11.9,0.3286,0.0419,0.0634
815895,Adriel Radney,0.0642,0.0616,0.0088,0.0096,0.176,6.9,0.3314,0.04,0.0519
821014,Gabriel Cesa,0.0588,0.0545,0.0119,0.0089,0.1548,-6.9,0.4078,0.0419,0.0451
800417,Juan Martínez,0.063,0.0607,0.0084,0.0126,0.1704,2.3,0.3814,0.0513,0.0592
821620,Evan Estevez,0.0602,0.0592,0.0083,0.0107,0.1709,6.8,0.3933,0.0379,0.0542
800472,Maximo Maria,0.0641,0.0614,0.011,0.0139,0.1704,2.0,0.4213,0.0527,0.0627
698951,Saul Bautista,0.0609,0.0596,0.0128,0.0108,0.167,1.3,0.3987,0.0398,0.0552
682715,Erick Tejeda,0.0714,0.0721,0.0097,0.017,0.194,18.9,0.3211,0.0452,0.0755
691452,Ricardo Hurtado,0.063,0.0543,0.0089,0.0087,0.1814,11.6,0.319,0.0683,0.0489
805236,Erick Bautista,0.0738,0.0758,0.0093,0.0217,0.1968,6.9,0.4215,0.0499,0.093
823869,Marwin Rivero,0.063,0.0573,0.013,0.0095,0.1724,2.2,0.3688,0.0519,0.0498
805053,Joselin Payano,0.067,0.0637,0.008,0.012,0.1829,10.9,0.3444,0.0503,0.0604
821259,Angel Gonzalez,0.0633,0.0593,0.0107,0.0121,0.1725,6.2,0.3712,0.0564,0.0569
699278,Andres Centeno,0.0648,0.0644,0.01,0.0145,0.172,4.5,0.3863,0.0417,0.0664
807006,Edwin Solano,0.0533,0.0493,0.0085,0.0058,0.1508,-11.6,0.3642,0.0409,0.036
800369,Cristian Benavides,0.0609,0.0592,0.0112,0.0099,0.1707,4.5,0.3486,0.0369,0.051
808147,Breiny Ramírez,0.0611,0.0594,0.012,0.0114,0.1644,-1.3,0.3921,0.0406,0.0539
815019,Angel Ventura,0.0619,0.0602,0.0144,0.0112,0.1656,1.6,0.3717,0.032,0.0532
802102,Arnold Prado,0.0622,0.0615,0.0096,0.0126,0.175,6.3,0.3786,0.0412,0.0589
692655,Jarol Martinez,0.0625,0.0588,0.0096,0.01,0.1711,2.1,0.3689,0.0473,0.0516
814376,Alfredo Guanchez,0.0683,0.0619,0.0139,0.0102,0.1854,13.2,0.3468,0.057,0.0543
800504,Carlos Tirado,0.0679,0.0637,0.008,0.0121,0.1884,12.5,0.3404,0.0604,0.0621
812161,Jose Castro,0.0621,0.0605,0.0118,0.0129,0.1616,-3.5,0.4271,0.0404,0.0582
694225,Maikol Munoz,0.067,0.0681,0.0087,0.0144,0.1804,10.4,0.3492,0.0376,0.0665
808304,Nixson Cueche,0.0677,0.0644,0.0093,0.0098,0.1878,11.4,0.2769,0.0446,0.0548
699315,Sebastian Castro,0.0611,0.0557,0.0102,0.0106,0.164,1.5,0.4347,0.0595,0.052
692580,Oscar Cedeno,0.0663,0.0649,0.0112,0.0128,0.1808,11.3,0.3142,0.0422,0.0616
814224,Juan Pulinario,0.061,0.0605,0.0097,0.0118,0.1665,0.7,0.402,0.0382,0.057
800159,Adrian Reyes,0.0625,0.0598,0.0074,0.0132,0.1698,-1.8,0.4346,0.0578,0.0629
821030,Jonathan Moya,0.0601,0.0622,0.008,0.0137,0.1674,1.5,0.3951,0.0312,0.0628
808086,Elvis Rojas,0.063,0.0598,0.0099,0.0101,0.1738,4.6,0.3574,0.0463,0.0519
694189,Rickardo Perez,0.0709,0.0664,0.0095,0.0118,0.1894,14.4,0.2687,0.0516,0.0589
807981,Yosmar Gimenez,0.0659,0.0591,0.0108,0.0095,0.1864,13.0,0.3213,0.0635,0.0513
801381,Kevin Novoa,0.0643,0.0556,0.009,0.0077,0.181,11.3,0.3236,0.063,0.0449
805740,Andres Bonolis,0.0618,0.0569,0.0087,0.0118,0.1682,1.2,0.4244,0.0598,0.0557
698995,Dayker Baldallo,0.0565,0.0488,0.0082,0.0045,0.1664,1.8,0.3296,0.0583,0.0333
808217,Brailin Pascual,0.0539,0.053,0.0096,0.0067,0.1503,-11.0,0.3885,0.0269,0.0404
806977,Janero Miller,0.054,0.0526,0.0088,0.009,0.1529,-11.3,0.4625,0.0383,0.0476
807837,Cristopfer Gonzalez,0.0675,0.0651,0.0096,0.0124,0.1802,8.9,0.3419,0.0455,0.0612
821694,Kevin Robledo,0.0671,0.0628,0.008,0.0161,0.1854,12.8,0.3957,0.0739,0.0719
700020,Dario Borrero,0.0653,0.0665,0.009,0.0125,0.1805,10.9,0.2926,0.03,0.061
808325,Pedro Tovar,0.0604,0.0587,0.0093,0.0095,0.1683,1.1,0.3872,0.041,0.0521
808235,Carlos Tavares,0.0636,0.0613,0.0084,0.0115,0.1802,8.4,0.347,0.0481,0.0579
703184,Erick Hernandez,0.0611,0.059,0.0097,0.0106,0.169,2.3,0.3578,0.0405,0.0526
800326,Elian Garcia,0.0617,0.0563,0.0092,0.0098,0.1638,-2.7,0.386,0.0513,0.0494
808631,Frederik Jimenez,0.0676,0.067,0.0091,0.0135,0.1807,4.4,0.3663,0.0425,0.0667
699113,Brayan Rijo,0.0636,0.0642,0.0111,0.0117,0.1764,2.1,0.3692,0.0323,0.0583
678276,Jose Ferrer,0.0693,0.0655,0.0094,0.0107,0.1877,13.4,0.3143,0.0456,0.0629
808272,Carlos Monteverde,0.0683,0.0626,0.0081,0.0105,0.1806,8.2,0.3573,0.0514,0.0556
808293,Albert Alberto,0.0604,0.0566,0.0082,0.0114,0.1675,-0.6,0.4158,0.0553,0.055
807969,Jjam Alvarez,0.0697,0.0659,0.0088,0.01,0.2024,12.2,0.2831,0.0401,0.0568
702211,Jhon Imbert,0.0642,0.0588,0.0109,0.0134,0.1698,1.9,0.449,0.0665,0.0601
808236,Luiyin Alastre,0.0671,0.0616,0.0112,0.0073,0.1912,16.5,0.2488,0.05,0.0471
821183,Rocky Solano,0.0611,0.0599,0.0111,0.0103,0.1678,2.2,0.3364,0.034,0.0521
800343,Jose Sanabria,0.0617,0.0589,0.0119,0.0113,0.1678,2.2,0.3671,0.045,0.0543
808688,Daniel Gaitor,0.0613,0.0589,0.0118,0.012,0.167,-1.3,0.425,0.0473,0.0581
808271,Jose Marchan,0.0614,0.0586,0.0114,0.0108,0.1678,2.2,0.3688,0.044,0.0533
821086,Samuel Estevez,0.0567,0.0525,0.0119,0.0088,0.1527,-9.4,0.4426,0.0432,0.0446
691274,Ronal Antigua,0.061,0.0568,0.009,0.01,0.1681,0.2,0.3992,0.0523,0.051
821796,Kendrick Hernandez,0.0521,0.049,0.0082,0.0087,0.1454,-14.0,0.4553,0.0453,0.0433
808146,Yelserth Ayala,0.0629,0.0581,0.0157,0.0053,0.1783,7.6,0.2811,0.0371,0.0399
699307,Yohenny Mata,0.0645,0.0638,0.0095,0.0097,0.1792,9.5,0.2786,0.0331,0.0533
821803,Carlos Villarroel,0.0643,0.062,0.0088,0.0116,0.1745,7.9,0.3436,0.041,0.0561
808353,Rafael Alvarez,0.063,0.0587,0.0086,0.0137,0.1763,5.4,0.3994,0.064,0.0615
815923,Bralyn Brazoban,0.0548,0.0523,0.0097,0.0083,0.1526,-9.8,0.4191,0.0413,0.0442
808709,Sandy Ruiz,0.0632,0.06,0.0095,0.0107,0.1742,2.6,0.3449,0.0472,0.0539
814696,Jaron Elkins,0.0653,0.0624,0.014,0.0139,0.1684,3.2,0.43,0.0474,0.0618
802079,Jose Medina,0.0625,0.0545,0.0074,0.0067,0.1778,4.7,0.3296,0.0603,0.0419
805103,Jose Gerardo,0.0669,0.0673,0.0149,0.0172,0.1815,8.2,0.4175,0.0487,0.0754
691655,Fabian Machado,0.0651,0.0633,0.0096,0.0123,0.1763,8.8,0.3584,0.0435,0.0606
692582,Emilio Taveras,0.0653,0.0628,0.0085,0.0137,0.1769,7.3,0.3766,0.0577,0.0644
806647,Ramses Velazquez,0.0621,0.0552,0.0095,0.0113,0.1675,1.6,0.4209,0.0693,0.0539
807379,Paris Johnson,0.0615,0.0609,0.0097,0.0132,0.1662,1.1,0.409,0.042,0.0613
800372,Angel Pereira,0.0588,0.0543,0.0112,0.0078,0.1647,-0.3,0.3732,0.0432,0.0437
808124,Abelardo Medrano,0.0588,0.0585,0.0092,0.0116,0.1636,-1.2,0.3733,0.0372,0.0568
698975,Brayan Ferrer,0.0629,0.0577,0.0092,0.0073,0.1763,7.1,0.304,0.0478,0.0466
800337,Yorfran Medina,0.0723,0.0696,0.0074,0.0192,0.1843,11.6,0.4336,0.063,0.081
807646,Brayan Joseph,0.0561,0.0522,0.0109,0.0057,0.1557,-10.6,0.3399,0.0343,0.0371
821042,Juan Espinal,0.0574,0.0526,0.0108,0.0103,0.1492,-10.6,0.48,0.0479,0.0477
691401,Jesus Torres,0.0638,0.0653,0.0109,0.0128,0.1761,0.9,0.3651,0.0287,0.0622
692634,Enger Castellano,0.0648,0.0617,0.0102,0.0118,0.1738,4.8,0.374,0.0495,0.059
806523,Bernardo Zabala,0.0657,0.0632,0.0089,0.0119,0.1789,7.0,0.3104,0.0469,0.0578
808324,Hector Liriano,0.0609,0.0588,0.0084,0.0112,0.1685,2.8,0.3929,0.0446,0.0551
694223,Starlin Aguilar,0.0643,0.0628,0.0084,0.0119,0.1794,14.7,0.3299,0.0436,0.0589
823931,Leroy Escalante,0.0613,0.0614,0.0113,0.0134,0.1654,0.6,0.4051,0.037,0.0604
808152,Richard Meran,0.0598,0.0575,0.0096,0.0111,0.161,-1.6,0.4253,0.039,0.0529
807820,Niurby Asigen,0.0651,0.0617,0.0096,0.0122,0.1728,3.8,0.3632,0.051,0.0577
808039,Eduardo Perez,0.0632,0.0667,0.0079,0.0162,0.1651,-1.6,0.4367,0.0299,0.0695
821149,Frederi Montero,0.0633,0.0596,0.0096,0.0088,0.178,10.0,0.3124,0.0463,0.0497
820783,Eddy Perez,0.0531,0.0525,0.0097,0.0093,0.1448,-13.6,0.4598,0.032,0.047
692450,Juan Garcia,0.0645,0.0633,0.0096,0.0132,0.1766,6.3,0.3643,0.0461,0.0636
821243,Carlos Carrasquel,0.0646,0.064,0.0076,0.0101,0.1796,6.1,0.3271,0.0309,0.054
800123,Jose Colmenarez,0.064,0.0626,0.0089,0.0088,0.1781,6.5,0.2702,0.0315,0.0504
808490,Anthony Rodriguez,0.0607,0.0643,0.0084,0.0151,0.1626,-4.2,0.3907,0.0293,0.0664
680273,Chris Meyers,0.1958,0.1967,0.0146,0.0491,0.2703,72.1,0.259,0.0589,0.1279
821822,Johmphy De La Cruz,0.0517,0.0446,0.0105,0.0044,0.1445,-13.9,0.4441,0.049,0.0305
808517,Alexander Garcia,0.0577,0.0538,0.0084,0.0058,0.164,0.4,0.3389,0.0373,0.0383
806104,Ramon Moreno,0.0596,0.0557,0.0117,0.0111,0.1616,-3.8,0.4524,0.0539,0.0532
820994,Brayan Amoroso,0.0593,0.0586,0.0077,0.0107,0.1641,2.0,0.3922,0.0376,0.0522
808494,Khris Almonte,0.0603,0.0607,0.0121,0.0117,0.1639,-0.5,0.3663,0.029,0.0557
806990,Tony Ruiz,0.0644,0.0651,0.0077,0.0138,0.1752,1.8,0.3987,0.0373,0.0664
685725,Natanael Santana,0.0609,0.0594,0.014,0.0126,0.1633,-0.9,0.4118,0.041,0.0581
572761,Matt Carpenter,0.4546,0.4357,0.0284,0.1229,0.3048,94.9,0.2911,0.119,0.1586
815002,Freiderman Aguilera,0.0558,0.0542,0.011,0.0104,0.1485,-12.2,0.4468,0.0362,0.0494
808291,Tyler Rodriguez,0.0669,0.0589,0.0136,0.0092,0.1862,15.5,0.2933,0.0625,0.0493
807831,Aniel Mendoza,0.0681,0.0682,0.0088,0.0156,0.1849,13.9,0.3357,0.045,0.0706
703130,Irving Igualas,0.0574,0.0574,0.0094,0.0104,0.1586,-5.5,0.4098,0.0343,0.0512
691445,Abelaldo Lopez,0.0572,0.0563,0.0087,0.0128,0.1538,-9.3,0.4547,0.046,0.0576
696096,Jose Herrera,0.0633,0.0629,0.0097,0.0149,0.1693,2.5,0.3748,0.0463,0.0659
821761,Dariel Garcia,0.0658,0.0617,0.0116,0.0108,0.1856,0.9,0.3411,0.0441,0.0576
702922,Brayan Oropeza,0.0622,0.0606,0.0088,0.0113,0.1711,3.0,0.3415,0.0433,0.0555
808493,Santiago Contreras,0.0585,0.0542,0.0097,0.0104,0.1585,-2.5,0.4296,0.0517,0.0506
806152,Walker Martin,0.0644,0.0563,0.0086,0.0096,0.1834,15.2,0.4347,0.0688,0.0561
691395,Ray-Jacson Chirino,0.0642,0.0656,0.0085,0.0145,0.1746,2.1,0.383,0.0376,0.0669
808017,Alexander Garcia,0.062,0.0609,0.008,0.0118,0.1705,5.5,0.3861,0.0411,0.0571
808370,Luis Martinez,0.0649,0.058,0.0079,0.0085,0.1783,8.4,0.3534,0.059,0.0489
680693,Grant Lavigne,0.1844,0.1709,0.0173,0.0413,0.2925,74.2,0.2745,0.092,0.1302
820995,Raily Liriano,0.0545,0.0515,0.0096,0.0085,0.1465,-13.0,0.4795,0.041,0.0441
700339,Jonaiker Sandoval,0.0596,0.0612,0.0091,0.0126,0.1612,-4.7,0.3993,0.03,0.0584
808100,Johan Estrada,0.0642,0.0604,0.0114,0.013,0.1732,5.9,0.3835,0.056,0.0607
800069,Javier Roman,0.0616,0.0592,0.0079,0.0094,0.1707,0.9,0.3263,0.0407,0.0515
800290,Samuel Capellan,0.0596,0.0579,0.0104,0.0098,0.1597,-5.6,0.4037,0.036,0.0512
823857,Steven Santos,0.0629,0.0582,0.01,0.0129,0.1682,3.8,0.4101,0.0544,0.0581
808134,Enderson Asencio,0.0627,0.0598,0.0079,0.0121,0.1686,3.8,0.4084,0.0491,0.0577
808212,Albert Gutierrez,0.0637,0.0653,0.007,0.0143,0.1737,5.8,0.3729,0.0387,0.0652
703179,Johan Barrios,0.0603,0.0578,0.0099,0.0082,0.1708,4.3,0.3457,0.0394,0.046
815024,Cristobal Bena,0.0507,0.047,0.0105,0.0052,0.1411,-16.2,0.43,0.034,0.0342
698977,Diego Gonzalez,0.0604,0.0568,0.0091,0.0072,0.1706,3.9,0.3005,0.0425,0.0457
823873,Jose Sabino,0.0632,0.0614,0.0093,0.0126,0.1711,-0.3,0.3657,0.0444,0.0579
698946,Carlos Rodríguez,0.0623,0.0586,0.0101,0.0096,0.1722,5.2,0.3325,0.045,0.0515
702435,Jhosmmel Zue,0.0648,0.0635,0.0093,0.0138,0.173,0.2,0.3787,0.0462,0.0653
808288,Luis Lameda,0.0661,0.0553,0.0099,0.0077,0.1864,13.3,0.3346,0.0793,0.0448
699710,Yoangel Ramos,0.0634,0.0636,0.0101,0.0131,0.1697,1.4,0.3574,0.037,0.0606
802622,Ramon Ramirez,0.0691,0.0668,0.0097,0.0152,0.1856,11.6,0.3792,0.0548,0.0708
808532,Adrian Ibarra,0.0632,0.0644,0.0092,0.0114,0.1766,5.3,0.3288,0.0289,0.0583
807960,Adan Chacon,0.0652,0.0636,0.0073,0.0128,0.1797,1.3,0.3525,0.0475,0.061
692578,Nelson Aranguren,0.0622,0.0598,0.0088,0.0097,0.1728,5.8,0.3313,0.0412,0.0518
805061,Carlos Altuve,0.0612,0.0582,0.0085,0.0093,0.1697,2.1,0.3384,0.0433,0.0487
663905,Travis Blankenhorn,0.2885,0.304,0.0344,0.0968,0.3042,93.5,0.2751,0.0768,0.1747
820974,Phillando Williams,0.0595,0.0545,0.0106,0.0095,0.1654,-1.1,0.3936,0.0544,0.0479
699713,Yemil Rosario,0.0587,0.0524,0.0119,0.0054,0.1653,-1.8,0.36,0.0464,0.0376
700295,Miguel Vargas,0.0656,0.0673,0.0099,0.0157,0.1747,6.5,0.3633,0.0396,0.0677
815927,Jose Ramos,0.0551,0.0488,0.0114,0.0084,0.1513,-5.8,0.4437,0.0539,0.0428
821600,Jesus Premoli,0.0598,0.0638,0.0074,0.0147,0.1686,2.3,0.3523,0.0271,0.0639
800016,Jose Liriano,0.0666,0.0667,0.0081,0.0143,0.1795,6.4,0.3295,0.0433,0.067
815922,Franklin Rojas,0.0646,0.0598,0.0083,0.0102,0.177,9.1,0.3079,0.0509,0.0521
821160,Jesus Lugo,0.0608,0.0609,0.009,0.0126,0.1624,-6.0,0.4041,0.0359,0.0585
808043,Joan Sierra,0.0626,0.0582,0.0096,0.0132,0.1674,5.7,0.4065,0.0579,0.0598
699035,Jensy De Leon,0.0587,0.0555,0.0099,0.0064,0.1688,1.2,0.305,0.0332,0.043
814223,Carlos Blanco,0.062,0.0608,0.009,0.0099,0.1713,4.1,0.3392,0.0357,0.0532
703939,Gregori Cano,0.0623,0.058,0.0084,0.0109,0.169,3.2,0.3987,0.0522,0.0532
699229,Alexander Benua,0.0653,0.0624,0.0132,0.0104,0.179,7.1,0.3393,0.0425,0.0555
692560,Rivaldo Avila,0.0614,0.0599,0.009,0.01,0.1677,-2.9,0.3501,0.0377,0.0525
821801,Rafy Peguero,0.0609,0.0582,0.0078,0.0113,0.1603,-2.2,0.4233,0.0444,0.0525
807824,Adrian Gonzalez,0.0628,0.0591,0.0091,0.0103,0.1691,1.2,0.3525,0.0479,0.0521
808073,Kay Robles,0.0523,0.0542,0.0079,0.0117,0.1401,-16.1,0.4874,0.0278,0.0522
808092,Byron Castillo,0.0577,0.0578,0.01,0.0111,0.1562,-9.7,0.4006,0.0311,0.0528
815121,Alexey Lumpuy,0.0656,0.0622,0.0143,0.0115,0.1788,11.5,0.378,0.0477,0.0632
800542,Angel Pierre,0.0655,0.061,0.0132,0.01,0.1798,7.2,0.3478,0.0475,0.0571
808499,Jean C. Gutierrez,0.0577,0.0587,0.0079,0.0122,0.1565,-4.8,0.4205,0.0333,0.0561
824765,Michael Martinez,0.0603,0.0573,0.0086,0.0095,0.1608,-2.8,0.4063,0.034,0.0491
699711,Dervin Andrade,0.0616,0.0594,0.0092,0.009,0.1686,-0.3,0.2929,0.0375,0.0495
800410,Faruk De La Cruz,0.0615,0.0563,0.0083,0.0073,0.1695,2.0,0.3012,0.0486,0.0441
700297,Gustavo Armas,0.0611,0.0537,0.01,0.0082,0.1706,0.9,0.4061,0.064,0.0457
815857,Jarol Capellan,0.0675,0.0642,0.0084,0.0117,0.1913,4.8,0.3069,0.0411,0.0598
685735,Fernando Diaz,0.0672,0.0705,0.0086,0.0167,0.1795,10.3,0.353,0.031,0.0741
691543,Fabian Urbina,0.0664,0.0636,0.0099,0.0103,0.1854,10.8,0.2803,0.046,0.056
808034,Diego Felix,0.0582,0.0552,0.0121,0.0086,0.1618,-17.5,0.4022,0.0377,0.0485
800151,Delvis Matos,0.0546,0.0558,0.0089,0.0101,0.1518,-10.6,0.3971,0.0276,0.0504
806655,July Vittini,0.0615,0.0564,0.0101,0.0103,0.1677,2.1,0.3511,0.056,0.0512
693745,Francisco Garcia,0.0746,0.0764,0.0098,0.0178,0.2005,9.5,0.321,0.0354,0.0827
691895,Fernando Hernandez,0.065,0.0593,0.0113,0.0081,0.1789,6.8,0.3153,0.0484,0.0483
800258,Axell De Paula,0.0632,0.064,0.0108,0.014,0.1673,0.5,0.422,0.034,0.0628
805130,Johan Contreras,0.0609,0.0562,0.0079,0.0098,0.1627,-2.7,0.4023,0.0514,0.0488
692033,Hugo Sanchez,0.0664,0.0579,0.0097,0.0105,0.1808,12.3,0.3961,0.0744,0.0542
800374,Erick Arosemena,0.0606,0.0595,0.0082,0.0113,0.1683,2.4,0.3896,0.0414,0.056
820873,Frailin Yan,0.0573,0.0524,0.0115,0.01,0.1556,-6.2,0.4482,0.053,0.0475
703340,Carlos Oviedo,0.0608,0.059,0.0084,0.0101,0.1665,3.0,0.3523,0.0421,0.053
821078,José Castro,0.0575,0.0541,0.0091,0.0125,0.1601,-4.2,0.4543,0.0599,0.0557
811231,Adriel Cuello,0.0545,0.0514,0.0096,0.0055,0.1512,-11.0,0.3755,0.0302,0.0363
808115,Bryan Martinez,0.0635,0.0586,0.0162,0.0105,0.1748,5.7,0.3795,0.0481,0.0533
700163,Luis Paredes,0.074,0.0763,0.0104,0.0192,0.1971,13.0,0.347,0.0417,0.084
676480,José Barrero,0.4053,0.4139,0.0848,0.1106,0.278,72.5,0.3104,0.0614,0.1455
699028,Romtres Cabrera,0.0674,0.0672,0.0123,0.0163,0.1789,10.7,0.3985,0.0458,0.0724
808686,Breyias Dean,0.0593,0.0566,0.0075,0.0106,0.1679,-1.2,0.4192,0.0463,0.0535
692393,Justin Guerrero,0.0604,0.0576,0.0088,0.0093,0.1643,0.4,0.3265,0.0416,0.0489
808279,Elian Soto,0.0555,0.0539,0.0082,0.0098,0.1562,-7.7,0.4264,0.0421,0.0492
800541,Jesus Peraza,0.0598,0.0562,0.0093,0.0086,0.1653,-1.8,0.3591,0.0435,0.0465
703905,Johan Ferreira,0.0602,0.0578,0.0107,0.0116,0.1622,-4.0,0.4127,0.0465,0.0552
806518,Guillermo Rosario,0.0636,0.0595,0.0081,0.01,0.1733,2.1,0.3328,0.0497,0.0516
808492,Gustavo Beltran,0.0604,0.0583,0.0085,0.011,0.1654,0.5,0.3566,0.044,0.0528
808078,Fernando Roquez,0.0639,0.0613,0.0076,0.0139,0.1713,3.4,0.4251,0.0572,0.0622
806993,German Ramirez,0.0627,0.0588,0.0102,0.0063,0.1727,3.6,0.2998,0.0334,0.0415
691402,Andruw Salcedo,0.058,0.0552,0.0099,0.0095,0.1626,5.0,0.3528,0.0457,0.0473
692403,Raul Guzman,0.063,0.0593,0.0093,0.0132,0.1688,2.8,0.4179,0.0561,0.0598
691915,Robert De Paula,0.059,0.0594,0.0088,0.0121,0.1609,-5.5,0.4145,0.0347,0.0578
699700,Luis Bolivar,0.0524,0.049,0.0083,0.0077,0.1452,-11.3,0.4584,0.0436,0.0408
693810,Gabriel Bersing,0.0614,0.064,0.0087,0.0152,0.1631,-2.9,0.4204,0.0344,0.0663
800339,Jhonny Perez,0.0601,0.058,0.0094,0.0107,0.1639,-1.0,0.3684,0.0443,0.0521
800513,Jose Fernandez,0.0606,0.0556,0.0099,0.0066,0.1667,0.2,0.3193,0.0426,0.0422
807383,Randy Guzman,0.0596,0.0572,0.0076,0.0124,0.1584,-3.0,0.442,0.0497,0.0567
821031,Robert Santos,0.0565,0.057,0.0117,0.0115,0.1521,-8.6,0.4271,0.031,0.0533
692032,German Guilarte,0.0555,0.0516,0.0071,0.008,0.1541,-5.1,0.3962,0.0446,0.0431
808241,Joan Gutierrez,0.0549,0.049,0.0098,0.0048,0.1539,-8.5,0.3706,0.0485,0.0356
692817,Luis Leones,0.0598,0.0616,0.0099,0.0135,0.164,-6.1,0.4135,0.0329,0.0608
800267,Jose Arias,0.0543,0.0548,0.0116,0.0111,0.144,-15.7,0.4749,0.0317,0.0515
808673,Angel Aquino,0.0553,0.0544,0.0077,0.0086,0.1539,-11.1,0.4186,0.0364,0.0458
806999,Manuel Cabrera,0.0569,0.0523,0.0095,0.0061,0.164,-2.5,0.3363,0.0421,0.04
698979,Eduardo Montero,0.0588,0.0554,0.0089,0.0079,0.1634,-1.7,0.3426,0.0432,0.0451
698943,Wilmer Feliciano,0.0645,0.0655,0.0087,0.0163,0.1734,4.2,0.3966,0.0441,0.0707
807815,Edwarli Brioso,0.0545,0.0528,0.0118,0.0069,0.1509,-9.4,0.3742,0.027,0.0403
800135,Yorfran John,0.0617,0.0594,0.0098,0.0066,0.1754,5.6,0.2558,0.0331,0.0421
692571,Luis Maza,0.0604,0.0526,0.0114,0.0054,0.1693,3.1,0.3361,0.0545,0.0384
695462,Cal Conley,0.1614,0.142,0.0527,0.0191,0.2383,47.0,0.2315,0.0542,0.0824
703156,Tony Blanco Jr.,0.0628,0.0666,0.0074,0.016,0.1701,-0.3,0.4072,0.0349,0.0699
821235,David Freitas,0.0549,0.0543,0.0094,0.01,0.1494,-10.5,0.4219,0.034,0.0482
691906,Brahian Silva,0.0626,0.0566,0.0094,0.0095,0.172,2.8,0.3487,0.0567,0.0495
805042,Andy Colon,0.0534,0.0519,0.0101,0.0105,0.1395,-18.8,0.498,0.039,0.048
808253,Yhoan Escalona,0.0612,0.0555,0.0087,0.0092,0.1654,-0.9,0.3417,0.0532,0.0475
807755,Idalberto Santiesteban,0.0614,0.059,0.0115,0.01,0.1699,3.6,0.3516,0.039,0.0504
681134,Caleb Roberts,0.1769,0.1655,0.0219,0.0369,0.2587,60.6,0.2895,0.0804,0.1121
821015,Christian Sáez,0.0586,0.0571,0.0083,0.0114,0.1593,-1.3,0.3998,0.0426,0.053
816085,Juan Alvarez,0.0611,0.0606,0.0089,0.0119,0.1632,-1.7,0.3853,0.038,0.0558
821824,Herlinton Herrera,0.0658,0.0553,0.0099,0.0053,0.192,5.2,0.2818,0.0607,0.0403
815686,Michael Baez,0.0577,0.0545,0.0079,0.0089,0.1591,-3.8,0.3772,0.042,0.0467
805063,Julio Valdez,0.0548,0.0555,0.0083,0.0119,0.1477,-9.4,0.4538,0.0367,0.0531
808488,Roiber Niazoa,0.0615,0.0585,0.0092,0.0108,0.1616,-2.3,0.3906,0.041,0.0526
800302,Mairoshendrick Martinus,0.0682,0.0696,0.011,0.0141,0.1793,9.3,0.3235,0.0328,0.066
821686,Clay Winklaar,0.0539,0.0523,0.0085,0.0107,0.144,-10.0,0.441,0.0379,0.0482
800373,José Noguera,0.0572,0.0552,0.0089,0.0085,0.1567,-7.2,0.3504,0.0368,0.0448
801256,Danny Gonzalez,0.0614,0.0599,0.0135,0.0131,0.1711,3.2,0.3853,0.047,0.0608
699394,Daniel Ferreira,0.059,0.0549,0.0096,0.0092,0.1625,-2.3,0.407,0.0499,0.0479
808033,Jonathan Rivero,0.0614,0.0576,0.0085,0.009,0.1716,0.7,0.3184,0.0506,0.0481
677941,Jordyn Adams,0.1703,0.1585,0.0587,0.0328,0.258,62.0,0.3099,0.0652,0.1096
808328,Chad Delancey,0.0597,0.0566,0.01,0.0098,0.1646,-0.0,0.3894,0.042,0.0502
823652,Klendy Leen,0.0555,0.0486,0.0084,0.0092,0.1488,-9.9,0.4589,0.0584,0.0438
821178,Vladi Guerrero,0.056,0.0524,0.0077,0.0089,0.1504,-6.1,0.447,0.0441,0.045
821784,Isaac Ponce,0.058,0.053,0.0081,0.0084,0.1596,0.5,0.3688,0.0479,0.0436
808312,Juan Obispo,0.0596,0.0616,0.0119,0.0134,0.1629,-0.9,0.3795,0.0277,0.0609
800572,Alen Pineda,0.0598,0.0528,0.0093,0.0082,0.1585,-5.0,0.3723,0.0535,0.0434
683447,Gabriel Martinez,0.1978,0.1987,0.0137,0.0446,0.2668,70.4,0.2027,0.0543,0.1194
695587,Bryson Horne,0.1387,0.1396,0.0107,0.0315,0.247,52.6,0.2928,0.0472,0.1123
821769,Joandrew Pena,0.056,0.0595,0.008,0.0143,0.1495,-9.3,0.4499,0.0292,0.0602
821244,Francisco Loreto,0.0606,0.0578,0.0109,0.0104,0.1623,-3.0,0.3527,0.0402,0.0513
808021,Alan Frias,0.0581,0.0562,0.0082,0.0129,0.1562,-5.8,0.4687,0.049,0.0572
673990,Andy Thomas,0.152,0.136,0.0112,0.0268,0.2538,61.4,0.2778,0.0912,0.0947
808031,Brauli Diaz,0.0515,0.0493,0.011,0.0088,0.1387,-17.8,0.4767,0.037,0.0429
664247,Kyle Garlick,0.2934,0.3057,0.016,0.0998,0.2959,88.2,0.3146,0.0693,0.1794
669742,Darick Hall,0.392,0.4337,0.0138,0.1382,0.3119,95.8,0.2552,0.084,0.194
687066,Eric Yang,0.1525,0.1386,0.0132,0.0284,0.256,54.4,0.2924,0.0841,0.1012
669288,Daniel Johnson,0.1833,0.1855,0.0359,0.0507,0.2817,80.2,0.2987,0.0695,0.1519
543257,Robbie Grossman,0.4744,0.4052,0.0684,0.1042,0.3092,97.6,0.2469,0.1236,0.1397
666183,Hunter Bishop,0.1818,0.1762,0.0319,0.0399,0.2438,54.2,0.3306,0.0605,0.1073
687751,Cortland Lawson,0.1555,0.1385,0.0268,0.0129,0.228,40.5,0.2938,0.0545,0.0669
643265,Garrett Cooper,0.4935,0.513,0.013,0.1328,0.3203,102.0,0.2699,0.0861,0.1612
702112,Hogan Windish,0.1793,0.1698,0.0248,0.0397,0.241,57.9,0.3279,0.066,0.0989
682650,Malcom Nuñez,0.1787,0.1765,0.0123,0.0413,0.291,82.0,0.2234,0.0743,0.1333
687248,Keshawn Ogans,0.1836,0.1618,0.0379,0.0195,0.2408,49.2,0.2263,0.0536,0.0752
676632,Bligh Madris,0.1792,0.1754,0.0289,0.0413,0.2898,83.8,0.2543,0.0869,0.1403
676045,Casey Martin,0.1144,0.1104,0.0229,0.0208,0.2174,33.2,0.2941,0.0502,0.0861
624414,Christian Arroyo,0.4244,0.4408,0.0491,0.1029,0.2957,84.4,0.2181,0.0534,0.144
682653,Warming Bernabel,0.1787,0.1809,0.0248,0.0391,0.2792,61.6,0.1941,0.0431,0.126
690988,Austin Hendrick,0.1616,0.1673,0.0269,0.0503,0.2375,42.0,0.3848,0.0634,0.1255
665120,Jared Walsh,0.4812,0.5335,0.0203,0.169,0.3085,96.7,0.3059,0.0815,0.1885
676946,Matthew Batten,0.3227,0.2807,0.0848,0.0454,0.2719,73.2,0.2642,0.087,0.0918
694848,Sam Brown,0.37,0.3502,0.0298,0.0692,0.2591,65.0,0.2475,0.0641,0.1053
571875,Jake Lamb,0.3598,0.3537,0.0157,0.1,0.2989,89.0,0.2772,0.1006,0.151
691267,Alex Ramírez,0.1609,0.1479,0.0444,0.0266,0.241,53.3,0.2816,0.0576,0.0941
669722,Logan Davidson,0.1646,0.157,0.0169,0.0357,0.2574,66.3,0.3053,0.0751,0.1075
546991,Albert Almora Jr.,0.2566,0.2554,0.0408,0.0507,0.2868,78.5,0.1913,0.0594,0.1219
682183,Drew Avans,0.1791,0.1526,0.0543,0.0266,0.2831,80.3,0.2818,0.094,0.1157
687605,Andrew Pinckney,0.2345,0.2223,0.056,0.0439,0.2609,62.6,0.2847,0.0585,0.1059
656448,Stone Garrett,0.3665,0.3984,0.0514,0.125,0.2967,86.8,0.2859,0.0571,0.1764
592178,Kris Bryant,0.5933,0.548,0.0327,0.1563,0.3441,104.8,0.2162,0.0947,0.1849
666915,Bobby Dalbec,0.4675,0.5124,0.039,0.1828,0.3081,93.2,0.3465,0.0809,0.2043
571740,Billy Hamilton,0.2939,0.2524,0.1599,0.0363,0.2384,49.6,0.3277,0.0677,0.0861
455117,Martín Maldonado,0.3844,0.3818,0.0187,0.1178,0.2652,68.6,0.313,0.0803,0.143
666135,Alex Kirilloff,0.4937,0.5261,0.0272,0.1507,0.3304,112.2,0.2218,0.0726,0.1816
453568,Charlie Blackmon,0.5823,0.5098,0.0341,0.1276,0.3365,98.8,0.173,0.076,0.1622
666906,Jake Alu,0.3122,0.3085,0.0491,0.0607,0.3013,89.2,0.2024,0.0584,0.1317
600466,Raudy Read,0.1109,0.1156,0.0065,0.0339,0.2956,86.6,0.2481,0.0678,0.1652
676901,Cam Balego,0.1079,0.1031,0.0113,0.0267,0.2929,84.3,0.2472,0.0939,0.1443
676309,Zach Britton,0.0977,0.0892,0.0102,0.0215,0.2604,63.1,0.3149,0.0921,0.1179
666128,Mario Feliciano,0.1078,0.1127,0.0082,0.03,0.2967,87.2,0.2132,0.0546,0.1515
664848,Donny Sands,0.3286,0.3214,0.0174,0.0815,0.2936,85.1,0.2049,0.0907,0.1356
462101,Elvis Andrus,0.3125,0.2895,0.0772,0.0568,0.2951,87.7,0.1628,0.0616,0.1196
591971,Breyvic Valera,0.1075,0.0976,0.018,0.0171,0.3044,92.3,0.1504,0.091,0.117
620453,Deivy Grullón,0.1089,0.115,0.0087,0.0375,0.2851,77.7,0.3354,0.075,0.1717
671088,Tanner Morris,0.1011,0.086,0.0062,0.0131,0.2833,78.8,0.2164,0.0997,0.0939
690180,Bryce Windham,0.0948,0.0854,0.009,0.0142,0.2701,70.1,0.1993,0.0853,0.0974
670043,Michael Cruz,0.1039,0.105,0.0093,0.0304,0.2757,72.7,0.2889,0.0733,0.1486
664850,Patrick Mazeika,0.3179,0.3211,0.0149,0.0832,0.287,81.8,0.181,0.0692,0.1371
572122,Kyle Seager,0.1163,0.1266,0.0078,0.039,0.307,94.1,0.2311,0.0857,0.1842
506747,Francisco Peña,0.1012,0.1034,0.0073,0.0285,0.271,69.6,0.2459,0.0657,0.1388
660437,Andres Angulo,0.0971,0.094,0.0108,0.0217,0.2697,68.6,0.2533,0.0716,0.1214
645308,Jhonny Santos,0.1071,0.1092,0.0103,0.0305,0.2869,80.4,0.2606,0.0733,0.153
553902,Willians Astudillo,0.2312,0.2566,0.015,0.0693,0.3147,98.6,0.088,0.0387,0.1568
546318,Odúbel Herrera,0.3839,0.3571,0.0515,0.093,0.3146,98.4,0.1856,0.0624,0.1566
676976,Trey Hair,0.101,0.1021,0.0107,0.0257,0.274,73.0,0.2695,0.0569,0.1338
669279,Gavin Stupienski,0.0957,0.0932,0.0112,0.0219,0.2634,63.6,0.2716,0.0697,0.1202
593590,Webster Rivas,0.0964,0.0884,0.0057,0.0164,0.2742,73.0,0.2489,0.0935,0.1042
520471,Freddy Galvis,0.1056,0.1077,0.0075,0.0262,0.2937,85.1,0.2068,0.0637,0.1392
641453,C.J. Chatham,0.099,0.0937,0.0107,0.0133,0.2861,79.4,0.197,0.0536,0.1034
607111,Jacob Wilson,0.1068,0.1025,0.009,0.0249,0.2909,83.1,0.234,0.082,0.142
650380,Roldani Baldwin,0.0999,0.1006,0.01,0.0265,0.2668,64.1,0.3276,0.0641,0.139
606019,Esteban Quiroz,0.1129,0.0984,0.0082,0.0242,0.3021,89.1,0.2352,0.11,0.1407
622168,Yairo Muñoz,0.2125,0.2165,0.045,0.0396,0.3034,90.1,0.1772,0.0424,0.1298
642736,Domingo Leyba,0.1046,0.104,0.0083,0.0233,0.2905,83.0,0.1854,0.0728,0.1349
670190,Carter Bins,0.0984,0.093,0.0088,0.0234,0.2705,66.5,0.3181,0.093,0.1296
670582,Yariel Gonzalez,0.1046,0.1059,0.0076,0.0278,0.2816,75.7,0.241,0.0662,0.1368
663528,Ryan January,0.0991,0.0939,0.0069,0.0271,0.2562,60.5,0.3628,0.0946,0.13
570489,Arismendy Alcántara,0.1015,0.1017,0.012,0.0254,0.2785,75.6,0.3067,0.067,0.1381
542454,Danny Santana,0.2471,0.2487,0.0503,0.0787,0.3059,93.4,0.2698,0.0697,0.1795
600474,Pedro Severino,0.3166,0.3291,0.0153,0.0808,0.2881,81.6,0.255,0.0777,0.1344
641319,Carlos Asuaje,0.0982,0.085,0.0153,0.0114,0.2786,74.8,0.1765,0.0857,0.096
650331,Lewin Díaz,0.3575,0.4095,0.0129,0.1431,0.3094,95.4,0.2341,0.0681,0.2016
641431,Edgar Cabral,0.0982,0.0932,0.0108,0.0235,0.2634,62.8,0.3127,0.0852,0.1257
516770,Starlin Castro,0.2162,0.2253,0.011,0.0446,0.2992,88.6,0.1891,0.0609,0.1233
675625,Ivan Gonzalez,0.0874,0.0844,0.0088,0.0174,0.2441,51.9,0.2389,0.0598,0.0993
592256,Kellin Deglan,0.0985,0.096,0.0116,0.0244,0.2634,63.6,0.315,0.0715,0.129
643534,David Sheaffer,0.0949,0.0948,0.0084,0.0213,0.2621,65.4,0.2641,0.0589,0.1213
542340,Jonathan Villar,0.3592,0.3216,0.112,0.08,0.3003,89.3,0.2509,0.0797,0.1359
592660,Rangel Ravelo,0.1157,0.1136,0.0073,0.0302,0.3159,103.6,0.2069,0.0931,0.1559
674418,Jon Rosoff,0.0893,0.0799,0.0118,0.0122,0.2582,62.0,0.2418,0.0769,0.0915
467092,Wilson Ramos,0.2275,0.2476,0.0112,0.068,0.298,87.8,0.2068,0.062,0.145
668706,Josh Stephen,0.1087,0.1046,0.0125,0.0263,0.2926,83.8,0.2587,0.0871,0.1481
543302,Chris Herrmann,0.0982,0.0929,0.0083,0.0226,0.2659,65.6,0.3133,0.0889,0.1238
608061,T.J. Rivera,0.0982,0.0967,0.0106,0.018,0.2779,75.2,0.2169,0.0515,0.1162
676973,Joe Donovan,0.0841,0.0845,0.0082,0.0201,0.2296,43.7,0.3192,0.055,0.1042
458731,Brett Gardner,0.2222,0.1995,0.0222,0.0462,0.2951,86.0,0.2425,0.105,0.1337
571718,Brian Goodwin,0.229,0.2264,0.0212,0.0584,0.3042,92.2,0.2627,0.0927,0.1537
686977,Bradlee Beesley,0.0988,0.0978,0.0239,0.0242,0.2662,67.6,0.2985,0.0617,0.1313
518568,Christian Colón,0.1032,0.0954,0.0143,0.0181,0.2891,81.9,0.1614,0.0793,0.1144
543401,Jason Kipnis,0.103,0.0974,0.0099,0.0228,0.2821,77.2,0.2504,0.0853,0.1302
667674,Jack Kruger,0.0916,0.0877,0.01,0.0158,0.2595,62.2,0.2401,0.0607,0.0995
573669,Aderlin Rodríguez,0.117,0.1278,0.0054,0.042,0.3081,96.6,0.2737,0.0626,0.1908
592863,Mason Williams,0.1015,0.1006,0.0145,0.0222,0.2855,79.5,0.2508,0.0707,0.1219
624419,Nick Ciuffo,0.201,0.2024,0.0215,0.0544,0.2612,63.3,0.3161,0.064,0.1277
657434,Brian O'Grady,0.1127,0.1115,0.018,0.0328,0.2963,86.9,0.2983,0.0893,0.169
546990,Anthony Alford,0.2215,0.2208,0.0589,0.0665,0.2947,82.8,0.3546,0.0902,0.1646
663411,Joe McCarthy,0.2298,0.227,0.0208,0.0632,0.3043,92.8,0.2474,0.0874,0.1579
544369,Didi Gregorius,0.3288,0.3547,0.0218,0.0915,0.2946,84.9,0.1623,0.0601,0.149
682185,Nick Matera,0.0981,0.098,0.0084,0.0274,0.2603,61.6,0.3229,0.0771,0.1363
608577,Nomar Mazara,0.2237,0.2366,0.0092,0.0624,0.3043,93.5,0.2464,0.0795,0.1478
595438,Damek Tomscha,0.0995,0.1007,0.0086,0.0258,0.2707,69.4,0.2783,0.0613,0.133
606157,Aristides Aquino,0.2504,0.2737,0.0274,0.1052,0.3024,86.5,0.334,0.0895,0.2032
621469,Tate Matheny,0.0989,0.097,0.015,0.0236,0.2684,67.9,0.3387,0.0707,0.1311
670116,Evan Alexander,0.0956,0.0895,0.0213,0.0216,0.256,60.7,0.3282,0.0817,0.1149
661148,Carlos Sepulveda,0.0936,0.0792,0.0121,0.0084,0.2715,70.2,0.2047,0.0887,0.0815
643436,Ryan McBroom,0.1173,0.1227,0.0086,0.0386,0.3128,98.0,0.266,0.079,0.1786
502273,Mike Freeman,0.0994,0.0873,0.0125,0.0155,0.2796,75.5,0.2608,0.094,0.1032
444876,Alcides Escobar,0.3042,0.2847,0.0286,0.0434,0.2768,72.7,0.2012,0.0488,0.1061
676085,Colby Fitch,0.0963,0.0841,0.0129,0.0187,0.2604,61.8,0.3444,0.1021,0.1139
571788,Brock Holt,0.0984,0.0857,0.0162,0.0111,0.2818,77.0,0.1995,0.0807,0.0947
582473,Sherman Johnson,0.0962,0.0807,0.0115,0.0135,0.2699,68.9,0.2798,0.107,0.0988
596144,Cheslor Cuthbert,0.1072,0.1056,0.0091,0.0286,0.2893,82.0,0.2414,0.0833,0.1464
621446,Lewis Brinson,0.218,0.2342,0.0222,0.0648,0.2823,78.1,0.285,0.0559,0.1547
543484,Mikie Mahtook,0.1097,0.1147,0.0133,0.0359,0.288,81.2,0.2739,0.0707,0.166
657621,Chris Hudgins,0.0928,0.0924,0.0092,0.0254,0.2511,55.9,0.3515,0.0709,0.1287
663341,Chris Betts,0.1003,0.1018,0.0098,0.0323,0.2586,61.4,0.37,0.0843,0.1485
670768,Luis González,0.2174,0.1996,0.0552,0.0445,0.2986,90.3,0.2408,0.0914,0.138
669101,Matthew Acosta,0.0936,0.0882,0.0125,0.0187,0.2585,63.7,0.2693,0.0761,0.1074
676698,Angel Lopez,0.0845,0.0822,0.011,0.0169,0.2319,44.8,0.3115,0.0572,0.1
641896,Roy Morales,0.1018,0.0892,0.0105,0.0124,0.2923,85.2,0.174,0.0839,0.0958
642456,Luis Barrera,0.1964,0.1814,0.0342,0.0289,0.2833,81.7,0.2204,0.0743,0.1147
628450,Yadiel Hernandez,0.234,0.2492,0.0177,0.0708,0.3113,95.7,0.2355,0.071,0.1578
664279,Wagner Lagrange,0.1036,0.1035,0.0118,0.0224,0.2879,81.1,0.228,0.0557,0.1302
443558,Nelson Cruz,0.4121,0.4651,0.016,0.1449,0.3272,107.7,0.2461,0.0851,0.1855
600898,Jecksson Flores,0.0942,0.083,0.0102,0.0106,0.2681,67.2,0.1893,0.0779,0.0891
570256,Gregory Polanco,0.1119,0.1159,0.0236,0.0347,0.2979,87.9,0.2848,0.0837,0.1688
660642,Cristopher Cespedes,0.0993,0.1017,0.0086,0.0275,0.2717,71.7,0.279,0.0623,0.1387
608686,Jack Mayfield,0.2201,0.234,0.0262,0.0648,0.2824,77.2,0.2269,0.0557,0.1541
676827,JJ Muno,0.0981,0.09,0.0257,0.0215,0.2662,66.7,0.2945,0.0761,0.1168
514913,Rubén Tejada,0.0929,0.0804,0.0106,0.0095,0.2687,68.1,0.2277,0.079,0.0833
519299,Eric Sogard,0.2022,0.1866,0.0285,0.0301,0.2799,75.7,0.1797,0.065,0.102
608325,Gavin Cecchini,0.0923,0.0886,0.0134,0.0125,0.2645,66.0,0.1948,0.048,0.0954
664088,Connor Marabell,0.1038,0.1039,0.0123,0.0222,0.2873,80.7,0.2082,0.0533,0.1317
678538,Dondrei Hubbard,0.1024,0.104,0.0136,0.0249,0.2831,78.8,0.2728,0.056,0.1351
650339,Jermaine Palacios,0.0998,0.1,0.0167,0.0246,0.2746,73.8,0.2638,0.0647,0.1306
656252,Bobby Bradley,0.2434,0.2807,0.0069,0.1087,0.2941,87.4,0.3569,0.0789,0.2042
660168,Roberto Baldoquin,0.0902,0.0805,0.0109,0.0098,0.2604,63.0,0.2281,0.0645,0.0834
452678,Asdrúbal Cabrera,0.2256,0.2255,0.0122,0.0541,0.2965,82.5,0.2319,0.0854,0.1392
606213,Yermín Mercedes,0.1127,0.12,0.0073,0.0329,0.3084,95.4,0.2111,0.0758,0.159
608380,Drew Ward,0.1091,0.1132,0.0096,0.0351,0.2901,82.6,0.3361,0.0757,0.1668
465753,Pedro Florimón,0.0922,0.0827,0.0151,0.0161,0.2554,59.0,0.3279,0.0877,0.1014
595885,Greg Bird,0.1088,0.1074,0.0062,0.0326,0.2898,82.4,0.2829,0.0987,0.158
665890,Seuly Matias,0.1078,0.1142,0.0097,0.0378,0.2838,75.6,0.3415,0.0685,0.1783
656431,Ti'Quan Forbes,0.0957,0.0932,0.0111,0.0177,0.2678,66.9,0.2786,0.0543,0.1124
641878,Ian Miller,0.0995,0.0883,0.0212,0.0134,0.2765,73.3,0.2167,0.076,0.1021
665918,Miguel Aparicio,0.1048,0.1068,0.0127,0.0291,0.2812,77.0,0.2665,0.0641,0.1503
622441,Rafael Bautista,0.0981,0.0973,0.0119,0.0206,0.2721,70.5,0.2242,0.0527,0.1172
656718,Matt McLaughlin,0.0903,0.0795,0.0127,0.0089,0.2599,62.1,0.2193,0.069,0.0816
588751,Adeiny Hechavarría,0.099,0.0956,0.0118,0.0184,0.2749,72.3,0.2172,0.0587,0.1152
663320,William Hancock,0.0828,0.0776,0.0079,0.0156,0.2307,41.3,0.3505,0.0677,0.0932
605412,Joe Panik,0.1981,0.1808,0.0193,0.0272,0.2779,74.2,0.1532,0.0787,0.091
663524,Cornelius Randolph,0.1035,0.1013,0.0144,0.028,0.2771,74.0,0.3245,0.0836,0.1406
594953,Daniel Palka,0.1141,0.1153,0.0061,0.0355,0.3024,90.5,0.2625,0.0966,0.1694
642423,Magneuris Sierra,0.0991,0.0891,0.0361,0.0123,0.271,69.0,0.2239,0.0636,0.0961
666524,Cristian Perez,0.0886,0.0798,0.0166,0.0086,0.2507,56.9,0.202,0.0569,0.0769
681888,Greg Cullen,0.1041,0.0906,0.0076,0.0186,0.2971,89.2,0.2442,0.1108,0.1167
665829,Luis Leon,0.0832,0.0802,0.0082,0.017,0.2292,43.1,0.2668,0.0635,0.0897
592205,Ryan Casteel,0.1169,0.123,0.0064,0.041,0.2945,83.5,0.3015,0.0746,0.184
606299,José Peraza,0.2056,0.2018,0.0259,0.0385,0.2755,74.9,0.1622,0.0466,0.1101
657446,Zack Zehner,0.1033,0.098,0.013,0.0239,0.282,77.1,0.31,0.0897,0.1345
687705,Ike Freeman,0.0893,0.0812,0.0093,0.0143,0.2529,58.5,0.3123,0.076,0.0963
676913,Zach Jarrett,0.0988,0.0948,0.0201,0.0236,0.2724,72.0,0.3165,0.0783,0.1266
595943,Phillip Evans,0.109,0.0993,0.0054,0.0211,0.2937,85.0,0.2031,0.0907,0.1212
686755,Jaxx Groshans,0.0904,0.0874,0.0074,0.0209,0.2445,50.0,0.2716,0.073,0.1083
593523,Marco Hernández,0.0925,0.0905,0.0097,0.0112,0.267,67.0,0.193,0.0353,0.096
519048,Mitch Moreland,0.2451,0.2719,0.01,0.088,0.3108,96.6,0.2429,0.074,0.1841
672799,Hugo Cardona,0.0843,0.0763,0.03,0.0119,0.2284,39.8,0.3213,0.0552,0.0831
620444,Alexander Palma,0.1121,0.1199,0.0094,0.0344,0.3,89.3,0.2119,0.0547,0.1648
606993,Jake Hager,0.0955,0.0923,0.0113,0.0189,0.2655,64.8,0.2666,0.074,0.1181
671191,Jefrey Ramos,0.1055,0.1091,0.0107,0.0306,0.2783,73.7,0.2645,0.0606,0.1522
542419,Ali Castillo,0.0902,0.0818,0.0117,0.0073,0.2601,61.0,0.1615,0.0541,0.0753
666728,Carlos Soto,0.0871,0.0837,0.0076,0.02,0.2353,46.5,0.2789,0.0744,0.1012
657674,Kyle Martin,0.105,0.1069,0.0067,0.0328,0.2793,77.5,0.3185,0.0824,0.1591
571841,Ty Kelly,0.0919,0.0814,0.0102,0.0116,0.2572,63.0,0.2473,0.0786,0.0898
593647,Sócrates Brito,0.1049,0.1025,0.0224,0.0241,0.2834,78.1,0.2592,0.0663,0.1367
677965,Jimmy Kerrigan,0.1036,0.1083,0.013,0.0327,0.2732,71.1,0.3452,0.0637,0.1558
642773,Luis Alejandro Basabe,0.092,0.0843,0.0155,0.0144,0.2576,60.5,0.3075,0.0723,0.1005
657658,Braxton Lee,0.0924,0.0824,0.0127,0.0114,0.2638,64.7,0.2642,0.0757,0.0913
429664,Robinson Canó,0.3195,0.3389,0.016,0.072,0.29,83.0,0.2104,0.0533,0.1276
451594,Dexter Fowler,0.2168,0.2044,0.0283,0.0531,0.2878,80.3,0.2661,0.0898,0.135
607733,Drew Stankiewicz,0.0953,0.0882,0.0108,0.0156,0.2663,65.3,0.2747,0.0776,0.1109
642227,Stephen Wrenn,0.1014,0.0959,0.021,0.0212,0.2749,72.3,0.3068,0.0723,0.13
672847,Axel Andueza,0.0837,0.0789,0.0121,0.0111,0.2391,47.0,0.2026,0.0523,0.0754
657733,Roberto Ramos,0.1132,0.1139,0.0098,0.0353,0.2964,82.8,0.341,0.0901,0.1738
665947,Sherten Apostel,0.102,0.104,0.0074,0.0298,0.2751,72.9,0.3291,0.0744,0.1472
686770,Dillan Shrum,0.0956,0.0914,0.0055,0.0252,0.2635,62.3,0.3616,0.082,0.1285
668824,Logan Wyatt,0.0931,0.0834,0.0073,0.0164,0.2645,67.1,0.2415,0.0959,0.0977
672460,Daniel Ozoria,0.084,0.0776,0.023,0.01,0.2364,47.3,0.2773,0.0456,0.0788
687887,Zade Richardson,0.0861,0.0837,0.0091,0.0228,0.2303,42.5,0.321,0.0724,0.106
702113,Cole Cummings,0.0931,0.0909,0.0068,0.0225,0.2528,61.0,0.3087,0.073,0.1145
670352,Ben Ruta,0.1,0.0932,0.0183,0.0202,0.2723,70.5,0.2565,0.0827,0.122
595981,Scott Heineman,0.1019,0.0997,0.0217,0.0245,0.2757,72.7,0.3015,0.0727,0.1329
605233,Derek Fisher,0.1109,0.1082,0.012,0.0319,0.2948,86.8,0.3023,0.0957,0.1607
670797,Ernie De La Trinidad,0.1,0.0989,0.0105,0.0238,0.2751,72.4,0.2763,0.063,0.1273
670286,Craig Dedelow,0.1024,0.1056,0.0101,0.035,0.269,68.7,0.3713,0.0799,0.16
656989,Chad Spanberger,0.1037,0.1063,0.0093,0.0318,0.2736,71.4,0.3342,0.074,0.1555
660659,Leobaldo Cabrera,0.1041,0.1033,0.0123,0.0299,0.2758,73.8,0.3368,0.083,0.1489
657011,Troy Stokes Jr.,0.1059,0.0997,0.02,0.0254,0.2825,77.4,0.2624,0.0897,0.1419
625506,Aldrem Corredor,0.1045,0.1021,0.005,0.0241,0.2865,78.2,0.2481,0.0765,0.1319
666922,Ryan Aguilar,0.1006,0.0931,0.0126,0.0251,0.2715,69.6,0.3562,0.1073,0.1282
658069,Joshua Fuentes,0.0954,0.0996,0.0065,0.0225,0.2604,61.1,0.2707,0.0456,0.1239
686644,Mack Chambers,0.0803,0.0744,0.0122,0.0106,0.2265,40.3,0.2231,0.0548,0.0719
686989,James Free,0.0968,0.0966,0.0059,0.0241,0.2664,60.5,0.268,0.0703,0.1245
518902,Pete Kozma,0.0864,0.0777,0.0104,0.0095,0.2442,51.4,0.231,0.0627,0.0831
666186,Thomas Dillard,0.1058,0.1017,0.0094,0.029,0.2849,78.4,0.339,0.1014,0.1468
642772,Luis Alexander Basabe,0.1042,0.0979,0.0179,0.0256,0.2793,75.5,0.3297,0.0933,0.1359
621443,Rhett Wiseman,0.1021,0.1073,0.0097,0.0321,0.2697,68.7,0.339,0.061,0.1558
665883,Yeison Coca,0.0829,0.0758,0.0152,0.0105,0.2336,44.1,0.2896,0.0615,0.0807
677120,Yoel Yanqui,0.101,0.0971,0.014,0.0221,0.2769,73.6,0.2814,0.0767,0.1278
656695,J.J. Matijevic,0.2316,0.2393,0.026,0.0757,0.2982,90.0,0.3088,0.0856,0.1855
687614,Parker Bates,0.0901,0.085,0.0161,0.0168,0.2533,55.2,0.2711,0.0632,0.1021
607752,Sam Travis,0.1005,0.1002,0.0101,0.0252,0.2743,71.9,0.2983,0.07,0.132
592680,Yadiel Rivera,0.0905,0.0888,0.0165,0.0161,0.2526,57.2,0.2505,0.0467,0.0978
596012,Kevin Kramer,0.1013,0.0918,0.0094,0.0179,0.2832,77.9,0.2743,0.0873,0.1189
688410,Hunter Markwardt,0.0923,0.0888,0.0192,0.0184,0.2516,56.3,0.3012,0.0587,0.1067
605253,Terrance Gore,0.0956,0.078,0.063,0.0132,0.2484,56.3,0.336,0.0887,0.0891
663858,Antoine Duplantis,0.0905,0.0877,0.0121,0.0164,0.2512,59.4,0.2486,0.0582,0.0986
656540,Tyler Hill,0.102,0.0981,0.0215,0.0232,0.2758,67.6,0.2569,0.0717,0.1239
672953,Gilberto Vizcarra,0.0812,0.0816,0.009,0.0163,0.2237,40.1,0.2164,0.0434,0.0862
605480,Mallex Smith,0.1013,0.0861,0.0377,0.0134,0.2727,70.0,0.2703,0.0825,0.1011
676301,Adam Kerner,0.0791,0.0748,0.0101,0.0139,0.2144,34.1,0.3021,0.0604,0.0806
621420,David Thompson,0.1039,0.1039,0.0174,0.0289,0.2747,72.1,0.2921,0.0677,0.1483
667828,Wilmer Reyes,0.0852,0.0864,0.0132,0.0169,0.2365,47.3,0.2419,0.0387,0.0916
594809,Adam Eaton,0.2344,0.2063,0.0258,0.045,0.2877,80.9,0.24,0.08,0.1236
502210,Josh Reddick,0.099,0.0977,0.0084,0.0209,0.2797,75.5,0.2262,0.0667,0.1173
668549,Marco Hernandez,0.0824,0.0764,0.0096,0.0157,0.2227,37.4,0.2787,0.0705,0.0821
669687,Elvis Peralta,0.0791,0.0707,0.0182,0.0076,0.2282,42.5,0.2961,0.0563,0.0734
656378,Christian Donahue,0.0885,0.0804,0.0157,0.0119,0.2484,54.2,0.2759,0.0666,0.0911
682005,Rusber Estrada,0.0839,0.0779,0.0086,0.0186,0.2202,34.3,0.3526,0.0725,0.0934
663555,Beau Brundage,0.089,0.0891,0.0116,0.0226,0.2406,50.9,0.3311,0.0609,0.1128
519346,Eric Thames,0.2209,0.229,0.0181,0.0739,0.2882,83.4,0.3298,0.0812,0.1622
669008,Ronnie Dawson,0.1077,0.1042,0.0193,0.0279,0.2901,78.4,0.2718,0.0874,0.146
666659,Sauryn Lao,0.091,0.0929,0.0087,0.0237,0.2369,47.5,0.3109,0.0555,0.1129
571506,Justin Bour,0.1063,0.1071,0.0087,0.0338,0.2814,76.6,0.2997,0.0893,0.1535
681531,Jacson McGowan,0.0963,0.097,0.0096,0.0286,0.2569,62.0,0.3825,0.0779,0.1352
669475,Troy Claunch,0.0757,0.0748,0.0073,0.0171,0.2138,28.9,0.2692,0.0555,0.0827
672767,Deury Carrasco,0.0808,0.0722,0.0117,0.012,0.2177,34.9,0.349,0.0706,0.0776
672627,Jose Curpa,0.0803,0.0674,0.0179,0.0072,0.2284,40.6,0.2723,0.076,0.0631
675648,Austin Beck,0.0941,0.0997,0.0088,0.0275,0.2565,63.2,0.3147,0.0509,0.1351
571431,Matt Adams,0.2129,0.2323,0.0217,0.0779,0.2809,76.3,0.3015,0.0616,0.1681
685096,Scott McKeon,0.0758,0.0698,0.0145,0.0089,0.2174,35.5,0.3363,0.0502,0.0724
664963,Kyle Overstreet,0.0934,0.0849,0.0089,0.015,0.2635,64.5,0.2465,0.0807,0.0969
666655,Rubendy Jaquez,0.0833,0.0767,0.0207,0.0089,0.2369,45.5,0.2049,0.0484,0.0745
805280,Alex Iadisernia,0.0952,0.0946,0.0203,0.0233,0.2508,55.5,0.2599,0.0652,0.1153
683584,Francisco Fajardo,0.0819,0.0754,0.0214,0.0093,0.2279,39.4,0.1994,0.0452,0.0661
679739,Jose Guzman,0.0812,0.0719,0.0165,0.0102,0.2273,39.6,0.277,0.0689,0.071
663692,Jalen Miller,0.1049,0.1012,0.0155,0.0245,0.2742,70.4,0.2616,0.0725,0.1356
663445,James Nelson,0.087,0.0811,0.0195,0.0165,0.232,44.7,0.3128,0.0654,0.0884
671157,Tyler Keenan,0.0823,0.0798,0.0069,0.0185,0.2234,39.6,0.3459,0.0637,0.0958
678315,Rodolfo Bone,0.0762,0.077,0.0101,0.0161,0.209,28.6,0.3012,0.042,0.0843
672555,Wilfred Astudillo,0.0781,0.079,0.0098,0.0157,0.2181,28.2,0.2208,0.0415,0.0814
669918,Jeremy Ydens,0.0869,0.0916,0.0126,0.0228,0.2333,43.5,0.2749,0.0369,0.1076
677602,Antoni Flores,0.0796,0.0702,0.0092,0.009,0.2243,36.3,0.2617,0.0666,0.0663
669303,Francisco Del Valle,0.0937,0.0942,0.0084,0.0249,0.2515,56.2,0.2685,0.0673,0.1205
680906,Josiah Sightler,0.0976,0.1049,0.0074,0.03,0.2635,60.0,0.2686,0.0527,0.1337
665836,Antonio Pinero,0.0773,0.075,0.0113,0.0107,0.2178,33.3,0.2685,0.0408,0.0743
600858,Humberto Arteaga,0.082,0.0782,0.0116,0.01,0.2345,44.8,0.2408,0.0433,0.0761
656449,Jake Gatewood,0.1013,0.1132,0.0091,0.0384,0.259,61.1,0.3578,0.051,0.1679
542979,Keon Broxton,0.0925,0.0886,0.0174,0.0253,0.2435,49.5,0.4333,0.085,0.1213
678596,Yorlis Rodriguez,0.0822,0.0866,0.008,0.0188,0.2271,40.9,0.2271,0.032,0.0945
670879,Victor De Hoyos,0.0795,0.0829,0.0091,0.0203,0.211,28.2,0.289,0.0376,0.0938
624407,Tzu-Wei Lin,0.0925,0.0839,0.0172,0.0137,0.2582,62.1,0.2723,0.073,0.0965
678481,Derwin Barreto,0.0802,0.0742,0.0117,0.0129,0.2238,37.8,0.2676,0.0627,0.0765
669274,Edmond Americaan,0.0831,0.0789,0.0175,0.0153,0.2282,40.6,0.3314,0.0563,0.0903
666626,Jonathan Sierra,0.0865,0.0836,0.0074,0.0154,0.2424,50.4,0.2307,0.0573,0.0893
656309,Carl Chester,0.0893,0.0883,0.0167,0.0193,0.2428,50.5,0.3373,0.0547,0.1114
678836,Federico Polanco,0.0767,0.0721,0.0103,0.0088,0.2192,34.2,0.2609,0.0447,0.0691
663937,Deacon Liput,0.0896,0.0929,0.0131,0.0231,0.2335,45.2,0.3146,0.047,0.1092
667580,J.D. Osborne,0.0976,0.0978,0.0086,0.0244,0.2694,67.2,0.2976,0.0624,0.1304
687573,Nic Ready,0.0829,0.0861,0.0088,0.0227,0.2227,35.6,0.3422,0.0512,0.1107
672536,Jhon Torres,0.0889,0.0897,0.0089,0.0191,0.2431,52.1,0.2525,0.0474,0.1036
660615,Ricky Aracena,0.0795,0.0707,0.022,0.0083,0.2224,36.6,0.2647,0.0587,0.0682
685358,Zack Raabe,0.076,0.0636,0.0095,0.0056,0.2223,36.9,0.2429,0.0784,0.0516
669452,Christian Robinson,0.0844,0.0826,0.0108,0.017,0.2311,42.1,0.3076,0.0509,0.0913
656282,Grayson Byrd,0.0927,0.0904,0.0099,0.019,0.2559,59.3,0.3008,0.0623,0.1137
673957,Davis Tavárez,0.0851,0.0885,0.0081,0.0208,0.2361,47.5,0.2864,0.0419,0.1041
660690,Pablo Olivares,0.0909,0.0819,0.0154,0.0144,0.2511,57.2,0.241,0.0737,0.0885
672802,Jean Carmona,0.0786,0.0762,0.0113,0.0144,0.2206,35.0,0.3207,0.05,0.084
669460,Kingston Liniak,0.0799,0.0792,0.0136,0.0176,0.2192,34.6,0.2768,0.0524,0.0912
800157,Franklin Lopez,0.0731,0.0709,0.0078,0.0133,0.2043,11.1,0.2951,0.0455,0.0696
669868,Reyny Reyes,0.0787,0.0774,0.0103,0.0121,0.2219,34.4,0.2308,0.0379,0.0742
678851,Manuel Garcia,0.0704,0.0661,0.0102,0.0105,0.1993,21.2,0.3078,0.0518,0.0647
683774,Lester Madden,0.0775,0.0782,0.0101,0.0158,0.2168,34.6,0.3085,0.0403,0.0891
682878,Mishael Deson,0.0741,0.0705,0.0105,0.0123,0.2106,30.7,0.3194,0.0532,0.0678
668936,Allan Berríos,0.0721,0.0693,0.0092,0.0123,0.198,19.9,0.3146,0.0466,0.068
695595,Cody Orr,0.08,0.0759,0.0186,0.0154,0.2171,33.5,0.3321,0.0563,0.0823
681177,Samil Polanco,0.0783,0.0789,0.0088,0.013,0.218,33.5,0.2183,0.0308,0.078
668742,Harrison Ray,0.0811,0.0805,0.0172,0.0194,0.2144,30.1,0.3491,0.0516,0.0952
686808,James Beard,0.0772,0.0745,0.0151,0.0194,0.208,26.6,0.4049,0.0668,0.0893
678798,Jose Rivas,0.0762,0.0684,0.0137,0.008,0.2129,29.1,0.2416,0.0532,0.0595
660696,Edwin Yon,0.088,0.0959,0.0077,0.0301,0.2301,41.5,0.408,0.0486,0.1291
657426,Max George,0.0977,0.0894,0.0169,0.0213,0.2627,58.6,0.3311,0.0873,0.1212
687056,Jared Alvarez-Lopez,0.0693,0.0661,0.0085,0.0098,0.1914,17.7,0.3225,0.0449,0.0601
678222,Angel Solarte,0.082,0.0784,0.0111,0.0131,0.2304,43.6,0.2679,0.0519,0.0792
687850,Junior Martina,0.0782,0.0781,0.0084,0.014,0.2186,33.7,0.274,0.0409,0.0766
681832,Arbert Cipion,0.0806,0.0787,0.0176,0.0177,0.2184,33.8,0.3472,0.056,0.0903
666653,Ronaldo Urdaneta,0.0787,0.074,0.0208,0.0136,0.2138,31.3,0.2985,0.0533,0.075
805995,Simon Reid,0.0734,0.0711,0.0082,0.0138,0.193,15.1,0.3711,0.05,0.0723
672280,Brady Smith,0.0683,0.0645,0.0091,0.0125,0.1881,13.4,0.3744,0.0565,0.0659
666635,Jonathan Willems,0.077,0.0759,0.0135,0.0126,0.2138,29.0,0.3022,0.0356,0.08
699396,Carlos Ramos,0.0679,0.0607,0.0114,0.0083,0.189,15.2,0.2591,0.0596,0.0493
673958,Brian Klein,0.0735,0.0698,0.0096,0.0105,0.2083,27.3,0.289,0.0475,0.0663
665972,Yeuris Ramirez,0.0786,0.078,0.0169,0.0188,0.2096,28.4,0.3636,0.0496,0.0896
678588,Carlos Irigoyen,0.0704,0.0668,0.0095,0.0076,0.2064,26.3,0.2722,0.0393,0.0586
685117,Tyler Malone,0.0817,0.0724,0.0111,0.014,0.2245,39.6,0.3195,0.0845,0.0815
684337,Najee Gaskins,0.0802,0.0752,0.0107,0.013,0.2275,40.5,0.3268,0.0555,0.0783
686742,Leodany Perez,0.0812,0.0736,0.0189,0.0121,0.2269,39.5,0.2887,0.065,0.0745
688907,Pres Cavenaugh,0.081,0.0772,0.0139,0.0162,0.2234,37.0,0.3019,0.0664,0.0843
673726,Logan Allen,0.0819,0.0814,0.0124,0.0192,0.2223,39.1,0.2844,0.0519,0.0933
677623,Sander Mora,0.0712,0.0631,0.013,0.0075,0.2007,22.7,0.2793,0.0588,0.0539
679295,Scott Ota,0.083,0.0827,0.0134,0.0174,0.2263,37.4,0.2568,0.048,0.0907
672763,Franklin Soto,0.0742,0.0712,0.01,0.0105,0.2091,28.2,0.2677,0.0425,0.0665
701120,Carson Matthews,0.0736,0.0705,0.0136,0.0107,0.205,24.4,0.2874,0.0426,0.0653
693749,Elian Miranda,0.0896,0.0921,0.0111,0.0247,0.2401,48.2,0.2889,0.0546,0.1175
687781,Vojtech Mensik,0.0739,0.0687,0.0148,0.0123,0.2051,25.2,0.3183,0.0565,0.0682
699694,Solardo Rodriguez,0.0713,0.0722,0.0117,0.0144,0.1915,15.2,0.2495,0.036,0.0704
683488,Junior Paniagua,0.0714,0.0691,0.0103,0.0083,0.203,23.7,0.2458,0.0345,0.0617
670168,Mike Wilson,0.0827,0.0845,0.0109,0.0242,0.2201,35.0,0.4017,0.0601,0.1097
668545,Raul Beracierta,0.0854,0.0893,0.0072,0.0214,0.2371,47.1,0.2785,0.0415,0.1002
680884,Aldrich De Jongh,0.0894,0.0905,0.0091,0.0226,0.2361,47.2,0.3133,0.0588,0.1092
668950,Quentin Holmes,0.0809,0.0785,0.0218,0.0161,0.2214,36.9,0.3332,0.0507,0.0882
663772,Kennie Taylor,0.0822,0.0798,0.0102,0.0166,0.2266,40.3,0.3266,0.0537,0.0905
672437,Debby Santana,0.0769,0.0808,0.009,0.0191,0.2087,25.4,0.3346,0.0356,0.0905
687793,Nick Vogt,0.0799,0.0799,0.0141,0.0178,0.2188,35.6,0.3233,0.0485,0.0892
665983,Kelvin Alarcon,0.0787,0.0706,0.0103,0.0078,0.2256,40.4,0.2658,0.0594,0.0643
676549,Jamal O'Guinn,0.0793,0.0736,0.0097,0.0148,0.2199,35.3,0.3143,0.0695,0.0799
678801,Jhoan Paulino,0.0688,0.0691,0.008,0.0109,0.1991,23.0,0.2863,0.0334,0.0677
680685,Ryder Green,0.0847,0.0885,0.0142,0.0237,0.2218,37.3,0.3358,0.0443,0.1062
676598,Nathan Perry,0.0863,0.0873,0.0084,0.022,0.2314,42.8,0.2507,0.0557,0.1054
677591,Jelfry Marte,0.0695,0.0644,0.0115,0.0085,0.1975,19.9,0.3155,0.0475,0.0565
686397,Benyamin Bailey,0.0816,0.0789,0.0082,0.0182,0.2224,36.5,0.3162,0.0632,0.0888
679027,Madison Santos,0.0851,0.0788,0.0186,0.0194,0.2211,37.2,0.3561,0.0801,0.0924
677584,Wilfri Peralta,0.0685,0.0635,0.0115,0.0078,0.1946,18.6,0.3013,0.045,0.0552
670862,Marcos Brito,0.0685,0.0619,0.012,0.0088,0.1957,20.2,0.3644,0.0579,0.0589
687544,Chase Krogman,0.0802,0.0803,0.0084,0.0234,0.2121,29.4,0.4018,0.0643,0.1005
684710,Miguel Rojas,0.0658,0.0635,0.0086,0.0101,0.1805,6.3,0.2861,0.041,0.0555
687466,Harrison Freed,0.0814,0.0841,0.0091,0.0214,0.2205,36.3,0.3231,0.0466,0.0991
672531,Ulrich Bojarski,0.0808,0.0848,0.0094,0.0225,0.2174,33.4,0.3739,0.0441,0.1075
678733,Guillermo Quintana,0.0775,0.0726,0.0121,0.0127,0.2176,31.0,0.2418,0.0575,0.0725
678357,Andry Arias,0.0788,0.0782,0.0104,0.017,0.2167,33.2,0.3027,0.0515,0.0869
683464,Amell Brazoban,0.0782,0.0789,0.0106,0.0175,0.2143,31.5,0.2936,0.046,0.0875
678715,Luis Silva,0.0697,0.069,0.0111,0.0122,0.194,17.5,0.3252,0.039,0.0674
681383,Xavier Valentin,0.0717,0.0706,0.0148,0.0145,0.1955,18.4,0.3566,0.0439,0.0761
692587,Sandry Hernandez,0.0756,0.0713,0.0159,0.01,0.2103,19.1,0.2662,0.0402,0.0629
670877,Braulio Vasquez,0.0837,0.0749,0.0334,0.0121,0.2253,38.0,0.2619,0.0566,0.0744
678685,Victor Mascai,0.0862,0.0882,0.0082,0.0268,0.2252,39.1,0.3602,0.0682,0.1162
699084,Adriel Sotolongo,0.0762,0.074,0.0079,0.0134,0.2141,31.3,0.3039,0.0495,0.0766
692396,Maycol Justo,0.0671,0.0636,0.0098,0.008,0.1905,15.6,0.2775,0.0382,0.0501
685278,Connor Blair,0.0802,0.0771,0.0111,0.019,0.2128,29.6,0.333,0.0649,0.089
682861,Robert Mendoza,0.0687,0.0666,0.0091,0.0128,0.1867,3.2,0.3214,0.0451,0.0627
702313,Jaxon Hallmark,0.0677,0.0613,0.0161,0.0082,0.1909,15.3,0.3633,0.052,0.0539
807964,David Isea,0.0707,0.071,0.0093,0.0138,0.1961,3.3,0.2894,0.0372,0.0681
676941,Saul Garza,0.0797,0.0785,0.0086,0.017,0.2227,33.5,0.3384,0.049,0.091
672445,Felix Familia,0.0773,0.0739,0.0085,0.0119,0.2191,33.3,0.2474,0.0488,0.0718
668719,Kenyon Yovan,0.0854,0.0906,0.0089,0.0257,0.2246,37.0,0.375,0.0461,0.1152
682635,Jose Rodriguez,0.0789,0.0761,0.0109,0.0158,0.2171,33.1,0.2973,0.0564,0.0824
687052,Javeon Cody,0.0756,0.0717,0.013,0.0129,0.211,28.6,0.3324,0.055,0.0731
683400,Frank Astacio,0.0711,0.0696,0.0104,0.0128,0.1948,16.0,0.3008,0.043,0.0669
699320,Steven Cespedes,0.0614,0.0578,0.009,0.0082,0.1724,0.3,0.3127,0.0442,0.0483
695039,Jack-Thomas Wold,0.0813,0.085,0.0088,0.0199,0.2214,36.4,0.2492,0.04,0.0969
687022,Burle Dixon,0.0774,0.0739,0.0165,0.0157,0.2123,28.6,0.3793,0.0577,0.0842
687078,Jasiah Dixon,0.0757,0.0724,0.0173,0.0133,0.2105,27.2,0.3121,0.0515,0.0736
699300,Jose Melendez,0.0605,0.0601,0.0091,0.0093,0.1659,2.0,0.3061,0.0319,0.049
689160,Micah Yonamine,0.0785,0.0757,0.0079,0.0159,0.2185,34.0,0.3042,0.059,0.0806
805938,Luis Aparicio,0.073,0.0714,0.0102,0.0115,0.2057,24.7,0.226,0.0453,0.0624
681610,Oswal Leones,0.0752,0.0738,0.0118,0.0146,0.2079,27.1,0.3057,0.0475,0.0772
800210,Omar Romero,0.0657,0.0582,0.0097,0.0059,0.1848,9.7,0.268,0.0553,0.0419
687332,Jalen Greer,0.0603,0.057,0.011,0.0072,0.1744,5.8,0.3635,0.04,0.0491
801254,Germain Noriega,0.0653,0.0641,0.0107,0.0107,0.1808,12.1,0.3141,0.0385,0.0541
672719,Jesus Feliz,0.0812,0.0842,0.0102,0.0185,0.2195,35.3,0.2547,0.0325,0.0942
699047,Jesus Montilla,0.062,0.055,0.01,0.0052,0.1757,6.0,0.292,0.0509,0.0379
700319,Juan Cruz,0.0636,0.0643,0.0139,0.0158,0.1687,6.3,0.4077,0.0409,0.0689
690917,Parker Kelly,0.0851,0.0812,0.0109,0.0177,0.2365,30.3,0.3831,0.0646,0.0993
682898,Ricardo Balogh,0.0777,0.0771,0.0066,0.0155,0.2141,29.1,0.3078,0.05,0.0809
692608,Luis Echenique,0.0722,0.0663,0.0149,0.0111,0.2004,20.5,0.2523,0.0578,0.0602
647292,Myles Miller,0.0728,0.072,0.0107,0.0146,0.2005,22.0,0.3663,0.0465,0.0788
678747,Robert Gonzalez,0.0767,0.0689,0.0147,0.0142,0.2092,27.8,0.3011,0.0744,0.0712
691489,Ethan De Cuba,0.0661,0.0591,0.0161,0.0091,0.1834,7.4,0.3134,0.0585,0.0503
702699,Nehomar Caldera,0.0566,0.0537,0.0077,0.0077,0.1585,-6.1,0.3653,0.0431,0.0438
695415,Bryson Worrell,0.0795,0.0738,0.0144,0.0164,0.2022,20.4,0.3969,0.0619,0.0814
685438,Franklin Linares,0.0638,0.0598,0.0166,0.0068,0.178,8.0,0.307,0.0363,0.0459
703862,Luis Pelegrin,0.0661,0.0659,0.0092,0.013,0.1798,5.7,0.3158,0.038,0.0611
800468,Daniel Benschop,0.0626,0.0633,0.0118,0.0109,0.1745,6.5,0.3164,0.0288,0.0565
659430,Matt Warkentin,0.0763,0.0778,0.009,0.0192,0.2067,26.2,0.3517,0.047,0.0903
687524,Tevin Mitchell,0.0764,0.0762,0.0111,0.0191,0.205,24.4,0.3918,0.053,0.0935
699207,Julio Pinto,0.0618,0.0579,0.0103,0.005,0.1759,5.0,0.2249,0.0335,0.0396
696081,Andrws Cruz,0.0701,0.0647,0.0218,0.0068,0.1966,20.9,0.2027,0.0405,0.0487
684487,Eduardo Garcia,0.067,0.0674,0.0077,0.0143,0.1821,8.0,0.3428,0.0412,0.0687
800313,Alejandro Rios,0.0586,0.0566,0.0085,0.0083,0.159,-9.1,0.3382,0.0369,0.046
690383,Quentin Selma,0.0749,0.0766,0.0092,0.0176,0.204,24.4,0.3234,0.043,0.0856
699310,Frederick Marte,0.0602,0.0533,0.011,0.0052,0.1683,3.6,0.3197,0.0511,0.0368
700725,Juan Diaz,0.0688,0.0687,0.0125,0.0121,0.1911,15.5,0.2497,0.0342,0.0636
808256,Eikel Joaquin,0.0603,0.0575,0.0093,0.0072,0.1753,2.8,0.2975,0.0397,0.0466
699153,Helison Mota,0.0644,0.0584,0.0092,0.0094,0.1761,1.2,0.381,0.0569,0.0524
670192,Brandon Bossard,0.0748,0.0643,0.0099,0.0097,0.2091,27.4,0.3602,0.0753,0.0637
660652,Jose Colina,0.0758,0.0737,0.0091,0.0178,0.2038,25.3,0.3561,0.059,0.0844
808049,Omar Ferrera,0.0615,0.054,0.0094,0.0056,0.1719,0.3,0.3018,0.054,0.0387
703035,Ronny Ramirez,0.0688,0.0629,0.0096,0.0111,0.1907,12.3,0.3358,0.0585,0.0576
800351,Javier Pena,0.0559,0.0558,0.0084,0.0105,0.1503,-14.4,0.4123,0.036,0.0497
691614,Mendy Ferreira,0.0629,0.0596,0.0165,0.0112,0.1692,0.5,0.3888,0.0485,0.0553
692607,Jesus Fernandez,0.0615,0.055,0.0124,0.0057,0.1682,0.5,0.3139,0.0463,0.0386
692361,Yeison Lemos,0.064,0.0663,0.0091,0.0132,0.1738,5.6,0.3185,0.03,0.0642
699297,Yoandy Perez,0.0555,0.0517,0.0099,0.0051,0.1567,-8.2,0.3738,0.037,0.0375
700729,Juan Mota,0.0607,0.0615,0.0096,0.0103,0.1671,-1.0,0.3197,0.029,0.0531
698930,Reiner Chourio,0.0592,0.0553,0.0093,0.0074,0.1687,-1.5,0.3621,0.0461,0.045
682794,Axel James,0.0701,0.0703,0.0116,0.0144,0.189,12.1,0.3529,0.0396,0.0738
808266,Leyderman Ruiz,0.0585,0.0548,0.0087,0.0056,0.1645,-1.2,0.3294,0.0337,0.0385
663529,AJ Lee,0.0709,0.068,0.0098,0.0123,0.1947,18.3,0.3783,0.0476,0.0705
671224,Danny Lantigua,0.0775,0.0808,0.0096,0.0196,0.2087,25.5,0.3728,0.0403,0.0962
693766,Sebastian Castro,0.057,0.0509,0.0089,0.0052,0.1665,-0.8,0.3369,0.0498,0.0371
682764,Michael James,0.0736,0.073,0.0113,0.0168,0.1952,9.0,0.3359,0.0478,0.0775
701125,Jenier Fernandez,0.0616,0.0631,0.0096,0.0107,0.1685,-0.2,0.3343,0.027,0.0537
699122,Erick Reyes,0.0591,0.0532,0.0127,0.0073,0.1631,-3.8,0.3635,0.0525,0.0427
808360,Ariel Lebron,0.0684,0.0637,0.0087,0.0106,0.1821,7.8,0.349,0.045,0.054
800403,Juan Zapata,0.059,0.0545,0.0104,0.0055,0.165,-4.4,0.3189,0.04,0.0387
669070,Connor Cannon,0.0713,0.0741,0.0084,0.0194,0.1921,17.3,0.4093,0.0411,0.0871
699287,Angel Parra,0.0666,0.0655,0.0136,0.0125,0.1837,7.6,0.3161,0.04,0.0618
691424,Erickson Sarita,0.0662,0.0646,0.0098,0.0123,0.1817,9.6,0.3394,0.0453,0.06
699037,Brayan Nolasco,0.0592,0.0581,0.013,0.0112,0.16,-5.9,0.3876,0.039,0.0528
693733,Enrique Valdez,0.0585,0.0539,0.0094,0.0092,0.1597,-6.1,0.3965,0.053,0.0474
692611,Marino Castillo,0.0659,0.0615,0.0171,0.0094,0.1839,7.7,0.3057,0.0443,0.052
669191,Nick Brueser,0.0707,0.0709,0.0082,0.0176,0.1905,15.1,0.391,0.052,0.0808
698980,Fabio Villadiego,0.0646,0.0618,0.0102,0.0115,0.179,10.1,0.3389,0.0491,0.0574
808131,Eduar Bolivar,0.0663,0.0679,0.0096,0.0126,0.182,7.2,0.3176,0.03,0.062
678647,Gerard Ramos,0.0785,0.0846,0.0088,0.023,0.2069,20.9,0.3198,0.0365,0.0998
800475,Donis Rodriguez,0.0584,0.0522,0.0124,0.0057,0.1644,-2.3,0.333,0.0496,0.0371
687669,Ronny Novas,0.0703,0.0667,0.0145,0.01,0.195,8.8,0.2973,0.0415,0.0562
682661,Jose Bonilla,0.0713,0.072,0.009,0.0149,0.1929,15.5,0.3591,0.039,0.0754
699123,Richard Rojas,0.0574,0.0559,0.0089,0.0089,0.1579,-7.3,0.384,0.0365,0.0469
699216,Francisco Laya,0.0653,0.0605,0.0126,0.0107,0.1782,6.6,0.324,0.0544,0.0545
800525,Joaan De Jesus,0.0531,0.0478,0.0082,0.0049,0.1488,-9.3,0.3973,0.0445,0.0333
691433,Oscar Aude,0.0694,0.071,0.01,0.0158,0.1868,6.1,0.3032,0.0386,0.072
692060,Jhorjan Guevara,0.0663,0.0656,0.0125,0.0126,0.1787,6.7,0.3277,0.038,0.0607
691331,Luis De La Cruz,0.0669,0.0632,0.0094,0.0117,0.184,14.2,0.3433,0.0532,0.0573
672457,Amador Arias,0.0692,0.0675,0.0095,0.0127,0.1922,19.3,0.3342,0.0461,0.069
695310,Diego Rodriguez,0.0615,0.0542,0.0104,0.0053,0.1745,4.1,0.3252,0.0525,0.0392
800376,Fabricio Valera,0.0646,0.0588,0.0091,0.0114,0.1774,4.9,0.3773,0.0669,0.0557
800422,Christian Suarez,0.069,0.0667,0.0095,0.0131,0.1862,11.7,0.3041,0.0476,0.0629
699048,Lerwin Andrade,0.0609,0.0532,0.0118,0.005,0.172,2.8,0.3399,0.0533,0.0367
691609,Jose Gonzalez,0.0657,0.0654,0.01,0.012,0.1805,8.3,0.3348,0.0394,0.0616
691383,Jose Mendez,0.0656,0.0571,0.01,0.0058,0.1861,9.2,0.3063,0.0599,0.0432
800404,Cesar Bonalde,0.0653,0.0652,0.0079,0.0113,0.1776,3.4,0.3296,0.0359,0.0571
691417,Jhoan Gomez,0.0677,0.0648,0.0103,0.0098,0.1888,14.6,0.2441,0.0427,0.0558
693786,Ronnie Martinez,0.0632,0.065,0.0095,0.0153,0.1695,0.6,0.3916,0.038,0.0668
683606,Cesar Aponte,0.0656,0.0606,0.0139,0.0047,0.1867,15.2,0.2669,0.0353,0.0425
702372,Angel Santana,0.0644,0.0618,0.0104,0.0091,0.1834,6.3,0.3033,0.0381,0.0521
683883,Derek Escobar,0.0691,0.0619,0.0146,0.0118,0.1851,11.0,0.3476,0.0634,0.0573
808331,Jhoan Solarte,0.0666,0.0693,0.0096,0.0158,0.175,-2.0,0.3505,0.0352,0.0712
698960,Juanel Urena,0.0619,0.0576,0.0124,0.0104,0.1699,3.0,0.3834,0.0541,0.0518
702871,Luis Castaneda,0.0643,0.0617,0.0089,0.009,0.171,0.4,0.3389,0.0373,0.0487
693738,Jose Cosma,0.0642,0.0618,0.0101,0.0101,0.1782,6.6,0.3204,0.0435,0.0537
692642,Pedro Figuereo,0.0521,0.0475,0.0094,0.0051,0.1457,-15.8,0.4237,0.041,0.0335
699327,Francisco Ulloa,0.0602,0.0557,0.0099,0.0102,0.1648,-2.6,0.398,0.054,0.0497
808255,Nathanael German,0.0641,0.0638,0.0087,0.012,0.1719,-4.2,0.3554,0.0392,0.0596
692455,Dawry Martinez,0.0602,0.0582,0.0102,0.0105,0.1642,-3.0,0.3766,0.0435,0.0531
691646,Joel Flores,0.0625,0.0639,0.0093,0.0141,0.167,0.5,0.3848,0.0373,0.0642
691296,Robinson Vargas,0.0641,0.0608,0.0085,0.0115,0.1767,5.0,0.3734,0.0525,0.0582
692398,Keshawn Rombley,0.0622,0.0636,0.0084,0.0142,0.1672,-0.1,0.3957,0.0372,0.0644
700290,Eskoly De Jesus,0.0602,0.0582,0.0083,0.0115,0.163,-4.3,0.4284,0.0496,0.0572
682767,Pedro Mota,0.0687,0.0629,0.0097,0.0089,0.19,5.4,0.3097,0.0491,0.0558
696099,Jerry Torres,0.0644,0.0585,0.0099,0.0096,0.1768,6.0,0.3417,0.0583,0.0514
692597,Sebastian Bautista,0.0595,0.058,0.0089,0.011,0.1631,-3.8,0.4111,0.043,0.0543
808114,Hancel Almonte,0.063,0.065,0.0072,0.0148,0.1652,-1.9,0.4158,0.0385,0.0644
812427,Claudio Evangelista,0.0625,0.0621,0.0077,0.0107,0.1694,-5.9,0.3769,0.0352,0.0561
699036,Carlos Arcila,0.0655,0.0641,0.0104,0.0126,0.1737,4.3,0.3186,0.0426,0.0593
698947,Angel Pena,0.0599,0.0566,0.0122,0.0101,0.1615,-4.9,0.378,0.0475,0.0503
700300,Osman Bravo,0.0639,0.0619,0.0085,0.0102,0.1754,2.7,0.2977,0.041,0.053
691485,Jorge Celado,0.063,0.0652,0.0087,0.0127,0.173,3.0,0.3429,0.029,0.0602
806989,Anthony Baptist,0.0673,0.0632,0.0118,0.0131,0.1815,10.2,0.3816,0.0572,0.063
683886,Derek Vegas,0.0618,0.059,0.0075,0.0075,0.1766,4.3,0.2887,0.0381,0.0463
692415,Alexis Feliz,0.0608,0.0565,0.0121,0.0055,0.1723,2.5,0.2889,0.038,0.0398
691593,Germain Ruiz,0.0631,0.0604,0.0119,0.0108,0.176,3.9,0.3853,0.0441,0.0558
693177,Frailyn Abreu,0.0629,0.0606,0.0094,0.0133,0.1696,0.7,0.4007,0.0525,0.0607
808318,Ewing Matos,0.0589,0.0595,0.0084,0.0103,0.1611,-8.2,0.4019,0.0305,0.0543
699045,Richard Polanco,0.0605,0.0559,0.01,0.0085,0.167,0.1,0.3517,0.0502,0.0463
699317,Gustavo Marquez,0.0574,0.0564,0.0092,0.0093,0.1576,-7.6,0.3933,0.0335,0.0486
700716,Jose Marcano,0.0628,0.0625,0.0107,0.0106,0.1714,-0.0,0.3172,0.034,0.0543
699270,Luis Rodriguez,0.0645,0.0639,0.0094,0.0141,0.1709,2.1,0.3712,0.0435,0.0651
692622,Arnys Rodriguez,0.063,0.0606,0.0091,0.0112,0.1708,1.5,0.3518,0.0478,0.0551
800202,Natanael Eusebio,0.0587,0.0579,0.0085,0.0108,0.1594,-8.2,0.4213,0.04,0.0526
698964,Randy Arrieta,0.0565,0.0554,0.0104,0.0094,0.1554,-7.7,0.4135,0.0367,0.0489
808058,Delfry Carrasco,0.0556,0.0449,0.0084,0.0048,0.1562,-4.2,0.4261,0.0692,0.0308
691291,Jiter Heredia,0.0569,0.0596,0.0088,0.0139,0.1501,-12.7,0.4451,0.0327,0.0602
800507,Yanki Jean-Baptiste,0.0575,0.056,0.0088,0.01,0.1574,-6.9,0.4254,0.0429,0.051
805697,Gregory Mota,0.0578,0.0583,0.0082,0.0112,0.1603,-8.6,0.4215,0.0347,0.0537
700325,Anderson Sanchez,0.0601,0.0566,0.0114,0.0109,0.161,-4.7,0.4279,0.051,0.0519
700717,Junior Marino,0.0643,0.0618,0.0105,0.0089,0.1789,6.4,0.294,0.038,0.0512
800398,Roman La Torre,0.0604,0.0596,0.0086,0.0095,0.1664,-2.5,0.3099,0.0375,0.0512
808296,Luis Arredondo,0.0633,0.0645,0.008,0.0127,0.1689,-6.2,0.3565,0.0342,0.0617
694030,Andy Sosa,0.063,0.0655,0.0099,0.0141,0.1709,1.6,0.3588,0.032,0.0638
808849,Jermaine Maricuto,0.0603,0.0604,0.0079,0.0093,0.1732,1.4,0.2768,0.0308,0.0503
700333,Arquedion Muller,0.0607,0.0603,0.0118,0.0138,0.1604,-7.5,0.4391,0.045,0.0615
702892,Juan Rosa,0.0547,0.0533,0.0092,0.0123,0.1437,-17.4,0.5095,0.0477,0.0533
800515,Jonathan Bautista,0.0556,0.0556,0.0079,0.0128,0.1455,-17.6,0.4905,0.0432,0.0559
691644,Robert Hendrick,0.0583,0.0577,0.0084,0.0129,0.1558,-8.8,0.4345,0.042,0.0579
691923,Delfin Ramirez,0.056,0.0534,0.0096,0.0062,0.1576,-7.8,0.362,0.0348,0.0392
800137,Neify Rosario,0.062,0.0614,0.0096,0.0126,0.1675,-1.5,0.3823,0.0411,0.0596
691325,Cesar Aguasvivas,0.0555,0.0534,0.009,0.0091,0.1513,-11.9,0.4129,0.041,0.0465
811603,Eric Valdez,0.0573,0.0577,0.0087,0.0128,0.1525,-12.9,0.4629,0.039,0.0569
458015,Joey Votto,0.5159,0.5381,0.0097,0.1643,0.3275,103.7,0.2585,0.123,0.1841
572180,Andrew Susac,0.1098,0.1056,0.0143,0.0306,0.2928,85.3,0.2729,0.0985,0.1542
542513,Tomás Telis,0.102,0.0999,0.0057,0.0172,0.2867,81.7,0.1526,0.054,0.104
488671,Alex Avila,0.1049,0.095,0.0093,0.0253,0.2907,83.9,0.3219,0.128,0.1393
592629,Roberto Peña,0.0987,0.0923,0.011,0.0192,0.2729,72.0,0.2084,0.0795,0.1155
680748,Devlin Granberg,0.1137,0.1118,0.0098,0.0253,0.3109,93.3,0.2104,0.0624,0.1517
621559,Max Moroff,0.1143,0.11,0.0156,0.0328,0.3041,93.0,0.2608,0.1025,0.1634
681976,John Valente,0.098,0.0896,0.0189,0.0101,0.2937,87.9,0.1409,0.0576,0.0983
650660,Franklin Torres,0.095,0.0881,0.0086,0.0142,0.2703,70.1,0.2448,0.0685,0.1009
602922,José Rondon,0.1121,0.1158,0.0137,0.0339,0.2972,88.3,0.2276,0.07,0.1641
615697,Daniel Pinero,0.1049,0.0983,0.0128,0.0228,0.2867,81.3,0.2419,0.0875,0.1348
642344,Jhon Nuñez,0.0994,0.0973,0.0134,0.0219,0.2735,72.2,0.2391,0.061,0.1226
682569,Kyle Mottice,0.1004,0.0849,0.0218,0.0088,0.2893,82.9,0.1853,0.0805,0.0896
660684,Daniel Brito,0.1049,0.1001,0.0121,0.0188,0.2894,82.1,0.1935,0.0666,0.1242
595144,Jaycob Brugman,0.1101,0.1116,0.015,0.0325,0.2983,92.1,0.2731,0.077,0.1629
543148,Tim Federowicz,0.1002,0.0989,0.0107,0.0252,0.2712,70.7,0.2727,0.0735,0.1339
621531,Ronnie Freeman,0.097,0.0945,0.0107,0.0225,0.2654,66.7,0.2692,0.0715,0.1209
680671,Michael Guldberg,0.0916,0.0906,0.015,0.0209,0.2649,72.0,0.2316,0.0588,0.1164
548431,Martin Cervenka,0.0984,0.0965,0.009,0.0252,0.2649,66.4,0.284,0.0775,0.1311
570267,Domingo Santana,0.1165,0.116,0.0139,0.034,0.3198,103.6,0.2876,0.101,0.171
676730,Austin Listi,0.1052,0.1022,0.0078,0.0259,0.2884,82.3,0.2467,0.0815,0.1374
649700,Melvin Novoa,0.0996,0.1001,0.0103,0.0259,0.2682,68.5,0.2782,0.0665,0.1374
571974,John Ryan Murphy,0.0936,0.0957,0.0122,0.0264,0.2519,55.2,0.3195,0.0664,0.1316
572821,Brian Dozier,0.1088,0.1027,0.0136,0.0274,0.2939,86.0,0.2226,0.1,0.1443
543377,Corban Joseph,0.1051,0.1002,0.0094,0.0179,0.2966,87.9,0.1647,0.067,0.1228
664877,Christian Kelley,0.0931,0.0866,0.0088,0.0183,0.2556,60.2,0.2756,0.0795,0.1076
643603,Tyler White,0.3092,0.2879,0.0152,0.081,0.323,105.6,0.2307,0.1279,0.1589
657629,Travis Jones,0.1018,0.0921,0.0143,0.0206,0.2819,77.9,0.3004,0.0945,0.1191
665158,Nick Conti,0.0992,0.0895,0.0125,0.0157,0.2795,76.3,0.2503,0.0835,0.1094
600524,Renato Núñez,0.1165,0.1295,0.004,0.0416,0.3123,98.5,0.2681,0.073,0.1902
541600,Wilfredo Tovar,0.0971,0.0877,0.0172,0.0119,0.2759,75.3,0.1625,0.0716,0.0897
642751,Carlos Martínez,0.0924,0.0906,0.0099,0.017,0.258,61.7,0.2168,0.0485,0.1056
542908,Jett Bandy,0.0964,0.0986,0.0086,0.0271,0.2577,61.6,0.2887,0.0595,0.1326
456078,Welington Castillo,0.1016,0.1033,0.011,0.0294,0.2734,71.3,0.2871,0.0728,0.1435
552662,Stefen Romero,0.1037,0.1033,0.01,0.0254,0.2894,85.9,0.2558,0.066,0.1386
596107,Eric Filia,0.1045,0.0881,0.0134,0.0157,0.2965,91.4,0.205,0.1126,0.1076
676809,Tyler Friis,0.0989,0.086,0.024,0.0115,0.2777,75.1,0.1961,0.0815,0.0995
657595,Gianpaul Gonzalez,0.0901,0.0845,0.0127,0.0169,0.2489,55.7,0.3031,0.0695,0.1035
622226,Dylan Cozens,0.1199,0.1209,0.017,0.0451,0.3058,94.1,0.3786,0.117,0.2031
594824,Greg Garcia,0.1004,0.0833,0.0141,0.0118,0.2839,77.8,0.2296,0.1042,0.0942
601712,Gareth Morgan,0.1141,0.1309,0.0104,0.0494,0.2917,84.7,0.3874,0.0555,0.2025
665285,Peter Maris,0.1025,0.1022,0.0112,0.0249,0.2793,76.1,0.2566,0.067,0.1377
607635,David Masters,0.1046,0.1047,0.0123,0.0288,0.281,77.2,0.2747,0.0745,0.1459
592530,José Marmolejos,0.1126,0.1176,0.004,0.034,0.3093,96.5,0.2555,0.095,0.1677
664916,Drew Ferguson,0.1025,0.0872,0.0263,0.0179,0.2821,78.0,0.3068,0.1095,0.1113
668674,Lucas Erceg,0.103,0.1053,0.0126,0.0302,0.2734,71.1,0.2612,0.0736,0.1483
628326,Erisbel Arruebarrena,0.0993,0.1026,0.0077,0.0266,0.2606,64.9,0.3903,0.0554,0.1321
667719,Renae Martinez,0.0945,0.0899,0.0109,0.0206,0.2583,60.9,0.3011,0.0775,0.1195
446653,Jose Lobatón,0.0968,0.0926,0.0097,0.0231,0.2619,64.4,0.3033,0.0825,0.1251
640900,Rayder Ascanio,0.1001,0.0975,0.011,0.0212,0.2727,72.1,0.2088,0.0659,0.1208
687958,Jack Kenley,0.0972,0.095,0.013,0.0191,0.2698,69.8,0.249,0.0555,0.1182
518960,Jonathan Lucroy,0.0959,0.0888,0.0074,0.0166,0.2714,70.7,0.2247,0.0835,0.1036
591741,José Osuna,0.1125,0.1164,0.0121,0.032,0.3029,92.1,0.2281,0.07,0.1685
661257,Wilbis Santiago,0.0973,0.0941,0.0136,0.0121,0.2782,75.4,0.157,0.0385,0.1044
664750,Chad De La Guerra,0.1012,0.0981,0.014,0.0241,0.2745,72.9,0.2982,0.076,0.1346
656275,Dylan Busby,0.1027,0.1107,0.0113,0.0386,0.2644,66.2,0.327,0.067,0.1634
658531,Miguelangel Sierra,0.102,0.1049,0.011,0.0311,0.2709,70.5,0.317,0.067,0.1496
593700,Alen Hanson,0.1005,0.0977,0.0165,0.0189,0.2764,74.3,0.2169,0.057,0.1257
664921,Ian Sagdal,0.1005,0.0967,0.0096,0.0205,0.2792,76.0,0.2667,0.071,0.1243
676327,Kyle Marinconz,0.0971,0.089,0.0168,0.0134,0.2734,71.4,0.2098,0.0668,0.0984
666145,Alexis Torres,0.0962,0.0929,0.0133,0.0174,0.2686,68.9,0.2713,0.0575,0.1159
682079,Chase Calabuig,0.0931,0.0842,0.0067,0.015,0.28,82.3,0.2049,0.0887,0.1022
686619,Kyle Schmidt,0.0851,0.0786,0.0071,0.0146,0.2353,48.2,0.2895,0.0657,0.09
425784,René Rivera,0.1,0.1035,0.0099,0.0298,0.2685,68.8,0.3192,0.0625,0.1411
595426,Brock Stassi,0.1068,0.0984,0.0132,0.0224,0.2997,93.1,0.2196,0.098,0.1317
666161,Nick Quintana,0.0945,0.0936,0.0078,0.0246,0.2594,56.6,0.2722,0.0759,0.1246
660731,Anderson Tejeda,0.097,0.1,0.0227,0.028,0.2561,60.5,0.3655,0.0595,0.1401
660680,Yoel Romero,0.0958,0.0902,0.0079,0.0156,0.2711,70.6,0.2505,0.0655,0.1058
668680,Casey Golden,0.1189,0.1265,0.0106,0.0422,0.3091,81.3,0.3588,0.0688,0.1963
643269,Will Craig,0.1113,0.1192,0.0062,0.0375,0.2962,87.7,0.269,0.073,0.1753
547004,Rio Ruiz,0.1079,0.1084,0.0122,0.0275,0.2948,79.8,0.2211,0.0791,0.146
663482,Jaylen Ferguson,0.0998,0.1003,0.0172,0.0265,0.2667,67.7,0.3299,0.064,0.1401
592647,Dalton Pompey,0.1093,0.1051,0.0149,0.0263,0.2979,88.8,0.2485,0.0845,0.1422
590271,Sebastián Elizalde,0.1036,0.096,0.0219,0.0203,0.2849,80.0,0.208,0.0815,0.1198
663696,Gabriel Garcia,0.1009,0.1007,0.0115,0.0279,0.2693,69.4,0.3265,0.0735,0.1435
607345,Kevan Smith,0.0942,0.0892,0.0079,0.0169,0.2661,67.1,0.2644,0.0795,0.1055
650508,Carlos Herrera,0.0959,0.0959,0.0164,0.0181,0.2646,66.3,0.2243,0.041,0.1181
502570,Rocky Gale,0.0861,0.0836,0.0104,0.0132,0.2433,51.8,0.2362,0.044,0.0893
621457,Connor Lien,0.1002,0.1019,0.0119,0.0336,0.2606,63.6,0.4314,0.0825,0.1571
474319,Brandon Snyder,0.1068,0.1138,0.007,0.0373,0.2804,76.9,0.3307,0.064,0.1695
657267,Collin Theroux,0.0899,0.088,0.0079,0.0263,0.2379,48.2,0.4149,0.0835,0.1258
527049,César Puello,0.1046,0.096,0.0194,0.0214,0.2904,83.7,0.2632,0.0815,0.1203
642462,Ibandel Isabel,0.1234,0.1438,0.007,0.0588,0.3097,96.8,0.3723,0.0655,0.2347
660638,Javier Guevara,0.0895,0.0842,0.0094,0.0186,0.2452,53.0,0.3264,0.076,0.1069
660741,Edwin Figuera,0.0892,0.0844,0.01,0.0112,0.2554,60.0,0.2311,0.0455,0.0884
676900,Ryan Dorow,0.1009,0.0958,0.0085,0.0236,0.2768,75.5,0.2815,0.08,0.1314
641991,Heath Quinn,0.1069,0.111,0.0096,0.0325,0.2896,84.2,0.3115,0.0685,0.1585
593347,Rodrigo Vigil,0.0877,0.083,0.0097,0.0137,0.2424,49.8,0.2494,0.0488,0.0899
674679,Chris Cornelius,0.0937,0.0904,0.0111,0.0143,0.2629,63.8,0.2411,0.0456,0.1026
608383,Mikey White,0.0982,0.0947,0.0118,0.0222,0.268,68.5,0.2852,0.0725,0.1258
506703,Adrián Sanchez,0.1,0.0956,0.012,0.0148,0.2806,76.1,0.1885,0.0534,0.1086
570717,Ramón Flores,0.0977,0.0859,0.014,0.0181,0.2755,76.2,0.2678,0.104,0.108
674033,Jay Schuyler,0.0919,0.0895,0.0097,0.0205,0.2557,53.8,0.3102,0.0688,0.1147
623517,Nick Lovullo,0.0911,0.0823,0.0147,0.0117,0.2577,61.6,0.2365,0.0675,0.0919
676149,Gunnar Troutwine,0.0865,0.0795,0.0081,0.0157,0.2418,50.8,0.2965,0.076,0.0898
641807,Brennon Lund,0.1004,0.1005,0.0121,0.0253,0.2682,67.9,0.2932,0.063,0.1328
676605,Jake Adams,0.106,0.1166,0.0112,0.0401,0.2737,72.2,0.3482,0.0575,0.175
681901,Alex Holderbach,0.0907,0.0922,0.008,0.0246,0.245,52.8,0.3736,0.063,0.1227
592407,Bryan Holaday,0.0969,0.0956,0.0094,0.0223,0.266,67.0,0.2537,0.0715,0.1233
669399,Deon Stafford,0.0907,0.0899,0.0118,0.0236,0.2436,52.0,0.3014,0.068,0.1147
623509,Vance Vizcaino,0.1007,0.0951,0.0194,0.0206,0.279,76.8,0.2879,0.0753,0.1209
435522,Neil Walker,0.1014,0.093,0.0131,0.018,0.2841,79.5,0.227,0.0825,0.1142
474568,Jordy Mercer,0.0958,0.0947,0.0076,0.0179,0.2749,73.1,0.2382,0.0605,0.1151
461865,Andrew Romine,0.0912,0.0843,0.0135,0.0108,0.2645,67.1,0.2251,0.0578,0.0873
670143,Danny Woodrow,0.0916,0.082,0.0149,0.0113,0.2621,64.5,0.2612,0.0695,0.086
664860,Logan Landon,0.0972,0.0967,0.0121,0.0238,0.264,65.8,0.2838,0.0645,0.127
681967,Austin Dennis,0.0948,0.0874,0.017,0.0143,0.2656,66.8,0.2311,0.0655,0.1012
660838,Imeldo Diaz,0.0918,0.0899,0.012,0.0131,0.262,64.5,0.2099,0.0385,0.0976
656455,Michael Gettys,0.111,0.1183,0.0168,0.0369,0.2862,76.3,0.3266,0.0574,0.1775
523253,Logan Forsythe,0.0937,0.0803,0.0117,0.012,0.2684,68.9,0.2615,0.0975,0.0916
572073,Joey Rickard,0.1066,0.0991,0.0154,0.0222,0.2924,85.0,0.2541,0.0875,0.1338
664683,Michael Smith,0.0936,0.0886,0.0139,0.0185,0.2587,67.4,0.3158,0.0715,0.1108
516472,Francisco Arcia,0.0868,0.0855,0.0135,0.0176,0.2422,51.0,0.2581,0.0499,0.1013
645283,Manuel Geraldo,0.0925,0.0899,0.0138,0.0152,0.2603,63.3,0.2541,0.047,0.1034
676639,Ryan Grotjohn,0.0931,0.0844,0.0135,0.0151,0.2623,63.2,0.2964,0.077,0.107
688437,Jake Hoover,0.0901,0.082,0.0134,0.0116,0.2548,59.7,0.2674,0.0635,0.0947
664697,Cobie Fletcher-Vance,0.0876,0.0796,0.0082,0.011,0.2546,57.4,0.201,0.0677,0.0832
459964,Matt Joyce,0.2929,0.2619,0.0215,0.0689,0.3015,90.5,0.2514,0.1186,0.1376
670413,Matt Hearn,0.0972,0.0842,0.0385,0.0112,0.2675,60.3,0.2246,0.0696,0.087
642694,Luis Gonzalez,0.0925,0.0899,0.0105,0.015,0.2617,64.2,0.2324,0.0495,0.1016
435062,Howie Kendrick,0.109,0.1093,0.0107,0.0204,0.31,96.9,0.1881,0.06,0.1302
640488,Grenny Cumana,0.0963,0.0916,0.0094,0.0131,0.2773,74.9,0.1551,0.051,0.0976
425783,Shin-Soo Choo,0.1127,0.0972,0.0214,0.025,0.2974,88.5,0.2727,0.094,0.1345
657779,Dom Thompson-Williams,0.1066,0.1132,0.0133,0.0344,0.2806,77.0,0.3168,0.0595,0.1654
608475,Dawel Lugo,0.0958,0.0959,0.0123,0.0162,0.2709,70.4,0.2032,0.0415,0.1098
576397,Jedd Gyorko,0.1084,0.1088,0.0108,0.0286,0.2975,88.4,0.2466,0.0855,0.1461
596056,John Nogowski,0.1085,0.0976,0.0113,0.0203,0.2973,86.8,0.191,0.1053,0.1185
670084,Nick Heath,0.098,0.085,0.0427,0.0161,0.2632,63.6,0.3458,0.0884,0.1091
663469,Lorenzo Hampton,0.1033,0.1005,0.0129,0.0264,0.2805,77.0,0.3053,0.0805,0.1376
501981,Khris Davis,0.3042,0.3453,0.0121,0.1273,0.3077,97.8,0.2738,0.0769,0.2008
660662,Edgardo Fermin,0.0935,0.0901,0.0116,0.0173,0.2596,62.8,0.2741,0.059,0.1115
666779,Dennicher Carrasco,0.0978,0.1017,0.0094,0.0281,0.2617,64.2,0.3447,0.058,0.1416
688003,Luis Trevino,0.0845,0.0797,0.0106,0.0137,0.2368,50.1,0.2352,0.0579,0.0855
425772,Jeff Mathis,0.0855,0.0809,0.0134,0.016,0.2338,45.4,0.3241,0.063,0.0984
641583,Dustin Fowler,0.1022,0.1079,0.0115,0.0299,0.2776,74.9,0.3149,0.059,0.1485
663891,Nelson Maldonado,0.1091,0.1112,0.007,0.0253,0.3056,94.4,0.2166,0.0578,0.1472
641685,Jan Hernandez,0.1047,0.1098,0.0108,0.0355,0.2757,73.8,0.375,0.0705,0.1624
676278,Willy Yahn,0.0913,0.0928,0.0096,0.0192,0.2585,62.9,0.2369,0.0413,0.1174
641802,Nick Longhi,0.1034,0.1,0.0071,0.0231,0.2844,72.8,0.2852,0.0737,0.1331
656708,Keegan McGovern,0.1065,0.1083,0.0113,0.0349,0.2803,76.8,0.3632,0.083,0.1631
663871,Ethan Paul,0.0897,0.0782,0.0129,0.0115,0.2546,59.5,0.304,0.081,0.0875
606336,Luis Marté,0.0908,0.0894,0.0169,0.0158,0.2524,58.0,0.231,0.041,0.0991
622541,Malquin Canelo,0.0901,0.0845,0.0153,0.0134,0.2531,58.5,0.2794,0.057,0.0974
624636,Carlos Tocci,0.0946,0.0877,0.0105,0.0154,0.2676,68.2,0.2314,0.0705,0.0988
656656,Trace Loehr,0.0891,0.0816,0.011,0.0088,0.2572,61.2,0.2467,0.0535,0.0863
641561,Johneshwy Fargas,0.1006,0.0967,0.0433,0.0225,0.2669,69.4,0.2706,0.0595,0.1227
666776,Ramiro Rodriguez,0.1027,0.0978,0.0147,0.0236,0.2795,76.3,0.2785,0.0825,0.1319
502285,Tyler Ladendorf,0.0931,0.0909,0.0093,0.0179,0.2586,62.1,0.2554,0.0545,0.11
607523,Nate Esposito,0.0842,0.0783,0.0132,0.0142,0.2325,44.5,0.2959,0.061,0.0908
605530,Zander Wiel,0.1066,0.1089,0.0115,0.0302,0.2829,81.0,0.301,0.0617,0.161
664159,Donnie Dewees,0.1027,0.0991,0.0172,0.023,0.2799,77.3,0.2285,0.0748,0.1339
475253,Justin Smoak,0.1141,0.1133,0.0097,0.0352,0.3048,93.4,0.2666,0.1115,0.1709
453943,Todd Frazier,0.1059,0.1101,0.0094,0.0298,0.2908,83.9,0.2363,0.0725,0.1496
605490,Bubba Starling,0.0994,0.1015,0.0111,0.0256,0.2716,71.0,0.287,0.0615,0.1322
669916,Nate Nolan,0.0876,0.0899,0.0083,0.0253,0.2312,43.6,0.4042,0.0587,0.1244
676841,Danny Edgeworth,0.0926,0.0908,0.0097,0.0222,0.2527,58.1,0.3309,0.065,0.1177
502481,Jarrod Dyson,0.2502,0.2205,0.1268,0.0352,0.2622,64.5,0.2351,0.078,0.0938
676640,Austin Bernard,0.0895,0.0828,0.0131,0.02,0.2395,41.4,0.2977,0.0825,0.1037
608384,Nick Williams,0.109,0.1163,0.0121,0.0345,0.2947,86.8,0.2859,0.0586,0.163
670259,Jacob Olson,0.0994,0.0991,0.0112,0.0224,0.2724,71.5,0.2591,0.0545,0.1305
457727,Cameron Maybin,0.0969,0.0908,0.016,0.019,0.2712,70.7,0.2941,0.0865,0.1151
688009,David Vinsky,0.0972,0.091,0.0112,0.0195,0.2691,69.3,0.3047,0.079,0.117
681552,Chris Proctor,0.0843,0.0799,0.0103,0.0155,0.233,44.7,0.3218,0.0625,0.094
642211,Justin Williams,0.1104,0.114,0.0105,0.0351,0.2922,83.7,0.3029,0.0861,0.1646
489149,Logan Morrison,0.1167,0.124,0.0095,0.0405,0.3057,93.9,0.2389,0.0795,0.1877
657086,Jared Walker,0.1044,0.1044,0.0122,0.0337,0.2733,72.1,0.383,0.089,0.1588
606988,Grayson Greiner,0.2341,0.2279,0.0117,0.0538,0.2637,58.2,0.3394,0.0807,0.1196
650560,Osvaldo Duarte,0.0899,0.0854,0.0156,0.0152,0.2494,56.0,0.3128,0.056,0.1047
658061,Galli Cribbs Jr.,0.0825,0.0752,0.013,0.0099,0.2328,44.8,0.3209,0.057,0.0847
607322,Mikey Reynolds,0.0914,0.089,0.0204,0.017,0.2505,56.7,0.2946,0.048,0.1099
659407,Tristan Pompey,0.0949,0.0845,0.0102,0.0168,0.267,67.2,0.3276,0.0954,0.1087
663402,Anderson Miller,0.102,0.1036,0.0169,0.0287,0.2687,69.6,0.2894,0.0643,0.1393
592859,Stevie Wilkerson,0.0917,0.088,0.0106,0.0162,0.2605,63.4,0.2994,0.0675,0.105
518614,Daniel Descalso,0.0965,0.0862,0.0116,0.0193,0.264,65.8,0.2976,0.1,0.1147
664689,Joel Booker,0.0919,0.089,0.0257,0.0181,0.2514,57.2,0.3116,0.0495,0.1057
670864,Yerdel Vargas,0.0835,0.081,0.0118,0.0132,0.2403,52.6,0.2697,0.0454,0.0955
620449,Luis Castro,0.1077,0.1079,0.0102,0.0326,0.2875,81.2,0.3301,0.0829,0.1586
622435,Osvaldo Abreu,0.0892,0.0828,0.0138,0.0147,0.2476,54.7,0.2946,0.0655,0.0998
676349,Mike Rothenberg,0.0756,0.0725,0.0066,0.0151,0.2218,40.5,0.3078,0.0622,0.083
475582,Ryan Zimmerman,0.1102,0.1194,0.0068,0.034,0.2956,87.0,0.2791,0.0665,0.1659
664883,Scott Burcham,0.0898,0.0824,0.0112,0.0122,0.252,51.1,0.2916,0.0623,0.0947
650443,Andy Sugilio,0.0962,0.0931,0.0175,0.0174,0.2707,70.3,0.2541,0.054,0.1052
670461,Connor Myers,0.0878,0.0827,0.0192,0.0144,0.2437,52.1,0.3573,0.052,0.1003
647309,Demi Orimoloye,0.1005,0.105,0.0186,0.028,0.2683,68.7,0.307,0.0485,0.142
682007,Connor Kopach,0.0888,0.0831,0.016,0.0181,0.2416,50.5,0.357,0.071,0.1057
660618,Chris Torres,0.0829,0.0739,0.0154,0.0122,0.2338,44.9,0.2591,0.0735,0.0749
657064,Justin Twine,0.0887,0.0869,0.0193,0.015,0.2462,53.7,0.324,0.0385,0.104
546992,Chris Chinea,0.102,0.1045,0.0093,0.0267,0.2764,74.3,0.2404,0.056,0.1383
665708,Jesus Lujano,0.0961,0.0925,0.014,0.0188,0.2673,68.0,0.2743,0.062,0.1122
656713,Brendan McKay,0.1072,0.1076,0.0132,0.033,0.2836,84.7,0.3009,0.0877,0.1568
670144,Mitch Roman,0.086,0.0737,0.0204,0.0093,0.2426,51.4,0.3019,0.0719,0.0735
519333,Matt Szczur,0.103,0.1022,0.011,0.0258,0.2792,76.1,0.2615,0.072,0.1404
501983,Travis Snider,0.0933,0.0833,0.0132,0.0195,0.2584,64.4,0.3632,0.101,0.1116
664031,Ryan Howard,0.0911,0.0864,0.0115,0.0151,0.2542,59.0,0.248,0.06,0.1018
672906,Lazaro Alonso,0.1053,0.1003,0.008,0.0277,0.2873,79.8,0.3327,0.1025,0.1429
664321,Yeltsin Encarnacion,0.0863,0.0793,0.0131,0.011,0.2454,53.2,0.2752,0.059,0.0849
624408,Willie Abreu,0.0976,0.0969,0.014,0.0232,0.2655,66.8,0.2865,0.0605,0.1264
547170,Nicky Delmonico,0.1026,0.0997,0.0106,0.025,0.2802,76.8,0.2773,0.0815,0.1366
455976,Nick Markakis,0.1003,0.0944,0.0107,0.0161,0.2878,81.9,0.2156,0.0775,0.1145
660556,Raúl Hernández,0.08,0.0763,0.0113,0.0117,0.2256,39.7,0.2657,0.0465,0.077
672821,Juan Aparicio,0.0829,0.0835,0.0086,0.0192,0.2258,39.8,0.2647,0.0495,0.0951
678487,Andres Melendez,0.0824,0.0791,0.0086,0.0186,0.2257,42.0,0.3127,0.0705,0.0938
518653,Jake Elmore,0.0958,0.0818,0.0147,0.0088,0.2764,74.2,0.1894,0.0815,0.0842
681944,Dean Nevarez,0.0829,0.0865,0.011,0.0235,0.2217,38.3,0.3044,0.0485,0.1062
467055,Pablo Sandoval,0.1098,0.1126,0.011,0.0347,0.2932,87.5,0.2675,0.0725,0.1638
676920,Todd Czinege,0.099,0.1046,0.0096,0.0313,0.2627,64.9,0.3564,0.0585,0.1485
642198,Seaver Whalen,0.1018,0.1024,0.0137,0.0256,0.2746,73.0,0.2402,0.051,0.1382
660630,Romer Cuadrado,0.097,0.0981,0.0072,0.0263,0.2636,65.5,0.3446,0.068,0.1302
673476,Norel González,0.1073,0.1093,0.0105,0.0291,0.2934,83.0,0.2326,0.0692,0.1522
467827,Gerardo Parra,0.2564,0.2415,0.0408,0.0522,0.2769,73.7,0.2613,0.0764,0.1149
623180,Seth Mejias-Brean,0.0945,0.0891,0.0141,0.0176,0.2655,69.6,0.2475,0.0703,0.1039
657740,Jeremy Rivera,0.0909,0.0839,0.011,0.0131,0.2585,62.1,0.2223,0.064,0.0893
681955,Sam McWilliams,0.0919,0.092,0.0123,0.0213,0.2422,52.5,0.2968,0.0557,0.1074
502517,Daniel Murphy,0.1005,0.1003,0.01,0.0196,0.282,78.0,0.1913,0.0605,0.1201
679766,Hunter Hearn,0.096,0.0956,0.0125,0.025,0.2584,62.0,0.3194,0.0675,0.1294
676943,Michael Osinski,0.0968,0.0903,0.0134,0.0181,0.27,69.9,0.2873,0.0745,0.1111
665820,Wander Javier,0.0862,0.089,0.0066,0.0213,0.2284,44.6,0.3212,0.0452,0.111
670236,Dustin Skelton,0.0809,0.0827,0.0081,0.0214,0.2173,34.1,0.3305,0.052,0.0998
642062,Steven Sensley,0.1018,0.1104,0.0124,0.0375,0.2633,65.2,0.3218,0.06,0.1593
662928,Andres Guerra,0.078,0.0765,0.0101,0.0157,0.2144,32.2,0.3185,0.05,0.0841
605508,Charlie Tilson,0.0938,0.0836,0.0208,0.0107,0.267,67.8,0.2378,0.0645,0.0888
669026,Ryan Reynolds,0.0871,0.087,0.0101,0.0197,0.2378,48.0,0.2848,0.0525,0.1053
452254,Hunter Pence,0.1009,0.1022,0.0129,0.0256,0.2771,74.7,0.2705,0.065,0.1328
660616,Ricardo Rodriguez,0.0788,0.0755,0.0089,0.0138,0.218,34.6,0.2509,0.052,0.0777
660842,Juan Uriarte,0.0764,0.0773,0.0089,0.0148,0.2081,31.8,0.2803,0.0381,0.0817
596119,Blake Swihart,0.0953,0.0906,0.0115,0.0222,0.2579,61.7,0.2791,0.0825,0.1195
429665,Edwin Encarnación,0.1075,0.1115,0.0088,0.0352,0.2865,81.0,0.275,0.087,0.1612
686843,Will Matthiessen,0.0934,0.0965,0.008,0.0258,0.2569,58.6,0.3259,0.0629,0.1286
643590,Brandon Wagner,0.1014,0.0987,0.0094,0.0302,0.2705,70.2,0.3695,0.0945,0.1433
460077,Drew Butera,0.2189,0.1981,0.028,0.041,0.2371,47.6,0.3158,0.075,0.097
650658,Keinner Piña,0.0755,0.0696,0.008,0.0101,0.2128,31.1,0.2713,0.0555,0.0652
683296,Anthony Morales,0.0758,0.0723,0.0088,0.0119,0.2073,30.4,0.2813,0.0446,0.0719
650531,Brad Zunica,0.1079,0.1116,0.0117,0.0347,0.2835,78.9,0.3164,0.074,0.1673
650513,Manuel Melendez,0.0937,0.0921,0.0151,0.0188,0.2587,62.2,0.2278,0.054,0.1092
672475,Alexander Hernandez,0.087,0.0892,0.0124,0.0224,0.2342,45.6,0.2771,0.049,0.1079
669909,Alan Marrero,0.0781,0.0731,0.0099,0.0173,0.2108,29.7,0.367,0.074,0.0868
670922,Saul Torres,0.08,0.0785,0.0093,0.018,0.2145,33.6,0.3385,0.0574,0.0896
666331,Jake Sanford,0.097,0.103,0.0079,0.028,0.2593,64.3,0.2871,0.0474,0.1295
630111,Yasmany Tomás,0.1046,0.112,0.0102,0.0336,0.2765,74.3,0.3049,0.0555,0.1609
445055,Jon Jay,0.0941,0.0893,0.0119,0.0129,0.2709,70.4,0.2132,0.0495,0.0901
645291,Kevin Josephina,0.0809,0.0756,0.012,0.0088,0.232,44.1,0.2541,0.046,0.0725
620998,Joe DeCarlo,0.0978,0.096,0.0081,0.0249,0.2653,66.7,0.3039,0.0765,0.1294
671265,Freudis Nova,0.0803,0.076,0.0131,0.0123,0.2188,36.8,0.2981,0.0494,0.0772
658652,Oscar Campos,0.0786,0.0825,0.0109,0.0182,0.2116,34.0,0.2655,0.0341,0.0893
687668,Yorkislandy Alvarez,0.0785,0.0673,0.0122,0.0065,0.2311,43.0,0.1789,0.0684,0.054
681083,Clayton Daniel,0.098,0.089,0.0109,0.0123,0.2701,71.1,0.2059,0.0708,0.0931
642279,Samir Dueñez,0.1007,0.1036,0.01,0.029,0.269,69.0,0.2757,0.0655,0.1428
687771,Eric Rivera,0.0886,0.0779,0.0154,0.0116,0.246,52.3,0.2117,0.0728,0.0748
656668,Brock Lundquist,0.1033,0.0996,0.0102,0.0273,0.2698,69.6,0.343,0.0819,0.1385
660818,Jose Rivas,0.0751,0.0727,0.0077,0.014,0.2074,27.4,0.2882,0.0485,0.0748
641477,Ryan Cordell,0.0959,0.096,0.0155,0.0272,0.2552,59.8,0.3606,0.073,0.133
679737,Antonio Cabello,0.0758,0.0774,0.0104,0.0186,0.2049,25.9,0.3399,0.045,0.089
672716,Anyesber Sivira,0.0765,0.0714,0.0113,0.01,0.2198,38.5,0.2515,0.0511,0.0671
657728,Isaias Quiroz,0.0747,0.0712,0.0101,0.016,0.2027,24.2,0.3874,0.062,0.0815
663545,Reggie Pruitt,0.0901,0.0819,0.027,0.0166,0.2439,52.2,0.3659,0.0725,0.1021
660632,Adrian Rondon,0.0806,0.0791,0.0075,0.0137,0.2263,40.2,0.2671,0.045,0.0832
642711,Johan Cruz,0.0813,0.0773,0.0093,0.0137,0.2269,40.6,0.2785,0.0575,0.0829
665798,Ronny Brito,0.0827,0.0853,0.0095,0.022,0.2226,37.7,0.3456,0.05,0.1046
682170,Andrew Martinez,0.0829,0.0756,0.0082,0.0163,0.2275,41.0,0.3219,0.0765,0.0891
656925,Liam Sabino,0.0751,0.0691,0.0114,0.0113,0.2128,36.8,0.3224,0.0584,0.0719
668740,Kyle Wilkie,0.0741,0.0708,0.0101,0.012,0.2053,25.9,0.2638,0.0485,0.0687
667398,Austen Wade,0.0895,0.0817,0.0136,0.0173,0.2469,54.1,0.276,0.083,0.095
668696,Grant Little,0.0881,0.0768,0.0211,0.0115,0.2415,54.4,0.2589,0.0749,0.0759
672734,Jose Tortolero,0.0798,0.075,0.0119,0.0117,0.2237,38.4,0.2373,0.0515,0.0736
672951,Victor Ruiz,0.0822,0.0839,0.0092,0.0167,0.2301,39.5,0.2498,0.0399,0.094
663347,Jeremiah Burks,0.0785,0.0729,0.0123,0.0113,0.2207,36.5,0.3067,0.055,0.0744
664171,Joey Roach,0.0961,0.0924,0.0115,0.02,0.2652,66.6,0.2511,0.0665,0.115
664988,Josh Rolette,0.0924,0.0869,0.0122,0.0183,0.2536,58.7,0.3018,0.074,0.1111
678709,Roman Ruiz,0.0747,0.0705,0.0139,0.009,0.2105,29.5,0.2634,0.041,0.0655
680597,Flemin Bautista,0.0817,0.0807,0.0103,0.0169,0.2243,39.1,0.271,0.051,0.0897
669121,Spencer Griffin,0.082,0.0779,0.0135,0.017,0.2246,39.0,0.3722,0.0645,0.0915
686771,Fox Semones,0.0795,0.082,0.0142,0.0198,0.22,36.0,0.3583,0.044,0.0969
572033,Josh Phegley,0.0999,0.1031,0.0109,0.026,0.2706,70.2,0.2332,0.057,0.1385
648739,Telmito Agustin,0.0927,0.0956,0.0139,0.0252,0.2487,55.3,0.2945,0.053,0.1218
686680,Ben Sems,0.0857,0.0843,0.0085,0.0195,0.2367,35.9,0.3196,0.0538,0.1002
647311,Ben Pelletier,0.0925,0.0989,0.0096,0.0297,0.2441,52.3,0.3239,0.0505,0.1334
682742,Esmil Torres,0.0734,0.0664,0.0141,0.012,0.2009,22.9,0.263,0.0645,0.0616
669155,Brandon White,0.0806,0.0769,0.0134,0.0156,0.2208,36.5,0.3034,0.0585,0.0847
656822,Alexis Pantoja,0.0881,0.0804,0.014,0.009,0.2533,58.5,0.204,0.055,0.0793
673859,Garrison Schwartz,0.0898,0.0823,0.0143,0.0191,0.2438,52.0,0.3739,0.084,0.1083
669232,Chad McClanahan,0.0821,0.0787,0.009,0.0192,0.223,37.9,0.3657,0.071,0.0958
689837,Garrett Saunders,0.073,0.0656,0.0132,0.0081,0.2066,26.9,0.3188,0.0545,0.06
660569,Marcos Rivera,0.0818,0.0869,0.0086,0.0224,0.2204,36.2,0.3474,0.04,0.1059
680715,Jawuan Harris,0.0824,0.0749,0.021,0.0176,0.22,35.9,0.3845,0.0785,0.0915
660663,Frederick Cuevas,0.089,0.0845,0.0156,0.0178,0.2419,50.7,0.2506,0.0675,0.0997
667713,Cade Harris,0.0903,0.0861,0.0121,0.0234,0.2422,50.9,0.329,0.0845,0.1111
676108,LG Castillo,0.0887,0.0951,0.0113,0.025,0.2404,49.8,0.3157,0.0365,0.1154
623300,Austin Rei,0.0947,0.0903,0.014,0.0209,0.2571,61.2,0.3113,0.073,0.1198
660647,Mariel Bautista,0.091,0.0944,0.0149,0.0241,0.2447,52.6,0.2711,0.0445,0.1158
687013,Cooper Uhl,0.0637,0.0588,0.0076,0.0108,0.1875,19.0,0.3409,0.0618,0.0597
665840,Carlos Reina,0.0731,0.0699,0.0092,0.0137,0.1992,21.1,0.3183,0.0549,0.0725
673765,Mason Janvrin,0.0802,0.0791,0.0146,0.0203,0.2199,36.1,0.3196,0.0578,0.0946
703260,Angel Rivera,0.0634,0.06,0.0078,0.0111,0.1869,18.5,0.3041,0.0548,0.0577
664752,Seamus Curran,0.0969,0.0996,0.0099,0.0313,0.2551,59.6,0.3224,0.074,0.1382
682766,Alexeis Azuaje,0.0753,0.0739,0.019,0.0122,0.2124,31.9,0.2799,0.029,0.0733
690178,Elijah Greene,0.085,0.0762,0.0121,0.014,0.2371,47.5,0.3033,0.0795,0.0838
682022,Corbin Williams,0.0806,0.0756,0.0308,0.0161,0.213,30.6,0.3497,0.0536,0.082
656824,Isaiah Pasteur,0.0792,0.0758,0.015,0.0183,0.2128,31.1,0.4,0.0655,0.0921
676376,Gabe Snyder,0.0968,0.1,0.0101,0.0301,0.2556,60.0,0.3016,0.067,0.1375
666680,Ruben Santana,0.0764,0.0698,0.0126,0.0075,0.2179,34.5,0.2414,0.049,0.062
663664,Desmond Lindsay,0.0963,0.0936,0.0116,0.0251,0.2594,62.6,0.3692,0.0795,0.1305
681518,Gage Hughes,0.0786,0.0794,0.0112,0.0172,0.2162,31.7,0.2647,0.0417,0.0885
668829,Chase Murray,0.0866,0.0908,0.0137,0.0218,0.2394,46.6,0.2747,0.0411,0.1069
676676,Donivan Williams,0.0755,0.0692,0.0111,0.01,0.2135,31.5,0.2889,0.057,0.0637
682162,Kaleo Johnson,0.0974,0.1002,0.0103,0.0265,0.2631,65.1,0.3317,0.0555,0.1357
679718,Kyle Lovelace,0.0704,0.0676,0.0107,0.0128,0.1913,16.0,0.3528,0.0463,0.0692
687042,Jimmy Titus,0.0758,0.072,0.0097,0.0106,0.2139,31.8,0.2467,0.0455,0.0672
677295,Micah Bello,0.0849,0.0877,0.0095,0.022,0.2296,42.0,0.3195,0.0494,0.1071
681933,Michael Wielansky,0.0773,0.0694,0.0113,0.0102,0.2169,33.8,0.2711,0.0635,0.0667
681965,Luke Morgan,0.0847,0.0773,0.0139,0.0143,0.2344,45.7,0.2979,0.0715,0.087
695024,Anthony Walters,0.0753,0.0679,0.0115,0.0088,0.2118,30.4,0.2866,0.0575,0.0655
678864,Francis Grullon,0.0736,0.0686,0.0126,0.0107,0.2075,25.8,0.2477,0.0516,0.0645
669218,Kier Meredith,0.0847,0.0755,0.0175,0.0124,0.2374,44.5,0.2475,0.0669,0.0771
660579,Ranfy Adon,0.0793,0.078,0.0196,0.0179,0.2135,31.5,0.339,0.0505,0.0871
678407,Ricardo Toro,0.074,0.0716,0.009,0.0143,0.1965,21.3,0.2522,0.0484,0.0675
663749,Zack Kone,0.0744,0.071,0.0101,0.01,0.2122,29.4,0.2528,0.0458,0.065
672500,Julio De La Cruz,0.0763,0.0726,0.0124,0.0131,0.2107,29.7,0.3372,0.0535,0.0787
678502,Daniel Rivero,0.0826,0.0769,0.0118,0.0135,0.2333,42.6,0.2502,0.0679,0.0795
664222,John Cresto,0.0958,0.1011,0.0116,0.0276,0.2531,44.0,0.318,0.0422,0.1334
660745,Shean Michel,0.0849,0.0799,0.0175,0.0154,0.2325,44.4,0.287,0.0635,0.0912
670030,Kole Enright,0.0836,0.0807,0.0093,0.0159,0.2323,44.3,0.2826,0.055,0.0894
623222,Ryan Ripken,0.0895,0.0909,0.0093,0.02,0.2463,53.7,0.304,0.0475,0.1115
672395,Hector Martinez,0.0739,0.0693,0.0117,0.01,0.2019,24.9,0.2523,0.0479,0.0604
669308,Sean Reynolds,0.0907,0.0974,0.0121,0.0339,0.235,44.4,0.3757,0.0657,0.1401
677041,Jake Boone,0.0708,0.0657,0.0122,0.0071,0.1997,21.9,0.2783,0.0419,0.0551
657618,Tra Holmes,0.0784,0.0739,0.018,0.0148,0.2146,32.2,0.3712,0.0565,0.0814
680607,Daiwer Castellanos,0.0783,0.0786,0.0139,0.0137,0.2214,43.0,0.228,0.0356,0.0763
660762,Jose Marquez,0.0761,0.0737,0.0138,0.0122,0.2117,30.3,0.2745,0.0415,0.0721
678389,Jhon Solarte,0.0778,0.0763,0.014,0.0175,0.2112,29.9,0.3574,0.053,0.0855
691598,Uziel Viloria,0.0733,0.0701,0.0097,0.0124,0.2076,28.6,0.3248,0.049,0.0718
686773,Max Smith,0.0862,0.0845,0.0093,0.0217,0.234,45.4,0.3636,0.0695,0.1053
703196,Victor Izturis,0.0651,0.0594,0.0076,0.008,0.183,13.1,0.2748,0.0537,0.0472
672576,Edgar Made,0.0762,0.0737,0.0119,0.0121,0.2118,30.3,0.2549,0.0435,0.0728
683554,Gerson Molina,0.0835,0.0824,0.0121,0.019,0.2273,40.9,0.3346,0.056,0.0984
683060,Harold Restituyo,0.0804,0.0783,0.0105,0.0167,0.2257,41.6,0.3217,0.056,0.0872
656952,Andrew Shaps,0.0855,0.0857,0.0152,0.0198,0.2259,40.8,0.3149,0.0509,0.0995
670053,Hosea Nelson,0.0851,0.0871,0.0125,0.023,0.2273,40.9,0.3183,0.053,0.1078
690080,LT Struble,0.083,0.0769,0.0146,0.0164,0.2281,41.5,0.3394,0.0715,0.0866
690622,Alex Erro,0.0817,0.0749,0.0089,0.0105,0.2284,36.5,0.2471,0.0579,0.074
660817,Carlos Machado,0.0852,0.0858,0.0142,0.0176,0.2347,45.8,0.2569,0.041,0.0942
680883,Sean Guilbe,0.0769,0.0739,0.011,0.0163,0.2079,27.8,0.3557,0.057,0.085
672786,Bryan Torres,0.0745,0.0677,0.0124,0.0084,0.2045,29.8,0.2461,0.0545,0.0581
669792,JC Encarnacion,0.0848,0.09,0.0129,0.0237,0.2286,42.7,0.3243,0.0389,0.1103
453527,Sean Kazmar Jr.,0.0922,0.0906,0.0099,0.018,0.2551,59.7,0.1915,0.054,0.1055
690572,Cody Grosse,0.076,0.0664,0.0123,0.009,0.2184,40.6,0.2843,0.0698,0.0616
663513,Reynaldo Rivera,0.0946,0.1047,0.0068,0.0362,0.2457,53.7,0.3593,0.0531,0.1534
683658,Felix Salguera,0.0669,0.0646,0.0115,0.011,0.1836,15.5,0.2962,0.0441,0.0583
676448,Joshua Rivera,0.067,0.0625,0.011,0.007,0.1929,18.9,0.2933,0.041,0.0525
684708,Lazaro Leal,0.0886,0.0861,0.0095,0.0203,0.24,49.6,0.2631,0.0623,0.1022
680585,Edgar Martinez,0.0689,0.0628,0.0137,0.0062,0.2015,19.6,0.2798,0.043,0.0514
668571,Wilson Alvarez,0.0654,0.0605,0.0115,0.006,0.1918,19.5,0.2613,0.0404,0.047
663517,Travis Moniot,0.0853,0.0812,0.015,0.0208,0.2268,40.5,0.3359,0.0733,0.0999
682141,Ryan Anderson,0.0856,0.0845,0.014,0.0205,0.2333,45.4,0.2856,0.0574,0.103
663668,DJ Neal,0.0826,0.08,0.015,0.0158,0.2279,41.3,0.2822,0.0525,0.0865
647278,Kyle MacDonald,0.0888,0.0921,0.0134,0.0232,0.2396,49.2,0.2876,0.0435,0.1126
680964,Reece Hampton,0.0859,0.0818,0.0192,0.0181,0.232,44.0,0.3267,0.065,0.0989
678785,Angel Maita,0.08,0.0761,0.0113,0.013,0.2244,38.9,0.2699,0.052,0.0766
677130,Jose Verrier,0.0794,0.0738,0.0109,0.0134,0.2204,36.3,0.3153,0.0605,0.0802
660639,Pedro Gonzalez,0.0849,0.0858,0.0105,0.0229,0.227,40.6,0.3708,0.0595,0.1103
682456,Tyler Flores,0.0887,0.0883,0.0097,0.0223,0.2404,49.7,0.2929,0.062,0.1085
677014,Dean Miller,0.0857,0.0895,0.011,0.0248,0.2275,40.9,0.3416,0.0495,0.1147
672735,Sean Mendoza,0.0731,0.0708,0.0119,0.011,0.2047,25.5,0.2888,0.0375,0.0663
688813,Cody Birdsong,0.0741,0.0741,0.0097,0.0154,0.203,24.4,0.3208,0.0425,0.0781
689435,Gavin Jones,0.0732,0.0712,0.0097,0.0147,0.2003,22.6,0.3384,0.0505,0.0748
666167,Cole Stobbe,0.0856,0.0879,0.0126,0.0266,0.2237,38.5,0.3897,0.0605,0.1187
687469,Keaton Greenwalt,0.0824,0.0796,0.0142,0.0176,0.2244,38.9,0.3088,0.059,0.0906
669447,Cole Brannen,0.0804,0.0716,0.0165,0.0122,0.2208,36.5,0.2783,0.074,0.0759
680858,Albert Jerez,0.0705,0.069,0.0122,0.011,0.1932,17.6,0.2707,0.0345,0.0622
679736,Keithron Moss,0.0724,0.0675,0.0149,0.0125,0.2008,23.1,0.3651,0.0554,0.073
671222,Ranser Amador,0.0714,0.0705,0.0119,0.0107,0.1999,19.8,0.2895,0.0323,0.0656
669723,Blake Tiberi,0.0819,0.0708,0.0125,0.0102,0.2299,42.5,0.2976,0.0785,0.0742
670186,Luke Bandy,0.0737,0.0734,0.0111,0.0175,0.1982,21.2,0.4092,0.0505,0.0853
665927,Reniel Ozuna,0.0817,0.0803,0.0103,0.0182,0.2224,37.5,0.3193,0.057,0.094
669217,Cory Wood,0.0717,0.0672,0.0123,0.0098,0.2,22.4,0.2577,0.046,0.0593
681629,Nestor Heredia,0.073,0.0743,0.0122,0.0147,0.1997,22.2,0.2609,0.0325,0.0732
664987,Joe Genord,0.0892,0.0959,0.0086,0.0277,0.2357,46.5,0.2951,0.044,0.1241
660665,Juan De Leon,0.0867,0.0906,0.0101,0.0271,0.2226,39.2,0.368,0.0551,0.1167
681876,Drevian Williams-Nelson,0.0772,0.0734,0.0123,0.0115,0.2166,33.7,0.2911,0.045,0.073
699200,Frandy Almonte,0.0741,0.0645,0.0211,0.0114,0.2046,25.6,0.297,0.071,0.0608
672766,Albert Suarez,0.0681,0.0637,0.0111,0.0069,0.1954,20.6,0.2413,0.04,0.0529
678676,Jose Peralta,0.069,0.063,0.0126,0.0075,0.1947,18.9,0.2772,0.048,0.0505
668883,Steven Williams,0.0735,0.0676,0.0077,0.0118,0.2146,34.3,0.2736,0.0638,0.0689
686649,Jonathan Embry,0.087,0.0791,0.0099,0.0178,0.2367,47.2,0.2751,0.0875,0.094
679198,Gabriel Gil,0.0686,0.0669,0.0099,0.0124,0.1856,5.2,0.2972,0.0432,0.0636
680595,Darwin Baez,0.0682,0.0709,0.01,0.0154,0.1858,10.8,0.2984,0.0355,0.0734
687059,Justin Ammons,0.0827,0.0781,0.014,0.0171,0.2174,33.4,0.3105,0.0606,0.086
700266,Josue Romero,0.061,0.057,0.0084,0.0094,0.172,4.1,0.3082,0.0475,0.0495
668887,Caleb Scires,0.0822,0.0849,0.0105,0.0231,0.2181,34.6,0.3546,0.049,0.1042
683558,Abel Noguera,0.0638,0.0619,0.0084,0.0113,0.1755,5.6,0.3076,0.0422,0.0579
678499,Randy Romero,0.0752,0.0746,0.0157,0.0133,0.2111,28.0,0.2739,0.0401,0.0741
678910,Alberis Ferrer,0.0699,0.0715,0.0109,0.0162,0.1923,18.3,0.375,0.0404,0.0789
679691,Luke Heyer,0.087,0.0915,0.0115,0.0268,0.2295,42.3,0.3331,0.0525,0.1182
682636,Alejandro Pie,0.0656,0.0629,0.014,0.0087,0.1854,17.6,0.3458,0.0366,0.0562
687613,Eric Jones,0.0822,0.0848,0.0092,0.0181,0.2273,40.9,0.2569,0.0355,0.0911
686304,Hansel Otamendi,0.0755,0.0707,0.0111,0.0135,0.2115,31.8,0.299,0.061,0.0733
661566,Jose Tello,0.0859,0.0902,0.0091,0.0223,0.2319,43.9,0.2605,0.0405,0.1076
686674,Jake Randa,0.0774,0.0752,0.0084,0.0135,0.2148,32.4,0.2843,0.0485,0.0798
680894,Lency Delgado,0.0696,0.0711,0.0085,0.0146,0.1915,16.6,0.3747,0.036,0.0735
800289,Dangelo Sarmiento,0.062,0.0594,0.0126,0.0066,0.1737,9.5,0.2791,0.0342,0.0427
669858,Fidel Castro,0.0762,0.078,0.0103,0.0193,0.2092,30.2,0.3791,0.045,0.0924
681735,Juan Loyo,0.0629,0.0599,0.0092,0.0105,0.1722,5.8,0.3548,0.0445,0.053
687691,Esmarly Tatis,0.0685,0.0598,0.0157,0.0053,0.1934,18.3,0.233,0.0539,0.0427
678419,Diowill Burgos,0.0832,0.0821,0.009,0.0213,0.2233,37.7,0.3436,0.066,0.1024
671285,Terry Fuller,0.0792,0.0729,0.0105,0.0169,0.2122,30.6,0.3521,0.077,0.0848
691894,Jose Colmenarez,0.0611,0.0578,0.0124,0.011,0.1669,0.8,0.3594,0.046,0.0542
678658,Braian Fernández,0.0762,0.0739,0.0104,0.0127,0.2122,30.3,0.3124,0.0479,0.0726
673650,Cristhian Longa,0.0844,0.0848,0.0096,0.0173,0.2333,44.9,0.2651,0.0425,0.0951
684221,Ezequiel Alvarez,0.0671,0.0604,0.0284,0.0056,0.1862,15.0,0.2433,0.0394,0.0443
682749,Dairon Cuevas,0.0671,0.0645,0.0126,0.0074,0.1924,16.4,0.3274,0.0335,0.0556
678294,Julio Enrique,0.0741,0.0716,0.0183,0.0147,0.1954,20.2,0.3511,0.0479,0.073
679180,Trevor Kehe,0.0821,0.0772,0.011,0.0174,0.2238,38.5,0.3624,0.069,0.0929
691399,Braylin Minier,0.068,0.0702,0.0089,0.013,0.1963,15.0,0.3047,0.0315,0.0703
660859,Ricardo Cubillan,0.0721,0.0612,0.0113,0.0063,0.2028,21.4,0.2707,0.067,0.0492
691333,Kenny Báez,0.0572,0.0528,0.0085,0.0075,0.1624,-1.0,0.3407,0.0468,0.0418
678592,Rainier Rivas,0.0748,0.0779,0.0094,0.0186,0.2061,28.0,0.3365,0.039,0.0872
666598,Jose Bermudez,0.0752,0.0732,0.016,0.014,0.207,27.2,0.3345,0.0445,0.0752
684093,Adony Mejia,0.0631,0.0593,0.0104,0.0099,0.169,1.1,0.3329,0.0435,0.0515
686522,Pierce Jones,0.0755,0.0739,0.0183,0.0161,0.2047,27.1,0.3066,0.048,0.0804
684219,Densi Meli,0.0646,0.0646,0.013,0.0126,0.1746,5.2,0.3375,0.0335,0.0606
682805,Alex Zapete,0.0739,0.0701,0.0093,0.0118,0.2037,19.3,0.2813,0.0475,0.0646
682804,Eduardo Vaughan,0.0763,0.0718,0.0107,0.0138,0.2125,26.9,0.3345,0.0589,0.076
676668,Obie Ricumstrict,0.0768,0.0793,0.0123,0.0208,0.2066,27.1,0.3516,0.0438,0.0951
671054,Jonatan Machado,0.0774,0.0756,0.0123,0.0141,0.2144,32.0,0.2926,0.045,0.0777
683675,Carlos Rondon,0.067,0.0603,0.0134,0.0058,0.1871,13.3,0.2478,0.0455,0.0432
665023,Bren Spillane,0.0807,0.0809,0.0129,0.0227,0.2141,32.0,0.4011,0.062,0.1015
683598,Kevin Infante,0.0716,0.0738,0.0114,0.0168,0.1928,17.4,0.3212,0.0355,0.0771
684517,Bladimir De La Rosa,0.0741,0.0789,0.0102,0.0208,0.191,17.3,0.3424,0.0385,0.0897
682702,Jhonny Melenciano,0.0664,0.064,0.0127,0.0099,0.1853,12.2,0.2857,0.04,0.0557
685106,Zach Biermann,0.0824,0.0844,0.0105,0.0233,0.2183,34.8,0.3302,0.054,0.1047
678682,Skeiling Rodriguez,0.0701,0.068,0.011,0.0123,0.1957,20.8,0.3405,0.0445,0.0688
677078,Cole Kleszcz,0.076,0.0736,0.0102,0.0168,0.2058,26.3,0.3559,0.058,0.0834
668568,Miguel Jerez,0.0837,0.087,0.0085,0.0267,0.2204,37.6,0.3342,0.059,0.1158
681827,Brett Langhorne,0.0807,0.0719,0.0143,0.0136,0.2149,31.1,0.382,0.0689,0.0778
669939,Andre Nnebe,0.0767,0.077,0.0125,0.0193,0.2053,26.0,0.3871,0.0525,0.091
682638,Branlyn Jaraba,0.0748,0.0796,0.0107,0.0206,0.1997,22.1,0.3439,0.0358,0.091
692324,Javier Armas,0.0677,0.0624,0.0133,0.0078,0.1811,11.8,0.3016,0.0444,0.049
682504,Leonardo Seminati,0.0856,0.0941,0.0096,0.0303,0.2257,33.7,0.3748,0.0474,0.1257
679947,Nelson Roberto,0.0736,0.078,0.0092,0.021,0.1985,22.8,0.3848,0.039,0.0939
672758,Jember Gutierrez,0.0691,0.0627,0.0128,0.0095,0.1913,16.3,0.3096,0.0555,0.0557
673882,Freddvil Chevez,0.0759,0.0793,0.0093,0.019,0.204,27.7,0.2944,0.0367,0.0881
699705,Deivi Cabrera,0.063,0.0581,0.0119,0.0078,0.1771,7.9,0.2748,0.046,0.0455
689656,Justin Washington,0.0749,0.0716,0.0224,0.0151,0.2006,22.8,0.3451,0.0515,0.0769
682754,Teofilo Mendez,0.065,0.0634,0.0101,0.0097,0.1822,9.6,0.3247,0.0379,0.0564
680648,Justin Oferman,0.0647,0.0583,0.0117,0.0063,0.1799,8.7,0.2675,0.048,0.0442
802738,Elizaul Chalas,0.0598,0.0569,0.0138,0.0069,0.1713,6.9,0.3055,0.0349,0.0441
701980,Nestor Rios,0.0556,0.0562,0.0078,0.0086,0.1576,-7.7,0.3416,0.0287,0.0463
678881,Neyfi Marinez,0.0745,0.075,0.0112,0.0176,0.2006,22.8,0.3393,0.047,0.0834
683760,Carlos Verdecia,0.0651,0.0571,0.0128,0.006,0.1789,9.2,0.3106,0.0549,0.0437
682940,Miguel Droz,0.0673,0.0634,0.0125,0.0099,0.1802,10.1,0.2929,0.0459,0.0538
680662,Wilson Valdez,0.0689,0.0697,0.0107,0.0141,0.1857,12.2,0.3212,0.0341,0.0679
692423,Yonathan Leon,0.059,0.0554,0.0177,0.0056,0.1638,0.1,0.2955,0.0317,0.0377
682756,Edward Romero,0.0592,0.0561,0.0116,0.0051,0.1681,0.2,0.2831,0.0315,0.0391
683725,Alex Garcia,0.0655,0.0603,0.0138,0.0086,0.1781,8.6,0.3214,0.0468,0.0493
683437,Juan Diaz,0.0753,0.0724,0.0085,0.0163,0.205,25.6,0.3204,0.061,0.0779
676281,Jecorrah Arnold,0.072,0.0712,0.0121,0.0145,0.1956,19.4,0.3275,0.0435,0.0753
800297,Jose Gomez,0.0626,0.0619,0.0107,0.0125,0.1706,4.4,0.4084,0.0425,0.0609
682786,Alixandri Alvarez,0.0661,0.0578,0.0114,0.0052,0.1841,5.8,0.2647,0.0504,0.0417
682096,Juan Paulino,0.078,0.0761,0.016,0.0168,0.2105,29.4,0.3216,0.0535,0.0843
675789,Bryce Bush,0.082,0.0824,0.0143,0.0217,0.2168,33.6,0.3296,0.0538,0.0995
683407,Roberth Gutierrez,0.0658,0.0599,0.0112,0.0104,0.1798,7.9,0.3653,0.0568,0.0545
684525,Darel Belen,0.074,0.0747,0.0103,0.0186,0.1966,17.3,0.3707,0.0479,0.0851
698997,Beyker Martinez,0.0566,0.0533,0.0118,0.0089,0.1659,3.7,0.3751,0.0488,0.0473
691553,Roger Caraballo,0.0782,0.0835,0.0081,0.0223,0.2006,24.7,0.3154,0.0381,0.0939
683489,Sebastian Burciaga,0.0635,0.0605,0.0118,0.0074,0.1764,6.4,0.271,0.0335,0.0482
676048,Mason Berne,0.0782,0.0806,0.0096,0.0197,0.2129,30.0,0.3201,0.0475,0.0929
683595,Luis Zambrano,0.0617,0.0553,0.0118,0.0058,0.1732,4.2,0.289,0.0471,0.0404
687920,Andrew Pratt,0.0818,0.0853,0.009,0.0244,0.218,34.3,0.3725,0.0543,0.1107
678890,Jandel Paulino,0.0724,0.0706,0.0114,0.0148,0.1979,20.9,0.3336,0.049,0.0713
681708,Juan Batista,0.0705,0.0675,0.0147,0.0127,0.1939,18.1,0.3588,0.0504,0.0696
669096,Kona Quiggle,0.0716,0.0678,0.0105,0.0146,0.1943,18.5,0.3329,0.059,0.07
680853,Rafael Herrera,0.0712,0.0666,0.0127,0.0116,0.1969,20.2,0.3249,0.0535,0.063
685738,Otoniel Vallejo,0.0627,0.0599,0.0118,0.0096,0.1718,3.3,0.3354,0.0415,0.052
665872,Gregory Guerrero,0.0703,0.0675,0.0096,0.0106,0.1998,23.6,0.3054,0.044,0.0645
678875,Josue Cruz,0.0768,0.0805,0.0092,0.0241,0.2048,24.9,0.3927,0.0505,0.1028
683767,Yonathan Pierre,0.0705,0.0712,0.0114,0.0162,0.1892,19.4,0.3481,0.0431,0.0758
693705,Junior Manon,0.0624,0.0571,0.0091,0.0095,0.1702,1.1,0.3692,0.0523,0.0489
678643,Jose Pastrano,0.0616,0.0564,0.0119,0.0055,0.1726,3.8,0.2849,0.0405,0.041
694220,Daniel Montesino,0.0758,0.0729,0.0101,0.0156,0.203,28.7,0.3424,0.0592,0.0755
682709,Raymi Gomez,0.0727,0.0756,0.0106,0.0196,0.1926,17.3,0.3397,0.0415,0.0853
683566,Jeury Corona,0.072,0.0668,0.0198,0.011,0.193,17.1,0.2825,0.048,0.0589
684040,Jesus Bolivar,0.0682,0.0708,0.0121,0.0148,0.1913,17.1,0.296,0.0296,0.0724
683519,Mauro Bonifacio,0.0755,0.084,0.0088,0.0265,0.1902,16.9,0.4024,0.0364,0.1037
691570,Victor Sosa,0.0765,0.0751,0.0093,0.0157,0.202,25.6,0.2819,0.0518,0.0729
678627,Deivi Estrada,0.0736,0.0694,0.0119,0.0125,0.2061,25.6,0.3158,0.0565,0.0684
691307,Yorfran Nieves,0.0613,0.0576,0.0107,0.0096,0.1638,-1.9,0.3704,0.0401,0.0499
692755,Grabiel Salazar,0.0629,0.0637,0.0128,0.011,0.1765,6.3,0.281,0.0269,0.0566
677624,Jesus Orecchia,0.0668,0.0631,0.0099,0.0109,0.1838,12.8,0.3087,0.0492,0.0589
682945,Luis Morales,0.0748,0.0798,0.0112,0.0222,0.1879,16.3,0.3686,0.0416,0.0916
691407,Erick Caripa,0.0694,0.0724,0.0106,0.0171,0.1865,14.9,0.3146,0.0362,0.0764
672532,Juan Herrera,0.0756,0.0792,0.0113,0.0197,0.202,23.6,0.324,0.0375,0.0891
691608,Eduarh Colina,0.0697,0.0721,0.0081,0.0161,0.1897,15.1,0.3222,0.0368,0.0729
682802,Giancarlos Santana,0.067,0.0622,0.0153,0.0117,0.1787,5.0,0.3488,0.0529,0.0582
678787,Juan Santana,0.0675,0.0624,0.0093,0.0114,0.1862,12.9,0.3477,0.058,0.0577
687690,Welington Santana,0.0659,0.0673,0.0096,0.0154,0.1798,7.7,0.328,0.0375,0.0698
678376,Brandon Linares,0.0688,0.067,0.0111,0.0146,0.185,12.2,0.34,0.0486,0.0693
689571,Spencer Brown,0.0714,0.0748,0.0097,0.0186,0.1902,15.8,0.3835,0.0365,0.0863
691101,Elias Fabian,0.0687,0.073,0.0124,0.0163,0.1841,12.0,0.3048,0.0265,0.0744
691929,Dioris Valdez,0.0658,0.0639,0.0087,0.0126,0.1831,9.0,0.3441,0.0512,0.0615
678265,Junior Ortega,0.0707,0.0747,0.0109,0.0191,0.1861,12.8,0.3463,0.035,0.0845
683600,Daniel Oliva,0.0671,0.0621,0.0116,0.0121,0.179,6.3,0.3806,0.0548,0.0598
702531,Keine Urdaneta,0.0563,0.0517,0.015,0.0048,0.1615,-7.7,0.2939,0.0346,0.0354
703398,Jose Alifonso,0.0535,0.0471,0.012,0.0045,0.1506,-7.8,0.392,0.0484,0.0332
681728,Cesar Ortega,0.0733,0.0676,0.0143,0.0111,0.2038,25.1,0.2505,0.0541,0.0615
683247,Moises Ramirez,0.0656,0.0649,0.0084,0.0122,0.1834,12.3,0.3825,0.039,0.0655
683482,Osvaldo Gavilan,0.0721,0.0738,0.012,0.0177,0.1916,16.6,0.3019,0.042,0.0793
669381,Brady McConnell,0.0716,0.0699,0.011,0.0131,0.2007,19.0,0.3229,0.0444,0.0747
683393,J'Rudjeanon Isenia,0.0639,0.0643,0.0115,0.0134,0.1752,4.6,0.3356,0.0349,0.0636
698955,Brandy Rosario,0.0519,0.0508,0.0084,0.0062,0.1474,-10.0,0.3925,0.0282,0.0389
683752,Enoy Jimenez,0.063,0.0598,0.0135,0.0081,0.1735,3.6,0.2963,0.0352,0.0464
678686,Francisco Palma,0.0732,0.0707,0.0132,0.014,0.1998,22.2,0.316,0.0495,0.0721
691178,Bayron Lora,0.0674,0.0643,0.0101,0.0173,0.1785,7.6,0.4426,0.0669,0.0739
692836,Isaias Falcon,0.0686,0.0698,0.0219,0.0167,0.177,4.9,0.3844,0.0361,0.0734
680579,Stir Candelario,0.0683,0.0691,0.011,0.0157,0.1831,13.3,0.3507,0.0422,0.0726
683396,Damian Valdez,0.0635,0.0635,0.0098,0.0128,0.172,3.4,0.3688,0.038,0.0616
683718,Diego Verbel,0.0617,0.0565,0.0102,0.0069,0.1757,9.1,0.3386,0.0482,0.0447
665177,Matthew Schmidt,0.0687,0.0691,0.0083,0.0178,0.1828,10.7,0.4371,0.051,0.0802
800282,Albert Belliard,0.0586,0.0589,0.0118,0.0101,0.1638,1.8,0.3363,0.0299,0.0518
683553,John Mejia,0.0651,0.0559,0.0114,0.0063,0.1833,11.1,0.3081,0.0621,0.0437
675857,Luis Yan,0.0672,0.0642,0.0116,0.0107,0.1853,12.4,0.3329,0.0445,0.0587
672621,Miguel Torres,0.0719,0.0729,0.0096,0.0186,0.185,13.3,0.3106,0.049,0.078
691544,Starlin Mateo,0.0699,0.0722,0.0119,0.0179,0.1854,12.8,0.3388,0.0404,0.0778
699386,Oferman Hernandez,0.0622,0.0585,0.0099,0.0097,0.1722,5.7,0.3619,0.0499,0.052
691297,Luis Suero,0.0646,0.0658,0.0108,0.0143,0.1757,5.2,0.3653,0.0389,0.0659
682757,Mario Mendez,0.0635,0.0637,0.0104,0.0104,0.1743,4.3,0.3065,0.032,0.0576
694056,Gerald Mejia,0.0629,0.0652,0.0108,0.0158,0.1652,3.1,0.4271,0.0386,0.0676
682457,Kelvin Pena,0.0714,0.0721,0.0102,0.0168,0.1829,9.7,0.3247,0.0374,0.076
682959,Angel Bautista,0.0635,0.0587,0.0108,0.0058,0.1785,7.8,0.2615,0.0385,0.0404
678909,Albert Avila,0.0621,0.0566,0.011,0.0093,0.1693,1.5,0.3709,0.055,0.0501
691457,Yoel Viloria,0.0633,0.0621,0.0087,0.0123,0.1747,6.2,0.3446,0.044,0.059
686310,Anyelo Reyes,0.0603,0.0596,0.0121,0.0083,0.1722,3.3,0.3012,0.0254,0.0482
800502,Francisco Nina,0.0585,0.059,0.0093,0.0113,0.1614,-2.8,0.3843,0.0343,0.0535
800273,Josefrailin Alcantara,0.0578,0.056,0.0202,0.0112,0.1565,-3.2,0.4134,0.0399,0.0536
683246,Axcel Peralta,0.0655,0.0675,0.0112,0.0152,0.1741,7.5,0.3607,0.0359,0.0694
682866,Alberto Bernal,0.0662,0.0674,0.009,0.0175,0.1743,4.9,0.3955,0.0455,0.0744
683415,Juan Mercedes,0.0646,0.0604,0.0104,0.0102,0.1772,6.8,0.3262,0.0485,0.0535
678744,Yelinson Pena,0.0657,0.0646,0.0104,0.0134,0.179,7.8,0.3418,0.044,0.0632
692502,Julio Ozoria,0.0577,0.0595,0.0075,0.013,0.1575,-5.7,0.4231,0.033,0.0581
699308,Mike Ibarguen,0.0583,0.0577,0.0098,0.0127,0.1574,-5.8,0.4242,0.042,0.0575
692614,Mario Melendez,0.0664,0.0652,0.0081,0.0121,0.1854,10.6,0.3144,0.0417,0.0608
691508,Jairold Carlito,0.0685,0.0655,0.0099,0.0133,0.1841,-2.1,0.3755,0.0496,0.0652
673235,Junior Melo,0.0679,0.0685,0.0106,0.013,0.1837,8.5,0.2954,0.0338,0.0677
683607,Nicolas Garcia,0.0639,0.0639,0.0096,0.0129,0.1682,1.7,0.3723,0.0374,0.061
682916,Jose Freites,0.0633,0.0591,0.0101,0.0102,0.1771,2.5,0.3413,0.0503,0.054
682963,Bryan Nino,0.0607,0.0597,0.0094,0.0101,0.1666,-0.3,0.3594,0.036,0.0517
800349,Jose Pena,0.0463,0.0439,0.0076,0.005,0.1302,-24.1,0.4789,0.0333,0.031
801229,Jeremy Santana,0.0581,0.0553,0.0155,0.0092,0.1601,-3.9,0.3956,0.04,0.0472
685727,Jose Rodriguez,0.0643,0.0664,0.0085,0.0143,0.1736,4.5,0.3809,0.0325,0.0674
683626,Eudys Carrasco,0.0598,0.0615,0.0084,0.0129,0.1629,-3.3,0.397,0.0337,0.061
802243,Jaiker Garcia,0.0542,0.0527,0.0118,0.0095,0.1501,-11.3,0.4185,0.0364,0.047
425877,Yadier Molina,0.4102,0.4481,0.022,0.1031,0.2959,85.5,0.1688,0.0514,0.1311
607257,Raffy Lopez,0.1208,0.1274,0.014,0.0423,0.3106,94.3,0.2653,0.079,0.1934
641720,Jhalan Jackson,0.131,0.1455,0.0141,0.053,0.3226,106.5,0.2997,0.073,0.2277
624645,Julian Leon,0.1104,0.1051,0.0126,0.0324,0.2885,79.7,0.3241,0.108,0.1582
431145,Russell Martin,0.1052,0.0932,0.0121,0.0233,0.2828,75.9,0.2609,0.111,0.124
664767,Kade Scivicque,0.1072,0.1089,0.0116,0.0273,0.2869,78.7,0.2325,0.06,0.1449
628329,Rusney Castillo,0.1072,0.1086,0.0126,0.0236,0.2893,78.6,0.2016,0.0548,0.1303
543041,Zach Collier,0.1155,0.1114,0.0158,0.0302,0.3056,91.1,0.2529,0.093,0.1635
621429,LeDarious Clark,0.1179,0.1217,0.0153,0.0396,0.3032,89.4,0.2914,0.082,0.1856
465041,Francisco Cervelli,0.1049,0.0998,0.0117,0.0251,0.2949,82.2,0.2574,0.0989,0.1369
608365,Addison Russell,0.1098,0.1042,0.0132,0.0254,0.2952,84.2,0.2349,0.085,0.1405
656631,Alex Kowalczyk,0.1058,0.1077,0.0129,0.0289,0.2817,75.2,0.2961,0.064,0.1462
607221,Taylor Sparks,0.1229,0.1354,0.0136,0.0477,0.3118,88.7,0.3033,0.0663,0.2132
670054,Mitchell Kranson,0.1047,0.1008,0.0136,0.0244,0.2807,74.6,0.2187,0.078,0.1324
670965,J.C. Millan,0.1124,0.1131,0.0127,0.029,0.3013,88.2,0.2168,0.069,0.1534
605148,Zach Borenstein,0.125,0.1274,0.0149,0.0434,0.3209,101.2,0.3021,0.102,0.2045
656642,Gavin LaValley,0.1152,0.1194,0.0111,0.0379,0.2997,87.2,0.2838,0.08,0.1776
648717,Alex Guerrero,0.1156,0.1196,0.0115,0.0364,0.301,88.0,0.2257,0.076,0.1755
664938,Josh Altmann,0.116,0.1171,0.0141,0.0373,0.2993,86.9,0.2712,0.086,0.1784
514916,Francisco Diaz,0.1012,0.084,0.016,0.0138,0.2726,72.7,0.2602,0.1064,0.0921
676940,Ryan Costello,0.1272,0.1309,0.0114,0.047,0.3224,105.6,0.2952,0.1032,0.2134
435263,Brian McCann,0.1049,0.1023,0.0104,0.0272,0.2793,73.6,0.2115,0.084,0.1339
456124,Erik Kratz,0.1019,0.1022,0.0104,0.0239,0.2771,72.2,0.2278,0.062,0.1299
656293,Jodd Carter,0.1222,0.126,0.0151,0.0414,0.3159,97.9,0.2685,0.089,0.1918
644375,Kungkuan Giljegiljaw,0.1045,0.1065,0.0117,0.0302,0.2752,70.9,0.3018,0.068,0.1485
519295,Jake Smolinski,0.1183,0.1205,0.0154,0.0372,0.3079,92.6,0.2504,0.081,0.1789
621560,Bruce Caldwell,0.1069,0.1041,0.0126,0.0266,0.2857,77.8,0.2775,0.082,0.1439
663932,L.T. Tolbert,0.1051,0.0998,0.0127,0.0163,0.2941,83.4,0.1768,0.058,0.1155
676864,Robbie Podorsky,0.1078,0.1003,0.0364,0.0193,0.2875,82.8,0.2185,0.0694,0.1235
657741,Mike Rivera,0.0968,0.0933,0.0073,0.0219,0.2659,68.1,0.2494,0.0731,0.1237
665000,Matt Winn,0.1034,0.1012,0.0131,0.0271,0.2719,68.7,0.3178,0.08,0.1451
592723,Wynston Sawyer,0.1008,0.0947,0.0127,0.0206,0.2729,69.3,0.2913,0.075,0.1253
605439,Michael Reed,0.1199,0.1158,0.0171,0.0348,0.3169,98.5,0.3173,0.106,0.1729
571685,Anthony García,0.1205,0.122,0.0132,0.0396,0.3117,95.0,0.2611,0.096,0.1866
571851,Spencer Kieboom,0.0994,0.0895,0.0136,0.0181,0.2704,67.7,0.239,0.091,0.1114
676788,Brett Pope,0.0998,0.0891,0.0149,0.0137,0.278,72.7,0.2106,0.078,0.103
571697,Scooter Gennett,0.1119,0.1146,0.0134,0.0288,0.3033,89.5,0.2479,0.056,0.1503
685795,Jake Suddleson,0.1057,0.1081,0.0059,0.0309,0.2969,91.6,0.2404,0.0668,0.1576
607355,Logan Moore,0.0998,0.0916,0.0104,0.0223,0.2682,66.3,0.2749,0.096,0.1201
591712,Óscar Hernández,0.1021,0.1042,0.0108,0.0281,0.2697,67.2,0.2515,0.071,0.143
607780,Eric Wood,0.1196,0.1284,0.0119,0.0429,0.3059,91.2,0.2912,0.071,0.1993
664930,Logan Hill,0.1184,0.126,0.0103,0.042,0.3052,90.8,0.2994,0.074,0.1932
446868,Wilkin Castillo,0.0999,0.1,0.0135,0.0234,0.2665,65.1,0.2296,0.058,0.1286
554054,Alfredo González,0.0971,0.0888,0.0129,0.0183,0.2648,64.0,0.2611,0.086,0.1091
621468,Jacob Scavuzzo,0.1221,0.1395,0.0117,0.0528,0.3037,89.8,0.3222,0.06,0.2226
630063,Joe Cronin,0.1049,0.0952,0.0146,0.0229,0.2787,76.0,0.2873,0.0931,0.132
676758,Micah Brown,0.1081,0.1101,0.0145,0.031,0.284,76.7,0.2864,0.069,0.1554
641301,Stephen Alemais,0.0978,0.0869,0.0164,0.0117,0.2743,70.3,0.212,0.073,0.0951
607500,Hunter Cole,0.1154,0.1186,0.0135,0.0355,0.3034,89.6,0.2967,0.077,0.1734
623188,Dario Pizzano,0.1147,0.112,0.0142,0.031,0.3044,90.3,0.2113,0.091,0.157
642686,Jose Martinez,0.0987,0.0884,0.0138,0.014,0.2736,69.8,0.1945,0.08,0.1025
600931,Alberto Mineo,0.0963,0.089,0.012,0.0187,0.2627,62.6,0.3094,0.08,0.1115
622689,Randy César,0.1045,0.1012,0.0122,0.0244,0.2832,76.2,0.3192,0.076,0.1345
622197,Rashad Crawford,0.1061,0.1036,0.017,0.0257,0.276,75.0,0.2754,0.074,0.1303
641625,Jordan Gore,0.0972,0.0871,0.0131,0.0143,0.2676,68.5,0.2461,0.0728,0.1018
446359,Zack Cozart,0.1053,0.1036,0.0135,0.0237,0.2823,75.6,0.1921,0.063,0.1357
500135,Ronny Rodríguez,0.1095,0.119,0.0127,0.0349,0.2866,78.5,0.2598,0.047,0.1649
621445,Courtney Hawkins,0.1184,0.1327,0.0117,0.0468,0.2999,87.3,0.2856,0.058,0.2018
664857,Blake Allemand,0.1039,0.099,0.0138,0.0215,0.2816,75.1,0.2269,0.073,0.1275
607776,Mac Williamson,0.1181,0.1211,0.0136,0.0407,0.3042,90.1,0.292,0.092,0.1839
607471,Christopher Bostick,0.1046,0.0995,0.0124,0.0197,0.2873,78.9,0.2471,0.068,0.127
607632,Chris Mariscal,0.1029,0.0987,0.0123,0.0227,0.28,74.1,0.25,0.075,0.1242
664162,Logan Taylor,0.106,0.1091,0.0117,0.0308,0.2797,73.9,0.3058,0.065,0.1533
656935,Brian Schales,0.1067,0.1057,0.0126,0.0311,0.2796,73.8,0.3441,0.085,0.1553
669745,Jordan Zimmerman,0.1035,0.104,0.0118,0.0236,0.2792,73.6,0.2466,0.056,0.1363
543376,Caleb Joseph,0.0922,0.093,0.0105,0.0217,0.253,61.6,0.2919,0.0567,0.119
642488,Ademar Rifaela,0.1139,0.119,0.0111,0.0353,0.2982,86.1,0.2897,0.066,0.1738
623238,Kody Eaves,0.1051,0.1046,0.0115,0.0273,0.2783,72.9,0.2836,0.074,0.1471
608421,Eliezer Álvarez,0.1043,0.1001,0.0157,0.0247,0.2779,72.7,0.2918,0.082,0.1368
672350,Yanio Perez,0.1122,0.1151,0.0148,0.0318,0.2975,85.7,0.2476,0.065,0.158
622057,Cam Gibson,0.1092,0.1052,0.0194,0.0284,0.2936,84.6,0.2571,0.0866,0.1554
500874,José A. Martínez,0.1169,0.1173,0.0076,0.0299,0.3169,98.5,0.2405,0.089,0.1539
622356,Bryant Flete,0.1004,0.0906,0.0138,0.0162,0.2779,72.7,0.2436,0.08,0.107
455104,Chris Iannetta,0.1027,0.0964,0.0126,0.0257,0.2707,67.9,0.3086,0.096,0.1352
595222,Mike Gerber,0.1159,0.1221,0.0117,0.0377,0.3018,88.5,0.3094,0.068,0.1831
516664,Garabez Rosa,0.1016,0.1054,0.0135,0.0231,0.2787,73.2,0.2395,0.035,0.1255
657429,Mac James,0.0935,0.0813,0.0131,0.015,0.257,58.8,0.2556,0.095,0.0929
596068,Mike Papi,0.1113,0.1031,0.0156,0.0274,0.2966,85.1,0.2726,0.107,0.146
545331,Andrew Aplin,0.1038,0.0956,0.0153,0.0226,0.2783,72.9,0.2697,0.093,0.1286
599096,Dilson Herrera,0.1125,0.1184,0.0098,0.0378,0.2915,81.7,0.3094,0.074,0.1765
623195,John Silviano,0.1221,0.1342,0.012,0.05,0.307,92.0,0.3305,0.078,0.2141
491696,Jesús Sucre,0.0946,0.0906,0.0112,0.0162,0.2616,61.9,0.2158,0.056,0.1027
607178,Drew Weeks,0.1132,0.117,0.0142,0.034,0.2962,84.8,0.2266,0.067,0.1673
676071,Brett Netzer,0.0998,0.0943,0.0117,0.0171,0.2768,72.0,0.254,0.065,0.1137
641740,Mark Karaviotis,0.1089,0.102,0.0134,0.024,0.2961,84.7,0.2538,0.09,0.1342
621044,Jesmuel Valentín,0.1029,0.094,0.0148,0.0183,0.2814,75.0,0.2388,0.084,0.1195
573113,Tony Renda,0.0999,0.0931,0.0156,0.0148,0.2777,72.5,0.2082,0.061,0.1076
600861,Jeffrey Baez,0.1152,0.1231,0.0129,0.0406,0.2957,84.5,0.3009,0.069,0.1856
450314,Ben Zobrist,0.102,0.0895,0.0124,0.0138,0.2863,78.2,0.1941,0.089,0.1012
656607,Jeren Kendall,0.1136,0.1171,0.0276,0.0384,0.2747,71.8,0.3832,0.0791,0.1748
676813,Zane Gurwitz,0.1012,0.0974,0.0119,0.0203,0.2761,71.5,0.2543,0.067,0.1234
667521,Johnny Rizer,0.1079,0.112,0.0164,0.0316,0.2947,83.6,0.2541,0.0539,0.1591
605381,Levi Michael,0.1017,0.0979,0.0131,0.0201,0.2771,72.2,0.2621,0.059,0.1233
571437,Aaron Altherr,0.1141,0.1093,0.0161,0.0314,0.2992,86.8,0.2812,0.099,0.1643
643198,Jonah Arenado,0.1035,0.106,0.0111,0.0264,0.2751,70.8,0.2429,0.056,0.1426
641296,Mike Ahmed,0.1038,0.1044,0.0134,0.0274,0.2759,71.4,0.3137,0.066,0.1433
622758,Angel Aguilar,0.105,0.1122,0.0124,0.0303,0.2678,69.4,0.267,0.0436,0.1502
662145,Mitch Ghelfi,0.0934,0.0886,0.0134,0.018,0.2538,56.7,0.2891,0.067,0.1079
650957,Andretty Cordero,0.1158,0.1256,0.0102,0.0369,0.3047,90.5,0.2158,0.05,0.1759
606196,Angelo Mora,0.1,0.0966,0.0132,0.0184,0.2743,70.3,0.2357,0.059,0.1185
501896,David Freese,0.113,0.1112,0.0124,0.0287,0.3068,91.8,0.2704,0.08,0.1483
657225,Jeff Hendrix,0.1,0.0898,0.0159,0.0179,0.2673,69.1,0.304,0.0872,0.1018
592387,Ryon Healy,0.1183,0.1241,0.0125,0.0397,0.3053,90.9,0.2367,0.065,0.1812
545337,Nolan Fontana,0.1049,0.0893,0.0149,0.02,0.282,75.4,0.2795,0.122,0.1237
656846,Jake Peter,0.1009,0.0919,0.012,0.0209,0.2736,69.9,0.2984,0.096,0.1196
605520,Mitch Walding,0.1085,0.1025,0.0103,0.0343,0.2772,76.2,0.4217,0.1243,0.1605
621471,Boog Powell,0.1051,0.0919,0.0164,0.0193,0.2879,79.3,0.2822,0.11,0.1163
460026,Nick Hundley,0.1013,0.1015,0.013,0.026,0.2686,66.5,0.2913,0.064,0.139
605343,Daniel Lockhart,0.1014,0.097,0.0133,0.0211,0.2732,69.6,0.2231,0.07,0.125
650832,Adrian Valerio,0.0971,0.0975,0.0146,0.0196,0.2632,62.9,0.2321,0.043,0.1192
621575,Joey Curletta,0.1172,0.1184,0.0116,0.0396,0.3029,89.3,0.3247,0.1,0.1837
547982,Leonys Martin,0.1059,0.1031,0.016,0.0276,0.281,74.7,0.2939,0.08,0.1421
621521,Brian Mundell,0.1182,0.1142,0.0109,0.0269,0.3171,82.6,0.2284,0.0809,0.1566
602112,Alfredo Reyes,0.0947,0.082,0.0179,0.013,0.2622,62.3,0.2979,0.085,0.0938
592230,Kaleb Cowart,0.1029,0.0998,0.0135,0.0207,0.278,72.8,0.2217,0.065,0.1291
602115,Gabriel Guerrero,0.1062,0.1138,0.0133,0.0315,0.2818,75.3,0.2887,0.045,0.153
667651,Kort Peterson,0.1093,0.1147,0.0129,0.0324,0.2937,80.8,0.2843,0.0533,0.1681
622194,Bruce Maxwell,0.0926,0.0851,0.0081,0.0176,0.252,55.5,0.3255,0.084,0.107
446481,Sean Rodríguez,0.1035,0.0987,0.0124,0.0254,0.2785,73.1,0.2931,0.09,0.1341
613480,Keith Curcio,0.1005,0.0976,0.0136,0.0208,0.2709,68.0,0.2417,0.064,0.1255
669623,Carmen Benedetti,0.1082,0.1012,0.0153,0.0253,0.2903,80.9,0.3186,0.095,0.1428
607088,Jerrick Suiter,0.1052,0.1049,0.0115,0.0246,0.284,76.7,0.2301,0.062,0.1357
667517,Stefan Trosclair,0.1161,0.125,0.0141,0.0415,0.2999,88.1,0.2853,0.0623,0.1865
641870,Trey Michalczewski,0.1019,0.103,0.012,0.0277,0.2702,67.6,0.3319,0.066,0.1425
446192,Adam Moore,0.0941,0.0916,0.0117,0.0222,0.2523,55.7,0.3226,0.069,0.1173
642362,Brallan Perez,0.0952,0.084,0.0161,0.0106,0.2691,66.9,0.1978,0.07,0.0849
636072,Calten Daal,0.0937,0.0885,0.0137,0.0095,0.2686,66.5,0.2069,0.041,0.0878
650346,Ramon Hernandez,0.1166,0.131,0.0106,0.0434,0.2988,86.5,0.2599,0.045,0.1926
615694,Jesse Hodges,0.1013,0.1033,0.0122,0.0265,0.2685,66.4,0.2871,0.055,0.1411
570716,Anderson Feliz,0.098,0.0919,0.0137,0.0175,0.2692,66.9,0.2818,0.07,0.1127
623279,Colton Plaia,0.0939,0.0911,0.0125,0.0221,0.2487,53.3,0.3241,0.07,0.1212
657075,Jeremy Vasquez,0.1094,0.1052,0.0073,0.0262,0.2948,86.9,0.2302,0.093,0.1418
622561,Jhoan Urena,0.1132,0.1155,0.0107,0.0336,0.2981,86.1,0.2994,0.078,0.1696
573135,Tyler Saladino,0.1034,0.0975,0.0145,0.0242,0.276,71.4,0.2679,0.089,0.1311
623214,Abiatal Avelino,0.1066,0.102,0.019,0.0197,0.2912,81.5,0.1845,0.064,0.1246
666558,Eddy Martinez,0.1104,0.1147,0.013,0.0351,0.287,78.7,0.2541,0.071,0.1639
664858,Brendon Sanger,0.1099,0.1077,0.012,0.0337,0.2869,78.7,0.3221,0.097,0.1593
596143,Luis Sardinas,0.0993,0.0943,0.0139,0.0166,0.2749,70.7,0.1931,0.06,0.1068
641393,Ben Breazeale,0.0876,0.0801,0.0123,0.0176,0.2463,50.8,0.2654,0.0808,0.0956
502117,Kristopher Negrón,0.1085,0.107,0.0143,0.0287,0.2898,80.6,0.2988,0.078,0.1449
642836,Charcer Burks,0.1056,0.0966,0.016,0.0215,0.2861,78.1,0.2691,0.092,0.1266
542436,Cristhian Adames,0.1019,0.0957,0.0129,0.0201,0.2765,71.7,0.2279,0.08,0.1225
650694,Joantgel Segovia,0.1057,0.1022,0.0166,0.0229,0.2857,77.8,0.213,0.069,0.1277
606216,Yonathan Mendoza,0.0945,0.0817,0.0141,0.0109,0.2665,65.1,0.2108,0.084,0.0826
572182,Darnell Sweeney,0.1035,0.1019,0.0143,0.026,0.276,71.4,0.3104,0.072,0.1401
665009,Jordan George,0.1095,0.0987,0.0143,0.0236,0.2965,85.0,0.246,0.108,0.133
631227,Rodrigo Orozco,0.1031,0.0916,0.0192,0.0153,0.285,77.4,0.2282,0.085,0.1093
687090,Nic Gaddis,0.0918,0.0881,0.0093,0.0242,0.2411,52.0,0.2957,0.085,0.1143
605248,Granden Goetzman,0.1088,0.1119,0.0116,0.0323,0.2845,77.1,0.2855,0.07,0.162
605231,Roemon Fields,0.1001,0.0866,0.0204,0.0126,0.2681,63.7,0.2221,0.0765,0.0916
594011,Rosell Herrera,0.1034,0.0965,0.0153,0.0192,0.2808,74.6,0.2383,0.076,0.1246
670133,Chris Clare,0.0962,0.0836,0.0142,0.0136,0.2652,64.2,0.2355,0.088,0.0984
628356,Jung Ho Kang,0.1045,0.1074,0.0116,0.0306,0.2742,70.2,0.2973,0.067,0.1511
545338,Nick Franklin,0.1006,0.0901,0.0147,0.0174,0.274,70.1,0.239,0.09,0.1136
517369,José Pirela,0.1089,0.1095,0.0112,0.0258,0.2932,82.8,0.2352,0.061,0.1454
640447,Phillip Ervin,0.116,0.1017,0.0222,0.026,0.2936,80.4,0.269,0.0946,0.1448
446308,Matt Wieters,0.0996,0.0984,0.0121,0.0264,0.2666,65.2,0.2658,0.079,0.1304
623305,Ian Rice,0.1121,0.1088,0.0129,0.0323,0.294,83.4,0.2766,0.099,0.1589
622482,Alberti Chavez,0.091,0.0844,0.0133,0.0124,0.2539,56.8,0.2302,0.057,0.0915
594872,Hunter Jones,0.0981,0.0921,0.0151,0.0209,0.2644,63.8,0.3002,0.077,0.1185
571579,Edgar Corcino,0.1065,0.1069,0.0135,0.0279,0.2839,76.7,0.2867,0.066,0.1453
606956,Ryan Court,0.1117,0.1076,0.0131,0.0296,0.298,86.0,0.312,0.094,0.1534
643392,Jon Kemmer,0.1086,0.1102,0.0109,0.0341,0.2834,76.3,0.3506,0.077,0.1633
642235,Nick Zammarelli III,0.1104,0.1127,0.0118,0.031,0.293,82.7,0.2867,0.067,0.1591
657668,Will Maddox,0.0939,0.0887,0.0161,0.0127,0.2636,63.2,0.2232,0.05,0.0938
595929,Dylan Davis,0.1071,0.112,0.0127,0.035,0.2756,71.1,0.3317,0.069,0.1666
664768,Connor Panas,0.1126,0.1185,0.0133,0.0365,0.2923,82.3,0.267,0.064,0.1719
493596,Gordon Beckham,0.0972,0.0899,0.0143,0.0189,0.263,66.3,0.273,0.081,0.1125
543232,Bengie González,0.0906,0.0791,0.0154,0.0095,0.2535,56.5,0.2231,0.072,0.0824
663923,Brendt Citta,0.1064,0.1063,0.0084,0.0231,0.2975,82.9,0.2292,0.0637,0.1412
608364,Nellie Rodriguez,0.1164,0.1275,0.0107,0.0477,0.2921,82.1,0.3683,0.078,0.2035
572227,Zach Vincej,0.0955,0.0901,0.0115,0.015,0.2645,63.8,0.1995,0.061,0.1018
671242,Anibal Sierra,0.0925,0.088,0.0109,0.0182,0.2476,54.6,0.2951,0.0628,0.1063
595309,Tyler Marincov,0.1095,0.1145,0.0136,0.0371,0.2822,75.5,0.3398,0.072,0.171
460576,Carlos Gómez,0.1086,0.1106,0.0179,0.0313,0.2842,76.9,0.2812,0.064,0.1556
657598,Cade Gotta,0.0962,0.0867,0.0168,0.0167,0.262,62.2,0.3162,0.083,0.1073
622736,Roberto Caro,0.1027,0.0882,0.0229,0.0157,0.28,74.1,0.2719,0.099,0.1088
657145,Mark Zagunis,0.1064,0.0968,0.0155,0.0234,0.2864,78.3,0.3283,0.102,0.1331
621324,Preston Beck,0.1045,0.1012,0.011,0.024,0.2815,75.1,0.25,0.077,0.1348
596018,Patrick Leonard,0.1088,0.1066,0.0129,0.0277,0.2908,81.2,0.3074,0.08,0.1499
592881,Kyle Wren,0.0957,0.0847,0.0165,0.0157,0.2616,61.9,0.2842,0.087,0.1016
621323,Gio Brusa,0.1147,0.1226,0.0121,0.0427,0.2907,81.1,0.3431,0.078,0.1929
607207,Austin Davidson,0.1067,0.0981,0.0134,0.0202,0.2908,81.2,0.2342,0.088,0.1292
598284,Peter O'Brien,0.1146,0.1198,0.0113,0.0439,0.2893,80.2,0.3635,0.096,0.1911
642282,Juremi Profar,0.1096,0.1124,0.0102,0.0305,0.2905,81.0,0.2012,0.067,0.1523
655997,Jomar Reyes,0.0969,0.1019,0.0106,0.025,0.2599,60.7,0.2413,0.038,0.126
460060,Cliff Pennington,0.0976,0.0858,0.0163,0.0144,0.2691,66.9,0.2345,0.086,0.1
571467,Steven Baron,0.0888,0.0832,0.0122,0.016,0.2427,49.4,0.2946,0.065,0.0969
543194,Isaac Galloway,0.1045,0.1095,0.0151,0.0321,0.2722,68.9,0.3229,0.058,0.1542
606477,Aneury Tavárez,0.0971,0.0944,0.0173,0.0216,0.26,60.8,0.2934,0.063,0.1201
661439,Raul Rivas,0.0924,0.084,0.0152,0.011,0.2589,60.1,0.2258,0.06,0.09
669898,Andrew Daschbach,0.1062,0.1089,0.0054,0.0345,0.2886,79.4,0.3285,0.0718,0.1638
596105,Dwight Smith Jr.,0.1082,0.1059,0.0093,0.0276,0.2919,82.7,0.2449,0.0917,0.1436
475174,Yonder Alonso,0.1152,0.116,0.0109,0.0359,0.3011,88.0,0.2423,0.091,0.1678
493316,Yoenis Cespedes,0.1147,0.1245,0.012,0.0407,0.3006,87.7,0.316,0.069,0.1855
434778,Kendrys Morales,0.1124,0.1098,0.0121,0.0308,0.2995,87.0,0.2137,0.089,0.1497
592620,Jarrett Parker,0.109,0.1023,0.0111,0.0304,0.286,78.0,0.3479,0.113,0.1525
675993,Zach Kirtley,0.1063,0.1012,0.0123,0.0223,0.2883,79.5,0.2414,0.077,0.1344
623610,Luis Valenzuela,0.0931,0.0916,0.0121,0.0142,0.2573,59.1,0.2287,0.039,0.1072
645917,Marty Herum,0.0952,0.093,0.012,0.0198,0.2584,59.8,0.2987,0.059,0.116
606580,Jose Cardona,0.0954,0.0925,0.0139,0.0214,0.257,58.8,0.2779,0.066,0.1141
488818,Chase d'Arnaud,0.1004,0.0958,0.0152,0.023,0.2686,66.5,0.2916,0.075,0.1259
622463,Daniel Fajardo,0.0864,0.0845,0.0115,0.0159,0.2363,45.1,0.2068,0.049,0.0891
475247,Ryan Flaherty,0.0981,0.0906,0.0107,0.0189,0.2665,65.1,0.284,0.084,0.1135
630155,Michael O'Neill,0.1034,0.1028,0.0147,0.0257,0.2767,71.9,0.2986,0.066,0.1352
430945,Adam Jones,0.1072,0.1093,0.01,0.0275,0.2889,80.0,0.2291,0.056,0.141
593755,Armando Araiza,0.0886,0.0858,0.0117,0.0203,0.2354,44.5,0.3619,0.067,0.1127
669049,Connor Justus,0.0884,0.0768,0.0089,0.0113,0.2453,51.1,0.2659,0.08,0.0865
606240,Bryan Mejia,0.0935,0.0939,0.0133,0.0182,0.254,56.9,0.2616,0.042,0.1153
670115,Brandon Van Horn,0.0898,0.0876,0.011,0.0175,0.2442,50.3,0.2966,0.053,0.1053
670466,Chad Sedio,0.1,0.0977,0.0111,0.0202,0.2732,69.6,0.2645,0.05,0.1236
453203,Shane Robinson,0.1012,0.0934,0.0145,0.0177,0.2786,73.2,0.1906,0.076,0.1074
488681,Brandon Barnes,0.1069,0.1089,0.0131,0.0309,0.2809,74.7,0.3126,0.069,0.1543
650971,Franklin Rollin,0.1029,0.1014,0.0161,0.0258,0.2726,69.2,0.2586,0.069,0.1365
543776,JB Shuck,0.102,0.0914,0.0153,0.0169,0.2786,73.2,0.2103,0.088,0.1137
605221,Tanner English,0.0965,0.0972,0.0138,0.0256,0.2529,56.1,0.3434,0.06,0.1345
593495,Daniel Castro,0.093,0.087,0.0124,0.0115,0.2605,61.1,0.1533,0.049,0.0901
571595,Noel Cuevas,0.1037,0.0998,0.0146,0.0231,0.2806,74.5,0.2587,0.074,0.1279
669235,Aaron Knapp,0.1,0.0861,0.0184,0.0178,0.2716,68.5,0.2947,0.108,0.1078
500208,Yangervis Solarte,0.1021,0.1035,0.0125,0.0257,0.2718,68.6,0.2036,0.059,0.1328
676074,Jonny Homza,0.0845,0.0787,0.0106,0.0162,0.2269,43.5,0.3256,0.0694,0.0917
658738,Hansel Moreno,0.0944,0.0941,0.0181,0.0223,0.2517,55.3,0.2439,0.056,0.1132
642470,Omar Carrizales,0.1007,0.0978,0.013,0.0219,0.2713,68.3,0.2634,0.067,0.1276
471865,Carlos González,0.1031,0.099,0.0129,0.0245,0.2762,71.5,0.2969,0.081,0.134
664014,Sean Miller,0.0856,0.0806,0.0108,0.0091,0.242,48.9,0.2314,0.044,0.0807
607389,Zach Houchins,0.1092,0.1201,0.0106,0.0376,0.2816,75.1,0.2782,0.049,0.1741
451192,James Adduci,0.1037,0.1043,0.0143,0.0239,0.281,74.8,0.2757,0.055,0.1324
601975,Deiner Lopez,0.0888,0.0864,0.0142,0.0162,0.2412,48.4,0.3029,0.05,0.1034
458913,Eric Young Jr.,0.0994,0.0934,0.0153,0.0196,0.27,67.4,0.2704,0.073,0.1168
657444,Bo Way,0.0987,0.0927,0.0138,0.0176,0.2715,68.4,0.2302,0.07,0.1099
593137,Erick Salcedo,0.0867,0.0804,0.0122,0.0097,0.241,48.2,0.1813,0.052,0.0839
435622,Ian Desmond,0.1133,0.1124,0.0129,0.029,0.2983,70.3,0.2397,0.073,0.1546
659003,Billy Fleming,0.1035,0.1005,0.0119,0.0234,0.2796,73.8,0.271,0.072,0.1328
572669,Lane Adams,0.104,0.1023,0.0148,0.0288,0.2729,69.4,0.3505,0.08,0.1459
608382,Erich Weiss,0.1047,0.1044,0.0134,0.0244,0.2805,74.4,0.2551,0.061,0.1412
675003,Taylor Grzelakowski,0.1039,0.0984,0.0125,0.023,0.2794,73.6,0.2712,0.083,0.133
593527,Ramón Torres,0.094,0.0904,0.0129,0.0153,0.2575,59.1,0.1959,0.052,0.105
466320,Melky Cabrera,0.1039,0.1043,0.011,0.0221,0.284,79.9,0.1768,0.056,0.1235
642688,Jorma Rodriguez,0.0882,0.0825,0.0132,0.0101,0.2489,53.4,0.2565,0.046,0.0856
605474,Matt Skole,0.111,0.1055,0.0099,0.0319,0.2901,80.7,0.3042,0.113,0.1586
621462,Cole Billingsley,0.0904,0.0817,0.0161,0.0135,0.248,52.9,0.2308,0.07,0.0888
681836,Matt Sanders,0.0858,0.0852,0.0115,0.0164,0.2386,51.8,0.1966,0.0468,0.0912
656962,Eddie Silva,0.0928,0.0951,0.011,0.0224,0.2483,53.0,0.2274,0.043,0.1155
628366,Ariel Sandoval,0.1035,0.1112,0.0138,0.0346,0.2674,65.7,0.293,0.055,0.1543
681887,Ty Greene,0.0833,0.0779,0.0107,0.0146,0.2276,39.4,0.2791,0.062,0.0835
600982,Alberto Triunfel,0.0904,0.0848,0.0128,0.0139,0.2483,53.1,0.2538,0.06,0.0997
623513,Tyler Krieger,0.0913,0.0858,0.0126,0.0166,0.2458,51.6,0.2847,0.0615,0.1003
434158,Curtis Granderson,0.1075,0.1024,0.0117,0.0279,0.2831,76.1,0.2854,0.097,0.1496
641459,Kacy Clemens,0.1069,0.1068,0.012,0.0327,0.278,72.7,0.3144,0.089,0.1564
689115,Cam Coursey,0.0887,0.0808,0.016,0.01,0.2509,53.8,0.1829,0.0619,0.0825
605378,Kevin Medrano,0.095,0.087,0.0155,0.011,0.2676,65.9,0.2709,0.058,0.0974
547912,Gift Ngoepe,0.097,0.0885,0.0138,0.0201,0.2604,61.1,0.3426,0.09,0.1182
607240,Dan Gamache,0.0993,0.0863,0.0142,0.0124,0.2785,73.1,0.2345,0.086,0.0983
656950,Anfernee Seymour,0.0958,0.0886,0.018,0.013,0.266,64.8,0.2697,0.059,0.1032
650362,Alejandro Salazar,0.0881,0.0836,0.0145,0.0111,0.2468,52.0,0.2405,0.043,0.0867
663761,Joe Davis,0.1089,0.1206,0.0052,0.0365,0.2824,71.2,0.2131,0.0389,0.1611
621437,Bralin Jackson,0.0975,0.0966,0.0133,0.02,0.2658,64.7,0.28,0.052,0.1184
670410,Nate Easley,0.0972,0.0904,0.0154,0.0168,0.2654,64.4,0.2824,0.07,0.1131
571669,Rudy Flores,0.1057,0.1093,0.0113,0.0324,0.2776,72.5,0.3493,0.066,0.1569
664080,Luke Burch,0.0938,0.0877,0.0164,0.0134,0.2648,64.0,0.3101,0.056,0.094
667487,Orlando Garcia,0.0902,0.0838,0.0134,0.0175,0.2454,51.2,0.2749,0.071,0.0954
453923,Grégor Blanco,0.1012,0.0949,0.0162,0.0221,0.2716,68.5,0.2787,0.083,0.1223
501213,Moisés Sierra,0.101,0.0925,0.016,0.0208,0.2729,69.3,0.3081,0.086,0.1201
623319,Wes Rogers,0.0981,0.0925,0.0151,0.0203,0.2637,63.3,0.3028,0.075,0.1197
446263,Lucas Duda,0.1123,0.1185,0.011,0.0393,0.2869,78.7,0.303,0.075,0.18
656748,Kevonte Mitchell,0.103,0.1083,0.0136,0.0353,0.2637,63.3,0.3072,0.068,0.1537
650626,Johnny Adams,0.0875,0.0864,0.0117,0.02,0.2342,43.7,0.2745,0.057,0.1018
456665,Steve Pearce,0.1054,0.1004,0.0135,0.0271,0.2799,74.0,0.3053,0.091,0.14
607439,Herlis Rodriguez,0.0924,0.0902,0.014,0.0228,0.2435,49.9,0.3634,0.065,0.1219
444432,Mark Trumbo,0.109,0.1126,0.0137,0.0338,0.2855,77.7,0.2797,0.07,0.1579
434658,Rajai Davis,0.0981,0.096,0.0194,0.0202,0.2657,64.6,0.2681,0.053,0.1151
461314,Matt Kemp,0.1051,0.1104,0.0099,0.0315,0.2859,78.0,0.2994,0.074,0.1505
642014,Jake Ring,0.0979,0.0985,0.0127,0.0315,0.2606,60.6,0.3229,0.0778,0.1451
608654,Johnny Field,0.1024,0.1049,0.0142,0.0277,0.2683,66.3,0.3009,0.059,0.1486
670200,Wil Dalton,0.0948,0.0954,0.0091,0.0246,0.2473,47.5,0.2789,0.0589,0.1235
656238,Tate Blackman,0.0907,0.0869,0.0117,0.0222,0.2418,48.8,0.3279,0.076,0.1087
676819,Kyle McPherson,0.0868,0.0797,0.0143,0.011,0.2418,48.7,0.2277,0.057,0.0811
660513,Gleyvin Pineda,0.0867,0.0792,0.0121,0.0126,0.2416,48.7,0.2476,0.066,0.0788
642769,Victor Acosta,0.0967,0.0941,0.0126,0.0209,0.2609,61.4,0.2132,0.064,0.1128
669005,Jarett Rindfleisch,0.1016,0.0974,0.0113,0.0251,0.2716,68.5,0.3062,0.082,0.1318
466988,Emilio Bonifácio,0.098,0.0924,0.0184,0.016,0.27,67.5,0.246,0.062,0.1126
488721,Peter Bourjos,0.099,0.0991,0.0146,0.0236,0.264,63.5,0.2953,0.058,0.1319
641382,Colby Bortles,0.0869,0.0835,0.0129,0.0198,0.2378,46.8,0.3156,0.0679,0.1055
491676,Gorkys Hernández,0.0989,0.0948,0.0158,0.0238,0.2629,62.7,0.3167,0.08,0.1262
445988,Martín Prado,0.0971,0.0929,0.0112,0.0169,0.2688,66.7,0.2135,0.06,0.1065
643275,Johnny Davis,0.0923,0.0846,0.0275,0.0144,0.2497,54.0,0.3152,0.059,0.0966
670417,Brandon Montgomery,0.0893,0.0899,0.0147,0.0202,0.239,46.9,0.2562,0.047,0.105
448602,Mark Reynolds,0.1067,0.1044,0.0139,0.0315,0.2803,74.3,0.3388,0.092,0.1495
680393,Marty Bechina,0.0902,0.0947,0.0111,0.0267,0.248,58.6,0.3511,0.0488,0.1375
673865,Jared McDonald,0.0741,0.0763,0.0073,0.0186,0.2083,31.7,0.3451,0.0409,0.0926
670302,Nick Yarnall,0.1054,0.111,0.0124,0.0379,0.2687,66.6,0.3255,0.076,0.1629
592445,Jonathan Jones,0.0887,0.0827,0.0188,0.0163,0.2391,47.0,0.3067,0.061,0.0966
663788,Luke Wakamatsu,0.0869,0.0863,0.0125,0.0214,0.2286,40.0,0.3042,0.061,0.1081
678614,Edgardo Rodriguez,0.0806,0.0828,0.01,0.019,0.217,34.2,0.2774,0.0386,0.0915
665109,Jordan Devencenzi,0.0781,0.0727,0.011,0.0105,0.2175,32.7,0.2689,0.049,0.068
681883,Nick Ames,0.1037,0.1126,0.0099,0.0359,0.2682,66.3,0.2911,0.054,0.1554
669051,Trevor Craport,0.0948,0.0957,0.0128,0.0265,0.2567,57.9,0.2411,0.0609,0.1303
669342,Zach Rutherford,0.0862,0.0795,0.0133,0.0137,0.237,45.6,0.2588,0.063,0.0837
542357,Diego Goris,0.0879,0.0869,0.0122,0.0173,0.2381,46.3,0.3119,0.048,0.1043
667576,Kevin Santa,0.0853,0.0793,0.0142,0.012,0.237,45.6,0.2153,0.054,0.0769
664167,Blake Trahan,0.09,0.0803,0.0139,0.0115,0.251,49.2,0.2427,0.0714,0.0863
677213,Pat McInerney,0.1045,0.1083,0.0119,0.0366,0.2667,65.2,0.3228,0.08,0.1598
664960,Jerry Downs,0.1062,0.1101,0.0109,0.0324,0.272,64.2,0.3109,0.0589,0.1608
682581,Alvaro Rubalcaba,0.0836,0.0735,0.0127,0.0137,0.2263,38.5,0.298,0.082,0.0822
656751,Kirvin Moesquit,0.0817,0.0717,0.0176,0.0101,0.2349,43.2,0.263,0.0668,0.0753
643482,Richy Pedroza,0.0813,0.0632,0.0177,0.0055,0.2269,38.9,0.2697,0.097,0.0555
676529,Jordan Rodgers,0.0881,0.0922,0.0113,0.0209,0.2349,44.2,0.2457,0.034,0.1101
657806,Christian Williams,0.0995,0.1026,0.0104,0.0276,0.265,64.1,0.3664,0.057,0.1398
666964,Mitch Reeves,0.0985,0.0942,0.0118,0.023,0.265,64.1,0.2742,0.079,0.1185
656208,Logan Baldwin,0.0876,0.0885,0.0134,0.021,0.2341,43.7,0.3418,0.049,0.1082
650979,Yeyson Yrizarri,0.0865,0.0879,0.0115,0.0179,0.2339,43.5,0.2484,0.038,0.0994
650854,Anthony Jimenez,0.0953,0.0971,0.0155,0.0246,0.253,56.2,0.2923,0.05,0.1229
592312,Jorge Flores,0.0813,0.0683,0.0155,0.0092,0.2254,37.9,0.2823,0.075,0.0654
670468,Jack Sundberg,0.0905,0.0803,0.0155,0.0134,0.253,56.2,0.2584,0.077,0.0798
489267,Adam Rosales,0.0948,0.093,0.0112,0.0204,0.2562,58.3,0.2782,0.06,0.1164
669045,Skyler Weber,0.0786,0.0722,0.0129,0.0132,0.2118,28.9,0.2834,0.064,0.0763
670435,Bruce Yari,0.0982,0.0921,0.0114,0.0241,0.2624,62.4,0.31,0.094,0.121
657243,Brayan Morales,0.0853,0.0811,0.0223,0.0142,0.2309,41.5,0.28,0.047,0.0864
688921,Christopher Burgess,0.0791,0.0773,0.0094,0.0179,0.2111,28.4,0.3412,0.058,0.089
650512,Ramon Marcelino,0.0991,0.1119,0.0103,0.0373,0.2504,54.5,0.3027,0.036,0.1593
682538,Grant Fennell,0.0935,0.092,0.0112,0.0228,0.2501,54.2,0.3091,0.066,0.1155
650988,Yeltsin Gudino,0.0855,0.0739,0.0123,0.0081,0.2322,39.4,0.2022,0.0626,0.0632
670415,Jonathan Laureano,0.0859,0.0856,0.0108,0.0197,0.2295,40.6,0.2868,0.054,0.1015
676631,Dallas Carroll,0.0859,0.0808,0.0132,0.0192,0.2287,40.1,0.3178,0.075,0.0965
687055,Zach Ashford,0.088,0.0825,0.0104,0.0143,0.244,54.0,0.2495,0.061,0.0866
656525,Gunnar Heidt,0.0966,0.0933,0.0161,0.0217,0.2579,59.4,0.3221,0.067,0.1227
663343,Devin Davis,0.0974,0.1009,0.0108,0.0276,0.2567,58.7,0.2785,0.056,0.1323
679490,Javeyan Williams,0.0851,0.0848,0.0162,0.0202,0.2259,38.3,0.3111,0.051,0.0988
650995,Norberto Obeso,0.0901,0.0824,0.0135,0.0161,0.2456,51.3,0.2554,0.077,0.093
665853,Gresuan Silverio,0.076,0.0718,0.0102,0.0137,0.2052,24.5,0.3214,0.057,0.0753
572679,Beau Amaral,0.0903,0.0842,0.0145,0.0162,0.2457,51.3,0.3097,0.067,0.1012
676894,Will Robertson,0.0896,0.09,0.0108,0.0245,0.244,49.3,0.2917,0.0599,0.1192
670301,Jordan Wren,0.0909,0.0872,0.0175,0.0199,0.2428,49.4,0.3077,0.065,0.1042
677048,Rob Henry,0.0907,0.0816,0.0144,0.0197,0.2428,49.4,0.3498,0.092,0.1015
667506,Nick Thurman,0.076,0.0742,0.0114,0.0167,0.2023,22.6,0.3823,0.054,0.0849
624505,Anfernee Grier,0.0914,0.0894,0.0183,0.022,0.2415,48.6,0.3165,0.063,0.1111
538079,Antonio Lamas,0.08,0.0739,0.0111,0.0096,0.2238,36.8,0.2375,0.051,0.0682
686311,Roblin Heredia,0.0738,0.0707,0.0096,0.0134,0.2013,24.0,0.3237,0.0504,0.073
656182,Kwan Adkins,0.0886,0.0878,0.0176,0.0214,0.2388,49.8,0.3164,0.0609,0.1085
624425,Nico Giarratano,0.0769,0.0699,0.0113,0.0103,0.2125,29.4,0.3115,0.059,0.0691
690516,Daniel Millwee,0.0748,0.0679,0.0093,0.0147,0.1986,19.7,0.3794,0.0655,0.0728
663375,Jagger Rusconi,0.0801,0.0779,0.0075,0.0133,0.2183,33.0,0.2986,0.0403,0.0814
456488,Eduardo Núñez,0.095,0.0967,0.0164,0.0182,0.2592,63.8,0.1933,0.04,0.1084
691193,Patrick Merino,0.0893,0.0952,0.009,0.0318,0.2286,45.4,0.3799,0.0627,0.131
676805,Jordan Pearce,0.0936,0.088,0.0125,0.0223,0.2493,53.7,0.2875,0.083,0.1101
501731,Rainel Rosario,0.0892,0.0844,0.0116,0.0196,0.2393,47.1,0.3073,0.076,0.1028
672383,Richard Garcia,0.0741,0.0734,0.0097,0.0161,0.1976,19.5,0.3301,0.047,0.0787
677603,Juan Querecuto,0.075,0.0722,0.0116,0.0134,0.2082,31.3,0.2981,0.0498,0.0725
663541,Tanner Dodson,0.09,0.0885,0.0136,0.0205,0.2304,43.0,0.3162,0.0586,0.1012
658135,Daniel Carbonell,0.089,0.0856,0.0167,0.0194,0.2373,45.8,0.3248,0.063,0.105
642143,Robbie Thorburn,0.0849,0.0852,0.0138,0.0204,0.2358,43.7,0.2949,0.0479,0.1032
543875,Niko Vasquez,0.0806,0.0764,0.012,0.0157,0.2182,27.8,0.3478,0.0612,0.0863
593772,Yeison Asencio,0.0877,0.0891,0.0117,0.0196,0.2365,45.3,0.2554,0.042,0.1017
682012,Ryan Ramiz,0.0822,0.0764,0.0111,0.0172,0.2257,43.1,0.3249,0.0786,0.0867
676935,Jesse Medrano,0.0793,0.0763,0.0123,0.0135,0.2157,31.5,0.2856,0.044,0.0808
643398,Ryan Kirby,0.0954,0.0977,0.0126,0.0301,0.2458,51.4,0.3476,0.07,0.1364
669625,Shane Billings,0.086,0.0872,0.013,0.0182,0.2345,43.9,0.2846,0.039,0.0951
676692,Kevin Williams Jr.,0.0883,0.0899,0.0118,0.0235,0.2337,43.4,0.3322,0.054,0.1126
518770,Alonzo Harris,0.0876,0.08,0.0215,0.0156,0.234,43.6,0.3045,0.07,0.0923
650389,Wladimir Galindo,0.0924,0.0949,0.0124,0.0249,0.2444,50.5,0.3006,0.053,0.1199
667664,Luke Reynolds,0.0923,0.091,0.0109,0.0241,0.2444,50.5,0.3322,0.069,0.1173
641567,Logan Farrar,0.0874,0.0857,0.0123,0.0215,0.2326,42.7,0.3122,0.065,0.1028
650853,Eugene Helder,0.0905,0.0906,0.0112,0.0217,0.242,48.9,0.2601,0.058,0.1087
650857,Onil Pena,0.0886,0.0918,0.01,0.0287,0.2319,47.3,0.3564,0.0647,0.1253
678723,Carlos Paraguate,0.0726,0.0673,0.0127,0.0084,0.2011,21.8,0.2819,0.045,0.0601
667279,Charlie McConnell,0.0733,0.0721,0.0115,0.0149,0.2009,26.4,0.3343,0.0488,0.0756
663346,Eric Jenkins,0.0863,0.0832,0.0183,0.0189,0.2292,40.4,0.3231,0.06,0.0983
699091,Jonathan Peguero,0.0752,0.0741,0.0095,0.0171,0.1921,12.3,0.2934,0.0477,0.0764
685808,Patrick McColl,0.0844,0.085,0.0143,0.0249,0.2301,46.4,0.3238,0.0648,0.1145
667495,Hunter Hargrove,0.0903,0.0919,0.0119,0.0224,0.2404,47.8,0.2674,0.05,0.1113
678611,Carlos Hurtado,0.07,0.0676,0.0097,0.0121,0.1843,11.8,0.2746,0.0428,0.0636
694929,Gus Steiger,0.0761,0.0704,0.0165,0.01,0.2101,22.6,0.2648,0.051,0.0641
676633,Cameron Baranek,0.0854,0.0833,0.0137,0.0194,0.2281,39.7,0.3277,0.059,0.0986
695965,Andy Espinosa,0.0845,0.0909,0.0085,0.0286,0.2081,28.5,0.3843,0.0518,0.1135
573017,Juan Martinez,0.0733,0.0696,0.0103,0.0092,0.2086,30.1,0.3155,0.0449,0.0662
700026,Manuel Guariman,0.0687,0.067,0.0088,0.0105,0.1857,10.9,0.247,0.0333,0.0555
608608,Carlos Munoz,0.0876,0.0796,0.0109,0.015,0.2384,46.5,0.2482,0.073,0.0886
687063,Jack Yalowitz,0.0787,0.0797,0.013,0.0193,0.2074,26.0,0.324,0.047,0.0913
676814,Lucas Tancas,0.0889,0.0898,0.0105,0.0224,0.2374,45.8,0.3607,0.054,0.114
678398,Ronier Lascarro,0.0766,0.0693,0.0123,0.0136,0.2068,25.6,0.3111,0.071,0.07
678780,Pedro Garcia,0.0663,0.0653,0.0111,0.0121,0.182,9.1,0.3041,0.0394,0.0628
669631,Spencer Brickhouse,0.0908,0.0951,0.0109,0.0285,0.2385,45.7,0.3712,0.0609,0.1286
641599,Randolph Gassaway,0.0865,0.0805,0.0138,0.0161,0.2348,44.2,0.3121,0.068,0.0923
676714,Brandon Hughes,0.0817,0.0806,0.0129,0.0182,0.2193,34.4,0.3305,0.0539,0.0912
688552,Matt Burch,0.0746,0.0724,0.0103,0.0119,0.2044,24.0,0.3092,0.041,0.0725
657576,Marc Flores,0.0891,0.0822,0.0107,0.022,0.2355,44.6,0.3582,0.091,0.1056
622047,Fernando Perez,0.0864,0.088,0.0104,0.0216,0.2286,44.5,0.314,0.051,0.1064
681855,Michael Emodi,0.0685,0.0697,0.0098,0.0162,0.1842,6.8,0.3286,0.0395,0.075
681907,Chase Chambers,0.0863,0.0872,0.0103,0.0205,0.2323,42.5,0.2831,0.047,0.0997
678697,Daniel Castillo,0.0713,0.0661,0.0128,0.0102,0.1954,17.7,0.3226,0.0525,0.061
698976,Gustavo Cardozo,0.0695,0.0642,0.0133,0.0055,0.1992,24.0,0.2092,0.0399,0.0473
678386,Omar Rodriguez,0.0675,0.0659,0.0101,0.0122,0.1811,8.5,0.322,0.041,0.0625
678618,Andres Noriega,0.0679,0.0677,0.0099,0.014,0.1806,8.2,0.3251,0.04,0.0667
679404,Oscar Rangel,0.07,0.0641,0.0109,0.0105,0.1858,6.0,0.3031,0.0529,0.0603
700025,Victor Quezada,0.0787,0.0828,0.0133,0.025,0.1986,19.7,0.3644,0.0474,0.1009
677627,Jose Zapata,0.0666,0.0643,0.0097,0.0123,0.1791,9.6,0.3208,0.0445,0.0617
678860,Oscar Gonzalez,0.069,0.0657,0.0096,0.0116,0.1832,9.5,0.317,0.0471,0.0586
691899,Jackie Pertuz,0.0683,0.0658,0.0086,0.0102,0.1822,8.9,0.2737,0.0381,0.0559
678817,Kevin Nivar,0.0719,0.0631,0.0127,0.0074,0.199,20.4,0.2407,0.059,0.0496
692579,Wilmer Hernandez,0.0619,0.0584,0.0091,0.0094,0.1709,4.0,0.3166,0.044,0.0504
699119,Edwin Hidalgo,0.0678,0.0712,0.0087,0.0159,0.1767,3.9,0.314,0.0289,0.0722
678761,Widimer Joaquin,0.072,0.0703,0.0118,0.0114,0.1975,19.4,0.2702,0.037,0.0627
681515,Kenen Irizarry,0.0827,0.0794,0.0112,0.013,0.2276,39.3,0.246,0.047,0.081
688182,Nick Anderson,0.0807,0.0729,0.0143,0.0158,0.2161,31.7,0.3347,0.077,0.0811
678902,Alberto Figuereo,0.0665,0.0604,0.0126,0.0059,0.1861,16.6,0.2735,0.0445,0.0446
692069,Joanfran Rojas,0.0706,0.0662,0.0145,0.007,0.1972,20.0,0.207,0.0359,0.049
678291,Vladimir Echavarria,0.0735,0.068,0.013,0.0148,0.1956,18.2,0.3388,0.066,0.0704
680921,Darlin Guzman,0.0822,0.0882,0.011,0.024,0.2145,30.7,0.3218,0.037,0.1066
663707,Tyler Wyatt,0.0836,0.0792,0.0114,0.0173,0.2237,36.8,0.2897,0.065,0.0914
642029,Reed Rohlman,0.0813,0.0803,0.0109,0.0162,0.226,35.1,0.2916,0.0474,0.0897
699275,Ismael Perez,0.0712,0.0692,0.0118,0.0142,0.187,14.1,0.3138,0.0425,0.0692
691607,Alberto Ciprian,0.071,0.0694,0.0091,0.013,0.1959,18.0,0.318,0.0469,0.0665
678486,Shendrik Apostel,0.0884,0.0975,0.0105,0.0338,0.2221,35.7,0.3296,0.051,0.131
672451,Oswaldo Pina,0.07,0.0651,0.0124,0.0092,0.1917,15.5,0.2692,0.046,0.0558
699133,Eddy Beltre,0.0796,0.0783,0.0246,0.0192,0.2055,29.6,0.3043,0.051,0.0849
680843,Guarner Dipre,0.0666,0.0657,0.0107,0.0105,0.1806,8.2,0.2855,0.033,0.0579
677589,Adonis Giron,0.0788,0.0801,0.0094,0.0206,0.2048,25.7,0.3641,0.0488,0.0936
682746,Ricardo Caldera,0.0633,0.0607,0.0089,0.0102,0.1729,3.1,0.3451,0.0429,0.0555
489266,Jovan Rosa,0.0818,0.08,0.0104,0.0178,0.2211,35.0,0.3465,0.056,0.0911
699131,Felipe Valderrama,0.0628,0.0603,0.0075,0.0094,0.1718,2.4,0.3404,0.0414,0.0508
691289,Juan Garcia,0.0689,0.0671,0.0103,0.0094,0.1911,14.9,0.1997,0.035,0.055
681591,Fleury Nova,0.069,0.0664,0.0125,0.0116,0.1875,12.7,0.3198,0.043,0.0598
691425,Simon Rodriguez,0.0656,0.0625,0.0117,0.0114,0.1805,10.5,0.3507,0.047,0.0599
695845,Ismael Padua,0.0765,0.0782,0.009,0.0197,0.2032,23.5,0.2935,0.0441,0.085
699046,Adonis Cepeda,0.073,0.0726,0.0091,0.016,0.1994,23.2,0.2823,0.047,0.0751
543464,Roberto Lopez,0.0813,0.0794,0.0112,0.0167,0.2181,32.0,0.3092,0.0548,0.085
682960,Rafael Martinez,0.0725,0.073,0.0136,0.0175,0.1891,13.6,0.3589,0.0474,0.0782
660815,Gustavo Polanco,0.0806,0.0825,0.0115,0.0184,0.2158,31.5,0.279,0.039,0.0903
679799,Edwin Peralta,0.0698,0.066,0.0118,0.0137,0.1833,9.3,0.3437,0.0534,0.0645
678869,Olivber Moreno,0.0769,0.0758,0.0123,0.0177,0.2045,24.0,0.3108,0.052,0.0809
691622,Jamal Zalm,0.0686,0.0657,0.0156,0.0091,0.1876,12.6,0.2752,0.0373,0.0554
684220,Smith Vargas,0.0679,0.0642,0.0143,0.0115,0.1836,12.5,0.3287,0.0465,0.0597
593432,Jesus Loya,0.0759,0.0753,0.0113,0.0146,0.2049,24.3,0.327,0.041,0.0806
677586,Jhonaiker Osorio,0.0609,0.0599,0.0106,0.0093,0.1664,-1.4,0.2932,0.033,0.0502
672658,Roimer Bolivar,0.0753,0.0702,0.0131,0.0142,0.2023,22.6,0.3205,0.06,0.0704
670205,K.V. Edwards,0.0766,0.0782,0.0139,0.0193,0.2012,21.9,0.3287,0.044,0.0875
698944,Teudis Cortorreal,0.0726,0.0731,0.0086,0.016,0.2005,19.9,0.2607,0.0399,0.0766
684229,Samuel Duarte,0.0772,0.0773,0.0131,0.0187,0.2022,23.3,0.2917,0.0509,0.0862
678732,Adonis Figuereo,0.0731,0.0727,0.0112,0.0174,0.1974,19.5,0.3074,0.0512,0.0797
643192,Eric Aguilera,0.0805,0.0835,0.0094,0.0221,0.2117,28.8,0.4019,0.047,0.105
682887,Andres Monzon,0.0675,0.065,0.0131,0.0122,0.1801,7.9,0.3181,0.042,0.0608
672624,Anderson Comás,0.0746,0.0757,0.0107,0.0171,0.1973,18.8,0.3551,0.0383,0.0807
699118,Kleiver Lopez,0.0652,0.0601,0.0139,0.0063,0.1779,4.8,0.264,0.0409,0.043
677555,Pedro Diaz,0.0778,0.0759,0.0094,0.0172,0.2021,25.0,0.3613,0.0558,0.0824
554031,Jose Manuel Orozco,0.0784,0.0766,0.0114,0.017,0.2097,27.5,0.3897,0.054,0.0897
693814,Albert Rodriguez,0.07,0.0673,0.0144,0.0128,0.1812,8.2,0.3291,0.0441,0.0643
693706,Kevin Marrero,0.0652,0.0617,0.011,0.0114,0.172,3.9,0.3573,0.0425,0.0578
679515,Anthony Valenzuela,0.076,0.0802,0.0106,0.0233,0.1958,18.3,0.3735,0.045,0.0959
699042,Richel Del Rosario,0.066,0.0628,0.0152,0.0113,0.1711,2.9,0.3192,0.0419,0.0557
691412,Maikol Flores,0.0696,0.0698,0.0115,0.0158,0.1886,16.0,0.3258,0.043,0.0719
691494,Jorge Morales,0.065,0.0629,0.0077,0.0114,0.1756,4.9,0.3324,0.044,0.0571
676619,Sam Abbott,0.0789,0.0792,0.0092,0.0229,0.2053,24.6,0.4128,0.063,0.0996
691618,Diego Larez,0.0753,0.0779,0.0096,0.0199,0.1973,19.0,0.3237,0.0444,0.0885
691326,Jesus Alvarado,0.0686,0.0627,0.0119,0.0125,0.1922,14.3,0.3322,0.0619,0.0611
678427,Richgelon Juliana,0.0726,0.0705,0.0116,0.016,0.1924,16.0,0.351,0.054,0.0749
683994,Cesar Hipolito,0.0626,0.0556,0.0119,0.0061,0.1722,2.6,0.3127,0.048,0.0407
682694,Tomas Ramirez,0.0661,0.0678,0.0097,0.0178,0.1711,1.9,0.4056,0.045,0.0743
678365,Ricardo Castro,0.0699,0.0678,0.0116,0.0113,0.1903,14.6,0.3068,0.04,0.0621
699274,Fredy Michel,0.0579,0.0507,0.0179,0.0049,0.155,-7.6,0.3866,0.0395,0.0386
691293,Marco Pernalete,0.0713,0.0752,0.0092,0.0167,0.1922,15.6,0.3292,0.03,0.0798
692399,Jeremy Ramos,0.0706,0.0715,0.0143,0.0159,0.1879,15.3,0.3478,0.0366,0.0745
683559,Juan Pizarro,0.0742,0.0736,0.0151,0.0154,0.1901,11.0,0.3176,0.0368,0.0731
682664,Daury Del Rosario,0.0697,0.0659,0.0101,0.0128,0.1875,17.6,0.3086,0.0536,0.064
687685,Raily Nunez,0.0619,0.0583,0.0124,0.0092,0.167,-0.8,0.3542,0.043,0.0483
698936,Eruviel Castillo,0.0593,0.0579,0.008,0.0104,0.1655,-3.8,0.3643,0.0359,0.0542
699272,Jefferson De La Cruz,0.0674,0.0683,0.0088,0.014,0.1796,9.1,0.3359,0.0293,0.0662
678885,Juan Frias,0.0732,0.0692,0.0118,0.014,0.1958,18.3,0.3094,0.057,0.0692
678221,Cristian Heredia,0.0691,0.0714,0.0096,0.0178,0.1799,12.9,0.3779,0.0418,0.0766
678751,Rushenten Tomsjansen,0.0726,0.0748,0.0113,0.0166,0.1836,12.6,0.3261,0.0352,0.0738
687676,Luis Feliz,0.0644,0.061,0.0155,0.0109,0.1719,7.0,0.3793,0.0475,0.0578
683721,Kelvin Espino,0.0681,0.0655,0.0096,0.0145,0.175,6.7,0.3902,0.0537,0.0652
686858,Reymond Cruz,0.0686,0.0658,0.017,0.0135,0.181,8.5,0.3644,0.048,0.0645
691482,Josue Payano,0.0584,0.057,0.0129,0.0064,0.1567,-6.8,0.3245,0.0219,0.0412
699292,Francis De Leon,0.0686,0.0702,0.0108,0.02,0.1759,9.7,0.4323,0.051,0.0813
683890,Ronny Sanchez,0.0696,0.0701,0.0097,0.0117,0.1956,16.7,0.2853,0.0314,0.0655
694028,Fernando Vargas,0.0677,0.0663,0.0101,0.0147,0.1771,5.1,0.3606,0.0464,0.0662
699124,Pedro Riera,0.061,0.0576,0.0082,0.0112,0.1631,-3.2,0.4178,0.0525,0.0539
700726,Kristin Munroe,0.0603,0.0585,0.0121,0.0112,0.1588,-8.2,0.4238,0.0419,0.0538
700312,Raino Coran,0.0692,0.0652,0.0143,0.0167,0.18,8.9,0.4306,0.0668,0.0721
692328,Cliyano Nahr,0.067,0.0612,0.0113,0.0137,0.1767,5.6,0.3983,0.065,0.0623
691481,Christopher Morales,0.0659,0.065,0.0084,0.0151,0.1718,3.3,0.4328,0.0478,0.0683
696058,Andre Arthur,0.0664,0.0628,0.0103,0.0128,0.1798,7.4,0.3576,0.052,0.0622
691568,Geremias Valencia,0.0749,0.0799,0.0085,0.0214,0.1863,14.3,0.3449,0.0381,0.0878
683854,Moises Barajas,0.0656,0.0629,0.0114,0.0119,0.1757,5.0,0.3639,0.044,0.0601
691409,Angel Contreras,0.0652,0.0629,0.0085,0.012,0.1793,9.7,0.3451,0.041,0.0605
691421,Juan Rodriguez,0.0614,0.0572,0.0094,0.0113,0.1671,1.4,0.4034,0.054,0.0549
691404,Wencer Inirio,0.076,0.0849,0.0077,0.0254,0.1948,12.6,0.3359,0.0296,0.1021
682879,Yoan Bravo,0.0637,0.0557,0.0136,0.0073,0.179,7.1,0.3276,0.06,0.0456
699280,Reynaldo Madrigal,0.0635,0.063,0.0136,0.0138,0.1648,-1.0,0.4023,0.0364,0.0643
665929,Pedro Diaz,0.0693,0.0739,0.0092,0.0187,0.18,6.2,0.4014,0.0329,0.0815
672720,Arquimedes Cumana,0.0677,0.067,0.0096,0.0132,0.1844,10.4,0.3305,0.039,0.0656
691444,Everette Cooper,0.0617,0.0612,0.0088,0.0117,0.162,-3.3,0.3657,0.0349,0.055
692421,Rhoniel Rodriguez,0.0631,0.0653,0.01,0.0133,0.1674,4.0,0.339,0.0293,0.063
674383,Francisco Ortiz,0.0757,0.0701,0.0121,0.0121,0.2025,8.1,0.27,0.0533,0.0675
699277,Santo Martinez,0.0669,0.0671,0.0084,0.0153,0.1768,5.7,0.366,0.044,0.0689
700298,Wilmer Bolivar,0.0634,0.0648,0.0129,0.0143,0.1669,0.4,0.4009,0.0359,0.0644
692400,Francis Reynoso,0.0661,0.07,0.008,0.0188,0.1718,4.9,0.3937,0.0366,0.0776
678765,Kelvin Garcia,0.0645,0.0663,0.0094,0.0171,0.1669,-0.9,0.4162,0.041,0.0722
691595,Miguel Rodriguez,0.0626,0.0602,0.0109,0.0112,0.1676,-0.6,0.3433,0.045,0.0553
405395,Albert Pujols,0.4942,0.57,0.0215,0.1837,0.3141,97.3,0.1633,0.0594,0.1866
